-- MySQL dump 10.13  Distrib 5.6.24, for osx10.8 (x86_64)
--
-- Host: 127.0.0.1    Database: demobuy
-- ------------------------------------------------------
-- Server version	5.6.26

/*!40101 SET @OLD_CHARACTER_SET_CLIENT=@@CHARACTER_SET_CLIENT */;
/*!40101 SET @OLD_CHARACTER_SET_RESULTS=@@CHARACTER_SET_RESULTS */;
/*!40101 SET @OLD_COLLATION_CONNECTION=@@COLLATION_CONNECTION */;
/*!40101 SET NAMES utf8 */;
/*!40103 SET @OLD_TIME_ZONE=@@TIME_ZONE */;
/*!40103 SET TIME_ZONE='+00:00' */;
/*!40014 SET @OLD_UNIQUE_CHECKS=@@UNIQUE_CHECKS, UNIQUE_CHECKS=0 */;
/*!40014 SET @OLD_FOREIGN_KEY_CHECKS=@@FOREIGN_KEY_CHECKS, FOREIGN_KEY_CHECKS=0 */;
/*!40101 SET @OLD_SQL_MODE=@@SQL_MODE, SQL_MODE='NO_AUTO_VALUE_ON_ZERO' */;
/*!40111 SET @OLD_SQL_NOTES=@@SQL_NOTES, SQL_NOTES=0 */;

--
-- Table structure for table `alertas`
--

DROP TABLE IF EXISTS `alertas`;
/*!40101 SET @saved_cs_client     = @@character_set_client */;
/*!40101 SET character_set_client = utf8 */;
CREATE TABLE `alertas` (
  `id` int(11) NOT NULL AUTO_INCREMENT,
  `nombre` varchar(45) DEFAULT NULL,
  `email` varchar(1000) DEFAULT NULL,
  `parametro_1` varchar(45) DEFAULT NULL,
  `parametro_2` varchar(45) DEFAULT NULL,
  `parametro_3` varchar(45) DEFAULT NULL,
  PRIMARY KEY (`id`)
) ENGINE=InnoDB DEFAULT CHARSET=utf8;
/*!40101 SET character_set_client = @saved_cs_client */;

--
-- Dumping data for table `alertas`
--

LOCK TABLES `alertas` WRITE;
/*!40000 ALTER TABLE `alertas` DISABLE KEYS */;
/*!40000 ALTER TABLE `alertas` ENABLE KEYS */;
UNLOCK TABLES;

--
-- Table structure for table `aprobacion`
--

DROP TABLE IF EXISTS `aprobacion`;
/*!40101 SET @saved_cs_client     = @@character_set_client */;
/*!40101 SET character_set_client = utf8 */;
CREATE TABLE `aprobacion` (
  `id` int(11) NOT NULL AUTO_INCREMENT,
  `solicitud_id` int(11) DEFAULT NULL,
  `usuario_id` int(11) DEFAULT NULL,
  `aprobado` tinyint(1) DEFAULT NULL,
  `fecha_creacion` datetime DEFAULT CURRENT_TIMESTAMP,
  `grupoAprobacion_id` int(11) DEFAULT NULL,
  `fechaAprobacion` datetime DEFAULT NULL,
  `razonRechazo` varchar(1000) DEFAULT NULL,
  PRIMARY KEY (`id`)
) ENGINE=InnoDB AUTO_INCREMENT=568 DEFAULT CHARSET=utf8;
/*!40101 SET character_set_client = @saved_cs_client */;

--
-- Dumping data for table `aprobacion`
--

LOCK TABLES `aprobacion` WRITE;
/*!40000 ALTER TABLE `aprobacion` DISABLE KEYS */;
INSERT INTO `aprobacion` VALUES (107,112,41,1,NULL,15,'2016-09-07 12:23:49',NULL),(108,112,44,1,NULL,16,'2016-09-07 12:26:57',NULL),(109,114,41,0,NULL,12,'2016-09-08 12:06:59','MARGEN ALTO!!1'),(110,113,41,0,NULL,12,'2016-09-08 12:10:23','MARGEN ALTO'),(111,115,41,1,NULL,12,'2016-09-08 18:09:35',NULL),(112,116,41,1,NULL,12,'2016-09-08 18:18:02',NULL),(113,115,43,1,NULL,13,'2016-09-09 12:18:03',NULL),(114,116,43,1,NULL,13,'2016-09-09 12:18:29',NULL),(115,118,41,1,NULL,12,'2016-09-12 10:38:59',NULL),(116,117,41,1,NULL,12,'2016-09-12 10:39:30',NULL),(117,117,43,1,NULL,13,'2016-09-12 11:28:04',NULL),(118,118,43,1,NULL,13,'2016-09-12 11:28:39',NULL),(119,119,38,0,NULL,12,'2016-09-13 16:27:06','Cambio de repuesto'),(120,120,38,1,NULL,12,'2016-09-13 16:29:02',NULL),(121,120,38,1,NULL,13,'2016-09-13 16:29:08',NULL),(122,121,38,1,NULL,12,'2016-09-13 17:20:44',NULL),(123,121,38,1,NULL,13,'2016-09-13 17:20:50',NULL),(124,122,38,1,NULL,12,'2016-09-13 17:23:24',NULL),(125,122,38,1,NULL,13,'2016-09-13 17:23:29',NULL),(126,123,38,1,NULL,15,'2016-09-14 15:59:25',NULL),(127,123,44,1,NULL,16,'2016-09-14 16:04:17',NULL),(128,124,38,1,NULL,17,'2016-09-15 10:05:16',NULL),(129,125,38,1,NULL,12,'2016-09-15 10:41:13',NULL),(130,125,38,1,NULL,13,'2016-09-15 10:41:18',NULL),(131,126,41,1,NULL,12,'2016-09-15 10:53:48',NULL),(132,126,43,1,NULL,13,'2016-09-15 12:28:03',NULL),(133,127,36,1,NULL,19,'2016-09-15 15:24:30',NULL),(134,127,36,1,NULL,20,'2016-09-15 15:24:38',NULL),(135,134,42,1,NULL,19,'2016-09-19 11:54:08',NULL),(136,133,41,1,NULL,12,'2016-09-19 16:57:53',NULL),(137,133,43,1,NULL,13,'2016-09-19 16:58:21',NULL),(138,131,41,1,NULL,12,'2016-09-19 17:01:12',NULL),(139,132,41,1,NULL,12,'2016-09-19 17:01:27',NULL),(140,131,43,1,NULL,13,'2016-09-19 17:01:36',NULL),(141,132,43,1,NULL,13,'2016-09-19 17:02:04',NULL),(142,141,42,1,NULL,19,'2016-09-20 11:23:20',NULL),(143,142,42,1,NULL,19,'2016-09-20 11:24:05',NULL),(144,134,41,0,NULL,20,'2016-09-20 14:41:42',NULL),(145,148,42,1,NULL,19,'2016-09-20 17:25:24',NULL),(146,149,42,1,NULL,19,'2016-09-20 17:25:59',NULL),(147,149,41,1,NULL,20,'2016-09-20 21:22:27',NULL),(148,148,41,1,NULL,20,'2016-09-20 21:22:52',NULL),(149,142,41,1,NULL,20,'2016-09-20 21:23:11',NULL),(150,141,41,1,NULL,20,'2016-09-20 21:23:37',NULL),(151,138,41,1,NULL,15,'2016-09-20 21:51:09',NULL),(152,137,41,1,NULL,15,'2016-09-20 21:51:23',NULL),(153,136,41,1,NULL,15,'2016-09-20 21:51:34',NULL),(154,135,41,1,NULL,15,'2016-09-20 21:51:54',NULL),(155,140,43,1,NULL,12,'2016-09-21 09:22:08',NULL),(156,146,43,1,NULL,12,'2016-09-21 09:37:05',NULL),(157,145,43,1,NULL,12,'2016-09-21 09:37:30',NULL),(158,146,41,1,NULL,13,'2016-09-21 10:10:38',NULL),(159,140,41,1,NULL,13,'2016-09-21 10:11:40',NULL),(160,143,43,1,NULL,12,'2016-09-21 12:04:28',NULL),(161,144,43,1,NULL,12,'2016-09-21 12:04:47',NULL),(162,145,41,1,NULL,13,'2016-09-21 12:05:35',NULL),(163,143,41,1,NULL,13,'2016-09-21 12:05:52',NULL),(164,144,41,1,NULL,13,'2016-09-21 12:06:18',NULL),(165,152,38,0,NULL,12,'2016-09-21 15:52:06',NULL),(166,153,38,0,NULL,12,'2016-09-21 15:52:37',NULL),(167,155,43,1,NULL,12,'2016-09-22 09:09:20',NULL),(168,154,43,1,NULL,12,'2016-09-22 09:09:41',NULL),(169,155,41,1,NULL,13,'2016-09-22 09:10:30',NULL),(170,154,41,1,NULL,13,'2016-09-22 09:10:55',NULL),(171,150,42,1,NULL,19,'2016-09-22 15:21:07',NULL),(172,147,42,1,NULL,19,'2016-09-22 15:21:37',NULL),(173,150,41,1,NULL,20,'2016-09-22 15:32:43',NULL),(174,135,44,1,NULL,16,'2016-09-22 16:04:25',NULL),(175,136,44,1,NULL,16,'2016-09-22 16:04:46',NULL),(176,137,44,1,NULL,16,'2016-09-22 16:05:11',NULL),(177,138,44,1,NULL,16,'2016-09-22 16:05:26',NULL),(178,156,42,1,NULL,19,'2016-09-22 16:15:51',NULL),(179,156,41,1,NULL,20,'2016-09-22 16:54:28',NULL),(180,159,38,1,NULL,17,'2016-09-23 12:49:59',NULL),(181,147,41,1,NULL,20,'2016-09-23 12:50:05',NULL),(182,160,38,1,NULL,17,'2016-09-23 12:52:13',NULL),(183,158,43,1,NULL,12,'2016-09-23 12:54:50',NULL),(184,157,43,1,NULL,12,'2016-09-23 12:55:18',NULL),(185,157,41,1,NULL,13,'2016-09-23 13:12:53',NULL),(186,158,41,1,NULL,13,'2016-09-23 13:13:04',NULL),(187,164,38,0,NULL,12,'2016-09-27 16:25:37','Falta'),(188,163,43,1,NULL,12,'2016-09-27 16:31:13',NULL),(189,165,43,1,NULL,12,'2016-09-27 16:33:52',NULL),(190,163,41,1,NULL,13,'2016-09-27 16:41:20',NULL),(191,165,41,1,NULL,13,'2016-09-27 16:41:39',NULL),(192,162,44,1,NULL,15,'2016-09-27 17:02:24',NULL),(193,166,38,0,NULL,12,'2016-09-28 12:57:04',NULL),(194,167,43,1,NULL,12,'2016-09-28 13:05:58',NULL),(195,168,43,1,NULL,12,'2016-09-28 13:06:17',NULL),(196,169,43,1,NULL,12,'2016-09-28 13:06:40',NULL),(197,169,41,1,NULL,13,'2016-09-28 13:07:42',NULL),(198,167,41,1,NULL,13,'2016-09-28 13:07:59',NULL),(199,168,41,1,NULL,13,'2016-09-28 13:08:20',NULL),(200,162,41,1,NULL,16,'2016-09-29 15:09:01',NULL),(201,170,38,0,NULL,12,'2016-09-29 16:32:30',NULL),(202,171,43,1,NULL,12,'2016-09-29 16:34:33',NULL),(203,171,41,1,NULL,13,'2016-09-29 16:34:56',NULL),(204,172,43,0,NULL,12,'2016-09-30 13:59:51',NULL),(205,173,38,0,NULL,12,'2016-09-30 14:18:44','IGV'),(206,174,43,1,NULL,12,'2016-09-30 14:21:41',NULL),(207,174,41,1,NULL,13,'2016-09-30 14:22:52',NULL),(208,178,44,1,NULL,15,'2016-09-30 15:40:16',NULL),(209,177,44,1,NULL,15,'2016-09-30 15:42:32',NULL),(210,176,44,1,NULL,15,'2016-09-30 15:47:39',NULL),(211,175,44,1,NULL,15,'2016-09-30 15:48:37',NULL),(212,175,41,1,NULL,16,'2016-09-30 16:03:34',NULL),(213,176,41,1,NULL,16,'2016-09-30 16:03:52',NULL),(214,177,41,1,NULL,16,'2016-09-30 16:04:07',NULL),(215,178,41,1,NULL,16,'2016-09-30 16:04:20',NULL),(216,186,43,1,NULL,12,'2016-10-04 14:08:58',NULL),(217,186,41,1,NULL,13,'2016-10-04 14:21:59',NULL),(218,185,44,1,NULL,15,'2016-10-04 16:03:25',NULL),(219,187,44,1,NULL,15,'2016-10-04 16:04:12',NULL),(220,184,44,1,NULL,15,'2016-10-04 16:04:37',NULL),(221,183,44,1,NULL,15,'2016-10-04 16:04:59',NULL),(222,182,44,1,NULL,15,'2016-10-04 16:05:13',NULL),(223,181,44,1,NULL,15,'2016-10-04 16:05:28',NULL),(224,180,44,1,NULL,15,'2016-10-04 16:05:39',NULL),(225,179,44,1,NULL,15,'2016-10-04 16:05:50',NULL),(226,179,41,1,NULL,16,'2016-10-04 16:08:22',NULL),(227,180,41,1,NULL,16,'2016-10-04 16:08:34',NULL),(228,181,41,1,NULL,16,'2016-10-04 16:08:44',NULL),(229,182,41,1,NULL,16,'2016-10-04 16:08:57',NULL),(230,183,41,1,NULL,16,'2016-10-04 16:09:10',NULL),(231,184,41,1,NULL,16,'2016-10-04 16:09:21',NULL),(232,187,41,1,NULL,16,'2016-10-04 16:09:30',NULL),(233,185,41,1,NULL,16,'2016-10-04 16:09:41',NULL),(234,188,42,1,NULL,19,'2016-10-05 11:14:36',NULL),(235,188,41,1,NULL,20,'2016-10-05 11:56:38',NULL),(236,189,43,1,NULL,12,'2016-10-05 17:02:31',NULL),(237,189,41,1,NULL,13,'2016-10-05 17:03:46',NULL),(238,191,43,1,NULL,12,'2016-10-06 10:17:33',NULL),(239,193,43,1,NULL,12,'2016-10-06 10:18:09',NULL),(240,193,41,1,NULL,13,'2016-10-06 10:20:37',NULL),(241,191,41,1,NULL,13,'2016-10-06 10:20:55',NULL),(242,197,42,1,NULL,19,'2016-10-06 12:39:24',NULL),(243,197,41,1,NULL,20,'2016-10-06 12:40:23',NULL),(244,196,44,1,NULL,15,'2016-10-06 12:55:39',NULL),(245,195,44,1,NULL,15,'2016-10-06 12:56:17',NULL),(246,192,44,1,NULL,15,'2016-10-06 12:56:39',NULL),(247,194,44,1,NULL,15,'2016-10-06 12:57:00',NULL),(248,196,41,1,NULL,16,'2016-10-06 12:57:26',NULL),(249,194,41,1,NULL,16,'2016-10-06 12:58:33',NULL),(250,192,41,1,NULL,16,'2016-10-06 12:59:04',NULL),(251,195,41,1,NULL,16,'2016-10-06 13:00:51',NULL),(252,198,42,1,NULL,19,'2016-10-06 14:19:35',NULL),(253,198,41,0,NULL,20,'2016-10-06 14:21:33','incrementar el 25% por favor'),(254,199,42,1,NULL,19,'2016-10-06 14:25:58',NULL),(255,199,41,1,NULL,20,'2016-10-06 14:26:25',NULL),(256,200,43,1,NULL,12,'2016-10-07 15:30:30',NULL),(257,200,41,1,NULL,13,'2016-10-07 15:48:22',NULL),(258,201,43,1,NULL,12,'2016-10-11 12:08:27',NULL),(259,203,43,1,NULL,12,'2016-10-11 14:25:25',NULL),(260,202,43,1,NULL,12,'2016-10-11 14:25:47',NULL),(261,202,41,1,NULL,13,'2016-10-12 10:26:31',NULL),(262,203,41,1,NULL,13,'2016-10-12 10:27:14',NULL),(263,201,41,1,NULL,13,'2016-10-12 10:28:25',NULL),(264,204,44,1,NULL,15,'2016-10-12 11:40:29',NULL),(265,205,44,1,NULL,15,'2016-10-12 11:40:48',NULL),(266,206,44,1,NULL,15,'2016-10-12 11:41:01',NULL),(267,207,43,1,NULL,12,'2016-10-12 17:41:54',NULL),(268,207,41,1,NULL,13,'2016-10-12 17:44:54',NULL),(269,208,43,1,NULL,12,'2016-10-12 17:46:54',NULL),(270,208,41,1,NULL,13,'2016-10-12 17:47:29',NULL),(271,209,43,1,NULL,12,'2016-10-13 17:46:00',NULL),(272,209,41,1,NULL,13,'2016-10-13 17:48:23',NULL),(273,211,43,1,NULL,12,'2016-10-14 12:10:55',NULL),(274,210,43,1,NULL,12,'2016-10-14 12:11:51',NULL),(275,212,43,1,NULL,12,'2016-10-14 12:20:56',NULL),(276,212,41,1,NULL,13,'2016-10-14 12:22:06',NULL),(277,210,41,1,NULL,13,'2016-10-14 12:51:36',NULL),(278,211,41,1,NULL,13,'2016-10-14 12:51:54',NULL),(279,213,43,1,NULL,12,'2016-10-14 15:35:50',NULL),(280,213,41,1,NULL,13,'2016-10-14 16:19:16',NULL),(281,215,44,1,NULL,15,'2016-10-17 17:06:58',NULL),(282,215,41,1,NULL,16,'2016-10-17 18:55:20',NULL),(283,216,44,1,NULL,15,'2016-10-18 10:09:54',NULL),(284,218,43,0,NULL,12,'2016-10-18 17:29:11',NULL),(285,217,43,1,NULL,12,'2016-10-18 17:29:30',NULL),(286,217,41,1,NULL,13,'2016-10-19 11:12:15',NULL),(287,204,41,1,NULL,16,'2016-10-19 17:17:19',NULL),(288,205,41,1,NULL,16,'2016-10-19 17:17:38',NULL),(289,206,41,1,NULL,16,'2016-10-19 17:18:14',NULL),(290,216,41,1,NULL,16,'2016-10-19 17:18:49',NULL),(291,219,43,1,NULL,12,'2016-10-20 10:30:54',NULL),(292,222,43,1,NULL,12,'2016-10-20 10:31:35',NULL),(293,221,43,1,NULL,12,'2016-10-20 10:32:25',NULL),(294,221,41,1,NULL,13,'2016-10-20 10:33:16',NULL),(295,222,41,1,NULL,13,'2016-10-20 10:33:46',NULL),(296,219,41,1,NULL,13,'2016-10-20 10:34:00',NULL),(297,223,43,1,NULL,12,'2016-10-20 15:04:43',NULL),(298,225,43,1,NULL,12,'2016-10-20 15:05:25',NULL),(299,224,43,1,NULL,12,'2016-10-20 15:05:58',NULL),(300,225,41,1,NULL,13,'2016-10-20 15:42:12',NULL),(301,224,41,1,NULL,13,'2016-10-20 15:42:38',NULL),(302,223,41,1,NULL,13,'2016-10-20 15:43:29',NULL),(303,226,44,1,NULL,15,'2016-10-20 16:42:19',NULL),(304,226,41,1,NULL,16,'2016-10-20 17:10:47',NULL),(305,214,44,0,NULL,15,'2016-10-24 10:29:47',NULL),(306,228,44,1,NULL,15,'2016-10-24 10:38:15',NULL),(307,227,44,1,NULL,15,'2016-10-24 11:38:10',NULL),(308,228,41,1,NULL,16,'2016-10-24 12:07:02',NULL),(309,227,41,1,NULL,16,'2016-10-24 12:07:50',NULL),(310,229,44,1,NULL,15,'2016-10-24 16:33:55',NULL),(311,229,41,1,NULL,16,'2016-10-24 16:37:45',NULL),(312,230,42,1,NULL,19,'2016-10-25 12:04:56',NULL),(313,230,41,1,NULL,20,'2016-10-25 12:06:54',NULL),(314,231,43,1,NULL,12,'2016-10-27 11:09:02',NULL),(315,231,41,1,NULL,13,'2016-10-27 11:33:58',NULL),(316,232,44,0,NULL,15,'2016-10-27 15:51:03','precio inflado'),(317,233,44,1,NULL,15,'2016-10-27 15:52:46',NULL),(318,233,41,1,NULL,16,'2016-10-27 16:17:11',NULL),(319,234,43,1,NULL,12,'2016-11-02 16:17:20',NULL),(320,234,41,1,NULL,13,'2016-11-02 16:25:40',NULL),(321,235,44,1,NULL,15,'2016-11-03 15:52:10',NULL),(322,235,41,1,NULL,16,'2016-11-03 16:15:26',NULL),(323,238,42,1,NULL,19,'2016-11-04 09:28:44',NULL),(324,237,43,1,NULL,12,'2016-11-04 10:51:02',NULL),(325,237,41,1,NULL,13,'2016-11-04 12:11:44',NULL),(326,241,43,1,NULL,12,'2016-11-04 16:43:30',NULL),(327,240,43,1,NULL,12,'2016-11-04 16:43:56',NULL),(328,239,43,1,NULL,12,'2016-11-04 16:44:29',NULL),(329,239,41,1,NULL,13,'2016-11-04 16:45:22',NULL),(330,241,41,1,NULL,13,'2016-11-04 16:46:52',NULL),(331,240,41,1,NULL,13,'2016-11-04 16:47:22',NULL),(332,238,41,1,NULL,20,'2016-11-04 16:50:56',NULL),(333,236,44,1,NULL,15,'2016-11-07 11:25:02',NULL),(334,242,44,1,NULL,15,'2016-11-07 13:57:47',NULL),(335,244,44,1,NULL,15,'2016-11-07 13:58:01',NULL),(336,243,44,1,NULL,15,'2016-11-07 13:58:33',NULL),(337,236,41,1,NULL,16,'2016-11-07 14:38:31',NULL),(338,243,41,1,NULL,16,'2016-11-07 14:47:28',NULL),(339,244,41,1,NULL,16,'2016-11-07 14:47:42',NULL),(340,242,41,1,NULL,16,'2016-11-07 14:47:55',NULL),(341,245,44,1,NULL,15,'2016-11-07 15:24:08',NULL),(342,245,41,1,NULL,16,'2016-11-08 09:53:15',NULL),(343,246,44,1,NULL,15,'2016-11-08 10:43:55',NULL),(344,247,44,1,NULL,15,'2016-11-08 10:48:08',NULL),(345,247,41,1,NULL,16,'2016-11-08 12:16:34',NULL),(346,246,41,1,NULL,16,'2016-11-08 12:16:47',NULL),(347,249,44,1,NULL,15,'2016-11-14 15:40:12',NULL),(348,248,44,1,NULL,15,'2016-11-14 15:40:23',NULL),(349,251,43,1,NULL,12,'2016-11-24 10:36:57',NULL),(350,250,43,1,NULL,12,'2016-11-24 10:37:16',NULL),(351,249,41,1,NULL,16,'2016-11-24 16:27:02',NULL),(352,248,41,1,NULL,16,'2016-11-24 16:27:35',NULL),(353,252,43,1,NULL,12,'2016-11-25 09:00:42',NULL),(354,250,41,1,NULL,13,'2016-11-25 09:01:58',NULL),(355,252,41,1,NULL,13,'2016-11-25 09:02:28',NULL),(356,251,41,1,NULL,13,'2016-11-25 09:06:32',NULL),(357,256,43,1,NULL,12,'2016-11-28 09:09:02',NULL),(358,257,43,1,NULL,12,'2016-11-28 09:09:44',NULL),(359,255,43,1,NULL,12,'2016-11-28 09:10:03',NULL),(360,254,43,1,NULL,12,'2016-11-28 09:10:21',NULL),(361,258,44,1,NULL,15,'2016-11-28 10:57:16',NULL),(362,257,41,1,NULL,13,'2016-11-28 11:11:39',NULL),(363,256,41,1,NULL,13,'2016-11-28 11:34:10',NULL),(364,255,41,1,NULL,13,'2016-11-28 11:34:43',NULL),(365,254,41,1,NULL,13,'2016-11-28 11:34:59',NULL),(366,259,43,1,NULL,12,'2016-11-29 09:54:39',NULL),(367,259,41,1,NULL,13,'2016-11-29 11:14:34',NULL),(368,258,41,1,NULL,16,'2016-11-29 11:14:54',NULL),(369,260,44,1,NULL,15,'2016-12-01 15:13:52',NULL),(370,260,41,1,NULL,16,'2016-12-02 04:29:30',NULL),(371,264,44,1,NULL,15,'2016-12-02 10:22:33',NULL),(372,263,44,1,NULL,15,'2016-12-02 10:23:12',NULL),(373,262,44,1,NULL,15,'2016-12-02 10:23:51',NULL),(374,261,44,1,NULL,15,'2016-12-02 10:24:12',NULL),(375,253,44,1,NULL,15,'2016-12-02 10:25:26',NULL),(376,264,41,1,NULL,16,'2016-12-02 15:15:25',NULL),(377,253,41,1,NULL,16,'2016-12-02 15:16:09',NULL),(378,261,41,1,NULL,16,'2016-12-02 15:16:51',NULL),(379,262,41,1,NULL,16,'2016-12-02 15:17:16',NULL),(380,263,41,1,NULL,16,'2016-12-02 15:17:38',NULL),(381,268,44,1,NULL,15,'2016-12-12 15:34:35',NULL),(382,267,44,1,NULL,15,'2016-12-12 15:34:54',NULL),(383,266,44,1,NULL,15,'2016-12-12 15:35:10',NULL),(384,266,41,1,NULL,16,'2016-12-12 16:29:52',NULL),(385,267,41,1,NULL,16,'2016-12-12 19:09:39',NULL),(386,268,41,1,NULL,16,'2016-12-12 19:10:02',NULL),(387,269,44,1,NULL,15,'2016-12-13 15:09:23',NULL),(388,269,41,1,NULL,16,'2016-12-13 15:50:12',NULL),(389,270,43,1,NULL,12,'2016-12-14 11:28:11',NULL),(390,270,41,1,NULL,13,'2016-12-14 12:38:44',NULL),(391,271,43,1,NULL,12,'2016-12-14 12:40:30',NULL),(392,271,41,1,NULL,13,'2016-12-14 12:41:45',NULL),(393,273,43,1,NULL,12,'2016-12-14 16:21:36',NULL),(394,273,41,1,NULL,13,'2016-12-14 16:37:00',NULL),(395,272,44,1,NULL,15,'2016-12-15 11:01:29',NULL),(396,265,36,0,NULL,12,'2016-12-15 11:46:29','Solicitud de Rosa'),(397,272,41,0,NULL,16,'2016-12-15 11:50:22','No hay adjunto la PO del cliente. No estoy seguro para que cliente es esto.'),(398,274,43,1,NULL,12,'2016-12-15 12:13:34',NULL),(399,274,41,1,NULL,13,'2016-12-15 12:34:35',NULL),(400,276,43,0,NULL,12,'2016-12-15 14:10:54',NULL),(401,277,43,1,NULL,12,'2016-12-15 14:14:59',NULL),(402,278,43,1,NULL,12,'2016-12-15 15:10:08',NULL),(403,278,41,1,NULL,13,'2016-12-15 15:11:14',NULL),(404,277,41,1,NULL,13,'2016-12-15 15:11:37',NULL),(405,279,43,1,NULL,12,'2016-12-15 19:32:08',NULL),(406,279,41,1,NULL,13,'2016-12-16 06:51:10',NULL),(407,281,44,1,NULL,15,'2016-12-19 08:46:52',NULL),(408,280,44,1,NULL,15,'2016-12-19 08:47:30',NULL),(409,275,44,1,NULL,15,'2016-12-19 08:48:16',NULL),(410,282,44,1,NULL,15,'2016-12-19 11:18:05',NULL),(411,282,41,1,NULL,16,'2016-12-19 11:30:34',NULL),(412,281,41,1,NULL,16,'2016-12-19 11:30:53',NULL),(413,280,41,1,NULL,16,'2016-12-19 11:33:12',NULL),(414,275,41,1,NULL,16,'2016-12-19 11:34:54',NULL),(415,283,43,1,NULL,12,'2016-12-19 16:08:44',NULL),(416,283,41,1,NULL,13,'2016-12-19 16:12:35',NULL),(417,285,44,1,NULL,15,'2016-12-20 13:09:09',NULL),(418,285,41,1,NULL,16,'2016-12-20 14:41:33',NULL),(419,287,44,1,NULL,15,'2016-12-21 09:12:49',NULL),(420,287,41,1,NULL,16,'2016-12-21 09:48:32',NULL),(421,288,44,1,NULL,15,'2016-12-21 13:42:46',NULL),(422,288,41,1,NULL,16,'2016-12-21 13:43:46',NULL),(423,289,43,1,NULL,12,'2016-12-22 00:18:01',NULL),(424,290,43,1,NULL,12,'2016-12-22 01:34:09',NULL),(425,292,44,1,NULL,15,'2016-12-23 10:23:02',NULL),(426,292,41,1,NULL,16,'2016-12-23 10:43:56',NULL),(427,290,41,1,NULL,13,'2016-12-23 10:45:11',NULL),(428,289,41,1,NULL,13,'2016-12-23 10:45:28',NULL),(429,293,43,1,NULL,12,'2016-12-26 17:50:08',NULL),(430,293,41,1,NULL,13,'2016-12-26 17:53:04',NULL),(431,291,43,1,NULL,12,'2016-12-26 18:12:57',NULL),(432,294,43,1,NULL,12,'2016-12-26 18:14:44',NULL),(433,294,41,1,NULL,13,'2016-12-26 18:15:17',NULL),(434,291,41,1,NULL,13,'2016-12-26 18:15:34',NULL),(435,295,43,1,NULL,12,'2016-12-26 18:29:38',NULL),(436,295,41,1,NULL,13,'2016-12-26 18:39:16',NULL),(437,296,43,1,NULL,12,'2016-12-27 17:38:46',NULL),(438,296,41,1,NULL,13,'2016-12-27 17:52:59',NULL),(439,297,43,1,NULL,12,'2016-12-28 14:00:00',NULL),(440,297,41,1,NULL,13,'2016-12-28 14:05:15',NULL),(441,298,43,1,NULL,12,'2016-12-28 16:27:37',NULL),(442,298,43,1,NULL,12,'2016-12-28 16:27:37',NULL),(443,299,43,1,NULL,12,'2016-12-30 13:04:14',NULL),(444,300,43,1,NULL,12,'2016-12-30 13:52:06',NULL),(445,300,41,1,NULL,13,'2016-12-30 13:57:19',NULL),(446,299,41,1,NULL,13,'2016-12-30 13:57:29',NULL),(447,301,44,1,NULL,15,'2017-01-04 10:14:05',NULL),(448,301,41,1,NULL,16,'2017-01-04 10:15:23',NULL),(449,302,43,1,NULL,12,'2017-01-04 18:38:56',NULL),(450,302,41,1,NULL,13,'2017-01-04 18:41:13',NULL),(451,303,43,1,NULL,12,'2017-01-05 22:40:33',NULL),(452,304,43,1,NULL,12,'2017-01-06 01:42:39',NULL),(453,305,43,1,NULL,12,'2017-01-06 01:53:59',NULL),(454,305,41,1,NULL,13,'2017-01-06 04:46:47',NULL),(455,304,41,1,NULL,13,'2017-01-06 04:48:20',NULL),(456,303,41,1,NULL,13,'2017-01-06 04:48:51',NULL),(457,306,43,1,NULL,12,'2017-01-06 09:30:44',NULL),(458,308,44,1,NULL,15,'2017-01-06 10:19:24',NULL),(459,307,44,1,NULL,15,'2017-01-06 10:19:56',NULL),(460,309,44,1,NULL,15,'2017-01-06 10:51:16',NULL),(461,309,41,1,NULL,16,'2017-01-06 11:27:59',NULL),(462,310,43,1,NULL,12,'2017-01-06 14:34:51',NULL),(463,310,41,1,NULL,13,'2017-01-06 14:39:48',NULL),(464,307,41,1,NULL,16,'2017-01-06 14:40:26',NULL),(465,308,41,1,NULL,16,'2017-01-06 14:40:35',NULL),(466,306,41,1,NULL,13,'2017-01-06 14:40:46',NULL),(467,311,43,1,NULL,12,'2017-01-06 16:32:58',NULL),(468,312,44,1,NULL,15,'2017-01-06 16:51:22',NULL),(469,313,43,1,NULL,12,'2017-01-06 18:06:16',NULL),(470,313,41,1,NULL,13,'2017-01-06 18:09:12',NULL),(471,314,43,1,NULL,12,'2017-01-06 18:20:42',NULL),(472,314,41,1,NULL,13,'2017-01-06 18:21:09',NULL),(473,311,41,1,NULL,13,'2017-01-06 18:30:28',NULL),(474,312,41,1,NULL,16,'2017-01-06 18:30:46',NULL),(475,315,43,1,NULL,12,'2017-01-08 22:55:24',NULL),(476,316,43,1,NULL,12,'2017-01-08 23:16:29',NULL),(477,317,43,1,NULL,12,'2017-01-08 23:42:57',NULL),(478,315,41,1,NULL,13,'2017-01-09 06:45:07',NULL),(479,316,41,1,NULL,13,'2017-01-09 06:45:19',NULL),(480,317,41,1,NULL,13,'2017-01-09 06:45:34',NULL),(481,318,44,1,NULL,15,'2017-01-09 12:55:31',NULL),(482,319,44,1,NULL,15,'2017-01-09 12:56:25',NULL),(483,320,44,1,NULL,15,'2017-01-09 12:58:34',NULL),(484,321,44,1,NULL,15,'2017-01-09 13:00:39',NULL),(485,328,44,1,NULL,15,'2017-01-09 13:01:25',NULL),(486,327,44,1,NULL,15,'2017-01-09 13:02:00',NULL),(487,326,44,1,NULL,15,'2017-01-09 13:02:51',NULL),(488,325,44,1,NULL,15,'2017-01-09 13:03:22',NULL),(489,324,44,1,NULL,15,'2017-01-09 13:03:58',NULL),(490,322,44,1,NULL,15,'2017-01-09 13:04:30',NULL),(491,329,44,1,NULL,15,'2017-01-09 13:05:12',NULL),(492,323,44,1,NULL,15,'2017-01-09 13:06:00',NULL),(493,323,41,1,NULL,16,'2017-01-09 13:08:41',NULL),(494,329,41,1,NULL,16,'2017-01-09 13:08:50',NULL),(495,322,41,1,NULL,16,'2017-01-09 13:08:58',NULL),(496,324,41,1,NULL,16,'2017-01-09 13:09:07',NULL),(497,325,41,1,NULL,16,'2017-01-09 13:09:37',NULL),(498,326,41,1,NULL,16,'2017-01-09 13:13:03',NULL),(499,327,41,1,NULL,16,'2017-01-09 13:14:14',NULL),(500,328,41,1,NULL,16,'2017-01-09 13:14:36',NULL),(501,318,41,1,NULL,16,'2017-01-09 13:15:53',NULL),(502,319,41,1,NULL,16,'2017-01-09 13:16:24',NULL),(503,320,41,1,NULL,16,'2017-01-09 13:16:54',NULL),(504,321,41,1,NULL,16,'2017-01-09 13:17:05',NULL),(505,330,44,1,NULL,15,'2017-01-09 17:35:45',NULL),(506,330,41,1,NULL,16,'2017-01-09 17:36:02',NULL),(507,331,44,1,NULL,15,'2017-01-10 09:07:30',NULL),(508,333,44,0,NULL,15,'2017-01-11 14:00:09','error'),(509,331,41,1,NULL,16,'2017-01-11 15:33:58',NULL),(510,334,44,1,NULL,15,'2017-01-11 16:47:24',NULL),(511,336,43,1,NULL,12,'2017-01-11 20:59:00',NULL),(512,337,43,1,NULL,12,'2017-01-11 21:05:06',NULL),(513,336,41,1,NULL,13,'2017-01-11 21:05:43',NULL),(514,337,41,1,NULL,13,'2017-01-11 21:06:02',NULL),(515,334,41,1,NULL,16,'2017-01-11 21:06:17',NULL),(516,335,44,1,NULL,15,'2017-01-12 08:24:00',NULL),(517,335,41,1,NULL,16,'2017-01-12 08:58:59',NULL),(518,284,44,0,NULL,15,'2017-01-12 13:37:46','error'),(519,339,43,1,NULL,12,'2017-01-12 17:33:54',NULL),(520,339,41,1,NULL,13,'2017-01-12 18:10:52',NULL),(521,344,44,1,NULL,15,'2017-01-16 16:09:52',NULL),(522,344,41,1,NULL,16,'2017-01-16 16:38:13',NULL),(523,347,44,1,NULL,15,'2017-01-17 10:14:54',NULL),(524,348,44,1,NULL,15,'2017-01-17 10:32:32',NULL),(525,346,44,1,NULL,15,'2017-01-17 10:48:45',NULL),(526,345,44,1,NULL,15,'2017-01-17 10:49:02',NULL),(527,345,41,1,NULL,16,'2017-01-18 05:08:30',NULL),(528,346,41,1,NULL,16,'2017-01-18 05:08:56',NULL),(529,347,41,1,NULL,16,'2017-01-18 05:09:13',NULL),(530,348,41,1,NULL,16,'2017-01-18 05:09:31',NULL),(531,349,43,1,NULL,12,'2017-01-23 21:43:36',NULL),(532,350,43,1,NULL,12,'2017-01-24 00:28:36',NULL),(533,351,43,1,NULL,12,'2017-01-24 01:07:13',NULL),(534,353,43,1,NULL,12,'2017-01-24 01:07:35',NULL),(535,353,41,1,NULL,13,'2017-01-24 04:37:19',NULL),(536,349,41,1,NULL,13,'2017-01-24 04:39:38',NULL),(537,350,41,1,NULL,13,'2017-01-24 04:41:53',NULL),(538,351,41,1,NULL,13,'2017-01-24 04:42:24',NULL),(539,355,44,1,NULL,15,'2017-02-15 00:49:44',NULL),(540,355,41,1,NULL,16,'2017-02-15 00:49:56',NULL),(541,356,44,1,NULL,15,'2017-02-15 02:13:45',NULL),(542,356,41,1,NULL,16,'2017-02-15 02:14:19',NULL),(543,358,44,1,NULL,15,'2017-02-15 23:39:50',NULL),(544,358,41,1,NULL,16,'2017-02-15 23:39:59',NULL),(545,361,44,1,NULL,15,'2017-02-15 23:41:08',NULL),(546,361,41,1,NULL,16,'2017-02-15 23:41:25',NULL),(547,362,44,1,NULL,15,'2017-02-15 23:51:01',NULL),(548,362,41,1,NULL,16,'2017-02-15 23:55:19',NULL),(549,363,44,1,NULL,15,'2017-02-16 00:02:39',NULL),(550,363,41,1,NULL,16,'2017-02-16 00:03:39',NULL),(551,364,44,1,NULL,15,'2017-02-16 00:05:36',NULL),(552,364,41,1,NULL,16,'2017-02-16 00:05:43',NULL),(553,365,44,1,NULL,15,'2017-02-16 00:07:48',NULL),(554,365,41,1,NULL,16,'2017-02-16 00:07:55',NULL),(555,366,44,1,NULL,15,'2017-02-16 00:09:12',NULL),(556,366,41,1,NULL,16,'2017-02-16 00:09:24',NULL),(557,368,44,1,NULL,15,'2017-02-16 11:19:43',NULL),(558,368,41,1,NULL,16,'2017-02-16 11:19:53',NULL),(559,382,44,1,NULL,15,'2017-02-23 18:51:31',NULL),(560,383,39,1,NULL,16,'2017-02-23 18:51:40',NULL),(561,390,44,1,NULL,15,'2017-03-16 09:51:06',NULL),(562,391,39,0,NULL,16,'2017-03-16 10:02:35','eee'),(563,392,39,0,NULL,16,'2017-03-16 10:12:22','eeee'),(564,393,39,1,NULL,16,'2017-03-16 10:12:45',NULL),(565,394,44,1,NULL,15,'2017-03-16 11:20:36',NULL),(566,405,38,1,NULL,15,'2017-03-19 02:39:32',NULL),(567,406,38,1,NULL,15,'2017-03-19 16:37:30',NULL);
/*!40000 ALTER TABLE `aprobacion` ENABLE KEYS */;
UNLOCK TABLES;

--
-- Table structure for table `articulo`
--

DROP TABLE IF EXISTS `articulo`;
/*!40101 SET @saved_cs_client     = @@character_set_client */;
/*!40101 SET character_set_client = utf8 */;
CREATE TABLE `articulo` (
  `id` int(11) NOT NULL AUTO_INCREMENT,
  `nombre` varchar(50) DEFAULT NULL,
  `descripcion` varchar(200) DEFAULT NULL,
  `precioCompra` decimal(11,3) DEFAULT NULL,
  `precioVenta` decimal(11,3) DEFAULT NULL,
  `ident_nro` varchar(50) DEFAULT NULL,
  `unidad` varchar(45) DEFAULT NULL,
  `tipo_id` int(11) DEFAULT NULL,
  `habilitado` tinyint(4) DEFAULT '1',
  `usuario_creacion` varchar(50) DEFAULT NULL,
  `fecha_creacion` datetime DEFAULT CURRENT_TIMESTAMP,
  `usuario_modificacion` varchar(50) DEFAULT NULL,
  `fecha_modificacion` datetime DEFAULT NULL,
  `observaciones` varchar(45) DEFAULT NULL,
  `traduccion` varchar(100) DEFAULT NULL,
  `material` varchar(45) DEFAULT NULL,
  `peso_kg` decimal(10,0) DEFAULT NULL,
  `medidas` varchar(45) DEFAULT NULL,
  `codigo_articulo` varchar(45) DEFAULT NULL,
  `tipo_articulo` varchar(45) DEFAULT NULL,
  `subfamilia` int(11) DEFAULT NULL,
  PRIMARY KEY (`id`)
) ENGINE=InnoDB AUTO_INCREMENT=4211 DEFAULT CHARSET=utf8;
/*!40101 SET character_set_client = @saved_cs_client */;

--
-- Dumping data for table `articulo`
--

LOCK TABLES `articulo` WRITE;
/*!40000 ALTER TABLE `articulo` DISABLE KEYS */;
INSERT INTO `articulo` VALUES (2746,'Gasket ','Gasket ',NULL,NULL,NULL,'PC',1,1,NULL,'2016-08-17 12:42:56',NULL,NULL,NULL,NULL,NULL,NULL,NULL,'P1-1010-01-A10','L 23/30',7),(2747,'Gasket ','Gasket ',NULL,NULL,NULL,'PC',1,1,NULL,'2016-08-17 12:42:57',NULL,NULL,NULL,NULL,NULL,NULL,NULL,'P1-1010-01-A20','L 23/30',7),(2748,'Gasket ','Gasket ',NULL,NULL,NULL,'PC',1,1,NULL,'2016-08-17 12:42:57',NULL,NULL,NULL,NULL,NULL,NULL,NULL,'P1-1010-01-A30','L 23/30',7),(2749,'Gasket ','Gasket ',NULL,NULL,NULL,'PC',1,1,NULL,'2016-08-17 12:42:57',NULL,NULL,NULL,NULL,NULL,NULL,NULL,'P1-1010-01-B3','L 23/30',7),(2750,'Camshaft Bearing','Camshaft Bearing',NULL,NULL,NULL,'PC',1,1,NULL,'2016-08-17 12:42:57',NULL,NULL,NULL,NULL,NULL,NULL,NULL,'P1-1012-01-2','L 23/30',7),(2751,'Main Bearing \"Rillenlager\"','Main Bearing \"Rillenlager\"',NULL,NULL,NULL,'PC',1,1,NULL,'2016-08-17 12:42:57',NULL,NULL,NULL,NULL,NULL,NULL,NULL,'P1-1012-01-3','L 23/30',7),(2752,'Thrust Washer Ø 260 mm.','Thrust Washer Ø 260 mm.',NULL,NULL,NULL,'PC',1,1,NULL,'2016-08-17 12:42:58',NULL,NULL,NULL,NULL,NULL,NULL,NULL,'P1-1012-01-13','L 23/30',7),(2753,'Butting Ring  Ø 270 mm.','Butting Ring  Ø 270 mm.',NULL,NULL,NULL,'PC',1,1,NULL,'2016-08-17 12:42:58',NULL,NULL,NULL,NULL,NULL,NULL,NULL,'P1-1012-01-13','L 23/30',7),(2754,'Wear Ring (Insert Ring For Cyl. Liner)','Wear Ring (Insert Ring For Cyl. Liner)',NULL,NULL,NULL,'PC',1,1,NULL,'2016-08-17 12:42:58',NULL,NULL,NULL,NULL,NULL,NULL,NULL,'P1-1012-01-22','L 23/30',7),(2755,'Stud For Cylinder Cover','Stud For Cylinder Cover',NULL,NULL,NULL,'PC',1,1,NULL,'2016-08-17 12:42:58',NULL,NULL,NULL,NULL,NULL,NULL,NULL,'P1-1012-01-24','L 23/30',7),(2756,'Sealing Ring  Ø 10.00*32.00 mm.','Sealing Ring  Ø 10.00*32.00 mm.',NULL,NULL,NULL,'PC',1,1,NULL,'2016-08-17 12:42:58',NULL,NULL,NULL,NULL,NULL,NULL,NULL,'P1-1012-01-27','L 23/30',7),(2757,'Protection Cap','Protection Cap',NULL,NULL,NULL,'PC',1,1,NULL,'2016-08-17 12:42:58',NULL,NULL,NULL,NULL,NULL,NULL,NULL,'P1-1012-01-30','L 23/30',7),(2758,'Camshaft Bearing, Flywheel End','Camshaft Bearing, Flywheel End',NULL,NULL,NULL,'PC',1,1,NULL,'2016-08-17 12:42:59',NULL,NULL,NULL,NULL,NULL,NULL,NULL,'P1-1012-01-A1','L 23/30',7),(2759,'Guide Screw','Guide Screw',NULL,NULL,NULL,'PC',1,1,NULL,'2016-08-17 12:42:59',NULL,NULL,NULL,NULL,NULL,NULL,NULL,'P1-1012-01-A7','L 23/30',7),(2760,'Gasket for Guide Screw','Gasket for Guide Screw',NULL,NULL,NULL,'PC',1,1,NULL,'2016-08-17 12:42:59',NULL,NULL,NULL,NULL,NULL,NULL,NULL,'P1-1012-01-A8','L 23/30',7),(2761,'Sealing Ring','Sealing Ring',NULL,NULL,NULL,'PC',1,1,NULL,'2016-08-17 12:42:59',NULL,NULL,NULL,NULL,NULL,NULL,NULL,'P1-1014-02-2','L 23/30',7),(2762,'Cover with crank case relief valve ','Cover with crank case relief valve ',NULL,NULL,NULL,'PC',1,1,NULL,'2016-08-17 12:42:59',NULL,NULL,NULL,NULL,NULL,NULL,NULL,'P1-1014-02-A1','L 23/30',7),(2763,'Sealing Ring','Sealing Ring',NULL,NULL,NULL,'PC',1,1,NULL,'2016-08-17 12:42:59',NULL,NULL,NULL,NULL,NULL,NULL,NULL,'P1-1014-02-A11','L 23/30',7),(2764,'Sealing Ring','Sealing Ring',NULL,NULL,NULL,'PC',1,1,NULL,'2016-08-17 12:42:59',NULL,NULL,NULL,NULL,NULL,NULL,NULL,'P1-1014-02-A5','L 23/30',7),(2765,'Sealing Ring','Sealing Ring',NULL,NULL,NULL,'PC',1,1,NULL,'2016-08-17 12:43:00',NULL,NULL,NULL,NULL,NULL,NULL,NULL,'P1-1014-02-A8','L 23/30',7),(2766,'Oil Sealing Ring','Oil Sealing Ring',NULL,NULL,NULL,'PC',1,1,NULL,'2016-08-17 12:43:00',NULL,NULL,NULL,NULL,NULL,NULL,NULL,'P1-1014-02-D5','L 23/30',7),(2767,'Cover for Crankcase','Cover for Crankcase',NULL,NULL,NULL,'PC',1,1,NULL,'2016-08-17 12:43:00',NULL,NULL,NULL,NULL,NULL,NULL,NULL,'P1-1014-02-E1','L 23/30',7),(2768,'Sealing Ring','Sealing Ring',NULL,NULL,NULL,'PC',1,1,NULL,'2016-08-17 12:43:00',NULL,NULL,NULL,NULL,NULL,NULL,NULL,'P1-1014-02-E2','L 23/30',7),(2769,'Oil Sealing Ring','Oil Sealing Ring',NULL,NULL,NULL,'PC',1,1,NULL,'2016-08-17 12:43:00',NULL,NULL,NULL,NULL,NULL,NULL,NULL,'P1-1014-04-D5','L 23/30',7),(2770,'Sealing Ring, Flywheel End','Sealing Ring, Flywheel End',NULL,NULL,NULL,'PC',1,1,NULL,'2016-08-17 12:43:00',NULL,NULL,NULL,NULL,NULL,NULL,NULL,'P1-1016-02-2','L 23/30',7),(2771,'Gasket','Gasket',NULL,NULL,NULL,'PC',1,1,NULL,'2016-08-17 12:43:00',NULL,NULL,NULL,NULL,NULL,NULL,NULL,'P1-1016-02-31','L 23/30',7),(2772,'Labyrinth Ring','Labyrinth Ring',NULL,NULL,NULL,'PC',1,1,NULL,'2016-08-17 12:43:00',NULL,NULL,NULL,NULL,NULL,NULL,NULL,'P1-1018-02-1','L 23/30',7),(2773,'Holding Down Fitted Bolt','Holding Down Fitted Bolt',NULL,NULL,NULL,'PC',1,1,NULL,'2016-08-17 12:43:01',NULL,NULL,NULL,NULL,NULL,NULL,NULL,'P1-1050-02-2','L 23/30',7),(2774,'Self Locking Hexagon Nut','Self Locking Hexagon Nut',NULL,NULL,NULL,'PC',1,1,NULL,'2016-08-17 12:43:01',NULL,NULL,NULL,NULL,NULL,NULL,NULL,'P1-1050-02-3','L 23/30',7),(2775,'Oil Thrown Ring','Oil Thrown Ring',NULL,NULL,NULL,'PC',1,1,NULL,'2016-08-17 12:43:01',NULL,NULL,NULL,NULL,NULL,NULL,NULL,'P1-1210-01-18','L 23/30',7),(2776,'Oil Throw Ring','Oil Throw Ring',NULL,NULL,NULL,'PC',1,1,NULL,'2016-08-17 12:43:01',NULL,NULL,NULL,NULL,NULL,NULL,NULL,'P1-1210-01-2','L 23/30',7),(2777,'Plug Screw for Crankshaft','Plug Screw for Crankshaft',NULL,NULL,NULL,'PC',1,1,NULL,'2016-08-17 12:43:01',NULL,NULL,NULL,NULL,NULL,NULL,NULL,'P1-1210-01-A11','L 23/30',7),(2778,'Counterweight','Counterweight',NULL,NULL,NULL,'PC',1,1,NULL,'2016-08-17 12:43:01',NULL,NULL,NULL,NULL,NULL,NULL,NULL,'P1-1210-01-A16','L 23/30',7),(2779,'Cylindrical Pin, DIN 7-30M6x40','Cylindrical Pin, DIN 7-30M6x40',NULL,NULL,NULL,'PC',1,1,NULL,'2016-08-17 12:43:01',NULL,NULL,NULL,NULL,NULL,NULL,NULL,'P1-1210-01-A18','L 23/30',7),(2780,'Hexagon Collar Screw','Hexagon Collar Screw',NULL,NULL,NULL,'PC',1,1,NULL,'2016-08-17 12:43:02',NULL,NULL,NULL,NULL,NULL,NULL,NULL,'P1-1210-01-A21','L 23/30',7),(2781,'Self Locking Hexagon Nut','Self Locking Hexagon Nut',NULL,NULL,NULL,'PC',1,1,NULL,'2016-08-17 12:43:02',NULL,NULL,NULL,NULL,NULL,NULL,NULL,'P1-1216-01-6','L 23/30',7),(2782,'O-Ring Viton','O-Ring Viton',NULL,NULL,NULL,'PC',1,1,NULL,'2016-08-17 12:43:02',NULL,NULL,NULL,NULL,NULL,NULL,NULL,'P1-1218-01-1','L 23/30',7),(2783,'O-Ring Viton','O-Ring Viton',NULL,NULL,NULL,'PC',1,1,NULL,'2016-08-17 12:43:02',NULL,NULL,NULL,NULL,NULL,NULL,NULL,'P1-1218-01-2','L 23/30',7),(2784,'O-Ring Viton','O-Ring Viton',NULL,NULL,NULL,'PC',1,1,NULL,'2016-08-17 12:43:02',NULL,NULL,NULL,NULL,NULL,NULL,NULL,'P1-1218-01-3','L 23/30',7),(2785,'Allen Screw','Allen Screw',NULL,NULL,NULL,'PC',1,1,NULL,'2016-08-17 12:43:02',NULL,NULL,NULL,NULL,NULL,NULL,NULL,'P1-1410-01-10','L 23/30',7),(2786,'Self-Locking Nut','Self-Locking Nut',NULL,NULL,NULL,'PC',1,1,NULL,'2016-08-17 12:43:02',NULL,NULL,NULL,NULL,NULL,NULL,NULL,'P1-1410-01-11','L 23/30',7),(2787,'Camshaft Aft Clockwise (6L)','Camshaft Aft Clockwise (6L)',NULL,NULL,NULL,'PC',1,1,NULL,'2016-08-17 12:43:02',NULL,NULL,NULL,NULL,NULL,NULL,NULL,'P1-1410-01-4','L 23/30',7),(2788,'Camshaft Aft Clockwise (8L)','Camshaft Aft Clockwise (8L)',NULL,NULL,NULL,'PC',1,1,NULL,'2016-08-17 12:43:03',NULL,NULL,NULL,NULL,NULL,NULL,NULL,'P1-1410-01-4','L 23/30',7),(2789,'Camshaft Aft Clockwise (8L)','Camshaft Aft Clockwise (8L)',NULL,NULL,NULL,'PC',1,1,NULL,'2016-08-17 12:43:03',NULL,NULL,NULL,NULL,NULL,NULL,NULL,'P1-1410-01-4','L 23/30',7),(2790,'Camshaft Intermediate Clockwise (8L)','Camshaft Intermediate Clockwise (8L)',NULL,NULL,NULL,'PC',1,1,NULL,'2016-08-17 12:43:03',NULL,NULL,NULL,NULL,NULL,NULL,NULL,'P1-1410-01-5','L 23/30',7),(2791,'Camshaft Intermediate Clockwise (6L)','Camshaft Intermediate Clockwise (6L)',NULL,NULL,NULL,'PC',1,1,NULL,'2016-08-17 12:43:03',NULL,NULL,NULL,NULL,NULL,NULL,NULL,'P1-1410-01-5','L 23/30',7),(2792,'Camshaft Fore Clockwise (6L)','Camshaft Fore Clockwise (6L)',NULL,NULL,NULL,'PC',1,1,NULL,'2016-08-17 12:43:03',NULL,NULL,NULL,NULL,NULL,NULL,NULL,'P1-1410-01-6','L 23/30',7),(2793,'Camshaft Fore Clockwise (8L)','Camshaft Fore Clockwise (8L)',NULL,NULL,NULL,'PC',1,1,NULL,'2016-08-17 12:43:03',NULL,NULL,NULL,NULL,NULL,NULL,NULL,'P1-1410-01-6','L 23/30',7),(2794,'Coupling Part','Coupling Part',NULL,NULL,NULL,'PC',1,1,NULL,'2016-08-17 12:43:03',NULL,NULL,NULL,NULL,NULL,NULL,NULL,'P1-1410-02-7','L 23/30',7),(2795,'Spring Pin','Spring Pin',NULL,NULL,NULL,'PC',1,1,NULL,'2016-08-17 12:43:04',NULL,NULL,NULL,NULL,NULL,NULL,NULL,'P1-1410-01-8','L 23/30',7),(2796,'Set Screw','Set Screw',NULL,NULL,NULL,'PC',1,1,NULL,'2016-08-17 12:43:04',NULL,NULL,NULL,NULL,NULL,NULL,NULL,'P1-1410-01-9','L 23/30',7),(2797,'Coupling Part','Coupling Part',NULL,NULL,NULL,'PC',1,1,NULL,'2016-08-17 12:43:04',NULL,NULL,NULL,NULL,NULL,NULL,NULL,'P1-1410-02-7','L 23/30',7),(2798,'Self Locking Nut, M20x1.5, 10.9','Self Locking Nut, M20x1.5, 10.9',NULL,NULL,NULL,'PC',1,1,NULL,'2016-08-17 12:43:04',NULL,NULL,NULL,NULL,NULL,NULL,NULL,'P1-1412-01-6','L 23/30',7),(2799,'Bearing Bush','Bearing Bush',NULL,NULL,NULL,'PC',1,1,NULL,'2016-08-17 12:43:04',NULL,NULL,NULL,NULL,NULL,NULL,NULL,'P1-1412-01-A3','L 23/30',7),(2800,'Bearing Bush','Bearing Bush',NULL,NULL,NULL,'PC',1,1,NULL,'2016-08-17 12:43:04',NULL,NULL,NULL,NULL,NULL,NULL,NULL,'P1-1412-01-B2','L 23/30',7),(2801,'Bearing Bush','Bearing Bush',NULL,NULL,NULL,'PC',1,1,NULL,'2016-08-17 12:43:04',NULL,NULL,NULL,NULL,NULL,NULL,NULL,'P1-1412-01-C2','L 23/30',7),(2802,'Thrust Piece','Thrust Piece',NULL,NULL,NULL,'PC',1,1,NULL,'2016-08-17 12:43:05',NULL,NULL,NULL,NULL,NULL,NULL,NULL,'P1-1414-02-19','L 23/30',7),(2803,'Distance Piece (Allen Screw - Juegos)','Distance Piece (Allen Screw - Juegos)',NULL,NULL,NULL,'PC',1,1,NULL,'2016-08-17 12:43:05',NULL,NULL,NULL,NULL,NULL,NULL,NULL,'P1-1414-02-2','L 23/30',7),(2804,'Housing for Roller Tappet','Housing for Roller Tappet',NULL,NULL,NULL,'PC',1,1,NULL,'2016-08-17 12:43:05',NULL,NULL,NULL,NULL,NULL,NULL,NULL,'P1-1414-03-1','L 23/30',7),(2805,'Spring','Spring',NULL,NULL,NULL,'PC',1,1,NULL,'2016-08-17 12:43:05',NULL,NULL,NULL,NULL,NULL,NULL,NULL,'P1-1414-03-10','L 23/30',7),(2806,'Thrust Piece','Thrust Piece',NULL,NULL,NULL,'PC',1,1,NULL,'2016-08-17 12:43:05',NULL,NULL,NULL,NULL,NULL,NULL,NULL,'P1-1414-03-11','L 23/30',7),(2807,'Adjusting Washer 0.2 mm','Adjusting Washer 0.2 mm',NULL,NULL,NULL,'PC',1,1,NULL,'2016-08-17 12:43:05',NULL,NULL,NULL,NULL,NULL,NULL,NULL,'P1-1414-03-12.1','L 23/30',7),(2808,'Adjusting Washer 0.3 mm','Adjusting Washer 0.3 mm',NULL,NULL,NULL,'PC',1,1,NULL,'2016-08-17 12:43:05',NULL,NULL,NULL,NULL,NULL,NULL,NULL,'P1-1414-03-12.2','L 23/30',7),(2809,'Adjusting Washer 0.5 mm','Adjusting Washer 0.5 mm',NULL,NULL,NULL,'PC',1,1,NULL,'2016-08-17 12:43:06',NULL,NULL,NULL,NULL,NULL,NULL,NULL,'P1-1414-03-12.3','L 23/30',7),(2810,'Adjusting Washer 1.0 mm.','Adjusting Washer 1.0 mm.',NULL,NULL,NULL,'PC',1,1,NULL,'2016-08-17 12:43:06',NULL,NULL,NULL,NULL,NULL,NULL,NULL,'P1-1414-03-12.4','L 23/30',7),(2811,'Adjusting Washer 1.2 mm.','Adjusting Washer 1.2 mm.',NULL,NULL,NULL,'PC',1,1,NULL,'2016-08-17 12:43:06',NULL,NULL,NULL,NULL,NULL,NULL,NULL,'P1-1414-03-12A','L 23/30',7),(2812,'Adjusting Washer 1.4 mm.','Adjusting Washer 1.4 mm.',NULL,NULL,NULL,'PC',1,1,NULL,'2016-08-17 12:43:06',NULL,NULL,NULL,NULL,NULL,NULL,NULL,'P1-1414-03-12B','L 23/30',7),(2813,'Adjusting Washer 1.6 mm.','Adjusting Washer 1.6 mm.',NULL,NULL,NULL,'PC',1,1,NULL,'2016-08-17 12:43:06',NULL,NULL,NULL,NULL,NULL,NULL,NULL,'P1-1414-03-12C','L 23/30',7),(2814,'Adjusting Washer 1.8 mm.','Adjusting Washer 1.8 mm.',NULL,NULL,NULL,'PC',1,1,NULL,'2016-08-17 12:43:06',NULL,NULL,NULL,NULL,NULL,NULL,NULL,'P1-1414-03-12D','L 23/30',7),(2815,'Adjusting Washer 2.0 mm.','Adjusting Washer 2.0 mm.',NULL,NULL,NULL,'PC',1,1,NULL,'2016-08-17 12:43:06',NULL,NULL,NULL,NULL,NULL,NULL,NULL,'P1-1414-03-12E','L 23/30',7),(2816,'Adjusting Washer 2.2 mm.','Adjusting Washer 2.2 mm.',NULL,NULL,NULL,'PC',1,1,NULL,'2016-08-17 12:43:06',NULL,NULL,NULL,NULL,NULL,NULL,NULL,'P1-1414-03-12F','L 23/30',7),(2817,'Roller for the Fuel Injection Pump Cams','Roller for the Fuel Injection Pump Cams',NULL,NULL,NULL,'PC',1,1,NULL,'2016-08-17 12:43:07',NULL,NULL,NULL,NULL,NULL,NULL,NULL,'P1-1414-03-13','L 23/30',7),(2818,'Bush for Cam Roller','Bush for Cam Roller',NULL,NULL,NULL,'PC',1,1,NULL,'2016-08-17 12:43:07',NULL,NULL,NULL,NULL,NULL,NULL,NULL,'P1-1414-03-14','L 23/30',7),(2819,'Valve Push Rod','Valve Push Rod',NULL,NULL,NULL,'PC',1,1,NULL,'2016-08-17 12:43:07',NULL,NULL,NULL,NULL,NULL,NULL,NULL,'P1-1414-03-15','L 23/30',7),(2820,'Protecting Tube','Protecting Tube',NULL,NULL,NULL,'PC',1,1,NULL,'2016-08-17 12:43:07',NULL,NULL,NULL,NULL,NULL,NULL,NULL,'P1-1414-03-17','L 23/30',7),(2821,'O-Ring NBR  Ø 4*30 mm.','O-Ring NBR  Ø 4*30 mm.',NULL,NULL,NULL,'PC',1,1,NULL,'2016-08-17 12:43:07',NULL,NULL,NULL,NULL,NULL,NULL,NULL,'P1-1414-03-18','L 23/30',7),(2822,'Hexagon Socket Head Cap Screw','Hexagon Socket Head Cap Screw',NULL,NULL,NULL,'PC',1,1,NULL,'2016-08-17 12:43:07',NULL,NULL,NULL,NULL,NULL,NULL,NULL,'P1-1414-03-21','L 23/30',7),(2823,'Spring Pin','Spring Pin',NULL,NULL,NULL,'PC',1,1,NULL,'2016-08-17 12:43:07',NULL,NULL,NULL,NULL,NULL,NULL,NULL,'P1-1414-03-22','L 23/30',7),(2824,'Hexagon Bolt (Hexagon Screw)','Hexagon Bolt (Hexagon Screw)',NULL,NULL,NULL,'PC',1,1,NULL,'2016-08-17 12:43:08',NULL,NULL,NULL,NULL,NULL,NULL,NULL,'P1-1414-03-23','L 23/30',7),(2825,'Hexagon Screw','Hexagon Screw',NULL,NULL,NULL,'PC',1,1,NULL,'2016-08-17 12:43:08',NULL,NULL,NULL,NULL,NULL,NULL,NULL,'P1-1414-03-25','L 23/30',7),(2826,'Roller Guide for Fuel Pump, CPL.','Roller Guide for Fuel Pump, CPL.',NULL,NULL,NULL,'PC',1,1,NULL,'2016-08-17 12:43:08',NULL,NULL,NULL,NULL,NULL,NULL,NULL,'P1-1414-03-3','L 23/30',7),(2827,'Roller Tappet for Valve','Roller Tappet for Valve',NULL,NULL,NULL,'PC',1,1,NULL,'2016-08-17 12:43:08',NULL,NULL,NULL,NULL,NULL,NULL,NULL,'P1-1414-03-4','L 23/30',7),(2828,'Thrust Pin for Roller Guide','Thrust Pin for Roller Guide',NULL,NULL,NULL,'PC',1,1,NULL,'2016-08-17 12:43:08',NULL,NULL,NULL,NULL,NULL,NULL,NULL,'P1-1414-03-5','L 23/30',7),(2829,'Pin for Roller','Pin for Roller',NULL,NULL,NULL,'PC',1,1,NULL,'2016-08-17 12:43:08',NULL,NULL,NULL,NULL,NULL,NULL,NULL,'P1-1414-03-6','L 23/30',7),(2830,'Set Screw','Set Screw',NULL,NULL,NULL,'PC',1,1,NULL,'2016-08-17 12:43:08',NULL,NULL,NULL,NULL,NULL,NULL,NULL,'P1-1414-03-7','L 23/30',7),(2831,'Spring Guide','Spring Guide',NULL,NULL,NULL,'PC',1,1,NULL,'2016-08-17 12:43:09',NULL,NULL,NULL,NULL,NULL,NULL,NULL,'P1-1414-03-9','L 23/30',7),(2832,'Cylinder Liner For Flame Ring','Cylinder Liner For Flame Ring',NULL,NULL,NULL,'PC',1,1,NULL,'2016-08-17 12:43:09',NULL,NULL,NULL,NULL,NULL,NULL,NULL,'P1-1610-01-1','L 23/30',7),(2833,'Flame Ring for Cyl. Liner','Flame Ring for Cyl. Liner',NULL,NULL,NULL,'PC',1,1,NULL,'2016-08-17 12:43:09',NULL,NULL,NULL,NULL,NULL,NULL,NULL,'P1-1610-01-2','L 23/30',7),(2834,'O-Ring Viton  Ø 6.00*242.00 mm.','O-Ring Viton  Ø 6.00*242.00 mm.',NULL,NULL,NULL,'PC',1,1,NULL,'2016-08-17 12:43:09',NULL,NULL,NULL,NULL,NULL,NULL,NULL,'P1-1610-01-3','L 23/30',7),(2835,'Sealing Ring F Cyl.Cover / Cyl.Liner','Sealing Ring F Cyl.Cover / Cyl.Liner',NULL,NULL,NULL,'PC',1,1,NULL,'2016-08-17 12:43:09',NULL,NULL,NULL,NULL,NULL,NULL,NULL,'P1-1610-01-4','L 23/30',7),(2836,'Cylinder Liner For Flame Ring w/classification','Cylinder Liner For Flame Ring w/classification',NULL,NULL,NULL,'PC',1,1,NULL,'2016-08-17 12:43:09',NULL,NULL,NULL,NULL,NULL,NULL,NULL,'P1-1610-02-1','L 23/30',7),(2837,'Flame Ring (Step Ring)','Flame Ring (Step Ring)',NULL,NULL,NULL,'PC',1,1,NULL,'2016-08-17 12:43:09',NULL,NULL,NULL,NULL,NULL,NULL,NULL,'P1-1610-02-2','L 23/30',7),(2838,'O-Ring Viton  Ø 6.00*242.00 mm.','O-Ring Viton  Ø 6.00*242.00 mm.',NULL,NULL,NULL,'PC',1,1,NULL,'2016-08-17 12:43:10',NULL,NULL,NULL,NULL,NULL,NULL,NULL,'P1-1610-02-3','L 23/30',7),(2839,'Sealing Ring','Sealing Ring',NULL,NULL,NULL,'PC',1,1,NULL,'2016-08-17 12:43:10',NULL,NULL,NULL,NULL,NULL,NULL,NULL,'P1-1610-02-4','L 23/30',7),(2840,'Connecting Rod With Bush w/Classification','Connecting Rod With Bush w/Classification',NULL,NULL,NULL,'PC',1,1,NULL,'2016-08-17 12:43:10',NULL,NULL,NULL,NULL,NULL,NULL,NULL,'P1-1612-01-1','L 23/30',7),(2841,'Connecting Rod With Bush 23/30A','Connecting Rod With Bush 23/30A',NULL,NULL,NULL,'PC',1,1,NULL,'2016-08-17 12:43:10',NULL,NULL,NULL,NULL,NULL,NULL,NULL,'P1-1612-01-1','L 23/30',7),(2842,'Connecting Rod Bearing','Connecting Rod Bearing',NULL,NULL,NULL,'PC',1,1,NULL,'2016-08-17 12:43:10',NULL,NULL,NULL,NULL,NULL,NULL,NULL,'P1-1612-01-10','L 23/30',7),(2843,'Con. Rod Bearing Undersize 0.5 mm.','Con. Rod Bearing Undersize 0.5 mm.',NULL,NULL,NULL,'PC',1,1,NULL,'2016-08-17 12:43:10',NULL,NULL,NULL,NULL,NULL,NULL,NULL,'P1-1612-01-10A','L 23/30',7),(2844,'Con. Rod Bearing Undersize 1.0 mm.','Con. Rod Bearing Undersize 1.0 mm.',NULL,NULL,NULL,'PC',1,1,NULL,'2016-08-17 12:43:10',NULL,NULL,NULL,NULL,NULL,NULL,NULL,'P1-1612-01-10B','L 23/30',7),(2845,'Con. Rod Bearing Undersize 1.5 mm.','Con. Rod Bearing Undersize 1.5 mm.',NULL,NULL,NULL,'PC',1,1,NULL,'2016-08-17 12:43:10',NULL,NULL,NULL,NULL,NULL,NULL,NULL,'P1-1612-01-10C','L 23/30',7),(2846,'Piston Pin Bush','Piston Pin Bush',NULL,NULL,NULL,'PC',1,1,NULL,'2016-08-17 12:43:11',NULL,NULL,NULL,NULL,NULL,NULL,NULL,'P1-1612-01-20','L 23/30',7),(2847,'Connecting Rod Screw','Connecting Rod Screw',NULL,NULL,NULL,'PC',1,1,NULL,'2016-08-17 12:43:11',NULL,NULL,NULL,NULL,NULL,NULL,NULL,'P1-1612-01-25','L 23/30',7),(2848,'Piston KS','Piston KS',NULL,NULL,NULL,'PC',1,1,NULL,'2016-08-17 12:43:11',NULL,NULL,NULL,NULL,NULL,NULL,NULL,'P1-1614-01-1','L 23/30',7),(2849,'Producto','Piston Pin',NULL,NULL,NULL,'PC',1,1,NULL,'2016-08-17 12:43:11','45','2016-12-12 19:19:40',NULL,NULL,NULL,NULL,NULL,'P1-1614-03-3','L 23/30',29),(2850,'Producto','Retaining Ring',NULL,NULL,NULL,'PC',1,1,NULL,'2016-08-17 12:43:11','45','2016-12-12 19:20:27',NULL,NULL,NULL,NULL,NULL,'P1-1614-03-6','L 23/30',29),(2851,'Piston Ring, 3 DGR. CKS 36 ','Piston Ring, 3 DGR. CKS 36 ',NULL,NULL,NULL,'PC',1,1,NULL,'2016-08-17 12:43:11',NULL,NULL,NULL,NULL,NULL,NULL,NULL,'P1-1614-03-A1','L 23/30',7),(2852,'Piston Ring,Compression','Piston Ring,Compression',NULL,NULL,NULL,'PC',1,1,NULL,'2016-08-17 12:43:11',NULL,NULL,NULL,NULL,NULL,NULL,NULL,'P1-1614-03-A2','L 23/30',7),(2853,'Piston Ring ','Piston Ring ',NULL,NULL,NULL,'PC',1,1,NULL,'2016-08-17 12:43:12',NULL,NULL,NULL,NULL,NULL,NULL,NULL,'P1-1614-03-A3','L 23/30',7),(2854,'Oil Control Ring (Oil Scraper Ring)','Oil Control Ring (Oil Scraper Ring)',NULL,NULL,NULL,'PC',1,1,NULL,'2016-08-17 12:43:12',NULL,NULL,NULL,NULL,NULL,NULL,NULL,'P1-1614-03-A4','L 23/30',7),(2855,'Piston for Flame Ring','Piston for Flame Ring',NULL,NULL,NULL,'PC',1,1,NULL,'2016-08-17 12:43:12',NULL,NULL,NULL,NULL,NULL,NULL,NULL,'P1-1614-07-1','L 23/30',7),(2856,'Piston Pin','Piston Pin',NULL,NULL,NULL,'PC',1,1,NULL,'2016-08-17 12:43:12',NULL,NULL,NULL,NULL,NULL,NULL,NULL,'P1-1614-07-3','L 23/30',7),(2857,'Retaining Ring','Retaining Ring',NULL,NULL,NULL,'PC',1,1,NULL,'2016-08-17 12:43:12',NULL,NULL,NULL,NULL,NULL,NULL,NULL,'P1-1614-07-6','L 23/30',7),(2858,'Piston Ring, 3 DGR. CKS 36 ','Piston Ring, 3 DGR. CKS 36 ',NULL,NULL,NULL,'PC',1,1,NULL,'2016-08-17 12:43:12',NULL,NULL,NULL,NULL,NULL,NULL,NULL,'P1-1614-07-A1','L 23/30',7),(2859,'Piston Ring,Compression','Piston Ring,Compression',NULL,NULL,NULL,'PC',1,1,NULL,'2016-08-17 12:43:12',NULL,NULL,NULL,NULL,NULL,NULL,NULL,'P1-1614-07-A2','L 23/30',7),(2860,'Piston Ring ','Piston Ring ',NULL,NULL,NULL,'PC',1,1,NULL,'2016-08-17 12:43:12',NULL,NULL,NULL,NULL,NULL,NULL,NULL,'P1-1614-07-A3','L 23/30',7),(2861,'Oil Control Ring (Oil Scraper Ring)','Oil Control Ring (Oil Scraper Ring)',NULL,NULL,NULL,'PC',1,1,NULL,'2016-08-17 12:43:13',NULL,NULL,NULL,NULL,NULL,NULL,NULL,'P1-1614-07-A4','L 23/30',7),(2862,'Valve Spindel Guide','Valve Spindel Guide',NULL,NULL,NULL,'PC',1,1,NULL,'2016-08-17 12:43:13',NULL,NULL,NULL,NULL,NULL,NULL,NULL,'P1-1616-01-21','L 23/30',7),(2863,'O-Ring Viton  Ø 3.53*13.87 mm.','O-Ring Viton  Ø 3.53*13.87 mm.',NULL,NULL,NULL,'PC',1,1,NULL,'2016-08-17 12:43:13',NULL,NULL,NULL,NULL,NULL,NULL,NULL,'P1-1616-01-22','L 23/30',7),(2864,'Stud for Rocker arm Bracket','Stud for Rocker arm Bracket',NULL,NULL,NULL,'PC',1,1,NULL,'2016-08-17 12:43:13',NULL,NULL,NULL,NULL,NULL,NULL,NULL,'P1-1616-01-26','L 23/30',7),(2865,'Hexagon Nut with collar, M1290 M16 8','Hexagon Nut with collar, M1290 M16 8',NULL,NULL,NULL,'PC',1,1,NULL,'2016-08-17 12:43:13',NULL,NULL,NULL,NULL,NULL,NULL,NULL,'P1-1616-01-27','L 23/30',7),(2866,'Thrust Piece','Thrust Piece',NULL,NULL,NULL,'PC',1,1,NULL,'2016-08-17 12:43:13',NULL,NULL,NULL,NULL,NULL,NULL,NULL,'P1-1616-01-30','L 23/30',7),(2867,'Valve Yoke (Valve Bridge)','Valve Yoke (Valve Bridge)',NULL,NULL,NULL,'PC',1,1,NULL,'2016-08-17 12:43:13',NULL,NULL,NULL,NULL,NULL,NULL,NULL,'P1-1616-01-A1','L 23/30',7),(2868,'Rocker Arm, Outlet','Rocker Arm, Outlet',NULL,NULL,NULL,'PC',1,1,NULL,'2016-08-17 12:43:14',NULL,NULL,NULL,NULL,NULL,NULL,NULL,'P1-1616-01-A23','L 23/30',7),(2869,'Rocker Arm, Inlet','Rocker Arm, Inlet',NULL,NULL,NULL,'PC',1,1,NULL,'2016-08-17 12:43:14',NULL,NULL,NULL,NULL,NULL,NULL,NULL,'P1-1616-01-A34','L 23/30',7),(2870,'Disc','Disc',NULL,NULL,NULL,'PC',1,1,NULL,'2016-08-17 12:43:14',NULL,NULL,NULL,NULL,NULL,NULL,NULL,'P1-1616-01-A44','L 23/30',7),(2871,'Retaining Ring for Shaft','Retaining Ring for Shaft',NULL,NULL,NULL,'PC',1,1,NULL,'2016-08-17 12:43:14',NULL,NULL,NULL,NULL,NULL,NULL,NULL,'P1-1616-01-A45','L 23/30',7),(2872,'Cylinder Head Complete','Cylinder Head Complete',NULL,NULL,NULL,'PC',1,1,NULL,'2016-08-17 12:43:14',NULL,NULL,NULL,NULL,NULL,NULL,NULL,'P1-1616-01-AA','L 23/30',7),(2873,'O-Ring','O-Ring',NULL,NULL,NULL,'PC',1,1,NULL,'2016-08-17 12:43:14',NULL,NULL,NULL,NULL,NULL,NULL,NULL,'P1-1616-01-B10','L 23/30',7),(2874,'Valve Seat Ring, Inlet','Valve Seat Ring, Inlet',NULL,NULL,NULL,'PC',1,1,NULL,'2016-08-17 12:43:14',NULL,NULL,NULL,NULL,NULL,NULL,NULL,'P1-1616-01-B108','L 23/30',7),(2875,'Insert for Fuel Injection Valve','Insert for Fuel Injection Valve',NULL,NULL,NULL,'PC',1,1,NULL,'2016-08-17 12:43:14',NULL,NULL,NULL,NULL,NULL,NULL,NULL,'P1-1616-01-B3','L 23/30',7),(2876,'Sealing Ring','Sealing Ring',NULL,NULL,NULL,'PC',1,1,NULL,'2016-08-17 12:43:15',NULL,NULL,NULL,NULL,NULL,NULL,NULL,'P1-1616-01-B4','L 23/30',7),(2877,'Snap Ring','Snap Ring',NULL,NULL,NULL,'PC',1,1,NULL,'2016-08-17 12:43:15',NULL,NULL,NULL,NULL,NULL,NULL,NULL,'P1-1616-01-B5','L 23/30',7),(2878,'Valve Seat Ring','Valve Seat Ring',NULL,NULL,NULL,'PC',1,1,NULL,'2016-08-17 12:43:15',NULL,NULL,NULL,NULL,NULL,NULL,NULL,'P1-1616-01-B7','L 23/30',7),(2879,'Cylinder Head with in/outlet valves','Cylinder Head with in/outlet valves',NULL,NULL,NULL,'PC',1,1,NULL,'2016-08-17 12:43:15',NULL,NULL,NULL,NULL,NULL,NULL,NULL,'P1-1616-01-BB','L 23/30',7),(2880,'Ball Thrust Piece','Ball Thrust Piece',NULL,NULL,NULL,'PC',1,1,NULL,'2016-08-17 12:43:15',NULL,NULL,NULL,NULL,NULL,NULL,NULL,'P1-1616-01-C10','L 23/30',7),(2881,'Spring Ring','Spring Ring',NULL,NULL,NULL,'PC',1,1,NULL,'2016-08-17 12:43:15',NULL,NULL,NULL,NULL,NULL,NULL,NULL,'P1-1616-01-C11','L 23/30',7),(2882,'Spherical Guide for Yoke','Spherical Guide for Yoke',NULL,NULL,NULL,'PC',1,1,NULL,'2016-08-17 12:43:15',NULL,NULL,NULL,NULL,NULL,NULL,NULL,'P1-1616-01-C4','L 23/30',7),(2883,'Thrust Screw','Thrust Screw',NULL,NULL,NULL,'PC',1,1,NULL,'2016-08-17 12:43:15',NULL,NULL,NULL,NULL,NULL,NULL,NULL,'P1-1616-01-C8','L 23/30',7),(2884,'Nut','Nut',NULL,NULL,NULL,'PC',1,1,NULL,'2016-08-17 12:43:16',NULL,NULL,NULL,NULL,NULL,NULL,NULL,'P1-1616-01-C9','L 23/30',7),(2885,'Bushing for Rocker Arm','Bushing for Rocker Arm',NULL,NULL,NULL,'PC',1,1,NULL,'2016-08-17 12:43:16',NULL,NULL,NULL,NULL,NULL,NULL,NULL,'P1-1616-01-D2','L 23/30',7),(2886,'Bushing for Rocker Arm','Bushing for Rocker Arm',NULL,NULL,NULL,'PC',1,1,NULL,'2016-08-17 12:43:16',NULL,NULL,NULL,NULL,NULL,NULL,NULL,'P1-1616-01-E2','L 23/30',7),(2887,'Thrust Screw','Thrust Screw',NULL,NULL,NULL,'PC',1,1,NULL,'2016-08-17 12:43:16',NULL,NULL,NULL,NULL,NULL,NULL,NULL,'P1-1616-01-E7','L 23/30',7),(2888,'Nut','Nut',NULL,NULL,NULL,'PC',1,1,NULL,'2016-08-17 12:43:16',NULL,NULL,NULL,NULL,NULL,NULL,NULL,'P1-1616-01-E8','L 23/30',7),(2889,'Cooling Jacket','Cooling Jacket',NULL,NULL,NULL,'PC',1,1,NULL,'2016-08-17 12:43:16',NULL,NULL,NULL,NULL,NULL,NULL,NULL,'P1-1616-01-F33','L 23/30',7),(2890,'Sealing Ring, Viton','Sealing Ring, Viton',NULL,NULL,NULL,'PC',1,1,NULL,'2016-08-17 12:43:16',NULL,NULL,NULL,NULL,NULL,NULL,NULL,'P1-1616-01-F34','L 23/30',7),(2891,'HEXAGON SOCKET HEAD CAP SCREW','HEXAGON SOCKET HEAD CAP SCREW',NULL,NULL,NULL,'PC',1,1,NULL,'2016-08-17 12:43:17',NULL,NULL,NULL,NULL,NULL,NULL,NULL,'P1-1616-01-F35','L 23/30',7),(2892,'O-Ring','O-Ring',NULL,NULL,NULL,'PC',1,1,NULL,'2016-08-17 12:43:17',NULL,NULL,NULL,NULL,NULL,NULL,NULL,'P1-1616-01-F4','L 23/30',7),(2893,'Valve Spring, 23/30A','Valve Spring, 23/30A',NULL,NULL,NULL,'PC',1,1,NULL,'2016-08-17 12:43:17',NULL,NULL,NULL,NULL,NULL,NULL,NULL,'P1-1616-01-H11','L 23/30',7),(2894,'Valve Spring, 23/30A','Valve Spring, 23/30A',NULL,NULL,NULL,'PC',1,1,NULL,'2016-08-17 12:43:17',NULL,NULL,NULL,NULL,NULL,NULL,NULL,'P1-1616-01-H12','L 23/30',7),(2895,'Valve Lock','Valve Lock',NULL,NULL,NULL,'PC',1,1,NULL,'2016-08-17 12:43:17',NULL,NULL,NULL,NULL,NULL,NULL,NULL,'P1-1616-01-H13','L 23/30',7),(2896,'Valve Rotation Device','Valve Rotation Device',NULL,NULL,NULL,'PC',1,1,NULL,'2016-08-17 12:43:17',NULL,NULL,NULL,NULL,NULL,NULL,NULL,'P1-1616-01-H14','L 23/30',7),(2897,'Valve Spindle','Valve Spindle',NULL,NULL,NULL,'PC',1,1,NULL,'2016-08-17 12:43:17',NULL,NULL,NULL,NULL,NULL,NULL,NULL,'P1-1616-01-H6','L 23/30',7),(2898,'O-Ring, Viton','O-Ring, Viton',NULL,NULL,NULL,'PC',1,1,NULL,'2016-08-17 12:43:18',NULL,NULL,NULL,NULL,NULL,NULL,NULL,'P1-1616-01-K3','L 23/30',7),(2899,'O-Ring, Viton','O-Ring, Viton',NULL,NULL,NULL,'PC',1,1,NULL,'2016-08-17 12:43:18',NULL,NULL,NULL,NULL,NULL,NULL,NULL,'P1-1616-01-K3','L 23/30',7),(2900,'Indicator Valve','Indicator Valve',NULL,NULL,NULL,'PC',1,1,NULL,'2016-08-17 12:43:18',NULL,NULL,NULL,NULL,NULL,NULL,NULL,'P1-1618-02-10','L 23/30',7),(2901,'Gasket','Gasket',NULL,NULL,NULL,'PC',1,1,NULL,'2016-08-17 12:43:18',NULL,NULL,NULL,NULL,NULL,NULL,NULL,'P1-1618-02-20','L 23/30',7),(2902,'Gasket','Gasket',NULL,NULL,NULL,'PC',1,1,NULL,'2016-08-17 12:43:18',NULL,NULL,NULL,NULL,NULL,NULL,NULL,'P1-1618-02-30','L 23/30',7),(2903,'Nipple for indicator valve','Nipple for indicator valve',NULL,NULL,NULL,'PC',1,1,NULL,'2016-08-17 12:43:18',NULL,NULL,NULL,NULL,NULL,NULL,NULL,'P1-1618-02-40','L 23/30',7),(2904,'Handle','Handle',NULL,NULL,NULL,'PC',1,1,NULL,'2016-08-17 12:43:18',NULL,NULL,NULL,NULL,NULL,NULL,NULL,'P1-1618-02-50','L 23/30',7),(2905,'Packing, Valve Cover','Packing, Valve Cover',NULL,NULL,NULL,'PC',1,1,NULL,'2016-08-17 12:43:18',NULL,NULL,NULL,NULL,NULL,NULL,NULL,'P1-1620-01-A10','L 23/30',7),(2906,'Packing, Valve Cover','Packing, Valve Cover',NULL,NULL,NULL,'PC',1,1,NULL,'2016-08-17 12:43:19',NULL,NULL,NULL,NULL,NULL,NULL,NULL,'P1-1620-02-A10','L 23/30',7),(2907,'Frame','Frame',NULL,NULL,NULL,'PC',1,1,NULL,'2016-08-17 12:43:19',NULL,NULL,NULL,NULL,NULL,NULL,NULL,'P1-1620-02-A3','L 23/30',7),(2908,'Guard','Guard',NULL,NULL,NULL,'PC',1,1,NULL,'2016-08-17 12:43:19',NULL,NULL,NULL,NULL,NULL,NULL,NULL,'P1-1620-02-A4','L 23/30',7),(2909,'Handle','Handle',NULL,NULL,NULL,'PC',1,1,NULL,'2016-08-17 12:43:19',NULL,NULL,NULL,NULL,NULL,NULL,NULL,'P1-1620-02-A6','L 23/30',7),(2910,'Nut','Nut',NULL,NULL,NULL,'PC',1,1,NULL,'2016-08-17 12:43:19',NULL,NULL,NULL,NULL,NULL,NULL,NULL,'P1-1620-02-A7','L 23/30',7),(2911,'Sealing Ring','Sealing Ring',NULL,NULL,NULL,'PC',1,1,NULL,'2016-08-17 12:43:19',NULL,NULL,NULL,NULL,NULL,NULL,NULL,'P1-1620-02-A8','L 23/30',7),(2912,'Packing for Top Guard','Packing for Top Guard',NULL,NULL,NULL,'PC',1,1,NULL,'2016-08-17 12:43:19',NULL,NULL,NULL,NULL,NULL,NULL,NULL,'P1-1620-02-A9','L 23/30',7),(2913,'Rotor','Rotor',NULL,NULL,NULL,'PC',1,1,NULL,'2016-08-17 12:43:20',NULL,NULL,NULL,NULL,NULL,NULL,NULL,'P1-1810-01-1','L 23/30',7),(2914,'BASIC UNIT NR20/R182 og R147, 599.001','BASIC UNIT NR20/R182 og R147, 599.001',NULL,NULL,NULL,'PC',1,1,NULL,'2016-08-17 12:43:20',NULL,NULL,NULL,NULL,NULL,NULL,NULL,'P1-1810-01-1A','L 23/30',7),(2915,'Diffuser','Diffuser',NULL,NULL,NULL,'PC',1,1,NULL,'2016-08-17 12:43:20',NULL,NULL,NULL,NULL,NULL,NULL,NULL,'P1-1810-01-5','L 23/30',7),(2916,'O-Ring Viton','O-Ring Viton',NULL,NULL,NULL,'PC',1,1,NULL,'2016-08-17 12:43:20',NULL,NULL,NULL,NULL,NULL,NULL,NULL,'P1-1810-01-6','L 23/30',7),(2917,'Silicone Elastomer Paste / Liquid Seal','Silicone Elastomer Paste / Liquid Seal',NULL,NULL,NULL,'PC',1,1,NULL,'2016-08-17 12:43:20',NULL,NULL,NULL,NULL,NULL,NULL,NULL,'P1-1810-01-7','L 23/30',7),(2918,'Flange','Flange',NULL,NULL,NULL,'PC',1,1,NULL,'2016-08-17 12:43:20',NULL,NULL,NULL,NULL,NULL,NULL,NULL,'P1-1810-01-9','L 23/30',7),(2919,'Air Filter Mat. NR 20 / R (Set X 3)','Air Filter Mat. NR 20 / R (Set X 3)',NULL,NULL,NULL,'PC',1,1,NULL,'2016-08-17 12:43:20',NULL,NULL,NULL,NULL,NULL,NULL,NULL,'P1-1810-01-A1','L 23/30',7),(2920,'Air Filter Mat. NR 20 / R (Set X 1)','Air Filter Mat. NR 20 / R (Set X 1)',NULL,NULL,NULL,'PC',1,1,NULL,'2016-08-17 12:43:20',NULL,NULL,NULL,NULL,NULL,NULL,NULL,'P1-1810-01-A1','L 23/30',7),(2921,'Hexagon Screw','Hexagon Screw',NULL,NULL,NULL,'PC',1,1,NULL,'2016-08-17 12:43:21',NULL,NULL,NULL,NULL,NULL,NULL,NULL,'P1-1812-01-15','L 23/30',7),(2922,'Spring Washer','Spring Washer',NULL,NULL,NULL,'PC',1,1,NULL,'2016-08-17 12:43:21',NULL,NULL,NULL,NULL,NULL,NULL,NULL,'P1-1812-01-16','L 23/30',7),(2923,'Gasket for Connecting','Gasket for Connecting',NULL,NULL,NULL,'PC',1,1,NULL,'2016-08-17 12:43:21',NULL,NULL,NULL,NULL,NULL,NULL,NULL,'P1-1812-01-2','L 23/30',7),(2924,'Gasket KIT for Air Cooler','Gasket KIT for Air Cooler',NULL,NULL,NULL,'PC',1,1,NULL,'2016-08-17 12:43:21',NULL,NULL,NULL,NULL,NULL,NULL,NULL,'P1-1812-01-5','L 23/30',7),(2925,'Cooler Element, Charg. Air Cooler','Cooler Element, Charg. Air Cooler',NULL,NULL,NULL,'PC',1,1,NULL,'2016-08-17 12:43:21',NULL,NULL,NULL,NULL,NULL,NULL,NULL,'P1-1812-01-36','L 23/30',7),(2926,'Gasket,Cooler Box / LK52','Gasket,Cooler Box / LK52',NULL,NULL,NULL,'PC',1,1,NULL,'2016-08-17 12:43:21',NULL,NULL,NULL,NULL,NULL,NULL,NULL,'P1-1812-01-37','L 23/30',7),(2927,'Gasket Revers Cover LK52','Gasket Revers Cover LK52',NULL,NULL,NULL,'PC',1,1,NULL,'2016-08-17 12:43:21',NULL,NULL,NULL,NULL,NULL,NULL,NULL,'P1-1812-01-5','L 23/30',7),(2928,'Iron Anode','Iron Anode',NULL,NULL,NULL,'PC',1,1,NULL,'2016-08-17 12:43:22',NULL,NULL,NULL,NULL,NULL,NULL,NULL,'P1-1812-01-A2','L 23/30',7),(2929,'Hexagon Socket Head Cap Screw','Hexagon Socket Head Cap Screw',NULL,NULL,NULL,'PC',1,1,NULL,'2016-08-17 12:43:22',NULL,NULL,NULL,NULL,NULL,NULL,NULL,'P1-1812-01-B10','L 23/30',7),(2930,'Serrated lock washer','Serrated lock washer',NULL,NULL,NULL,'PC',1,1,NULL,'2016-08-17 12:43:22',NULL,NULL,NULL,NULL,NULL,NULL,NULL,'P1-1812-01-B11','L 23/30',7),(2931,'Stud','Stud',NULL,NULL,NULL,'PC',1,1,NULL,'2016-08-17 12:43:22',NULL,NULL,NULL,NULL,NULL,NULL,NULL,'P1-1812-01-B12','L 23/30',7),(2932,'Hexagon Nut','Hexagon Nut',NULL,NULL,NULL,'PC',1,1,NULL,'2016-08-17 12:43:22',NULL,NULL,NULL,NULL,NULL,NULL,NULL,'P1-1812-01-B13','L 23/30',7),(2933,'Locking Washer','Locking Washer',NULL,NULL,NULL,'PC',1,1,NULL,'2016-08-17 12:43:22',NULL,NULL,NULL,NULL,NULL,NULL,NULL,'P1-1812-01-B14','L 23/30',7),(2934,'Side Plate','Side Plate',NULL,NULL,NULL,'PC',1,1,NULL,'2016-08-17 12:43:22',NULL,NULL,NULL,NULL,NULL,NULL,NULL,'P1-1812-01-B7','L 23/30',7),(2935,'Banjo coupling','Banjo coupling',NULL,NULL,NULL,'PC',1,1,NULL,'2016-08-17 12:43:22',NULL,NULL,NULL,NULL,NULL,NULL,NULL,'P1-1814-01-30','L 23/30',7),(2936,'Seamless Hydraulice Pipe  Ø 12 x 1.5','Seamless Hydraulice Pipe  Ø 12 x 1.5',NULL,NULL,NULL,'PC',1,1,NULL,'2016-08-17 12:43:23',NULL,NULL,NULL,NULL,NULL,NULL,NULL,'P1-1814-01-31','L 23/30',7),(2937,'Cock','Cock',NULL,NULL,NULL,'PC',1,1,NULL,'2016-08-17 12:43:23',NULL,NULL,NULL,NULL,NULL,NULL,NULL,'P1-1814-01-35','L 23/30',7),(2938,'Pipe Holder Half-Part','Pipe Holder Half-Part',NULL,NULL,NULL,'PC',1,1,NULL,'2016-08-17 12:43:23',NULL,NULL,NULL,NULL,NULL,NULL,NULL,'P1-1814-01-36','L 23/30',7),(2939,'Plug screw','Plug screw',NULL,NULL,NULL,'PC',1,1,NULL,'2016-08-17 12:43:23',NULL,NULL,NULL,NULL,NULL,NULL,NULL,'P1-1814-01-4','L 23/30',7),(2940,'Gasket','Gasket',NULL,NULL,NULL,'PC',1,1,NULL,'2016-08-17 12:43:23',NULL,NULL,NULL,NULL,NULL,NULL,NULL,'P1-1814-01-5','L 23/30',7),(2941,'Thermometer 0-120C','Thermometer 0-120C',NULL,NULL,NULL,'PC',1,1,NULL,'2016-08-17 12:43:23',NULL,NULL,NULL,NULL,NULL,NULL,NULL,'P1-1814-01-6','L 23/30',7),(2942,'Thermometer Holder','Thermometer Holder',NULL,NULL,NULL,'PC',1,1,NULL,'2016-08-17 12:43:23',NULL,NULL,NULL,NULL,NULL,NULL,NULL,'P1-1814-01-7','L 23/30',7),(2943,'Sealing Ring','Sealing Ring',NULL,NULL,NULL,'PC',1,1,NULL,'2016-08-17 12:43:24',NULL,NULL,NULL,NULL,NULL,NULL,NULL,'P1-1814-01-8','L 23/30',7),(2944,'Sealing Ring','Sealing Ring',NULL,NULL,NULL,'PC',1,1,NULL,'2016-08-17 12:43:24',NULL,NULL,NULL,NULL,NULL,NULL,NULL,'P1-1816-01-58','L 23/30',7),(2945,'INLET CONNECTING PIPE','INLET CONNECTING PIPE',NULL,NULL,NULL,'PC',1,1,NULL,'2016-08-17 12:43:24',NULL,NULL,NULL,NULL,NULL,NULL,NULL,'P1-1816-01-59','L 23/30',7),(2946,'Hexagon Screw','Hexagon Screw',NULL,NULL,NULL,'PC',1,1,NULL,'2016-08-17 12:43:24',NULL,NULL,NULL,NULL,NULL,NULL,NULL,'P1-1816-01-60','L 23/30',7),(2947,'Gasket','Gasket',NULL,NULL,NULL,'PC',1,1,NULL,'2016-08-17 12:43:24',NULL,NULL,NULL,NULL,NULL,NULL,NULL,'P1-1816-01-61','L 23/30',7),(2948,'Gasket Exhaust Manifold','Gasket Exhaust Manifold',NULL,NULL,NULL,'PC',1,1,NULL,'2016-08-17 12:43:24',NULL,NULL,NULL,NULL,NULL,NULL,NULL,'P1-1818-03-2','L 23/30',7),(2949,'Axial Compensator','Axial Compensator',NULL,NULL,NULL,'PC',1,1,NULL,'2016-08-17 12:43:24',NULL,NULL,NULL,NULL,NULL,NULL,NULL,'P1-1818-03-3','L 23/30',7),(2950,'Hexagon socket head cap screw','Hexagon socket head cap screw',NULL,NULL,NULL,'PC',1,1,NULL,'2016-08-17 12:43:25',NULL,NULL,NULL,NULL,NULL,NULL,NULL,'P1-1818-03-5','L 23/30',7),(2951,'Nut','Nut',NULL,NULL,NULL,'PC',1,1,NULL,'2016-08-17 12:43:25',NULL,NULL,NULL,NULL,NULL,NULL,NULL,'P1-1818-03-6','L 23/30',7),(2952,'Insulation for exhaust pipes','Insulation for exhaust pipes',NULL,NULL,NULL,'PC',1,1,NULL,'2016-08-17 12:43:25',NULL,NULL,NULL,NULL,NULL,NULL,NULL,'P1-1818-03-20','L 23/30',7),(2953,'Insulation for exhaust pipes','Insulation for exhaust pipes',NULL,NULL,NULL,'PC',1,1,NULL,'2016-08-17 12:43:25',NULL,NULL,NULL,NULL,NULL,NULL,NULL,'P1-1818-03-21','L 23/30',7),(2954,'Insulation for exhaust pipes','Insulation for exhaust pipes',NULL,NULL,NULL,'PC',1,1,NULL,'2016-08-17 12:43:25',NULL,NULL,NULL,NULL,NULL,NULL,NULL,'P1-1818-03-22','L 23/30',7),(2955,'Insulation for exhaust pipes','Insulation for exhaust pipes',NULL,NULL,NULL,'PC',1,1,NULL,'2016-08-17 12:43:25',NULL,NULL,NULL,NULL,NULL,NULL,NULL,'P1-1818-03-23','L 23/30',7),(2956,'Insulation for exhaust pipes','Insulation for exhaust pipes',NULL,NULL,NULL,'PC',1,1,NULL,'2016-08-17 12:43:25',NULL,NULL,NULL,NULL,NULL,NULL,NULL,'P1-1818-03-24','L 23/30',7),(2957,'Connecting piece','Connecting piece',NULL,NULL,NULL,'PC',1,1,NULL,'2016-08-17 12:43:25',NULL,NULL,NULL,NULL,NULL,NULL,NULL,'P1-1818-03-60','L 23/30',7),(2958,'Gasket','Gasket',NULL,NULL,NULL,'PC',1,1,NULL,'2016-08-17 12:43:26',NULL,NULL,NULL,NULL,NULL,NULL,NULL,'P1-1818-03-61','L 23/30',7),(2959,'Sealing Ring','Sealing Ring',NULL,NULL,NULL,'PC',1,1,NULL,'2016-08-17 12:43:26',NULL,NULL,NULL,NULL,NULL,NULL,NULL,'P1-1818-03-A3','L 23/30',7),(2960,'Gasket','Gasket',NULL,NULL,NULL,'PC',1,1,NULL,'2016-08-17 12:43:26','38','2016-10-20 13:38:52',NULL,NULL,NULL,NULL,NULL,'P1-1818-03-A5','L 23/30',29),(2961,'Gasket','Gasket',NULL,NULL,NULL,'PC',1,1,NULL,'2016-08-17 12:43:26',NULL,NULL,NULL,NULL,NULL,NULL,NULL,'P1-1818-03-A7','L 23/30',7),(2962,'Gasket Exhaust TC','Gasket Exhaust TC',NULL,NULL,NULL,'PC',1,1,NULL,'2016-08-17 12:43:26',NULL,NULL,NULL,NULL,NULL,NULL,NULL,'P1-1818-03-A11','L 23/30',7),(2963,'Gasket','Gasket',NULL,NULL,NULL,'PC',1,1,NULL,'2016-08-17 12:43:26',NULL,NULL,NULL,NULL,NULL,NULL,NULL,'P1-1818-03-A13','L 23/30',7),(2964,'Exhaust Thermometer','Exhaust Thermometer',NULL,NULL,NULL,'PC',1,1,NULL,'2016-08-17 12:43:26',NULL,NULL,NULL,NULL,NULL,NULL,NULL,'P1-1818-03-A17','L 23/30',7),(2965,'PLUG SCREW','PLUG SCREW',NULL,NULL,NULL,'PC',1,1,NULL,'2016-08-17 12:43:27',NULL,NULL,NULL,NULL,NULL,NULL,NULL,'P1-1818-03-B3','L 23/30',7),(2966,'PACKING RING','PACKING RING',NULL,NULL,NULL,'PC',1,1,NULL,'2016-08-17 12:43:27',NULL,NULL,NULL,NULL,NULL,NULL,NULL,'P1-1818-03-B4','L 23/30',7),(2967,'PLUG SCREW','PLUG SCREW',NULL,NULL,NULL,'PC',1,1,NULL,'2016-08-17 12:43:27',NULL,NULL,NULL,NULL,NULL,NULL,NULL,'P1-1818-03-B5','L 23/30',7),(2968,'Exhaust Thermometer','Exhaust Thermometer',NULL,NULL,NULL,'PC',1,1,NULL,'2016-08-17 12:43:27',NULL,NULL,NULL,NULL,NULL,NULL,NULL,'P1-1824-01-20','L 23/30',7),(2969,'Gasket, TC NR20/R Gas Outlet','Gasket, TC NR20/R Gas Outlet',NULL,NULL,NULL,'PC',1,1,NULL,'2016-08-17 12:43:27',NULL,NULL,NULL,NULL,NULL,NULL,NULL,'P1-1824-01-3','L 23/30',7),(2970,'Gasket Tape for Exhaust','Gasket Tape for Exhaust',NULL,NULL,NULL,'PC',1,1,NULL,'2016-08-17 12:43:27',NULL,NULL,NULL,NULL,NULL,NULL,NULL,'P1-1826-01-3','L 23/30',7),(2971,'Exhaust Compensator 16\"','Exhaust Compensator 16\"',NULL,NULL,NULL,'PC',1,1,NULL,'2016-08-17 12:43:27',NULL,NULL,NULL,NULL,NULL,NULL,NULL,'P1-1826-02-1','L 23/30',7),(2972,'Exhaust Compensator DN 400','Exhaust Compensator DN 400',NULL,NULL,NULL,'PC',1,1,NULL,'2016-08-17 12:43:27',NULL,NULL,NULL,NULL,NULL,NULL,NULL,'P1-1826-02-1','L 23/30',7),(2973,'Exhaust Compensator DN 450','Exhaust Compensator DN 450',NULL,NULL,NULL,'PC',1,1,NULL,'2016-08-17 12:43:28',NULL,NULL,NULL,NULL,NULL,NULL,NULL,'P1-1826-02-1','L 23/30',7),(2974,'Gasket Tape for Exhaust Compensator','Gasket Tape for Exhaust Compensator',NULL,NULL,NULL,'PC',1,1,NULL,'2016-08-17 12:43:28',NULL,NULL,NULL,NULL,NULL,NULL,NULL,'P1-1826-02-3','L 23/30',7),(2975,'Fuel Oil Prefilter (Magn. Insert)','Fuel Oil Prefilter (Magn. Insert)',NULL,NULL,NULL,'PC',1,1,NULL,'2016-08-17 12:43:28',NULL,NULL,NULL,NULL,NULL,NULL,NULL,'P1-2010-04-0','L 23/30',7),(2976,'O-Ring Viton','O-Ring Viton',NULL,NULL,NULL,'PC',1,1,NULL,'2016-08-17 12:43:28',NULL,NULL,NULL,NULL,NULL,NULL,NULL,'P1-2010-04-2','L 23/30',7),(2977,'Fuel Oil Primary Pump Clockwise','Fuel Oil Primary Pump Clockwise',NULL,NULL,NULL,'PC',1,1,NULL,'2016-08-17 12:43:28',NULL,NULL,NULL,NULL,NULL,NULL,NULL,'P1-2012-01-1','L 23/30',7),(2978,'Mechanical shaft seal','Mechanical shaft seal',NULL,NULL,NULL,'PC',1,1,NULL,'2016-08-17 12:43:28',NULL,NULL,NULL,NULL,NULL,NULL,NULL,'P1-2012-01-10','L 23/30',7),(2979,'Retaining Ring for Shaft','Retaining Ring for Shaft',NULL,NULL,NULL,'PC',1,1,NULL,'2016-08-17 12:43:28',NULL,NULL,NULL,NULL,NULL,NULL,NULL,'P1-2012-01-11','L 23/30',7),(2980,'Gasket','Gasket',NULL,NULL,NULL,'PC',1,1,NULL,'2016-08-17 12:43:28',NULL,NULL,NULL,NULL,NULL,NULL,NULL,'P1-2012-01-15','L 23/30',7),(2981,'Slide Valve','Slide Valve',NULL,NULL,NULL,'PC',1,1,NULL,'2016-08-17 12:43:29',NULL,NULL,NULL,NULL,NULL,NULL,NULL,'P1-2012-01-20','L 23/30',7),(2982,'Spring','Spring',NULL,NULL,NULL,'PC',1,1,NULL,'2016-08-17 12:43:29',NULL,NULL,NULL,NULL,NULL,NULL,NULL,'P1-2012-01-21','L 23/30',7),(2983,'Flange for Fuel Oil Primary Pump','Flange for Fuel Oil Primary Pump',NULL,NULL,NULL,'PC',1,1,NULL,'2016-08-17 12:43:29',NULL,NULL,NULL,NULL,NULL,NULL,NULL,'P1-2012-01-22','L 23/30',7),(2984,'Cylinder','Cylinder',NULL,NULL,NULL,'PC',1,1,NULL,'2016-08-17 12:43:29',NULL,NULL,NULL,NULL,NULL,NULL,NULL,'P1-2012-01-23','L 23/30',7),(2985,'Liner / Bearing Bush','Liner / Bearing Bush',NULL,NULL,NULL,'PC',1,1,NULL,'2016-08-17 12:43:29',NULL,NULL,NULL,NULL,NULL,NULL,NULL,'P1-2012-01-5','L 23/30',7),(2986,'Coupling Part','Coupling Part',NULL,NULL,NULL,'PC',1,1,NULL,'2016-08-17 12:43:29',NULL,NULL,NULL,NULL,NULL,NULL,NULL,'P1-2012-01-7','L 23/30',7),(2987,'Gasket','Gasket',NULL,NULL,NULL,'PC',1,1,NULL,'2016-08-17 12:43:29',NULL,NULL,NULL,NULL,NULL,NULL,NULL,'P1-2012-01-9','L 23/30',7),(2988,'Fuel Oil Filter','Fuel Oil Filter',NULL,NULL,NULL,'PC',1,1,NULL,'2016-08-17 12:43:30',NULL,NULL,NULL,NULL,NULL,NULL,NULL,'P1-2014-01-2','L 23/30',7),(2989,'Gasket','Gasket',NULL,NULL,NULL,'PC',1,1,NULL,'2016-08-17 12:43:30',NULL,NULL,NULL,NULL,NULL,NULL,NULL,'P1-2014-01-B10','L 23/30',7),(2990,'Gasket','Gasket',NULL,NULL,NULL,'PC',1,1,NULL,'2016-08-17 12:43:30',NULL,NULL,NULL,NULL,NULL,NULL,NULL,'P1-2014-01-B21','L 23/30',7),(2991,'Filter Cartridge, MDO','Filter Cartridge, MDO',NULL,NULL,NULL,'PC',1,1,NULL,'2016-08-17 12:43:30',NULL,NULL,NULL,NULL,NULL,NULL,NULL,'P1-2014-01-B27','L 23/30',7),(2992,'Gasket','Gasket',NULL,NULL,NULL,'PC',1,1,NULL,'2016-08-17 12:43:30',NULL,NULL,NULL,NULL,NULL,NULL,NULL,'P1-2014-01-B28','L 23/30',7),(2993,'','',NULL,NULL,NULL,'PC',1,1,NULL,'2016-08-17 12:43:30',NULL,NULL,NULL,NULL,NULL,NULL,NULL,'P1-2014-01-B37','L 23/30',7),(2994,'Cover','Cover',NULL,NULL,NULL,'PC',1,1,NULL,'2016-08-17 12:43:30',NULL,NULL,NULL,NULL,NULL,NULL,NULL,'P1-2014-01-B38','L 23/30',7),(2995,'Venting Screw Repair Set','Venting Screw Repair Set',NULL,NULL,NULL,'PC',1,1,NULL,'2016-08-17 12:43:30',NULL,NULL,NULL,NULL,NULL,NULL,NULL,'P1-2014-01-B39','L 23/30',7),(2996,'Gasket','Gasket',NULL,NULL,NULL,'PC',1,1,NULL,'2016-08-17 12:43:31',NULL,NULL,NULL,NULL,NULL,NULL,NULL,'P1-2014-01-B40','L 23/30',7),(2997,'Plug Screw','Plug Screw',NULL,NULL,NULL,'PC',1,1,NULL,'2016-08-17 12:43:31',NULL,NULL,NULL,NULL,NULL,NULL,NULL,'P1-2014-01-B9','L 23/30',7),(2998,'Spring PYO-T378','Spring PYO-T378',NULL,NULL,NULL,'PC',1,1,NULL,'2016-08-17 12:43:31',NULL,NULL,NULL,NULL,NULL,NULL,NULL,'P1-2016-01-17','L 23/30',7),(2999,'Spring Guide / Lock, PYO - T384A','Spring Guide / Lock, PYO - T384A',NULL,NULL,NULL,'PC',1,1,NULL,'2016-08-17 12:43:31',NULL,NULL,NULL,NULL,NULL,NULL,NULL,'P1-2016-01-18','L 23/30',7),(3000,'Guide Bushing','Guide Bushing',NULL,NULL,NULL,'PC',1,1,NULL,'2016-08-17 12:43:31',NULL,NULL,NULL,NULL,NULL,NULL,NULL,'P1-2016-01-23','L 23/30',7),(3001,'O-Ring Viton  Ø3.0*41.0 mm.','O-Ring Viton  Ø3.0*41.0 mm.',NULL,NULL,NULL,'PC',1,1,NULL,'2016-08-17 12:43:31',NULL,NULL,NULL,NULL,NULL,NULL,NULL,'P1-2016-01-24','L 23/30',7),(3002,'O-Ring Viton  Ø3.0*31.0 mm.','O-Ring Viton  Ø3.0*31.0 mm.',NULL,NULL,NULL,'PC',1,1,NULL,'2016-08-17 12:43:31',NULL,NULL,NULL,NULL,NULL,NULL,NULL,'P1-2016-01-25','L 23/30',7),(3003,'Retaining  Ring','Retaining  Ring',NULL,NULL,NULL,'PC',1,1,NULL,'2016-08-17 12:43:32',NULL,NULL,NULL,NULL,NULL,NULL,NULL,'P1-2016-01-27','L 23/30',7),(3004,'Plug Screw','Plug Screw',NULL,NULL,NULL,'PC',1,1,NULL,'2016-08-17 12:43:32',NULL,NULL,NULL,NULL,NULL,NULL,NULL,'P1-2016-01-28','L 23/30',7),(3005,'Gasket','Gasket',NULL,NULL,NULL,'PC',1,1,NULL,'2016-08-17 12:43:32',NULL,NULL,NULL,NULL,NULL,NULL,NULL,'P1-2016-01-29','L 23/30',7),(3006,'Spring for Pressure Valve','Spring for Pressure Valve',NULL,NULL,NULL,'PC',1,1,NULL,'2016-08-17 12:43:32',NULL,NULL,NULL,NULL,NULL,NULL,NULL,'P1-2016-01-33','L 23/30',7),(3007,'Top Cover','Top Cover',NULL,NULL,NULL,'PC',1,1,NULL,'2016-08-17 12:43:32',NULL,NULL,NULL,NULL,NULL,NULL,NULL,'P1-2016-01-35','L 23/30',7),(3008,'O-Ring Viton  Ø 3.0*34.0 mm.','O-Ring Viton  Ø 3.0*34.0 mm.',NULL,NULL,NULL,'PC',1,1,NULL,'2016-08-17 12:43:32',NULL,NULL,NULL,NULL,NULL,NULL,NULL,'P1-2016-01-36','L 23/30',7),(3009,'O-Ring Viton  Ø 3.0*37.0 mm.','O-Ring Viton  Ø 3.0*37.0 mm.',NULL,NULL,NULL,'PC',1,1,NULL,'2016-08-17 12:43:32',NULL,NULL,NULL,NULL,NULL,NULL,NULL,'P1-2016-01-38','L 23/30',7),(3010,'Ring for Leak','Ring for Leak',NULL,NULL,NULL,'PC',1,1,NULL,'2016-08-17 12:43:32',NULL,NULL,NULL,NULL,NULL,NULL,NULL,'P1-2016-01-48','L 23/30',7),(3011,'Fuel Pump Element','Fuel Pump Element',NULL,NULL,NULL,'PC',1,1,NULL,'2016-08-17 12:43:33',NULL,NULL,NULL,NULL,NULL,NULL,NULL,'P1-2016-01-5','L 23/30',7),(3012,'Sealing Ring','Sealing Ring',NULL,NULL,NULL,'PC',1,1,NULL,'2016-08-17 12:43:33',NULL,NULL,NULL,NULL,NULL,NULL,NULL,'P1-2016-01-9','L 23/30',7),(3013,'Fuel Injection Pump','Fuel Injection Pump',NULL,NULL,NULL,'PC',1,1,NULL,'2016-08-17 12:43:33',NULL,NULL,NULL,NULL,NULL,NULL,NULL,'P1-2016-01-A11','L 23/30',7),(3014,'Cylindrical Pin for Fuel Valve','Cylindrical Pin for Fuel Valve',NULL,NULL,NULL,'PC',1,1,NULL,'2016-08-17 12:43:33',NULL,NULL,NULL,NULL,NULL,NULL,NULL,'P1-2018-01-2.2','L 23/30',7),(3015,'Fuel Nozzle MDO','Fuel Nozzle MDO',NULL,NULL,NULL,'PC',1,1,NULL,'2016-08-17 12:43:33',NULL,NULL,NULL,NULL,NULL,NULL,NULL,'P1-2018-01-3','L 23/30',7),(3016,'Thrust Spindle for Fuel Injector','Thrust Spindle for Fuel Injector',NULL,NULL,NULL,'PC',1,1,NULL,'2016-08-17 12:43:33',NULL,NULL,NULL,NULL,NULL,NULL,NULL,'P1-2018-01-6','L 23/30',7),(3017,'Spring for Fuel Injector','Spring for Fuel Injector',NULL,NULL,NULL,'PC',1,1,NULL,'2016-08-17 12:43:33',NULL,NULL,NULL,NULL,NULL,NULL,NULL,'P1-2018-01-8','L 23/30',7),(3018,'Adjusting spindle for fuel injector','Adjusting spindle for fuel injector',NULL,NULL,NULL,'PC',1,1,NULL,'2016-08-17 12:43:34',NULL,NULL,NULL,NULL,NULL,NULL,NULL,'P1-2018-01-9','L 23/30',7),(3019,'O-Ring Viton  Ø 4.0*60.0 mm.','O-Ring Viton  Ø 4.0*60.0 mm.',NULL,NULL,NULL,'PC',1,1,NULL,'2016-08-17 12:43:34',NULL,NULL,NULL,NULL,NULL,NULL,NULL,'P1-2018-01-11','L 23/30',7),(3020,'Copper Gasket','Copper Gasket',NULL,NULL,NULL,'PC',1,1,NULL,'2016-08-17 12:43:34',NULL,NULL,NULL,NULL,NULL,NULL,NULL,'P1-2018-01-13','L 23/30',7),(3021,'O-Ring Viton  Ø 2.0*10.0 mm.','O-Ring Viton  Ø 2.0*10.0 mm.',NULL,NULL,NULL,'PC',1,1,NULL,'2016-08-17 12:43:34',NULL,NULL,NULL,NULL,NULL,NULL,NULL,'P1-2018-01-15','L 23/30',7),(3022,'Fuel Injection Valve, MDO','Fuel Injection Valve, MDO',NULL,NULL,NULL,'PC',1,1,NULL,'2016-08-17 12:43:34',NULL,NULL,NULL,NULL,NULL,NULL,NULL,'P1-2018-01-20','L 23/30',7),(3023,'Fuel Injection Pipe','Fuel Injection Pipe',NULL,NULL,NULL,'PC',1,1,NULL,'2016-08-17 12:43:34',NULL,NULL,NULL,NULL,NULL,NULL,NULL,'P1-2020-01-1','L 23/30',7),(3024,'O-Ring Viton  Ø 3.53*13.87 mm.','O-Ring Viton  Ø 3.53*13.87 mm.',NULL,NULL,NULL,'PC',1,1,NULL,'2016-08-17 12:43:34',NULL,NULL,NULL,NULL,NULL,NULL,NULL,'P1-2020-01-13','L 23/30',7),(3025,'Flange fuel injection pipe','Flange fuel injection pipe',NULL,NULL,NULL,'PC',1,1,NULL,'2016-08-17 12:43:35',NULL,NULL,NULL,NULL,NULL,NULL,NULL,'P1-2020-01-14','L 23/30',7),(3026,'Hexagon screws','Hexagon screws',NULL,NULL,NULL,'PC',1,1,NULL,'2016-08-17 12:43:35',NULL,NULL,NULL,NULL,NULL,NULL,NULL,'P1-2020-01-15','L 23/30',7),(3027,'Packing Ring (Gasket)','Packing Ring (Gasket)',NULL,NULL,NULL,'PC',1,1,NULL,'2016-08-17 12:43:35',NULL,NULL,NULL,NULL,NULL,NULL,NULL,'P1-2020-01-16','L 23/30',7),(3028,'O-Ring Viton  Ø 3.53*26.58 mm.','O-Ring Viton  Ø 3.53*26.58 mm.',NULL,NULL,NULL,'PC',1,1,NULL,'2016-08-17 12:43:35',NULL,NULL,NULL,NULL,NULL,NULL,NULL,'P1-2020-01-17','L 23/30',7),(3029,'Spring Washer','Spring Washer',NULL,NULL,NULL,'PC',1,1,NULL,'2016-08-17 12:43:35',NULL,NULL,NULL,NULL,NULL,NULL,NULL,'P1-2020-01-18','L 23/30',7),(3030,'Fuel Injection Pipe','Fuel Injection Pipe',NULL,NULL,NULL,'PC',1,1,NULL,'2016-08-17 12:43:35',NULL,NULL,NULL,NULL,NULL,NULL,NULL,'P1-2020-01-20','L 23/30',7),(3031,'Spring Ring','Spring Ring',NULL,NULL,NULL,'PC',1,1,NULL,'2016-08-17 12:43:35',NULL,NULL,NULL,NULL,NULL,NULL,NULL,'P1-2020-01-21','L 23/30',7),(3032,'Inlet Pipe to Fuel Oil Pump','Inlet Pipe to Fuel Oil Pump',NULL,NULL,NULL,'PC',1,1,NULL,'2016-08-17 12:43:35',NULL,NULL,NULL,NULL,NULL,NULL,NULL,'P1-2020-01-2098','L 23/30',7),(3033,'Leak Pipe for Fuel Oil Pump','Leak Pipe for Fuel Oil Pump',NULL,NULL,NULL,'PC',1,1,NULL,'2016-08-17 12:43:36',NULL,NULL,NULL,NULL,NULL,NULL,NULL,'P1-2020-01-2151','L 23/30',7),(3034,'Spring Loaded Pull Rod, Complete','Spring Loaded Pull Rod, Complete',NULL,NULL,NULL,'PC',1,1,NULL,'2016-08-17 12:43:36',NULL,NULL,NULL,NULL,NULL,NULL,NULL,'P1-2410-02-B13','L 23/30',7),(3035,'Ball Joint, M8','Ball Joint, M8',NULL,NULL,NULL,'PC',1,1,NULL,'2016-08-17 12:43:36',NULL,NULL,NULL,NULL,NULL,NULL,NULL,'P1-2410-02-E1','L 23/30',7),(3036,'Sealing Ring','Sealing Ring',NULL,NULL,NULL,'PC',1,1,NULL,'2016-08-17 12:43:36',NULL,NULL,NULL,NULL,NULL,NULL,NULL,'P1-2410-03-19','L 23/30',7),(3037,'Split Pin','Split Pin',NULL,NULL,NULL,'PC',1,1,NULL,'2016-08-17 12:43:36',NULL,NULL,NULL,NULL,NULL,NULL,NULL,'P1-2410-03-21','L 23/30',7),(3038,'Thrust Disc, Glacier WC 20 DU','Thrust Disc, Glacier WC 20 DU',NULL,NULL,NULL,'PC',1,1,NULL,'2016-08-17 12:43:36',NULL,NULL,NULL,NULL,NULL,NULL,NULL,'P1-2410-03-8','L 23/30',7),(3039,'Allen Screw','Allen Screw',NULL,NULL,NULL,'PC',1,1,NULL,'2016-08-17 12:43:36',NULL,NULL,NULL,NULL,NULL,NULL,NULL,'P1-2412-01-24','L 23/30',7),(3040,'SEALING RING','SEALING RING',NULL,NULL,NULL,'PC',1,1,NULL,'2016-08-17 12:43:37',NULL,NULL,NULL,NULL,NULL,NULL,NULL,'P1-2412-01-31','L 23/30',7),(3041,'Spring','Spring',NULL,NULL,NULL,'PC',1,1,NULL,'2016-08-17 12:43:37',NULL,NULL,NULL,NULL,NULL,NULL,NULL,'P1-2412-01-A4','L 23/30',7),(3042,'Solenoid Valve Complete, 24V DC','Solenoid Valve Complete, 24V DC',NULL,NULL,NULL,'PC',1,1,NULL,'2016-08-17 12:43:37',NULL,NULL,NULL,NULL,NULL,NULL,NULL,'P1-2412-01-D1','L 23/30',7),(3043,'Piston For Overspeed Trip','Piston For Overspeed Trip',NULL,NULL,NULL,'PC',1,1,NULL,'2016-08-17 12:43:37',NULL,NULL,NULL,NULL,NULL,NULL,NULL,'P1-2412-01-D4','L 23/30',7),(3044,'Sealing Ring  Ø 2.62*9.19 mm.','Sealing Ring  Ø 2.62*9.19 mm.',NULL,NULL,NULL,'PC',1,1,NULL,'2016-08-17 12:43:37',NULL,NULL,NULL,NULL,NULL,NULL,NULL,'P1-2412-01-D9','L 23/30',7),(3045,'Fuel Filling Limiter Piston','Fuel Filling Limiter Piston',NULL,NULL,NULL,'PC',1,1,NULL,'2016-08-17 12:43:37',NULL,NULL,NULL,NULL,NULL,NULL,NULL,'P1-2412-01-G2','L 23/30',7),(3046,'Bearing Bush','Bearing Bush',NULL,NULL,NULL,'PC',1,1,NULL,'2016-08-17 12:43:37',NULL,NULL,NULL,NULL,NULL,NULL,NULL,'P1-2412-03-20','L 23/30',7),(3047,'Sealing Ring','Sealing Ring',NULL,NULL,NULL,'PC',1,1,NULL,'2016-08-17 12:43:37',NULL,NULL,NULL,NULL,NULL,NULL,NULL,'P1-2610-01-10','L 23/30',7),(3048,'Sealing Ring','Sealing Ring',NULL,NULL,NULL,'PC',1,1,NULL,'2016-08-17 12:43:38',NULL,NULL,NULL,NULL,NULL,NULL,NULL,'P1-2610-01-11','L 23/30',7),(3049,'Sealing Ring','Sealing Ring',NULL,NULL,NULL,'PC',1,1,NULL,'2016-08-17 12:43:38',NULL,NULL,NULL,NULL,NULL,NULL,NULL,'P1-2610-01-12','L 23/30',7),(3050,'Supporting Ring','Supporting Ring',NULL,NULL,NULL,'PC',1,1,NULL,'2016-08-17 12:43:38',NULL,NULL,NULL,NULL,NULL,NULL,NULL,'P1-2610-01-13','L 23/30',7),(3051,'Valve Seat, Synthetic Rubber','Valve Seat, Synthetic Rubber',NULL,NULL,NULL,'PC',1,1,NULL,'2016-08-17 12:43:38',NULL,NULL,NULL,NULL,NULL,NULL,NULL,'P1-2610-01-15','L 23/30',7),(3052,'Valve Spindle','Valve Spindle',NULL,NULL,NULL,'PC',1,1,NULL,'2016-08-17 12:43:38',NULL,NULL,NULL,NULL,NULL,NULL,NULL,'P1-2610-01-16','L 23/30',7),(3053,'Spring','Spring',NULL,NULL,NULL,'PC',1,1,NULL,'2016-08-17 12:43:38',NULL,NULL,NULL,NULL,NULL,NULL,NULL,'P1-2610-01-17','L 23/30',7),(3054,'Lock Piece','Lock Piece',NULL,NULL,NULL,'PC',1,1,NULL,'2016-08-17 12:43:38',NULL,NULL,NULL,NULL,NULL,NULL,NULL,'P1-2610-01-20','L 23/30',7),(3055,'Sealing Supporting Ring','Sealing Supporting Ring',NULL,NULL,NULL,'PC',1,1,NULL,'2016-08-17 12:43:39',NULL,NULL,NULL,NULL,NULL,NULL,NULL,'P1-2610-01-3','L 23/30',7),(3056,'Sealing Ring','Sealing Ring',NULL,NULL,NULL,'PC',1,1,NULL,'2016-08-17 12:43:39',NULL,NULL,NULL,NULL,NULL,NULL,NULL,'P1-2610-01-31','L 23/30',7),(3057,'Solenoid Valve','Solenoid Valve',NULL,NULL,NULL,'PC',1,1,NULL,'2016-08-17 12:43:39',NULL,NULL,NULL,NULL,NULL,NULL,NULL,'P1-2610-01-32','L 23/30',7),(3058,'Sealing Ring  Ø 2.40*14.30 mm.','Sealing Ring  Ø 2.40*14.30 mm.',NULL,NULL,NULL,'PC',1,1,NULL,'2016-08-17 12:43:39',NULL,NULL,NULL,NULL,NULL,NULL,NULL,'P1-2610-01-37','L 23/30',7),(3059,'Coil Housing Complete','Coil Housing Complete',NULL,NULL,NULL,'PC',1,1,NULL,'2016-08-17 12:43:39',NULL,NULL,NULL,NULL,NULL,NULL,NULL,'P1-2610-01-38','L 23/30',7),(3060,'Spring','Spring',NULL,NULL,NULL,'PC',1,1,NULL,'2016-08-17 12:43:39',NULL,NULL,NULL,NULL,NULL,NULL,NULL,'P1-2610-01-4','L 23/30',7),(3061,'Coil for Solenoid Valve','Coil for Solenoid Valve',NULL,NULL,NULL,'PC',1,1,NULL,'2016-08-17 12:43:39',NULL,NULL,NULL,NULL,NULL,NULL,NULL,'P1-2610-01-47','L 23/30',7),(3062,'Valve Slide','Valve Slide',NULL,NULL,NULL,'PC',1,1,NULL,'2016-08-17 12:43:40',NULL,NULL,NULL,NULL,NULL,NULL,NULL,'P1-2610-01-5','L 23/30',7),(3063,'Hexagon Socket Head Cap Screw','Hexagon Socket Head Cap Screw',NULL,NULL,NULL,'PC',1,1,NULL,'2016-08-17 12:43:40',NULL,NULL,NULL,NULL,NULL,NULL,NULL,'P1-2610-01-8','L 23/30',7),(3064,'Sealing Ring  Ø 2.40*30.30 mm.','Sealing Ring  Ø 2.40*30.30 mm.',NULL,NULL,NULL,'PC',1,1,NULL,'2016-08-17 12:43:40',NULL,NULL,NULL,NULL,NULL,NULL,NULL,'P1-2610-01-9','L 23/30',7),(3065,'Start Slide Valve Complete','Start Slide Valve Complete',NULL,NULL,NULL,'PC',1,1,NULL,'2016-08-17 12:43:40',NULL,NULL,NULL,NULL,NULL,NULL,NULL,'P1-2610-01-A10','L 23/30',7),(3066,'Gasket','Gasket',NULL,NULL,NULL,'PC',1,1,NULL,'2016-08-17 12:43:40',NULL,NULL,NULL,NULL,NULL,NULL,NULL,'P1-2612-01-10','L 23/30',7),(3067,'Lock Nut','Lock Nut',NULL,NULL,NULL,'PC',1,1,NULL,'2016-08-17 12:43:40',NULL,NULL,NULL,NULL,NULL,NULL,NULL,'P1-2612-01-11','L 23/30',7),(3068,'Distributor Disc','Distributor Disc',NULL,NULL,NULL,'PC',1,1,NULL,'2016-08-17 12:43:40',NULL,NULL,NULL,NULL,NULL,NULL,NULL,'P1-2612-01-12','L 23/30',7),(3069,'Gasket','Gasket',NULL,NULL,NULL,'PC',1,1,NULL,'2016-08-17 12:43:40',NULL,NULL,NULL,NULL,NULL,NULL,NULL,'P1-2612-01-21','L 23/30',7),(3070,'Shaft','Shaft',NULL,NULL,NULL,'PC',1,1,NULL,'2016-08-17 12:43:41',NULL,NULL,NULL,NULL,NULL,NULL,NULL,'P1-2612-01-4','L 23/30',7),(3071,'Cylindrical pin','Cylindrical pin',NULL,NULL,NULL,'PC',1,1,NULL,'2016-08-17 12:43:41',NULL,NULL,NULL,NULL,NULL,NULL,NULL,'P1-2612-01-5','L 23/30',7),(3072,'Hexagon Socket Head Cap Screw','Hexagon Socket Head Cap Screw',NULL,NULL,NULL,'PC',1,1,NULL,'2016-08-17 12:43:41',NULL,NULL,NULL,NULL,NULL,NULL,NULL,'P1-2612-01-6','L 23/30',7),(3073,'Oil Sealing Ring','Oil Sealing Ring',NULL,NULL,NULL,'PC',1,1,NULL,'2016-08-17 12:43:41',NULL,NULL,NULL,NULL,NULL,NULL,NULL,'P1-2612-01-7','L 23/30',7),(3074,'Gasket','Gasket',NULL,NULL,NULL,'PC',1,1,NULL,'2016-08-17 12:43:41',NULL,NULL,NULL,NULL,NULL,NULL,NULL,'P1-2612-02-21','L 23/30',7),(3075,'Start Valve Spindle','Start Valve Spindle',NULL,NULL,NULL,'PC',1,1,NULL,'2016-08-17 12:43:41',NULL,NULL,NULL,NULL,NULL,NULL,NULL,'P1-2614-01-1','L 23/30',7),(3076,'Valve Seat','Valve Seat',NULL,NULL,NULL,'PC',1,1,NULL,'2016-08-17 12:43:41',NULL,NULL,NULL,NULL,NULL,NULL,NULL,'P1-2614-01-2','L 23/30',7),(3077,'Spring','Spring',NULL,NULL,NULL,'PC',1,1,NULL,'2016-08-17 12:43:42',NULL,NULL,NULL,NULL,NULL,NULL,NULL,'P1-2614-01-3','L 23/30',7),(3078,'Start Valve Piston','Start Valve Piston',NULL,NULL,NULL,'PC',1,1,NULL,'2016-08-17 12:43:42',NULL,NULL,NULL,NULL,NULL,NULL,NULL,'P1-2614-01-4','L 23/30',7),(3079,'Spring','Spring',NULL,NULL,NULL,'PC',1,1,NULL,'2016-08-17 12:43:42',NULL,NULL,NULL,NULL,NULL,NULL,NULL,'P1-2614-01-6','L 23/30',7),(3080,'Castle Nut','Castle Nut',NULL,NULL,NULL,'PC',1,1,NULL,'2016-08-17 12:43:42',NULL,NULL,NULL,NULL,NULL,NULL,NULL,'P1-2614-01-8','L 23/30',7),(3081,'Split Pin','Split Pin',NULL,NULL,NULL,'PC',1,1,NULL,'2016-08-17 12:43:42',NULL,NULL,NULL,NULL,NULL,NULL,NULL,'P1-2614-01-9','L 23/30',7),(3082,'Hexagon Socket','Hexagon Socket',NULL,NULL,NULL,'PC',1,1,NULL,'2016-08-17 12:43:42',NULL,NULL,NULL,NULL,NULL,NULL,NULL,'P1-2614-01-10','L 23/30',7),(3083,'Start Valve Complete','Start Valve Complete',NULL,NULL,NULL,'PC',1,1,NULL,'2016-08-17 12:43:42',NULL,NULL,NULL,NULL,NULL,NULL,NULL,'P1-2614-01-A10','L 23/30',7),(3084,'Gasket','Gasket',NULL,NULL,NULL,'PC',1,1,NULL,'2016-08-17 12:43:42',NULL,NULL,NULL,NULL,NULL,NULL,NULL,'P1-2614-01-A20','L 23/30',7),(3085,'Gasket','Gasket',NULL,NULL,NULL,'PC',1,1,NULL,'2016-08-17 12:43:43',NULL,NULL,NULL,NULL,NULL,NULL,NULL,'P1-2614-01-A20','L 23/30',7),(3086,'Connection Pipe','Connection Pipe',NULL,NULL,NULL,'PC',1,1,NULL,'2016-08-17 12:43:43',NULL,NULL,NULL,NULL,NULL,NULL,NULL,'P1-2616-01-3001','L 23/30',7),(3087,'Gasket','Gasket',NULL,NULL,NULL,'PC',1,1,NULL,'2016-08-17 12:43:43',NULL,NULL,NULL,NULL,NULL,NULL,NULL,'P1-2616-01-3002','L 23/30',7),(3088,'Gasket Ring','Gasket Ring',NULL,NULL,NULL,'PC',1,1,NULL,'2016-08-17 12:43:43',NULL,NULL,NULL,NULL,NULL,NULL,NULL,'P1-2616-01-3066','L 23/30',7),(3089,'Gasket','Gasket',NULL,NULL,NULL,'PC',1,1,NULL,'2016-08-17 12:43:43',NULL,NULL,NULL,NULL,NULL,NULL,NULL,'P1-2616-01-3067','L 23/30',7),(3090,'Coil Housing Complete','Coil Housing Complete',NULL,NULL,NULL,'PC',1,1,NULL,'2016-08-17 12:43:43',NULL,NULL,NULL,NULL,NULL,NULL,NULL,'P1-2620-01-38','L 23/30',7),(3091,'Manometer','Manometer',NULL,NULL,NULL,'PC',1,1,NULL,'2016-08-17 12:43:43',NULL,NULL,NULL,NULL,NULL,NULL,NULL,'P1-2620-01-B10','L 23/30',7),(3092,'Manometer','Manometer',NULL,NULL,NULL,'PC',1,1,NULL,'2016-08-17 12:43:44',NULL,NULL,NULL,NULL,NULL,NULL,NULL,'P1-2620-03-1','L 23/30',7),(3093,'Gasket','Gasket',NULL,NULL,NULL,'PC',1,1,NULL,'2016-08-17 12:43:44',NULL,NULL,NULL,NULL,NULL,NULL,NULL,'P1-2812-01-14','L 23/30',7),(3094,'Plunger','Plunger',NULL,NULL,NULL,'PC',1,1,NULL,'2016-08-17 12:43:44',NULL,NULL,NULL,NULL,NULL,NULL,NULL,'P1-2812-01-15','L 23/30',7),(3095,'Spring','Spring',NULL,NULL,NULL,'PC',1,1,NULL,'2016-08-17 12:43:44',NULL,NULL,NULL,NULL,NULL,NULL,NULL,'P1-2812-01-16','L 23/30',7),(3096,'Cylinder','Cylinder',NULL,NULL,NULL,'PC',1,1,NULL,'2016-08-17 12:43:44',NULL,NULL,NULL,NULL,NULL,NULL,NULL,'P1-2812-01-17','L 23/30',7),(3097,'Gasket','Gasket',NULL,NULL,NULL,'PC',1,1,NULL,'2016-08-17 12:43:44',NULL,NULL,NULL,NULL,NULL,NULL,NULL,'P1-2812-01-22','L 23/30',7),(3098,'Liner / Bush ','Liner / Bush ',NULL,NULL,NULL,'PC',1,1,NULL,'2016-08-17 12:43:44',NULL,NULL,NULL,NULL,NULL,NULL,NULL,'P1-2812-01-5','L 23/30',7),(3099,'Self-Locking Nut','Self-Locking Nut',NULL,NULL,NULL,'PC',1,1,NULL,'2016-08-17 12:43:45',NULL,NULL,NULL,NULL,NULL,NULL,NULL,'P1-2812-01-9','L 23/30',7),(3100,'Lubr. Oil Pump Complete,Clockwise','Lubr. Oil Pump Complete,Clockwise',NULL,NULL,NULL,'PC',1,1,NULL,'2016-08-17 12:43:45',NULL,NULL,NULL,NULL,NULL,NULL,NULL,'P1-2812-01-A10','L 23/30',7),(3101,'CYLINDRICAL PIN','CYLINDRICAL PIN',NULL,NULL,NULL,'PC',1,1,NULL,'2016-08-17 12:43:45',NULL,NULL,NULL,NULL,NULL,NULL,NULL,'P1-2812-01-A20','L 23/30',7),(3102,'Stud','Stud',NULL,NULL,NULL,'PC',1,1,NULL,'2016-08-17 12:43:45',NULL,NULL,NULL,NULL,NULL,NULL,NULL,'P1-2812-01-B12','L 23/30',7),(3103,'Valve Guide','Valve Guide',NULL,NULL,NULL,'PC',1,1,NULL,'2016-08-17 12:43:45',NULL,NULL,NULL,NULL,NULL,NULL,NULL,'P1-2814-01-B10','L 23/30',7),(3104,'Spring','Spring',NULL,NULL,NULL,'PC',1,1,NULL,'2016-08-17 12:43:45',NULL,NULL,NULL,NULL,NULL,NULL,NULL,'P1-2814-01-B40','L 23/30',7),(3105,'Valve Cone','Valve Cone',NULL,NULL,NULL,'PC',1,1,NULL,'2016-08-17 12:43:45',NULL,NULL,NULL,NULL,NULL,NULL,NULL,'P1-2814-01-B50','L 23/30',7),(3106,'Vent Screw','Vent Screw',NULL,NULL,NULL,'PC',1,1,NULL,'2016-08-17 12:43:46',NULL,NULL,NULL,NULL,NULL,NULL,NULL,'P1-2816-01-1','L 23/30',7),(3107,'Sealing Ring','Sealing Ring',NULL,NULL,NULL,'PC',1,1,NULL,'2016-08-17 12:43:46',NULL,NULL,NULL,NULL,NULL,NULL,NULL,'P1-2816-01-8','L 23/30',7),(3108,'Sealing Ring','Sealing Ring',NULL,NULL,NULL,'PC',1,1,NULL,'2016-08-17 12:43:46',NULL,NULL,NULL,NULL,NULL,NULL,NULL,'P1-2816-01-9','L 23/30',7),(3109,'Filter Basket','Filter Basket',NULL,NULL,NULL,'PC',1,1,NULL,'2016-08-17 12:43:46',NULL,NULL,NULL,NULL,NULL,NULL,NULL,'P1-2816-01-10','L 23/30',7),(3110,'FILTER CARTRIDGE, LUB.OIL','FILTER CARTRIDGE, LUB.OIL',NULL,NULL,NULL,'PC',1,1,NULL,'2016-08-17 12:43:46','45','2017-01-06 14:28:38',NULL,NULL,NULL,NULL,NULL,'P1-2816-01-11','L 23/30',29),(3111,'Plug Screw','Plug Screw',NULL,NULL,NULL,'PC',1,1,NULL,'2016-08-17 12:43:46',NULL,NULL,NULL,NULL,NULL,NULL,NULL,'P1-2816-01-19','L 23/30',7),(3112,'Sealing Ring','Sealing Ring',NULL,NULL,NULL,'PC',1,1,NULL,'2016-08-17 12:43:46',NULL,NULL,NULL,NULL,NULL,NULL,NULL,'P1-2816-01-22','L 23/30',7),(3113,'Sealing Ring','Sealing Ring',NULL,NULL,NULL,'PC',1,1,NULL,'2016-08-17 12:43:46',NULL,NULL,NULL,NULL,NULL,NULL,NULL,'P1-2816-01-29','L 23/30',7),(3114,'Lub Oil Cooler, Engine / Red.Gear (6L)','Lub Oil Cooler, Engine / Red.Gear (6L)',NULL,NULL,NULL,'PC',1,1,NULL,'2016-08-17 12:43:47',NULL,NULL,NULL,NULL,NULL,NULL,NULL,'P1-2818-01-1','L 23/30',7),(3115,'Lub Oil Cooler, Engine / Red.Gear (8L)','Lub Oil Cooler, Engine / Red.Gear (8L)',NULL,NULL,NULL,'PC',1,1,NULL,'2016-08-17 12:43:47',NULL,NULL,NULL,NULL,NULL,NULL,NULL,'P1-2818-01-1','L 23/30',7),(3116,'End Plate \'1\'','End Plate \'1\'',NULL,NULL,NULL,'PC',1,1,NULL,'2016-08-17 12:43:47',NULL,NULL,NULL,NULL,NULL,NULL,NULL,'P1-2818-01-A1','L 23/30',7),(3117,'Duct Plate \"A\"','Duct Plate \"A\"',NULL,NULL,NULL,'PC',1,1,NULL,'2016-08-17 12:43:47',NULL,NULL,NULL,NULL,NULL,NULL,NULL,'P1-2818-01-A2','L 23/30',7),(3118,'Gasket for Duct Plate B','Gasket for Duct Plate B',NULL,NULL,NULL,'PC',1,1,NULL,'2016-08-17 12:43:47',NULL,NULL,NULL,NULL,NULL,NULL,NULL,'P1-2818-01-A20','L 23/30',7),(3119,'Gasket for Duct Plate A','Gasket for Duct Plate A',NULL,NULL,NULL,'PC',1,1,NULL,'2016-08-17 12:43:47',NULL,NULL,NULL,NULL,NULL,NULL,NULL,'P1-2818-01-A21','L 23/30',7),(3120,'Glue 500 Gramme','Glue 500 Gramme',NULL,NULL,NULL,'PC',1,1,NULL,'2016-08-17 12:43:47',NULL,NULL,NULL,NULL,NULL,NULL,NULL,'P1-2818-01-A22','L 23/30',7),(3121,'Duct Plate \"B\"','Duct Plate \"B\"',NULL,NULL,NULL,'PC',1,1,NULL,'2016-08-17 12:43:47',NULL,NULL,NULL,NULL,NULL,NULL,NULL,'P1-2818-01-A3','L 23/30',7),(3122,'Gasket for Lubricating Oil Cooler','Gasket for Lubricating Oil Cooler',NULL,NULL,NULL,'PC',1,1,NULL,'2016-08-17 12:43:48',NULL,NULL,NULL,NULL,NULL,NULL,NULL,'P1-2818-01-A4','L 23/30',7),(3123,'Gasket for Duct Plate B','Gasket for Duct Plate B',NULL,NULL,NULL,'PC',1,1,NULL,'2016-08-17 12:43:48',NULL,NULL,NULL,NULL,NULL,NULL,NULL,'P1-2818-02-A20','L 23/30',7),(3124,'Gasket for Duct Plate A','Gasket for Duct Plate A',NULL,NULL,NULL,'PC',1,1,NULL,'2016-08-17 12:43:48',NULL,NULL,NULL,NULL,NULL,NULL,NULL,'P1-2818-02-A21','L 23/30',7),(3125,'Glue 500 Gramme','Glue 500 Gramme',NULL,NULL,NULL,'PC',1,1,NULL,'2016-08-17 12:43:48',NULL,NULL,NULL,NULL,NULL,NULL,NULL,'P1-2818-02-A22','L 23/30',7),(3126,'Gasket for Lubricating Oil Cooler','Gasket for Lubricating Oil Cooler',NULL,NULL,NULL,'PC',1,1,NULL,'2016-08-17 12:43:48',NULL,NULL,NULL,NULL,NULL,NULL,NULL,'P1-2818-02-A4','L 23/30',7),(3127,'Gasket Thermostatic','Gasket Thermostatic',NULL,NULL,NULL,'PC',1,1,NULL,'2016-08-17 12:43:48',NULL,NULL,NULL,NULL,NULL,NULL,NULL,'P1-2820-01-20','L 23/30',7),(3128,'Thermostatic Element, SM. 0.66 Deg. C','Thermostatic Element, SM. 0.66 Deg. C',NULL,NULL,NULL,'PC',1,1,NULL,'2016-08-17 12:43:48',NULL,NULL,NULL,NULL,NULL,NULL,NULL,'P1-2820-01-30','L 23/30',7),(3129,'O-Ring / Sealing Ring','O-Ring / Sealing Ring',NULL,NULL,NULL,'PC',1,1,NULL,'2016-08-17 12:43:49',NULL,NULL,NULL,NULL,NULL,NULL,NULL,'P1-2820-01-40','L 23/30',7),(3130,'Sleeve','Sleeve',NULL,NULL,'P1-2820-01-50','PC',1,1,NULL,'2016-08-17 12:43:49','45','2017-01-13 23:41:45',NULL,NULL,NULL,NULL,NULL,'P1-2820-01-50','L 23/30',29),(3131,'Gasket','Gasket',NULL,NULL,NULL,'PC',1,1,NULL,'2016-08-17 12:43:49',NULL,NULL,NULL,NULL,NULL,NULL,NULL,'P1-2824-01-1361','L 23/30',7),(3132,'Gasket','Gasket',NULL,NULL,NULL,'PC',1,1,NULL,'2016-08-17 12:43:49',NULL,NULL,NULL,NULL,NULL,NULL,NULL,'P1-2824-01-1391','L 23/30',7),(3133,'Gasket','Gasket',NULL,NULL,NULL,'PC',1,1,NULL,'2016-08-17 12:43:49',NULL,NULL,NULL,NULL,NULL,NULL,NULL,'P1-2824-01-1394','L 23/30',7),(3134,'Thermometer pocket with screw','Thermometer pocket with screw',NULL,NULL,NULL,'PC',1,1,NULL,'2016-08-17 12:43:49',NULL,NULL,NULL,NULL,NULL,NULL,NULL,'P1-2824-01-1455','L 23/30',7),(3135,'Gasket','Gasket',NULL,NULL,NULL,'PC',1,1,NULL,'2016-08-17 12:43:49',NULL,NULL,NULL,NULL,NULL,NULL,NULL,'P1-2824-01-1456','L 23/30',7),(3136,'Thermometer 0-100C/32-212F','Thermometer 0-100C/32-212F',NULL,NULL,NULL,'PC',1,1,NULL,'2016-08-17 12:43:49',NULL,NULL,NULL,NULL,NULL,NULL,NULL,'P1-2824-01-1457','L 23/30',7),(3137,'Gasket','Gasket',NULL,NULL,NULL,'PC',1,1,NULL,'2016-08-17 12:43:50',NULL,NULL,NULL,NULL,NULL,NULL,NULL,'P1-2824-01-1481','L 23/30',7),(3138,'Gasket','Gasket',NULL,NULL,NULL,'PC',1,1,NULL,'2016-08-17 12:43:50',NULL,NULL,NULL,NULL,NULL,NULL,NULL,'P1-2824-01-1511','L 23/30',7),(3139,'Gasket','Gasket',NULL,NULL,NULL,'PC',1,1,NULL,'2016-08-17 12:43:50',NULL,NULL,NULL,NULL,NULL,NULL,NULL,'P1-2824-01-1541','L 23/30',7),(3140,'Gasket','Gasket',NULL,NULL,NULL,'PC',1,1,NULL,'2016-08-17 12:43:50',NULL,NULL,NULL,NULL,NULL,NULL,NULL,'P1-2824-01-1546','L 23/30',7),(3141,'Gasket','Gasket',NULL,NULL,NULL,'PC',1,1,NULL,'2016-08-17 12:43:50',NULL,NULL,NULL,NULL,NULL,NULL,NULL,'P1-2824-01-1571','L 23/30',7),(3142,'Gasket','Gasket',NULL,NULL,NULL,'PC',1,1,NULL,'2016-08-17 12:43:50',NULL,NULL,NULL,NULL,NULL,NULL,NULL,'P1-2824-01-1573','L 23/30',7),(3143,'Gasket','Gasket',NULL,NULL,NULL,'PC',1,1,NULL,'2016-08-17 12:43:50',NULL,NULL,NULL,NULL,NULL,NULL,NULL,'P1-2824-01-1601','L 23/30',7),(3144,'Gasket','Gasket',NULL,NULL,NULL,'PC',1,1,NULL,'2016-08-17 12:43:51',NULL,NULL,NULL,NULL,NULL,NULL,NULL,'P1-2824-01-1631','L 23/30',7),(3145,'Sealing Ring','Sealing Ring',NULL,NULL,NULL,'PC',1,1,NULL,'2016-08-17 12:43:51',NULL,NULL,NULL,NULL,NULL,NULL,NULL,'P1-2824-01-1661','L 23/30',7),(3146,'Gasket','Gasket',NULL,NULL,NULL,'PC',1,1,NULL,'2016-08-17 12:43:51',NULL,NULL,NULL,NULL,NULL,NULL,NULL,'P1-2824-01-1691','L 23/30',7),(3147,'Sealing Ring','Sealing Ring',NULL,NULL,NULL,'PC',1,1,NULL,'2016-08-17 12:43:51',NULL,NULL,NULL,NULL,NULL,NULL,NULL,'P1-2824-01-1724','L 23/30',7),(3148,'Gasket','Gasket',NULL,NULL,NULL,'PC',1,1,NULL,'2016-08-17 12:43:51',NULL,NULL,NULL,NULL,NULL,NULL,NULL,'P1-2824-01-1725','L 23/30',7),(3149,'Gasket','Gasket',NULL,NULL,NULL,'PC',1,1,NULL,'2016-08-17 12:43:51',NULL,NULL,NULL,NULL,NULL,NULL,NULL,'P1-2824-02-1364','L 23/30',7),(3150,'Sealing Ring','Sealing Ring',NULL,NULL,NULL,'PC',1,1,NULL,'2016-08-17 12:43:51',NULL,NULL,NULL,NULL,NULL,NULL,NULL,'P1-2824-14-1724','L 23/30',7),(3151,'Gasket','Gasket',NULL,NULL,NULL,'PC',1,1,NULL,'2016-08-17 12:43:51',NULL,NULL,NULL,NULL,NULL,NULL,NULL,'P1-2824-14-1725','L 23/30',7),(3152,'Sealing Ring','Sealing Ring',NULL,NULL,NULL,'PC',1,1,NULL,'2016-08-17 12:43:52',NULL,NULL,NULL,NULL,NULL,NULL,NULL,'P1-2850-01-1','L 23/30',7),(3153,'Filter Cartridge Pack','Filter Cartridge Pack',NULL,NULL,NULL,'PC',1,1,NULL,'2016-08-17 12:43:52',NULL,NULL,NULL,NULL,NULL,NULL,NULL,'P1-2850-01-19','L 23/30',7),(3154,'Sealing Ring','Sealing Ring',NULL,NULL,NULL,'PC',1,1,NULL,'2016-08-17 12:43:52',NULL,NULL,NULL,NULL,NULL,NULL,NULL,'P1-2850-01-21','L 23/30',7),(3155,'Sealing Ring','Sealing Ring',NULL,NULL,NULL,'PC',1,1,NULL,'2016-08-17 12:43:52',NULL,NULL,NULL,NULL,NULL,NULL,NULL,'P1-2850-01-22','L 23/30',7),(3156,'O-Ring','O-Ring',NULL,NULL,NULL,'PC',1,1,NULL,'2016-08-17 12:43:52',NULL,NULL,NULL,NULL,NULL,NULL,NULL,'P1-2850-01-31','L 23/30',7),(3157,'O-Ring','O-Ring',NULL,NULL,NULL,'PC',1,1,NULL,'2016-08-17 12:43:52',NULL,NULL,NULL,NULL,NULL,NULL,NULL,'P1-2850-01-34','L 23/30',7),(3158,'O-Ring','O-Ring',NULL,NULL,NULL,'PC',1,1,NULL,'2016-08-17 12:43:52',NULL,NULL,NULL,NULL,NULL,NULL,NULL,'P1-2850-01-39','L 23/30',7),(3159,'Sealing Ring','Sealing Ring',NULL,NULL,NULL,'PC',1,1,NULL,'2016-08-17 12:43:53',NULL,NULL,NULL,NULL,NULL,NULL,NULL,'P1-2850-01-4','L 23/30',7),(3160,'Sealing Ring','Sealing Ring',NULL,NULL,NULL,'PC',1,1,NULL,'2016-08-17 12:43:53',NULL,NULL,NULL,NULL,NULL,NULL,NULL,'P1-2850-01-9','L 23/30',7),(3161,'Sealing Ring HDUV 427/108','Sealing Ring HDUV 427/108',NULL,NULL,NULL,'PC',1,1,NULL,'2016-08-17 12:43:53',NULL,NULL,NULL,NULL,NULL,NULL,NULL,'P1-2850-02-1','L 23/30',7),(3162,'Sealing Ring HDUV 427/108','Sealing Ring HDUV 427/108',NULL,NULL,NULL,'PC',1,1,NULL,'2016-08-17 12:43:53',NULL,NULL,NULL,NULL,NULL,NULL,NULL,'P1-2850-02-12','L 23/30',7),(3163,'Pressure Gauge','Pressure Gauge',NULL,NULL,NULL,'PC',1,1,NULL,'2016-08-17 12:43:53',NULL,NULL,NULL,NULL,NULL,NULL,NULL,'P1-2850-02-17','L 23/30',7),(3164,'Sealing Ring HDUV 427/108','Sealing Ring HDUV 427/108',NULL,NULL,NULL,'PC',1,1,NULL,'2016-08-17 12:43:53',NULL,NULL,NULL,NULL,NULL,NULL,NULL,'P1-2850-02-2','L 23/30',7),(3165,'Filter Cartrige HDUV (Pack x 8 pz)','Filter Cartrige HDUV (Pack x 8 pz)',NULL,NULL,NULL,'PC',1,1,NULL,'2016-08-17 12:43:53',NULL,NULL,NULL,NULL,NULL,NULL,NULL,'P1-2850-02-4','L 23/30',7),(3166,'Sealing Ring HDUV 427/108','Sealing Ring HDUV 427/108',NULL,NULL,NULL,'PC',1,1,NULL,'2016-08-17 12:43:53',NULL,NULL,NULL,NULL,NULL,NULL,NULL,'P1-2850-02-5','L 23/30',7),(3167,'Sealing Ring HDUV 427/108','Sealing Ring HDUV 427/108',NULL,NULL,NULL,'PC',1,1,NULL,'2016-08-17 12:43:54',NULL,NULL,NULL,NULL,NULL,NULL,NULL,'P1-2850-02-8','L 23/30',7),(3168,'Freshwater Pump Clockwise','Freshwater Pump Clockwise',NULL,NULL,NULL,'PC',1,1,NULL,'2016-08-17 12:43:54',NULL,NULL,NULL,NULL,NULL,NULL,NULL,'P1-3010-01-1','L 23/30',7),(3169,'Gasket','Gasket',NULL,NULL,NULL,'PC',1,1,NULL,'2016-08-17 12:43:54',NULL,NULL,NULL,NULL,NULL,NULL,NULL,'P1-3010-01-10','L 23/30',7),(3170,'Gasket','Gasket',NULL,NULL,NULL,'PC',1,1,NULL,'2016-08-17 12:43:54',NULL,NULL,NULL,NULL,NULL,NULL,NULL,'P1-3010-01-11','L 23/30',7),(3171,'Mechanical shaft seal','Mechanical shaft seal',NULL,NULL,NULL,'PC',1,1,NULL,'2016-08-17 12:43:54',NULL,NULL,NULL,NULL,NULL,NULL,NULL,'P1-3010-01-12','L 23/30',7),(3172,'Mechanical shaft seal','Mechanical shaft seal',NULL,NULL,NULL,'PC',1,1,NULL,'2016-08-17 12:43:54',NULL,NULL,NULL,NULL,NULL,NULL,NULL,'P1-3010-01-12','L 23/30',7),(3173,'Spring Washer','Spring Washer',NULL,NULL,NULL,'PC',1,1,NULL,'2016-08-17 12:43:55',NULL,NULL,NULL,NULL,NULL,NULL,NULL,'P1-3010-01-17','L 23/30',7),(3174,'Oil Sealing Ring for Centr. Pump','Oil Sealing Ring for Centr. Pump',NULL,NULL,NULL,'PC',1,1,NULL,'2016-08-17 12:43:55',NULL,NULL,NULL,NULL,NULL,NULL,NULL,'P1-3010-01-20','L 23/30',7),(3175,'Oil Sealing Ring for Centr. Pump','Oil Sealing Ring for Centr. Pump',NULL,NULL,NULL,'PC',1,1,NULL,'2016-08-17 12:43:55',NULL,NULL,NULL,NULL,NULL,NULL,NULL,'P1-3010-01-20','L 23/30',7),(3176,'Flinger','Flinger',NULL,NULL,NULL,'PC',1,1,NULL,'2016-08-17 12:43:55',NULL,NULL,NULL,NULL,NULL,NULL,NULL,'P1-3010-01-21','L 23/30',7),(3177,'Flinger','Flinger',NULL,NULL,NULL,'PC',1,1,NULL,'2016-08-17 12:43:55',NULL,NULL,NULL,NULL,NULL,NULL,NULL,'P1-3010-01-22','L 23/30',7),(3178,'Key','Key',NULL,NULL,NULL,'PC',1,1,NULL,'2016-08-17 12:43:55',NULL,NULL,NULL,NULL,NULL,NULL,NULL,'P1-3010-01-23','L 23/30',7),(3179,'Deep Groove Ball Bearing','Deep Groove Ball Bearing',NULL,NULL,NULL,'PC',1,1,NULL,'2016-08-17 12:43:55',NULL,NULL,NULL,NULL,NULL,NULL,NULL,'P1-3010-01-24','L 23/30',7),(3180,'Deep Groove Ball Bearing','Deep Groove Ball Bearing',NULL,NULL,NULL,'PC',1,1,NULL,'2016-08-17 12:43:55',NULL,NULL,NULL,NULL,NULL,NULL,NULL,'P1-3010-01-25','L 23/30',7),(3181,'Retaining Ring for Boring','Retaining Ring for Boring',NULL,NULL,NULL,'PC',1,1,NULL,'2016-08-17 12:43:56',NULL,NULL,NULL,NULL,NULL,NULL,NULL,'P1-3010-01-25','L 23/30',7),(3182,'Shaft for Centr. Pump, Clockwise','Shaft for Centr. Pump, Clockwise',NULL,NULL,NULL,'PC',1,1,NULL,'2016-08-17 12:43:56',NULL,NULL,NULL,NULL,NULL,NULL,NULL,'P1-3010-01-26','L 23/30',7),(3183,'Deep Groove Ball Bearing','Deep Groove Ball Bearing',NULL,NULL,NULL,'PC',1,1,NULL,'2016-08-17 12:43:56',NULL,NULL,NULL,NULL,NULL,NULL,NULL,'P1-3010-01-27','L 23/30',7),(3184,'Key steel, square','Key steel, square',NULL,NULL,NULL,'PC',1,1,NULL,'2016-08-17 12:43:56',NULL,NULL,NULL,NULL,NULL,NULL,NULL,'P1-3010-01-3','L 23/30',7),(3185,'Nut','Nut',NULL,NULL,NULL,'PC',1,1,NULL,'2016-08-17 12:43:56',NULL,NULL,NULL,NULL,NULL,NULL,NULL,'P1-3010-01-4','L 23/30',7),(3186,'Lock Washer','Lock Washer',NULL,NULL,NULL,'PC',1,1,NULL,'2016-08-17 12:43:56',NULL,NULL,NULL,NULL,NULL,NULL,NULL,'P1-3010-01-5','L 23/30',7),(3187,'Impeller for Freshwater Pump, Clockwise','Impeller for Freshwater Pump, Clockwise',NULL,NULL,NULL,'PC',1,1,NULL,'2016-08-17 12:43:56',NULL,NULL,NULL,NULL,NULL,NULL,NULL,'P1-3010-01-6','L 23/30',7),(3188,'Washer','Washer',NULL,NULL,NULL,'PC',1,1,NULL,'2016-08-17 12:43:57',NULL,NULL,NULL,NULL,NULL,NULL,NULL,'P1-3010-01-7','L 23/30',7),(3189,'Washer','Washer',NULL,NULL,NULL,'PC',1,1,NULL,'2016-08-17 12:43:57',NULL,NULL,NULL,NULL,NULL,NULL,NULL,'P1-3010-01-7','L 23/30',7),(3190,'Nut for Centrifugal Pump','Nut for Centrifugal Pump',NULL,NULL,NULL,'PC',1,1,NULL,'2016-08-17 12:43:57',NULL,NULL,NULL,NULL,NULL,NULL,NULL,'P1-3010-01-8','L 23/30',7),(3191,'Nut for Centrifugal Pump, Clockwise','Nut for Centrifugal Pump, Clockwise',NULL,NULL,NULL,'PC',1,1,NULL,'2016-08-17 12:43:57',NULL,NULL,NULL,NULL,NULL,NULL,NULL,'P1-3010-01-8','L 23/30',7),(3192,'Gasket','Gasket',NULL,NULL,NULL,'PC',1,1,NULL,'2016-08-17 12:43:57',NULL,NULL,NULL,NULL,NULL,NULL,NULL,'P1-3010-01-9','L 23/30',7),(3193,'Gasket, Thermostatic Valve 2.5\" & 3\" ','Gasket, Thermostatic Valve 2.5\" & 3\" ',NULL,NULL,NULL,'PC',1,1,NULL,'2016-08-17 12:43:57',NULL,NULL,NULL,NULL,NULL,NULL,NULL,'P1-3012-01-20','L 23/30',7),(3194,'Thermostatic Element F.W. 80 Deg. C','Thermostatic Element F.W. 80 Deg. C',NULL,NULL,NULL,'PC',1,1,NULL,'2016-08-17 12:43:57',NULL,NULL,NULL,NULL,NULL,NULL,NULL,'P1-3012-01-30','L 23/30',7),(3195,'Thermostatic Element 35 Gr. Override','Thermostatic Element 35 Gr. Override',NULL,NULL,NULL,'PC',1,1,NULL,'2016-08-17 12:43:58',NULL,NULL,NULL,NULL,NULL,NULL,NULL,'P1-3012-01-30','L 23/30',7),(3196,'Sealing Ring for Thermostat Elem.','Sealing Ring for Thermostat Elem.',NULL,NULL,NULL,'PC',1,1,NULL,'2016-08-17 12:43:58',NULL,NULL,NULL,NULL,NULL,NULL,NULL,'P1-3012-01-40','L 23/30',7),(3197,'Sleeve','Sleeve',NULL,NULL,'P1-3012-01-50','PC',1,1,NULL,'2016-08-17 12:43:58','45','2017-01-13 23:39:16',NULL,NULL,NULL,NULL,NULL,'P1-3012-01-50','L 23/30',29),(3198,'End Plate \'1\'','End Plate \'1\'',NULL,NULL,NULL,'PC',1,1,NULL,'2016-08-17 12:43:58',NULL,NULL,NULL,NULL,NULL,NULL,NULL,'P1-3014-01-A1','L 23/30',7),(3199,'Duct Plate \"A\"','Duct Plate \"A\"',NULL,NULL,NULL,'PC',1,1,NULL,'2016-08-17 12:43:58',NULL,NULL,NULL,NULL,NULL,NULL,NULL,'P1-3014-01-A2','L 23/30',7),(3200,'Gasket for Duct Plate B','Gasket for Duct Plate B',NULL,NULL,NULL,'PC',1,1,NULL,'2016-08-17 12:43:58',NULL,NULL,NULL,NULL,NULL,NULL,NULL,'P1-3014-01-A20','L 23/30',7),(3201,'Gasket for Duct Plate A','Gasket for Duct Plate A',NULL,NULL,NULL,'PC',1,1,NULL,'2016-08-17 12:43:58',NULL,NULL,NULL,NULL,NULL,NULL,NULL,'P1-3014-01-A21','L 23/30',7),(3202,'Glue 500 Gramme','Glue 500 Gramme',NULL,NULL,NULL,'PC',1,1,NULL,'2016-08-17 12:43:58',NULL,NULL,NULL,NULL,NULL,NULL,NULL,'P1-3014-01-A22','L 23/30',7),(3203,'Duct Plate \"B\"','Duct Plate \"B\"',NULL,NULL,NULL,'PC',1,1,NULL,'2016-08-17 12:43:59',NULL,NULL,NULL,NULL,NULL,NULL,NULL,'P1-3014-01-A3','L 23/30',7),(3204,'End Plate 2 special','End Plate 2 special',NULL,NULL,NULL,'PC',1,1,NULL,'2016-08-17 12:43:59',NULL,NULL,NULL,NULL,NULL,NULL,NULL,'P1-3014-01-A4','L 23/30',7),(3205,'Gasket','Gasket',NULL,NULL,NULL,'PC',1,1,NULL,'2016-08-17 12:43:59',NULL,NULL,NULL,NULL,NULL,NULL,NULL,'P1-3016-01-4004','L 23/30',7),(3206,'Gasket','Gasket',NULL,NULL,NULL,'PC',1,1,NULL,'2016-08-17 12:43:59',NULL,NULL,NULL,NULL,NULL,NULL,NULL,'P1-3016-01-4006','L 23/30',7),(3207,'Gasket','Gasket',NULL,NULL,NULL,'PC',1,1,NULL,'2016-08-17 12:43:59',NULL,NULL,NULL,NULL,NULL,NULL,NULL,'P1-3016-01-4010','L 23/30',7),(3208,'Gasket','Gasket',NULL,NULL,NULL,'PC',1,1,NULL,'2016-08-17 12:43:59',NULL,NULL,NULL,NULL,NULL,NULL,NULL,'P1-3016-01-4031','L 23/30',7),(3209,'Gasket','Gasket',NULL,NULL,NULL,'PC',1,1,NULL,'2016-08-17 12:43:59',NULL,NULL,NULL,NULL,NULL,NULL,NULL,'P1-3016-01-4091','L 23/30',7),(3210,'Gasket','Gasket',NULL,NULL,NULL,'PC',1,1,NULL,'2016-08-17 12:44:00',NULL,NULL,NULL,NULL,NULL,NULL,NULL,'P1-3016-01-4155','L 23/30',7),(3211,'Thermometer pocket with screw','Thermometer pocket with screw',NULL,NULL,NULL,'PC',1,1,NULL,'2016-08-17 12:44:00',NULL,NULL,NULL,NULL,NULL,NULL,NULL,'P1-3016-01-4156','L 23/30',7),(3212,'Thermometer 0-100C/32-212F','Thermometer 0-100C/32-212F',NULL,NULL,NULL,'PC',1,1,NULL,'2016-08-17 12:44:00',NULL,NULL,NULL,NULL,NULL,NULL,NULL,'P1-3016-01-4157','L 23/30',7),(3213,'Pipe Joint','Pipe Joint',NULL,NULL,NULL,'PC',1,1,NULL,'2016-08-17 12:44:00',NULL,NULL,NULL,NULL,NULL,NULL,NULL,'P1-3016-01-4158','L 23/30',7),(3214,'Gasket','Gasket',NULL,NULL,NULL,'PC',1,1,NULL,'2016-08-17 12:44:00',NULL,NULL,NULL,NULL,NULL,NULL,NULL,'P1-3016-01-4181','L 23/30',7),(3215,'Gasket','Gasket',NULL,NULL,NULL,'PC',1,1,NULL,'2016-08-17 12:44:00',NULL,NULL,NULL,NULL,NULL,NULL,NULL,'P1-3016-01-4211','L 23/30',7),(3216,'Gasket','Gasket',NULL,NULL,NULL,'PC',1,1,NULL,'2016-08-17 12:44:00',NULL,NULL,NULL,NULL,NULL,NULL,NULL,'P1-3016-01-4214','L 23/30',7),(3217,'Gasket','Gasket',NULL,NULL,NULL,'PC',1,1,NULL,'2016-08-17 12:44:01',NULL,NULL,NULL,NULL,NULL,NULL,NULL,'P1-3016-01-4241','L 23/30',7),(3218,'Pipe Joint','Pipe Joint',NULL,NULL,NULL,'PC',1,1,NULL,'2016-08-17 12:44:01',NULL,NULL,NULL,NULL,NULL,NULL,NULL,'P1-3016-01-4246','L 23/30',7),(3219,'Gasket','Gasket',NULL,NULL,NULL,'PC',1,1,NULL,'2016-08-17 12:44:01',NULL,NULL,NULL,NULL,NULL,NULL,NULL,'P1-3016-01-4272','L 23/30',7),(3220,'Gasket 130x70','Gasket 130x70',NULL,NULL,NULL,'PC',1,1,NULL,'2016-08-17 12:44:01',NULL,NULL,NULL,NULL,NULL,NULL,NULL,'P1-3016-01-4276','L 23/30',7),(3221,'Thermometer Pipe 0-100C/32-212F','Thermometer Pipe 0-100C/32-212F',NULL,NULL,NULL,'PC',1,1,NULL,'2016-08-17 12:44:01',NULL,NULL,NULL,NULL,NULL,NULL,NULL,'P1-3016-01-T2','L 23/30',7),(3222,'Seawater Pump Clockwise Rotation','Seawater Pump Clockwise Rotation',NULL,NULL,NULL,'PC',1,1,NULL,'2016-08-17 12:44:01',NULL,NULL,NULL,NULL,NULL,NULL,NULL,'P1-3210-01-1','L 23/30',7),(3223,'Key steel, square','Key steel, square',NULL,NULL,NULL,'PC',1,1,NULL,'2016-08-17 12:44:01',NULL,NULL,NULL,NULL,NULL,NULL,NULL,'P1-3210-01-3','L 23/30',7),(3224,'Gasket','Gasket',NULL,NULL,NULL,'PC',1,1,NULL,'2016-08-17 12:44:01',NULL,NULL,NULL,NULL,NULL,NULL,NULL,'P1-3210-01-12','L 23/30',7),(3225,'Lock Washer','Lock Washer',NULL,NULL,NULL,'PC',1,1,NULL,'2016-08-17 12:44:02',NULL,NULL,NULL,NULL,NULL,NULL,NULL,'P1-3210-01-13','L 23/30',7),(3226,'Valve Weight, Lower','Valve Weight, Lower',NULL,NULL,NULL,'PC',1,1,NULL,'2016-08-17 12:44:02',NULL,NULL,NULL,NULL,NULL,NULL,NULL,'P1-3210-01-17','L 23/30',7),(3227,'Bolt','Bolt',NULL,NULL,NULL,'PC',1,1,NULL,'2016-08-17 12:44:02',NULL,NULL,NULL,NULL,NULL,NULL,NULL,'P1-3210-01-18','L 23/30',7),(3228,'Gasket','Gasket',NULL,NULL,NULL,'PC',1,1,NULL,'2016-08-17 12:44:02',NULL,NULL,NULL,NULL,NULL,NULL,NULL,'P1-3210-01-20','L 23/30',7),(3229,'Valve Flap for Seawater Pump','Valve Flap for Seawater Pump',NULL,NULL,NULL,'PC',1,1,NULL,'2016-08-17 12:44:02',NULL,NULL,NULL,NULL,NULL,NULL,NULL,'P1-3210-01-21','L 23/30',7),(3230,'Valve Weight, Upper','Valve Weight, Upper',NULL,NULL,NULL,'PC',1,1,NULL,'2016-08-17 12:44:02',NULL,NULL,NULL,NULL,NULL,NULL,NULL,'P1-3210-01-22','L 23/30',7),(3231,'Diffuser For Seawater Pump, Anticlkw','Diffuser For Seawater Pump, Anticlkw',NULL,NULL,NULL,'PC',1,1,NULL,'2016-08-17 12:44:02',NULL,NULL,NULL,NULL,NULL,NULL,NULL,'P1-3210-01-24','L 23/30',7),(3232,'Gasket for S.W. Pump','Gasket for S.W. Pump',NULL,NULL,NULL,'PC',1,1,NULL,'2016-08-17 12:44:03',NULL,NULL,NULL,NULL,NULL,NULL,NULL,'P1-3210-01-25','L 23/30',7),(3233,'Impeller for Seawater Pump Clockwise','Impeller for Seawater Pump Clockwise',NULL,NULL,NULL,'PC',1,1,NULL,'2016-08-17 12:44:03',NULL,NULL,NULL,NULL,NULL,NULL,NULL,'P1-3210-01-26','L 23/30',7),(3234,'Washer','Washer',NULL,NULL,NULL,'PC',1,1,NULL,'2016-08-17 12:44:03',NULL,NULL,NULL,NULL,NULL,NULL,NULL,'P1-3210-01-27','L 23/30',7),(3235,'Nut for centrifugal pump, clockwise','Nut for centrifugal pump, clockwise',NULL,NULL,NULL,'PC',1,1,NULL,'2016-08-17 12:44:03',NULL,NULL,NULL,NULL,NULL,NULL,NULL,'P1-3210-01-28','L 23/30',7),(3236,'Gasket','Gasket',NULL,NULL,NULL,'PC',1,1,NULL,'2016-08-17 12:44:03',NULL,NULL,NULL,NULL,NULL,NULL,NULL,'P1-3210-01-29','L 23/30',7),(3237,'Rotary Shaft Packing','Rotary Shaft Packing',NULL,NULL,NULL,'PC',1,1,NULL,'2016-08-17 12:44:03',NULL,NULL,NULL,NULL,NULL,NULL,NULL,'P1-3210-01-30','L 23/30',7),(3238,'Oil Sealing Ring for Centr. Pump','Oil Sealing Ring for Centr. Pump',NULL,NULL,NULL,'PC',1,1,NULL,'2016-08-17 12:44:03',NULL,NULL,NULL,NULL,NULL,NULL,NULL,'P1-3210-01-32','L 23/30',7),(3239,'Flinger','Flinger',NULL,NULL,NULL,'PC',1,1,NULL,'2016-08-17 12:44:03',NULL,NULL,NULL,NULL,NULL,NULL,NULL,'P1-3210-01-33','L 23/30',7),(3240,'Deep Groove Ball Bearing','Deep Groove Ball Bearing',NULL,NULL,NULL,'PC',1,1,NULL,'2016-08-17 12:44:04',NULL,NULL,NULL,NULL,NULL,NULL,NULL,'P1-3210-01-35','L 23/30',7),(3241,'Deep Groove Ball Bearing','Deep Groove Ball Bearing',NULL,NULL,NULL,'PC',1,1,NULL,'2016-08-17 12:44:04',NULL,NULL,NULL,NULL,NULL,NULL,NULL,'P1-3210-01-35','L 23/30',7),(3242,'Retaining Ring','Retaining Ring',NULL,NULL,NULL,'PC',1,1,NULL,'2016-08-17 12:44:04',NULL,NULL,NULL,NULL,NULL,NULL,NULL,'P1-3210-01-36','L 23/30',7),(3243,'Shaft for Centr. Pump, Clockwise','Shaft for Centr. Pump, Clockwise',NULL,NULL,NULL,'PC',1,1,NULL,'2016-08-17 12:44:04',NULL,NULL,NULL,NULL,NULL,NULL,NULL,'P1-3210-01-37','L 23/30',7),(3244,'Deep Groove Ball Bearing','Deep Groove Ball Bearing',NULL,NULL,NULL,'PC',1,1,NULL,'2016-08-17 12:44:04',NULL,NULL,NULL,NULL,NULL,NULL,NULL,'P1-3210-01-38','L 23/30',7),(3245,'Deep Groove Ball Bearing','Deep Groove Ball Bearing',NULL,NULL,NULL,'PC',1,1,NULL,'2016-08-17 12:44:04',NULL,NULL,NULL,NULL,NULL,NULL,NULL,'P1-3210-01-38','L 23/30',7),(3246,'Nut','Nut',NULL,NULL,NULL,'PC',1,1,NULL,'2016-08-17 12:44:04',NULL,NULL,NULL,NULL,NULL,NULL,NULL,'P1-3210-01-4','L 23/30',7),(3247,'O-Ring','O-Ring',NULL,NULL,NULL,'PC',1,1,NULL,'2016-08-17 12:44:04',NULL,NULL,NULL,NULL,NULL,NULL,NULL,'P1-3210-01-40','L 23/30',7),(3248,'Nut','Nut',NULL,NULL,NULL,'PC',1,1,NULL,'2016-08-17 12:44:05',NULL,NULL,NULL,NULL,NULL,NULL,NULL,'P1-3210-01-6','L 23/30',7),(3249,'Spring Locks','Spring Locks',NULL,NULL,NULL,'PC',1,1,NULL,'2016-08-17 12:44:05',NULL,NULL,NULL,NULL,NULL,NULL,NULL,'P1-3210-01-7','L 23/30',7),(3250,'Gasket','Gasket',NULL,NULL,NULL,'PC',1,1,NULL,'2016-08-17 12:44:05',NULL,NULL,NULL,NULL,NULL,NULL,NULL,'P1-3210-01-8','L 23/30',7),(3251,'Gasket','Gasket',NULL,NULL,NULL,'PC',1,1,NULL,'2016-08-17 12:44:05',NULL,NULL,NULL,NULL,NULL,NULL,NULL,'P1-3212-01-20','L 23/30',7),(3252,'Gasket','Gasket',NULL,NULL,NULL,'PC',1,1,NULL,'2016-08-17 12:44:05',NULL,NULL,NULL,NULL,NULL,NULL,NULL,'P1-3212-01-3','L 23/30',7),(3253,'FW. Thermostatic Element 35 Degree','FW. Thermostatic Element 35 Degree',NULL,NULL,NULL,'PC',1,1,NULL,'2016-08-17 12:44:05',NULL,NULL,NULL,NULL,NULL,NULL,NULL,'P1-3212-01-30','L 23/30',7),(3254,'Sealing Ring for Thermostat Elem.','Sealing Ring for Thermostat Elem.',NULL,NULL,NULL,'PC',1,1,NULL,'2016-08-17 12:44:05',NULL,NULL,NULL,NULL,NULL,NULL,NULL,'P1-3212-01-40','L 23/30',7),(3255,'Supporting Ring','Supporting Ring',NULL,NULL,NULL,'PC',1,1,NULL,'2016-08-17 12:44:06',NULL,NULL,NULL,NULL,NULL,NULL,NULL,'P1-3212-01-50','L 23/30',7),(3256,'Gasket','Gasket',NULL,NULL,NULL,'PC',1,1,NULL,'2016-08-17 12:44:06',NULL,NULL,NULL,NULL,NULL,NULL,NULL,'P1-3214-01-5002','L 23/30',7),(3257,'Gasket','Gasket',NULL,NULL,NULL,'PC',1,1,NULL,'2016-08-17 12:44:06',NULL,NULL,NULL,NULL,NULL,NULL,NULL,'P1-3214-01-5006','L 23/30',7),(3258,'Gasket','Gasket',NULL,NULL,NULL,'PC',1,1,NULL,'2016-08-17 12:44:06',NULL,NULL,NULL,NULL,NULL,NULL,NULL,'P1-3214-01-5031','L 23/30',7),(3259,'Gasket','Gasket',NULL,NULL,NULL,'PC',1,1,NULL,'2016-08-17 12:44:06',NULL,NULL,NULL,NULL,NULL,NULL,NULL,'P1-3214-01-5034','L 23/30',7),(3260,'Gasket','Gasket',NULL,NULL,NULL,'PC',1,1,NULL,'2016-08-17 12:44:06',NULL,NULL,NULL,NULL,NULL,NULL,NULL,'P1-3214-03-5031','L 23/30',7),(3261,'Gasket','Gasket',NULL,NULL,NULL,'PC',1,1,NULL,'2016-08-17 12:44:06',NULL,NULL,NULL,NULL,NULL,NULL,NULL,'P1-3214-03-5034','L 23/30',7),(3262,'Pipe Joint','Pipe Joint',NULL,NULL,NULL,'PC',1,1,NULL,'2016-08-17 12:44:06',NULL,NULL,NULL,NULL,NULL,NULL,NULL,'P1-3214-03-5060','L 23/30',7),(3263,'Pipe Joint','Pipe Joint',NULL,NULL,NULL,'PC',1,1,NULL,'2016-08-17 12:44:07',NULL,NULL,NULL,NULL,NULL,NULL,NULL,'P1-3214-03-5064','L 23/30',7),(3264,'Thermometer pocket with screw','Thermometer pocket with screw',NULL,NULL,NULL,'PC',1,1,NULL,'2016-08-17 12:44:07',NULL,NULL,NULL,NULL,NULL,NULL,NULL,'P1-3214-03-5095','L 23/30',7),(3265,'Gasket','Gasket',NULL,NULL,NULL,'PC',1,1,NULL,'2016-08-17 12:44:07',NULL,NULL,NULL,NULL,NULL,NULL,NULL,'P1-3214-03-5096','L 23/30',7),(3266,'Thermometer 0-100C/32-212F','Thermometer 0-100C/32-212F',NULL,NULL,NULL,'PC',1,1,NULL,'2016-08-17 12:44:07',NULL,NULL,NULL,NULL,NULL,NULL,NULL,'P1-3214-03-5097','L 23/30',7),(3267,'Gasket','Gasket',NULL,NULL,NULL,'PC',1,1,NULL,'2016-08-17 12:44:07',NULL,NULL,NULL,NULL,NULL,NULL,NULL,'P1-3214-01-5121','L 23/30',7),(3268,'Gasket','Gasket',NULL,NULL,NULL,'PC',1,1,NULL,'2016-08-17 12:44:07',NULL,NULL,NULL,NULL,NULL,NULL,NULL,'P1-3214-01-5123','L 23/30',7),(3269,'Gasket','Gasket',NULL,NULL,NULL,'PC',1,1,NULL,'2016-08-17 12:44:07',NULL,NULL,NULL,NULL,NULL,NULL,NULL,'P1-3214-01-5151','L 23/30',7),(3270,'Gasket','Gasket',NULL,NULL,NULL,'PC',1,1,NULL,'2016-08-17 12:44:08',NULL,NULL,NULL,NULL,NULL,NULL,NULL,'P1-3214-03-5121','L 23/30',7),(3271,'Gasket','Gasket',NULL,NULL,NULL,'PC',1,1,NULL,'2016-08-17 12:44:08',NULL,NULL,NULL,NULL,NULL,NULL,NULL,'P1-3214-03-5123','L 23/30',7),(3272,'Gasket','Gasket',NULL,NULL,NULL,'PC',1,1,NULL,'2016-08-17 12:44:08',NULL,NULL,NULL,NULL,NULL,NULL,NULL,'P1-3214-03-5151','L 23/30',7),(3273,'Thermometer 0-100C/32-212F','Thermometer 0-100C/32-212F',NULL,NULL,NULL,'PC',1,1,NULL,'2016-08-17 12:44:08',NULL,NULL,NULL,NULL,NULL,NULL,NULL,'P1-3250-01-1','L 23/30',7),(3274,'Thermometer pocket with screw','Thermometer pocket with screw',NULL,NULL,NULL,'PC',1,1,NULL,'2016-08-17 12:44:08',NULL,NULL,NULL,NULL,NULL,NULL,NULL,'P1-3250-01-2','L 23/30',7),(3275,'Gasket','Gasket',NULL,NULL,NULL,'PC',1,1,NULL,'2016-08-17 12:44:08',NULL,NULL,NULL,NULL,NULL,NULL,NULL,'P1-3250-01-3','L 23/30',7),(3276,'Gasket','Gasket',NULL,NULL,NULL,'PC',1,1,NULL,'2016-08-17 12:44:08',NULL,NULL,NULL,NULL,NULL,NULL,NULL,'P1-8010-01-11','L 23/30',7),(3277,'Hose','Hose',NULL,NULL,NULL,'PC',1,1,NULL,'2016-08-17 12:44:09',NULL,NULL,NULL,NULL,NULL,NULL,NULL,'P1-8010-01-12A','L 23/30',7),(3278,'Hose','Hose',NULL,NULL,NULL,'PC',1,1,NULL,'2016-08-17 12:44:09',NULL,NULL,NULL,NULL,NULL,NULL,NULL,'P1-8010-01-12B','L 23/30',7),(3279,'Sign No. 201, Running Hours','Sign No. 201, Running Hours',NULL,NULL,NULL,'PC',1,1,NULL,'2016-08-17 12:44:09',NULL,NULL,NULL,NULL,NULL,NULL,NULL,'P1-8010-01-23','L 23/30',7),(3280,'Manometer 0 - 6 bar','Manometer 0 - 6 bar',NULL,NULL,NULL,'PC',1,1,NULL,'2016-08-17 12:44:09',NULL,NULL,NULL,NULL,NULL,NULL,NULL,'P1-8010-01-30','L 23/30',7),(3281,'Manometer 0 - 4 bar','Manometer 0 - 4 bar',NULL,NULL,NULL,'PC',1,1,NULL,'2016-08-17 12:44:09',NULL,NULL,NULL,NULL,NULL,NULL,NULL,'P1-8010-01-31','L 23/30',7),(3282,'Manometer 0 - 2,5 bar','Manometer 0 - 2,5 bar',NULL,NULL,NULL,'PC',1,1,NULL,'2016-08-17 12:44:09',NULL,NULL,NULL,NULL,NULL,NULL,NULL,'P1-8010-01-32','L 23/30',7),(3283,'Pulse Damper (Filter)','Pulse Damper (Filter)',NULL,NULL,NULL,'PC',1,1,NULL,'2016-08-17 12:44:10',NULL,NULL,NULL,NULL,NULL,NULL,NULL,'P1-8010-01-33','L 23/30',7),(3284,'Manometer 0 - 60 bar','Manometer 0 - 60 bar',NULL,NULL,NULL,'PC',1,1,NULL,'2016-08-17 12:44:10',NULL,NULL,NULL,NULL,NULL,NULL,NULL,'P1-8010-01-34','L 23/30',7),(3285,'Manometer 0 - 4 bar','Manometer 0 - 4 bar',NULL,NULL,NULL,'PC',1,1,NULL,'2016-08-17 12:44:10',NULL,NULL,NULL,NULL,NULL,NULL,NULL,'P1-8010-01-35','L 23/30',7),(3286,'Manometer 0 - 4 bar','Manometer 0 - 4 bar',NULL,NULL,NULL,'PC',1,1,NULL,'2016-08-17 12:44:10',NULL,NULL,NULL,NULL,NULL,NULL,NULL,'P1-8010-01-36','L 23/30',7),(3287,'Manometer 0 - 6 bar','Manometer 0 - 6 bar',NULL,NULL,NULL,'PC',1,1,NULL,'2016-08-17 12:44:10',NULL,NULL,NULL,NULL,NULL,NULL,NULL,'P1-8010-01-37','L 23/30',7),(3288,'Thermometer 0-120C','Thermometer 0-120C',NULL,NULL,NULL,'PC',1,1,NULL,'2016-08-17 12:44:10',NULL,NULL,NULL,NULL,NULL,NULL,NULL,'P1-8010-01-38','L 23/30',7),(3289,'Tachometer 0 - 1000 / 0 - 4000','Tachometer 0 - 1000 / 0 - 4000',NULL,NULL,NULL,'PC',1,1,NULL,'2016-08-17 12:44:10',NULL,NULL,NULL,NULL,NULL,NULL,NULL,'P1-8010-01-39','L 23/30',7),(3290,'Hour Counter','Hour Counter',NULL,NULL,NULL,'PC',1,1,NULL,'2016-08-17 12:44:10',NULL,NULL,NULL,NULL,NULL,NULL,NULL,'P1-8010-01-40','L 23/30',7),(3291,'Three Position Switch','Three Position Switch',NULL,NULL,NULL,'PC',1,1,NULL,'2016-08-17 12:44:11',NULL,NULL,NULL,NULL,NULL,NULL,NULL,'P1-8010-01-42','L 23/30',7),(3292,'Straight Coupling','Straight Coupling',NULL,NULL,NULL,'PC',1,1,NULL,'2016-08-17 12:44:11',NULL,NULL,NULL,NULL,NULL,NULL,NULL,'P1-8010-01-43','L 23/30',7),(3293,'Straight Male Stud Coupling','Straight Male Stud Coupling',NULL,NULL,NULL,'PC',1,1,NULL,'2016-08-17 12:44:11',NULL,NULL,NULL,NULL,NULL,NULL,NULL,'P1-8010-01-44','L 23/30',7),(3294,'Pipe for instrument panel','Pipe for instrument panel',NULL,NULL,NULL,'PC',1,1,NULL,'2016-08-17 12:44:11',NULL,NULL,NULL,NULL,NULL,NULL,NULL,'P1-8010-01-47','L 23/30',7),(3295,'Pipe for instrument panel','Pipe for instrument panel',NULL,NULL,NULL,'PC',1,1,NULL,'2016-08-17 12:44:11',NULL,NULL,NULL,NULL,NULL,NULL,NULL,'P1-8010-01-48','L 23/30',7),(3296,'Shut off valve','Shut off valve',NULL,NULL,NULL,'PC',1,1,NULL,'2016-08-17 12:44:11',NULL,NULL,NULL,NULL,NULL,NULL,NULL,'P1-8010-01-50','L 23/30',7),(3297,'Gasket','Gasket',NULL,NULL,NULL,'PC',1,1,NULL,'2016-08-17 12:44:12',NULL,NULL,NULL,NULL,NULL,NULL,NULL,'P1-8010-05-11','L 23/30',7),(3298,'Hexagon Screw','Hexagon Screw',NULL,NULL,NULL,'PC',1,1,NULL,'2016-08-17 12:44:12',NULL,NULL,NULL,NULL,NULL,NULL,NULL,'P1-8010-05-3','L 23/30',7),(3299,'Manometer 0 - 6 bar','Manometer 0 - 6 bar',NULL,NULL,NULL,'PC',1,1,NULL,'2016-08-17 12:44:12',NULL,NULL,NULL,NULL,NULL,NULL,NULL,'P1-8010-05-30','L 23/30',7),(3300,'Manometer 0 - 4 bar','Manometer 0 - 4 bar',NULL,NULL,NULL,'PC',1,1,NULL,'2016-08-17 12:44:12',NULL,NULL,NULL,NULL,NULL,NULL,NULL,'P1-8010-05-31','L 23/30',7),(3301,'Manometer 0 - 2,5 bar','Manometer 0 - 2,5 bar',NULL,NULL,NULL,'PC',1,1,NULL,'2016-08-17 12:44:12',NULL,NULL,NULL,NULL,NULL,NULL,NULL,'P1-8010-05-32','L 23/30',7),(3302,'Damper','Damper',NULL,NULL,NULL,'PC',1,1,NULL,'2016-08-17 12:44:12',NULL,NULL,NULL,NULL,NULL,NULL,NULL,'P1-8010-05-33','L 23/30',7),(3303,'Pressure Gauge 0 - 4 bar','Pressure Gauge 0 - 4 bar',NULL,NULL,NULL,'PC',1,1,NULL,'2016-08-17 12:44:13',NULL,NULL,NULL,NULL,NULL,NULL,NULL,'P1-8010-05-35','L 23/30',7),(3304,'Pressure Gauge 0 - 4 bar','Pressure Gauge 0 - 4 bar',NULL,NULL,NULL,'PC',1,1,NULL,'2016-08-17 12:44:13',NULL,NULL,NULL,NULL,NULL,NULL,NULL,'P1-8010-05-36','L 23/30',7),(3305,'Manometer 0 - 6 bar','Manometer 0 - 6 bar',NULL,NULL,NULL,'PC',1,1,NULL,'2016-08-17 12:44:13',NULL,NULL,NULL,NULL,NULL,NULL,NULL,'P1-8010-05-37','L 23/30',7),(3306,'Thermometer 0-120C','Thermometer 0-120C',NULL,NULL,NULL,'PC',1,1,NULL,'2016-08-17 12:44:13',NULL,NULL,NULL,NULL,NULL,NULL,NULL,'P1-8010-05-38','L 23/30',7),(3307,'Tachometer 0 - 1000 / 0 - 4000','Tachometer 0 - 1000 / 0 - 4000',NULL,NULL,NULL,'PC',1,1,NULL,'2016-08-17 12:44:13',NULL,NULL,NULL,NULL,NULL,NULL,NULL,'P1-8010-05-39','L 23/30',7),(3308,'Hour Counter','Hour Counter',NULL,NULL,NULL,'PC',1,1,NULL,'2016-08-17 12:44:13',NULL,NULL,NULL,NULL,NULL,NULL,NULL,'P1-8010-05-40','L 23/30',7),(3309,'Straight Coupling','Straight Coupling',NULL,NULL,NULL,'PC',1,1,NULL,'2016-08-17 12:44:13',NULL,NULL,NULL,NULL,NULL,NULL,NULL,'P1-8010-05-43','L 23/30',7),(3310,'Straight Male Stud Coupling','Straight Male Stud Coupling',NULL,NULL,NULL,'PC',1,1,NULL,'2016-08-17 12:44:14',NULL,NULL,NULL,NULL,NULL,NULL,NULL,'P1-8010-05-44','L 23/30',7),(3311,'Straight Male Stud Coupling','Straight Male Stud Coupling',NULL,NULL,NULL,'PC',1,1,NULL,'2016-08-17 12:44:14',NULL,NULL,NULL,NULL,NULL,NULL,NULL,'P1-8010-05-45','L 23/30',7),(3312,'Shut off valve','Shut off valve',NULL,NULL,NULL,'PC',1,1,NULL,'2016-08-17 12:44:14',NULL,NULL,NULL,NULL,NULL,NULL,NULL,'P1-8010-05-50','L 23/30',7),(3313,'Displacement Transmitter','Displacement Transmitter',NULL,NULL,NULL,'PC',1,1,NULL,'2016-08-17 12:44:14',NULL,NULL,NULL,NULL,NULL,NULL,NULL,'P1-8210-01-A10','L 23/30',7),(3314,'Cyl. Pin','Cyl. Pin',NULL,NULL,NULL,'PC',1,1,NULL,'2016-08-17 12:44:14',NULL,NULL,NULL,NULL,NULL,NULL,NULL,'P1-8210-01-A16','L 23/30',7),(3315,'Split Pin','Split Pin',NULL,NULL,NULL,'PC',1,1,NULL,'2016-08-17 12:44:14',NULL,NULL,NULL,NULL,NULL,NULL,NULL,'P1-8210-01-A17','L 23/30',7),(3316,'Linkage','Linkage',NULL,NULL,NULL,'PC',1,1,NULL,'2016-08-17 12:44:14',NULL,NULL,NULL,NULL,NULL,NULL,NULL,'P1-8210-01-A19','L 23/30',7),(3317,'Electro-Mechanical Actuator','Electro-Mechanical Actuator',NULL,NULL,NULL,'PC',1,1,NULL,'2016-08-17 12:44:15',NULL,NULL,NULL,NULL,NULL,NULL,NULL,'P1-8210-01-A5','L 23/30',7),(3318,'Servo Unit Unboxed','Servo Unit Unboxed',NULL,NULL,NULL,'PC',1,1,NULL,'2016-08-17 12:44:15',NULL,NULL,NULL,NULL,NULL,NULL,NULL,'P1-8210-01-B1','L 23/30',7),(3319,'Cylindrical Pin','Cylindrical Pin',NULL,NULL,NULL,'PC',1,1,NULL,'2016-08-17 12:44:15',NULL,NULL,NULL,NULL,NULL,NULL,NULL,'P1-8210-01-XXXX','L 23/30',7),(3320,'Slide Rod','Slide Rod',NULL,NULL,NULL,'PC',1,1,NULL,'2016-08-17 12:44:15',NULL,NULL,NULL,NULL,NULL,NULL,NULL,'P1-8210-01-XXXX','L 23/30',7),(3321,'Pressure Switch 10 - 35 bar','Pressure Switch 10 - 35 bar',NULL,NULL,NULL,'PC',1,1,NULL,'2016-08-17 12:44:15',NULL,NULL,NULL,NULL,NULL,NULL,NULL,'P1-8412-01-20','L 23/30',7),(3322,'Pressure Switch 0 - 3.5 bar','Pressure Switch 0 - 3.5 bar',NULL,NULL,NULL,'PC',1,1,NULL,'2016-08-17 12:44:15',NULL,NULL,NULL,NULL,NULL,NULL,NULL,'P1-8412-01-30','L 23/30',7),(3323,'Pressure Switch 0 - 3.5 bar','Pressure Switch 0 - 3.5 bar',NULL,NULL,NULL,'PC',1,1,NULL,'2016-08-17 12:44:15',NULL,NULL,NULL,NULL,NULL,NULL,NULL,'P1-8412-01-40','L 23/30',7),(3324,'Different Press Switch 0.2 - 2.5 bar','Different Press Switch 0.2 - 2.5 bar',NULL,NULL,NULL,'PC',1,1,NULL,'2016-08-17 12:44:16',NULL,NULL,NULL,NULL,NULL,NULL,NULL,'P1-8412-01-50','L 23/30',7),(3325,'Pressure Switch 0 - 3.5 bar','Pressure Switch 0 - 3.5 bar',NULL,NULL,NULL,'PC',1,1,NULL,'2016-08-17 12:44:16',NULL,NULL,NULL,NULL,NULL,NULL,NULL,'P1-8412-01-55','L 23/30',7),(3326,'Temperature Sensor','Temperature Sensor',NULL,NULL,NULL,'PC',1,1,NULL,'2016-08-17 12:44:16',NULL,NULL,NULL,NULL,NULL,NULL,NULL,'P1-8416-01-1','L 23/30',7),(3327,'Temperature Switch','Temperature Switch',NULL,NULL,NULL,'PC',1,1,NULL,'2016-08-17 12:44:16',NULL,NULL,NULL,NULL,NULL,NULL,NULL,'P1-8416-01-5','L 23/30',7),(3328,'Temperature Sensor','Temperature Sensor',NULL,NULL,NULL,'PC',1,1,NULL,'2016-08-17 12:44:16',NULL,NULL,NULL,NULL,NULL,NULL,NULL,'P1-8416-03-1','L 23/30',7),(3329,'Temperature Switch','Temperature Switch',NULL,NULL,NULL,'PC',1,1,NULL,'2016-08-17 12:44:16',NULL,NULL,NULL,NULL,NULL,NULL,NULL,'P1-8416-03-5','L 23/30',7),(3330,'Thermocouple','Thermocouple',NULL,NULL,NULL,'PC',1,1,NULL,'2016-08-17 12:44:16',NULL,NULL,NULL,NULL,NULL,NULL,NULL,'P1-8424-01-6','L 23/30',7),(3331,'Thermo Couple, Exhaust Temperature','Thermo Couple, Exhaust Temperature',NULL,NULL,NULL,'PC',1,1,NULL,'2016-08-17 12:44:16',NULL,NULL,NULL,NULL,NULL,NULL,NULL,'P1-8424-02-2','L 23/30',7),(3332,'Temperature Transmitter NICR-NI','Temperature Transmitter NICR-NI',NULL,NULL,NULL,'PC',1,1,NULL,'2016-08-17 12:44:17',NULL,NULL,NULL,NULL,NULL,NULL,NULL,'P1-8424-02-3','L 23/30',7),(3333,'Limit Switch 0 - 20 MA','Limit Switch 0 - 20 MA',NULL,NULL,NULL,'PC',1,1,NULL,'2016-08-17 12:44:17',NULL,NULL,NULL,NULL,NULL,NULL,NULL,'P1-8424-02-4','L 23/30',7),(3334,'Pressure Switch 0 - 3.5 bar','Pressure Switch 0 - 3.5 bar',NULL,NULL,NULL,'PC',1,1,NULL,'2016-08-17 12:44:17',NULL,NULL,NULL,NULL,NULL,NULL,NULL,'P1-8612-01-1','L 23/30',7),(3335,'BM Tacho Sensor','BM Tacho Sensor',NULL,NULL,NULL,'PC',1,1,NULL,'2016-08-17 12:44:17',NULL,NULL,NULL,NULL,NULL,NULL,NULL,'P1-8614-01-30','L 23/30',7),(3336,'BM Tacho Sensor','BM Tacho Sensor',NULL,NULL,NULL,'PC',1,1,NULL,'2016-08-17 12:44:17',NULL,NULL,NULL,NULL,NULL,NULL,NULL,'P1-8614-03-30','L 23/30',7),(3337,'Eye Bolt, M12','Eye Bolt, M12',NULL,NULL,NULL,'PC',1,1,NULL,'2016-08-17 12:44:17',NULL,NULL,NULL,NULL,NULL,NULL,NULL,'P1-9012-01-18','L 23/30',7),(3338,'Twist Drill','Twist Drill',NULL,NULL,NULL,'PC',1,1,NULL,'2016-08-17 12:44:17',NULL,NULL,NULL,NULL,NULL,NULL,NULL,'P1-9012--0--30','L 23/30',7),(3339,'Wrench for Exhaust Interm. Piece','Wrench for Exhaust Interm. Piece',NULL,NULL,NULL,'PC',1,1,NULL,'2016-08-17 12:44:18',NULL,NULL,NULL,NULL,NULL,NULL,NULL,'P1-9012-01-42','L 23/30',7),(3340,'Eye Bolt, M20','Eye Bolt, M20',NULL,NULL,NULL,'PC',1,1,NULL,'2016-08-17 12:44:18',NULL,NULL,NULL,NULL,NULL,NULL,NULL,'P1-9012-01-56','L 23/30',7),(3341,'Thermometer 0-100C/32-212F','Thermometer 0-100C/32-212F',NULL,NULL,NULL,'PC',1,1,NULL,'2016-08-17 12:44:18',NULL,NULL,NULL,NULL,NULL,NULL,NULL,'P1-9012-01-63','L 23/30',7),(3342,'Manometer 0 - 1000 bar','Manometer 0 - 1000 bar',NULL,NULL,NULL,'PC',1,1,NULL,'2016-08-17 12:44:18',NULL,NULL,NULL,NULL,NULL,NULL,NULL,'P1-9012-01-C2','L 23/30',7),(3343,'Spacer Ring','Spacer Ring',NULL,NULL,NULL,'PC',1,1,NULL,'2016-08-17 12:44:19',NULL,NULL,NULL,NULL,NULL,NULL,NULL,'P1-9012-01-G2','L 23/30',7),(3344,'Ball Handle','Ball Handle',NULL,NULL,NULL,'PC',1,1,NULL,'2016-08-17 12:44:19',NULL,NULL,NULL,NULL,NULL,NULL,NULL,'P1-9012-01-G3','L 23/30',7),(3345,'Crankshadt deflection indicator','Crankshadt deflection indicator',NULL,NULL,NULL,'PC',1,1,NULL,'2016-08-17 12:44:19',NULL,NULL,NULL,NULL,NULL,NULL,NULL,'P1-9012-03-58','L 23/30',7),(3346,'Pressure Transmitter 0-10 Bar/0-1.0 MPA','Pressure Transmitter 0-10 Bar/0-1.0 MPA',NULL,NULL,NULL,'PC',1,1,NULL,'2016-08-17 12:44:19',NULL,NULL,NULL,NULL,NULL,NULL,NULL,'P5-0923-01-5','L 21/31',8),(3347,'Pressure Control 1-4 Bar','Pressure Control 1-4 Bar',NULL,NULL,NULL,'PC',1,1,NULL,'2016-08-17 12:44:19',NULL,NULL,NULL,NULL,NULL,NULL,NULL,'P5-0923-01-6','L 21/31',8),(3348,'Pressure Transmitter 0-6  Bar/0-0.6 MPA','Pressure Transmitter 0-6  Bar/0-0.6 MPA',NULL,NULL,NULL,'PC',1,1,NULL,'2016-08-17 12:44:19',NULL,NULL,NULL,NULL,NULL,NULL,NULL,'P5-0923-01-7','L 21/31',8),(3349,'Pressure Transmitter 0-40 Bar/0-0.4 MPA','Pressure Transmitter 0-40 Bar/0-0.4 MPA',NULL,NULL,NULL,'PC',1,1,NULL,'2016-08-17 12:44:19',NULL,NULL,NULL,NULL,NULL,NULL,NULL,'P5-0923-01-8','L 21/31',8),(3350,'Pressure Transmitter','Pressure Transmitter',NULL,NULL,NULL,'PC',1,1,NULL,'2016-08-17 12:44:20',NULL,NULL,NULL,NULL,NULL,NULL,NULL,'P5-0923-01-9','L 21/31',8),(3351,'Pressure Transmitter 0-16 Bar/0-1.6 MPA','Pressure Transmitter 0-16 Bar/0-1.6 MPA',NULL,NULL,NULL,'PC',1,1,NULL,'2016-08-17 12:44:20',NULL,NULL,NULL,NULL,NULL,NULL,NULL,'P5-0923-01-10','L 21/31',8),(3352,'Pressure Control 1-10 Bar','Pressure Control 1-10 Bar',NULL,NULL,NULL,'PC',1,1,NULL,'2016-08-17 12:44:20',NULL,NULL,NULL,NULL,NULL,NULL,NULL,'P5-0923-01-11','L 21/31',8),(3353,'Temperature Sensor Ø 50mm','Temperature Sensor Ø 50mm',NULL,NULL,NULL,'PC',1,1,NULL,'2016-08-17 12:44:20',NULL,NULL,NULL,NULL,NULL,NULL,NULL,'P5-0924-01-1','L 21/31',8),(3354,'Temperature Sensor Ø 80mm','Temperature Sensor Ø 80mm',NULL,NULL,NULL,'PC',1,1,NULL,'2016-08-17 12:44:20',NULL,NULL,NULL,NULL,NULL,NULL,NULL,'P5-0924-01-2','L 21/31',8),(3355,'Temperature Sensor Ø 60mm','Temperature Sensor Ø 60mm',NULL,NULL,NULL,'PC',1,1,NULL,'2016-08-17 12:44:20',NULL,NULL,NULL,NULL,NULL,NULL,NULL,'P5-0924-01-3','L 21/31',8),(3356,'Temperature Sensor Ø 150mm','Temperature Sensor Ø 150mm',NULL,NULL,NULL,'PC',1,1,NULL,'2016-08-17 12:44:20',NULL,NULL,NULL,NULL,NULL,NULL,NULL,'P5-0924-01-5','L 21/31',8),(3357,'Level Switch','Level Switch',NULL,NULL,NULL,'PC',1,1,NULL,'2016-08-17 12:44:20',NULL,NULL,NULL,NULL,NULL,NULL,NULL,'P5-0926-01-2','L 21/31',8),(3358,'Level Switch','Level Switch',NULL,NULL,NULL,'PC',1,1,NULL,'2016-08-17 12:44:21',NULL,NULL,NULL,NULL,NULL,NULL,NULL,'P5-0926-02-A1','L 21/31',8),(3359,'Exhaust Gas Temperature Sensor','Exhaust Gas Temperature Sensor',NULL,NULL,NULL,'PC',1,1,NULL,'2016-08-17 12:44:21',NULL,NULL,NULL,NULL,NULL,NULL,NULL,'P5-0927-02-1','L 21/31',8),(3360,'Exhaust Gas Temperature Sensor','Exhaust Gas Temperature Sensor',NULL,NULL,NULL,'PC',1,1,NULL,'2016-08-17 12:44:21',NULL,NULL,NULL,NULL,NULL,NULL,NULL,'P5-0927-02-1','L 21/31',8),(3361,'Exhaust Gas Temperature Sensor','Exhaust Gas Temperature Sensor',NULL,NULL,NULL,'PC',1,1,NULL,'2016-08-17 12:44:21',NULL,NULL,NULL,NULL,NULL,NULL,NULL,'P5-0927-02-2','L 21/31',8),(3362,'Sensor pocket','Sensor pocket',NULL,NULL,NULL,'PC',1,1,NULL,'2016-08-17 12:44:21',NULL,NULL,NULL,NULL,NULL,NULL,NULL,'P5-0927-02-5','L 21/31',8),(3363,'Sensor pocket','Sensor pocket',NULL,NULL,NULL,'PC',1,1,NULL,'2016-08-17 12:44:21',NULL,NULL,NULL,NULL,NULL,NULL,NULL,'P5-0927-02-6','L 21/31',8),(3364,'Pick-Up','Pick-Up',NULL,NULL,NULL,'PC',1,1,NULL,'2016-08-17 12:44:21',NULL,NULL,NULL,NULL,NULL,NULL,NULL,'P5-0928-01-1','L 21/31',8),(3365,'Pick-Up','Pick-Up',NULL,NULL,NULL,'PC',1,1,NULL,'2016-08-17 12:44:22',NULL,NULL,NULL,NULL,NULL,NULL,NULL,'P5-0928-02-11','L 21/31',8),(3366,'Displacement Transmitter','Displacement Transmitter',NULL,NULL,NULL,'PC',1,1,NULL,'2016-08-17 12:44:22',NULL,NULL,NULL,NULL,NULL,NULL,NULL,'P5-0928-02-12','L 21/31',8),(3367,'Packing-Silicone Paste Adh./Seal','Packing-Silicone Paste Adh./Seal',NULL,NULL,NULL,'PC',1,1,NULL,'2016-08-17 12:44:22',NULL,NULL,NULL,NULL,NULL,NULL,NULL,'P5-1108-02-47','L 21/31',8),(3368,'Adhesive  (Wacker Elastosil E43)','Adhesive  (Wacker Elastosil E43)',NULL,NULL,NULL,'PC',1,1,NULL,'2016-08-17 12:44:22',NULL,NULL,NULL,NULL,NULL,NULL,NULL,'P5-1108-02-251','L 21/31',8),(3369,'Gasket','Gasket',NULL,NULL,NULL,'PC',1,1,NULL,'2016-08-17 12:44:22',NULL,NULL,NULL,NULL,NULL,NULL,NULL,'P5-1108-02-263','L 21/31',8),(3370,'Gasket','Gasket',NULL,NULL,NULL,'PC',1,1,NULL,'2016-08-17 12:44:22',NULL,NULL,NULL,NULL,NULL,NULL,NULL,'P5-1108-02-264','L 21/31',8),(3371,'Packing','Packing',NULL,NULL,NULL,'PC',1,1,NULL,'2016-08-17 12:44:22',NULL,NULL,NULL,NULL,NULL,NULL,NULL,'P5-1108-02-270','L 21/31',8),(3372,'O-Ring','O-Ring',NULL,NULL,NULL,'PC',1,1,NULL,'2016-08-17 12:44:22',NULL,NULL,NULL,NULL,NULL,NULL,NULL,'P5-1108-02-291','L 21/31',8),(3373,'Gasket End Cover','Gasket End Cover',NULL,NULL,NULL,'PC',1,1,NULL,'2016-08-17 12:44:23',NULL,NULL,NULL,NULL,NULL,NULL,NULL,'P5-1201-11-113','L 21/31',8),(3374,'Gasket Reversing Chamber','Gasket Reversing Chamber',NULL,NULL,NULL,'PC',1,1,NULL,'2016-08-17 12:44:23',NULL,NULL,NULL,NULL,NULL,NULL,NULL,'P5-1201-11-150','L 21/31',8),(3375,'Gasket','Gasket',NULL,NULL,NULL,'PC',1,1,NULL,'2016-08-17 12:44:23',NULL,NULL,NULL,NULL,NULL,NULL,NULL,'P5-1202-11-12','L 21/31',8),(3376,'Compensator','Compensator',NULL,NULL,NULL,'PC',1,1,NULL,'2016-08-17 12:44:23',NULL,NULL,NULL,NULL,NULL,NULL,NULL,'P5-1202-11-50','L 21/31',8),(3377,'Gasket','Gasket',NULL,NULL,NULL,'PC',1,1,NULL,'2016-08-17 12:44:23',NULL,NULL,NULL,NULL,NULL,NULL,NULL,'P5-1202-11-85','L 21/31',8),(3378,'Air filter','Air filter',NULL,NULL,NULL,'PC',1,1,NULL,'2016-08-17 12:44:23',NULL,NULL,NULL,NULL,NULL,NULL,NULL,'P5-1203-19-','L 21/31',8),(3379,'O-Ring, Viton','O-Ring, Viton',NULL,NULL,NULL,'PC',1,1,NULL,'2016-08-17 12:44:23',NULL,NULL,NULL,NULL,NULL,NULL,NULL,'P5-1203-33-10','L 21/31',8),(3380,'Round Seal Ring','Round Seal Ring',NULL,NULL,NULL,'PC',1,1,NULL,'2016-08-17 12:44:24',NULL,NULL,NULL,NULL,NULL,NULL,NULL,'P5-1203-33-11','L 21/31',8),(3381,'Compensator Axial ','Compensator Axial ',NULL,NULL,NULL,'PC',1,1,NULL,'2016-08-17 12:44:24',NULL,NULL,NULL,NULL,NULL,NULL,NULL,'P5-1204-16-13','L 21/31',8),(3382,'Garket','Garket',NULL,NULL,NULL,'PC',1,1,NULL,'2016-08-17 12:44:24',NULL,NULL,NULL,NULL,NULL,NULL,NULL,'P5-1204-16-25','L 21/31',8),(3383,'Gasket','Gasket',NULL,NULL,NULL,'PC',1,1,NULL,'2016-08-17 12:44:24',NULL,NULL,NULL,NULL,NULL,NULL,NULL,'P5-1204-33-25','L 21/31',8),(3384,'Injection Nozzle','Injection Nozzle',NULL,NULL,NULL,'PC',1,1,NULL,'2016-08-17 12:44:24',NULL,NULL,NULL,NULL,NULL,NULL,NULL,'P5-1402-23-21','L 21/31',8),(3385,'O-Ring','O-Ring',NULL,NULL,NULL,'PC',1,1,NULL,'2016-08-17 12:44:24',NULL,NULL,NULL,NULL,NULL,NULL,NULL,'P5-1402-23-33','L 21/31',8),(3386,'O-Ring','O-Ring',NULL,NULL,NULL,'PC',1,1,NULL,'2016-08-17 12:44:24',NULL,NULL,NULL,NULL,NULL,NULL,NULL,'P5-1402-23-104','L 21/31',8),(3387,'Spring','Spring',NULL,NULL,NULL,'PC',1,1,NULL,'2016-08-17 12:44:25',NULL,NULL,NULL,NULL,NULL,NULL,NULL,'P5-1402-23-70','L 21/31',8),(3388,'Thrust Piece','Thrust Piece',NULL,NULL,NULL,'PC',1,1,NULL,'2016-08-17 12:44:25',NULL,NULL,NULL,NULL,NULL,NULL,NULL,'P5-1402-23-57','L 21/31',8),(3389,'Cylindrical Pin','Cylindrical Pin',NULL,NULL,NULL,'PC',1,1,NULL,'2016-08-17 12:44:25',NULL,NULL,NULL,NULL,NULL,NULL,NULL,'P5-1402-23-57','L 21/31',8),(3390,'Seal Ring','Seal Ring',NULL,NULL,NULL,'PC',1,1,NULL,'2016-08-17 12:44:25',NULL,NULL,NULL,NULL,NULL,NULL,NULL,'P5-1404-12-10','L 21/31',8),(3391,'O-Ring','O-Ring',NULL,NULL,NULL,'PC',1,1,NULL,'2016-08-17 12:44:25',NULL,NULL,NULL,NULL,NULL,NULL,NULL,'P5-1404-12-22','L 21/31',8),(3392,'Round Seal Ring','Round Seal Ring',NULL,NULL,NULL,'PC',1,1,NULL,'2016-08-17 12:44:25',NULL,NULL,NULL,NULL,NULL,NULL,NULL,'P5-1404-12-46','L 21/31',8),(3393,'O-Ring','O-Ring',NULL,NULL,NULL,'PC',1,1,NULL,'2016-08-17 12:44:25',NULL,NULL,NULL,NULL,NULL,NULL,NULL,'P5-1415-05-12','L 21/31',8),(3394,'Filter element','Filter element',NULL,NULL,NULL,'PC',1,1,NULL,'2016-08-17 12:44:25',NULL,NULL,NULL,NULL,NULL,NULL,NULL,'P5-1415-05-22','L 21/31',8),(3395,'Gasket','Gasket',NULL,NULL,NULL,'PC',1,1,NULL,'2016-08-17 12:44:26',NULL,NULL,NULL,NULL,NULL,NULL,NULL,'P5-1415-05-23','L 21/31',8),(3396,'Round Seal Ring','Round Seal Ring',NULL,NULL,NULL,'PC',1,1,NULL,'2016-08-17 12:44:26',NULL,NULL,NULL,NULL,NULL,NULL,NULL,'P5-1502-11-49','L 21/31',8),(3397,'O-Ring','O-Ring',NULL,NULL,NULL,'PC',1,1,NULL,'2016-08-17 12:44:26',NULL,NULL,NULL,NULL,NULL,NULL,NULL,'P5-1502-11-62','L 21/31',8),(3398,'O-Ring, Viton','O-Ring, Viton',NULL,NULL,NULL,'PC',1,1,NULL,'2016-08-17 12:44:26',NULL,NULL,NULL,NULL,NULL,NULL,NULL,'P5-1502-11-98','L 21/31',8),(3399,'O-Ring, Viton','O-Ring, Viton',NULL,NULL,NULL,'PC',1,1,NULL,'2016-08-17 12:44:26',NULL,NULL,NULL,NULL,NULL,NULL,NULL,'P5-1502-11-133','L 21/31',8),(3400,'O-Ring','O-Ring',NULL,NULL,NULL,'PC',1,1,NULL,'2016-08-17 12:44:26',NULL,NULL,NULL,NULL,NULL,NULL,NULL,'P5-1502-11-157','L 21/31',8),(3401,'O-Ring','O-Ring',NULL,NULL,NULL,'PC',1,1,NULL,'2016-08-17 12:44:26',NULL,NULL,NULL,NULL,NULL,NULL,NULL,'P5-1503-03-93','L 21/31',8),(3402,'O-Ring, Viton','O-Ring, Viton',NULL,NULL,NULL,'PC',1,1,NULL,'2016-08-17 12:44:27',NULL,NULL,NULL,NULL,NULL,NULL,NULL,'P5-1630-08-33','L 21/31',8),(3403,'O-Ring, Viton','O-Ring, Viton',NULL,NULL,NULL,'PC',1,1,NULL,'2016-08-17 12:44:27',NULL,NULL,NULL,NULL,NULL,NULL,NULL,'P5-1630-08-273','L 21/31',8),(3404,'O-Ring, Viton','O-Ring, Viton',NULL,NULL,NULL,'PC',1,1,NULL,'2016-08-17 12:44:27',NULL,NULL,NULL,NULL,NULL,NULL,NULL,'P5-1630-08-297','L 21/31',8),(3405,'O-Ring','O-Ring',NULL,NULL,NULL,'PC',1,1,NULL,'2016-08-17 12:44:27',NULL,NULL,NULL,NULL,NULL,NULL,NULL,'P5-1650-01-56','L 21/31',8),(3406,'Round Seal Ring, Viton','Round Seal Ring, Viton',NULL,NULL,NULL,'PC',1,1,NULL,'2016-08-17 12:44:27',NULL,NULL,NULL,NULL,NULL,NULL,NULL,'P5-1650-01-103','L 21/31',8),(3407,'O-Ring','O-Ring',NULL,NULL,NULL,'PC',1,1,NULL,'2016-08-17 12:44:27',NULL,NULL,NULL,NULL,NULL,NULL,NULL,'P5-1650-01-139','L 21/31',8),(3408,'Sealing Ring','Sealing Ring',NULL,NULL,NULL,'PC',1,1,NULL,'2016-08-17 12:44:27',NULL,NULL,NULL,NULL,NULL,NULL,NULL,'P5-1650-01-176','L 21/31',8),(3409,'O-Ring, Viton','O-Ring, Viton',NULL,NULL,NULL,'PC',1,1,NULL,'2016-08-17 12:44:27',NULL,NULL,NULL,NULL,NULL,NULL,NULL,'P5-1651-01-14','L 21/31',8),(3410,'Round Seal Ring, Viton','Round Seal Ring, Viton',NULL,NULL,NULL,'PC',1,1,NULL,'2016-08-17 12:44:28',NULL,NULL,NULL,NULL,NULL,NULL,NULL,'P5-1651-01-109','L 21/31',8),(3411,'O-Ring, Viton','O-Ring, Viton',NULL,NULL,NULL,'PC',1,1,NULL,'2016-08-17 12:44:28',NULL,NULL,NULL,NULL,NULL,NULL,NULL,'P5-1651-01-134','L 21/31',8),(3412,'Sealing Ring','Sealing Ring',NULL,NULL,NULL,'PC',1,1,NULL,'2016-08-17 12:44:28',NULL,NULL,NULL,NULL,NULL,NULL,NULL,'P5-1651-01-158','L 21/31',8),(3413,'Spare part kit for FW Pump','Spare part kit for FW Pump',NULL,NULL,NULL,'PC',1,1,NULL,'2016-08-17 12:44:28',NULL,NULL,NULL,NULL,NULL,NULL,NULL,'P5-1710-04-301','L 21/31',8),(3429,'Flight','Travelling Costs',NULL,NULL,NULL,NULL,4,1,NULL,'2016-07-26 16:40:41',NULL,NULL,NULL,NULL,NULL,NULL,NULL,'Fligth',NULL,NULL),(3430,'Taxi','Travelling Costs',NULL,NULL,NULL,NULL,4,1,NULL,'2016-07-26 16:40:41',NULL,NULL,NULL,NULL,NULL,NULL,NULL,'Taxi',NULL,NULL),(3431,'Company Car','Travelling Costs',NULL,NULL,NULL,NULL,4,1,NULL,'2016-07-26 16:40:41',NULL,NULL,NULL,NULL,NULL,NULL,NULL,'Company Car',NULL,NULL),(3432,'Hotel','Travelling Costs',NULL,NULL,NULL,NULL,4,1,NULL,'2016-07-26 16:40:41',NULL,NULL,NULL,NULL,NULL,NULL,NULL,'Hotel',NULL,NULL),(3434,'Others (Visa/parking,toll)','Travelling Costs',NULL,NULL,NULL,NULL,4,1,NULL,'2016-07-26 16:40:41',NULL,NULL,NULL,NULL,NULL,NULL,NULL,'Others (Visa/parking,toll)',NULL,NULL),(3438,'Pressure Transmiter','Pressure Transmiter',595.790,595.790,NULL,'PC',1,1,'38','2016-08-26 13:53:35',NULL,NULL,NULL,NULL,NULL,NULL,NULL,'P28412-14-14',NULL,NULL),(3439,'TACHO UNIT','TACHO UNIT',2733.590,2733.590,NULL,'PC',1,1,'38','2016-09-05 12:24:16','45','2017-01-06 14:27:29',NULL,'Tacómetro',NULL,NULL,NULL,'P4-1510-01-B11',NULL,29),(3440,'Thermometer ','Thermometer ',44.800,44.800,NULL,'PC',1,1,'38','2016-09-05 12:24:16',NULL,NULL,NULL,NULL,NULL,NULL,NULL,'P13016-01-4157 ',NULL,NULL),(3441,'COOLER PLATE','COOLER PLATE',1644.460,1644.460,NULL,'PC',1,1,'38','2016-09-08 11:26:39',NULL,NULL,NULL,NULL,NULL,NULL,NULL,'P1-3014-01 A5',NULL,NULL),(3442,'SPRING DISC, Ø12','SPRING DISC, Ø12',3.080,3.080,NULL,'PC',1,1,'38','2016-09-08 11:54:51',NULL,NULL,NULL,NULL,NULL,NULL,NULL,'P1-1414-03-24',NULL,NULL),(3443,'High temp. Cooler','High temp. Cooler',8319.140,8319.140,NULL,'PC',1,1,'38','2016-09-09 11:58:26',NULL,NULL,NULL,NULL,NULL,NULL,NULL,'P1-3014-03-1',NULL,NULL),(3444,'Lip Ring ','Lip Ring ',317.820,317.820,NULL,'PC',1,1,'38','2016-09-09 16:28:45',NULL,NULL,NULL,NULL,NULL,NULL,NULL,'P3-1005-5367-199',NULL,NULL),(3445,'Lip Ring ','Lip Ring ',317.820,317.820,NULL,'PC',1,1,'38','2016-09-09 16:28:45',NULL,NULL,NULL,NULL,NULL,NULL,NULL,'P3-1505-01-198',NULL,NULL),(3446,'Sealing Ring ','Sealing Ring ',36.230,36.230,NULL,'PC',1,1,'38','2016-09-12 17:47:37',NULL,NULL,NULL,NULL,NULL,NULL,NULL,'P3-1005-5894-20',NULL,NULL),(3447,'Sealing Ring ','Sealing Ring ',36.230,36.230,NULL,'PC',1,1,'38','2016-09-12 17:47:39',NULL,NULL,NULL,NULL,NULL,NULL,NULL,'P3-1005-5894-20',NULL,NULL),(3448,'51.96820.0209','51.96820.0209',250.820,250.820,NULL,'PC',1,1,'38','2016-09-15 10:37:06',NULL,NULL,NULL,NULL,NULL,NULL,NULL,'V-Belt 3-3VX 600',NULL,NULL),(3449,'V-Belt 3-3VX 600','V-Belt 3-3VX 600',250.820,250.820,NULL,'PC',1,1,'38','2016-09-15 10:42:58',NULL,NULL,NULL,NULL,NULL,NULL,NULL,'51.96820.0209',NULL,NULL),(3450,'Q96 INSTRUMENT','Q96 INSTRUMENT',887.760,887.760,NULL,'PC',1,1,'38','2016-09-19 10:33:45',NULL,NULL,NULL,NULL,NULL,NULL,NULL,'P41012-05-4',NULL,NULL),(3451,'HEXAGON SCREW ','HEXAGON SCREW ',12.310,12.310,NULL,'PC',1,1,'38','2016-09-19 17:04:05',NULL,NULL,NULL,NULL,NULL,NULL,NULL,'P31005-5630-103',NULL,NULL),(3452,'STERN TUBE LINER AFT','STERN TUBE LINER AFT',6507.090,6507.090,NULL,'PC',1,1,'38','2016-09-19 17:04:05',NULL,NULL,NULL,NULL,NULL,NULL,NULL,'P31005-5630-111',NULL,NULL),(3453,'STERN TUBE BUSH','STERN TUBE BUSH',2395.160,2395.160,NULL,'PC',1,1,'38','2016-09-19 17:04:05',NULL,NULL,NULL,NULL,NULL,NULL,NULL,'P31005-5630-112',NULL,NULL),(3454,'SEALING RING','SEALING RING',65.390,65.390,NULL,'PC',1,1,'38','2016-09-19 17:04:05',NULL,NULL,NULL,NULL,NULL,NULL,NULL,'P31005-5630-116',NULL,NULL),(3455,'OIL SEALING RING','OIL SEALING RING',48.130,48.130,NULL,'PC',1,1,'38','2016-09-19 17:04:05',NULL,NULL,NULL,NULL,NULL,NULL,NULL,'P31005-5630-119',NULL,NULL),(3456,'GASKET F. OILBOX','GASKET F. OILBOX',204.600,204.600,NULL,'PC',1,1,'38','2016-09-19 17:04:05',NULL,NULL,NULL,NULL,NULL,NULL,NULL,'P31005-5630-120',NULL,NULL),(3457,'HEXAGON SCREW','HEXAGON SCREW',3.080,3.080,NULL,'PC',1,1,'38','2016-09-19 17:04:05',NULL,NULL,NULL,NULL,NULL,NULL,NULL,'P31005-5630-121',NULL,NULL),(3458,'SEALING RING','SEALING RING',142.260,142.260,NULL,'PC',1,1,'38','2016-09-19 17:04:05',NULL,NULL,NULL,NULL,NULL,NULL,NULL,'P31005-5630-123',NULL,NULL),(3459,'DRAIN VALVE G3/4\"','DRAIN VALVE G3/4\"',66.720,66.720,NULL,'PC',1,1,'38','2016-09-19 17:04:05',NULL,NULL,NULL,NULL,NULL,NULL,NULL,'P31005-5630-152',NULL,NULL),(3460,'KEY STEEL, RECTANGULAR','KEY STEEL, RECTANGULAR',86.700,86.700,NULL,'PC',1,1,'38','2016-09-19 17:04:05',NULL,NULL,NULL,NULL,NULL,NULL,NULL,'P31005-5630-161',NULL,NULL),(3461,'SEALING RING Ø200','SEALING RING Ø200',517.030,517.030,NULL,'PC',1,1,'38','2016-09-19 17:04:05',NULL,NULL,NULL,NULL,NULL,NULL,NULL,'P31005-5630-199',NULL,NULL),(3462,'HEX.SOCKET HEAD ','HEX.SOCKET HEAD ',45.630,45.630,NULL,'PC',1,1,'38','2016-09-19 17:04:05',NULL,NULL,NULL,NULL,NULL,NULL,NULL,'P31005-5630-B2',NULL,NULL),(3463,'HEX. SOCKET CAP SCREW','HEX. SOCKET CAP SCREW',6.260,6.260,NULL,'PC',1,1,'38','2016-09-19 17:04:05',NULL,NULL,NULL,NULL,NULL,NULL,NULL,'P31505-01-1',NULL,NULL),(3464,'RING ANODE','RING ANODE',1266.340,1266.340,NULL,'PC',1,1,'38','2016-09-19 17:04:05',NULL,NULL,NULL,NULL,NULL,NULL,NULL,'P31505-01-3',NULL,NULL),(3465,'HEX. SOCKET CAP SCREW W N','HEX. SOCKET CAP SCREW W N',55.300,55.300,NULL,'PC',1,1,'38','2016-09-19 17:04:05',NULL,NULL,NULL,NULL,NULL,NULL,NULL,'P31505-01-4',NULL,NULL),(3466,'SEALING RING, Ø8 X Ø470','SEALING RING, Ø8 X Ø470',36.230,36.230,NULL,'PC',1,1,'38','2016-09-19 17:04:05',NULL,NULL,NULL,NULL,NULL,NULL,NULL,'P31505-01-6',NULL,NULL),(3467,'HEX. SOCKET CAP SCREW W N','HEX. SOCKET CAP SCREW W N',10.880,10.880,NULL,'PC',1,1,'38','2016-09-19 17:04:05',NULL,NULL,NULL,NULL,NULL,NULL,NULL,'P31505-01-8',NULL,NULL),(3468,'HEX. SOCKET CAP SCREW W N','HEX. SOCKET CAP SCREW W N',32.740,32.740,NULL,'PC',1,1,'38','2016-09-19 17:04:05',NULL,NULL,NULL,NULL,NULL,NULL,NULL,'P31505-01-15',NULL,NULL),(3469,'BLADE SCREW','BLADE SCREW',472.260,472.260,NULL,'PC',1,1,'38','2016-09-19 17:04:05',NULL,NULL,NULL,NULL,NULL,NULL,NULL,'P31505-01-16',NULL,NULL),(3470,'SEALING RING','SEALING RING',127.700,127.700,NULL,'PC',1,1,'38','2016-09-19 17:04:05',NULL,NULL,NULL,NULL,NULL,NULL,NULL,'P31505-01-17',NULL,NULL),(3471,'SLIDE RING','SLIDE RING',219.520,219.520,NULL,'PC',1,1,'38','2016-09-19 17:04:05',NULL,NULL,NULL,NULL,NULL,NULL,NULL,'P31505-01-18',NULL,NULL),(3472,'SEALING RING, Ø8 X Ø470','SEALING RING, Ø8 X Ø470',36.230,36.230,NULL,'PC',1,1,'38','2016-09-19 17:04:05',NULL,NULL,NULL,NULL,NULL,NULL,NULL,'P31505-01-20',NULL,NULL),(3473,'GUIDE PIN','GUIDE PIN',94.550,94.550,NULL,'PC',1,1,'38','2016-09-19 17:04:05',NULL,NULL,NULL,NULL,NULL,NULL,NULL,'P31505-01-23',NULL,NULL),(3474,'HEXAGON SCREW WITH NYLON','HEXAGON SCREW WITH NYLON',13.140,13.140,NULL,'PC',1,1,'38','2016-09-19 17:04:05',NULL,NULL,NULL,NULL,NULL,NULL,NULL,'P31505-01-24',NULL,NULL),(3475,'GASKET, Ø280/Ø230/PCD250/8XØ14','GASKET, Ø280/Ø230/PCD250/8XØ14',178.910,178.910,NULL,'PC',1,1,'38','2016-09-19 17:04:05',NULL,NULL,NULL,NULL,NULL,NULL,NULL,'P31505-5630-25',NULL,NULL),(3476,'HEXAGON SCREW M12X35, WIRE LOCK','HEXAGON SCREW M12X35, WIRE LOCK',47.180,47.180,NULL,'PC',1,1,'38','2016-09-19 17:04:05',NULL,NULL,NULL,NULL,NULL,NULL,NULL,'P31505-5630-26',NULL,NULL),(3477,'Liner','Liner',4925.700,4925.700,NULL,'PC',1,1,'38','2016-09-19 17:04:05',NULL,NULL,NULL,NULL,NULL,NULL,NULL,'P31505-5630-28',NULL,NULL),(3478,'SEALING RINGS - NON GLUED','SEALING RINGS - NON GLUED',3.080,3.080,NULL,'PC',1,1,'38','2016-09-19 17:04:05',NULL,NULL,NULL,NULL,NULL,NULL,NULL,'P31505-01-32',NULL,NULL),(3479,'U-SLEEVE','U-SLEEVE',14.110,14.110,NULL,'PC',1,1,'38','2016-09-19 17:04:05',NULL,NULL,NULL,NULL,NULL,NULL,NULL,'P31505-01-34',NULL,NULL),(3480,'CYL. SCREWS','CYL. SCREWS',3.080,3.080,NULL,'PC',1,1,'38','2016-09-19 17:04:05',NULL,NULL,NULL,NULL,NULL,NULL,NULL,'P31505-01-35',NULL,NULL),(3481,'WIPER SEAL, Ø80 X Ø70 X 7','WIPER SEAL, Ø80 X Ø70 X 7',16.480,16.480,NULL,'PC',1,1,'38','2016-09-19 17:04:05',NULL,NULL,NULL,NULL,NULL,NULL,NULL,'P31505-01-36',NULL,NULL),(3482,'RETAINING RINGS F.BORING','RETAINING RINGS F.BORING',3.080,3.080,NULL,'PC',1,1,'38','2016-09-19 17:04:05',NULL,NULL,NULL,NULL,NULL,NULL,NULL,'P31505-01-42',NULL,NULL),(3483,'VALVE RING','VALVE RING',607.940,607.940,NULL,'PC',1,1,'38','2016-09-19 17:04:05',NULL,NULL,NULL,NULL,NULL,NULL,NULL,'P31505-01-44',NULL,NULL),(3484,'SPRING','SPRING',5.750,5.750,NULL,'PC',1,1,'38','2016-09-19 17:04:05',NULL,NULL,NULL,NULL,NULL,NULL,NULL,'P31505-01-45',NULL,NULL),(3485,'ANODE','ANODE',112.570,112.570,NULL,'PC',1,1,'38','2016-09-19 17:04:05',NULL,NULL,NULL,NULL,NULL,NULL,NULL,'P31505-5630-83',NULL,NULL),(3486,'SEALING RING Ø200','SEALING RING Ø200',517.030,517.030,NULL,'PC',1,1,'38','2016-09-19 17:04:05',NULL,NULL,NULL,NULL,NULL,NULL,NULL,'P31505-5630-198',NULL,NULL),(3487,'HEXAGON SCREW ','HEXAGON SCREW ',12.310,12.310,NULL,'PC',1,1,'38','2016-09-19 17:04:07',NULL,NULL,NULL,NULL,NULL,NULL,NULL,'P31005-5630-103',NULL,NULL),(3488,'STERN TUBE LINER AFT','STERN TUBE LINER AFT',6507.090,6507.090,NULL,'PC',1,1,'38','2016-09-19 17:04:07',NULL,NULL,NULL,NULL,NULL,NULL,NULL,'P31005-5630-111',NULL,NULL),(3489,'STERN TUBE BUSH','STERN TUBE BUSH',2395.160,2395.160,NULL,'PC',1,1,'38','2016-09-19 17:04:07',NULL,NULL,NULL,NULL,NULL,NULL,NULL,'P31005-5630-112',NULL,NULL),(3490,'SEALING RING','SEALING RING',65.390,65.390,NULL,'PC',1,1,'38','2016-09-19 17:04:07',NULL,NULL,NULL,NULL,NULL,NULL,NULL,'P31005-5630-116',NULL,NULL),(3491,'OIL SEALING RING','OIL SEALING RING',48.130,48.130,NULL,'PC',1,1,'38','2016-09-19 17:04:07',NULL,NULL,NULL,NULL,NULL,NULL,NULL,'P31005-5630-119',NULL,NULL),(3492,'GASKET F. OILBOX','GASKET F. OILBOX',204.600,204.600,NULL,'PC',1,1,'38','2016-09-19 17:04:07',NULL,NULL,NULL,NULL,NULL,NULL,NULL,'P31005-5630-120',NULL,NULL),(3493,'HEXAGON SCREW','HEXAGON SCREW',3.080,3.080,NULL,'PC',1,1,'38','2016-09-19 17:04:07',NULL,NULL,NULL,NULL,NULL,NULL,NULL,'P31005-5630-121',NULL,NULL),(3494,'SEALING RING','SEALING RING',142.260,142.260,NULL,'PC',1,1,'38','2016-09-19 17:04:07',NULL,NULL,NULL,NULL,NULL,NULL,NULL,'P31005-5630-123',NULL,NULL),(3495,'DRAIN VALVE G3/4\"','DRAIN VALVE G3/4\"',66.720,66.720,NULL,'PC',1,1,'38','2016-09-19 17:04:07',NULL,NULL,NULL,NULL,NULL,NULL,NULL,'P31005-5630-152',NULL,NULL),(3496,'KEY STEEL, RECTANGULAR','KEY STEEL, RECTANGULAR',86.700,86.700,NULL,'PC',1,1,'38','2016-09-19 17:04:07',NULL,NULL,NULL,NULL,NULL,NULL,NULL,'P31005-5630-161',NULL,NULL),(3497,'SEALING RING Ø200','SEALING RING Ø200',517.030,517.030,NULL,'PC',1,1,'38','2016-09-19 17:04:07',NULL,NULL,NULL,NULL,NULL,NULL,NULL,'P31005-5630-199',NULL,NULL),(3498,'HEX.SOCKET HEAD ','HEX.SOCKET HEAD ',45.630,45.630,NULL,'PC',1,1,'38','2016-09-19 17:04:07',NULL,NULL,NULL,NULL,NULL,NULL,NULL,'P31005-5630-B2',NULL,NULL),(3499,'HEX. SOCKET CAP SCREW','HEX. SOCKET CAP SCREW',6.260,6.260,NULL,'PC',1,1,'38','2016-09-19 17:04:07',NULL,NULL,NULL,NULL,NULL,NULL,NULL,'P31505-01-1',NULL,NULL),(3500,'RING ANODE','RING ANODE',1266.340,1266.340,NULL,'PC',1,1,'38','2016-09-19 17:04:07',NULL,NULL,NULL,NULL,NULL,NULL,NULL,'P31505-01-3',NULL,NULL),(3501,'HEX. SOCKET CAP SCREW W N','HEX. SOCKET CAP SCREW W N',55.300,55.300,NULL,'PC',1,1,'38','2016-09-19 17:04:07',NULL,NULL,NULL,NULL,NULL,NULL,NULL,'P31505-01-4',NULL,NULL),(3502,'SEALING RING, Ø8 X Ø470','SEALING RING, Ø8 X Ø470',36.230,36.230,NULL,'PC',1,1,'38','2016-09-19 17:04:07',NULL,NULL,NULL,NULL,NULL,NULL,NULL,'P31505-01-6',NULL,NULL),(3503,'HEX. SOCKET CAP SCREW W N','HEX. SOCKET CAP SCREW W N',10.880,10.880,NULL,'PC',1,1,'38','2016-09-19 17:04:07',NULL,NULL,NULL,NULL,NULL,NULL,NULL,'P31505-01-8',NULL,NULL),(3504,'HEX. SOCKET CAP SCREW W N','HEX. SOCKET CAP SCREW W N',32.740,32.740,NULL,'PC',1,1,'38','2016-09-19 17:04:07',NULL,NULL,NULL,NULL,NULL,NULL,NULL,'P31505-01-15',NULL,NULL),(3505,'BLADE SCREW','BLADE SCREW',472.260,472.260,NULL,'PC',1,1,'38','2016-09-19 17:04:07',NULL,NULL,NULL,NULL,NULL,NULL,NULL,'P31505-01-16',NULL,NULL),(3506,'SEALING RING','SEALING RING',127.700,127.700,NULL,'PC',1,1,'38','2016-09-19 17:04:07',NULL,NULL,NULL,NULL,NULL,NULL,NULL,'P31505-01-17',NULL,NULL),(3507,'SLIDE RING','SLIDE RING',219.520,219.520,NULL,'PC',1,1,'38','2016-09-19 17:04:07',NULL,NULL,NULL,NULL,NULL,NULL,NULL,'P31505-01-18',NULL,NULL),(3508,'SEALING RING, Ø8 X Ø470','SEALING RING, Ø8 X Ø470',36.230,36.230,NULL,'PC',1,1,'38','2016-09-19 17:04:07',NULL,NULL,NULL,NULL,NULL,NULL,NULL,'P31505-01-20',NULL,NULL),(3509,'GUIDE PIN','GUIDE PIN',94.550,94.550,NULL,'PC',1,1,'38','2016-09-19 17:04:07',NULL,NULL,NULL,NULL,NULL,NULL,NULL,'P31505-01-23',NULL,NULL),(3510,'HEXAGON SCREW WITH NYLON','HEXAGON SCREW WITH NYLON',13.140,13.140,NULL,'PC',1,1,'38','2016-09-19 17:04:07',NULL,NULL,NULL,NULL,NULL,NULL,NULL,'P31505-01-24',NULL,NULL),(3511,'GASKET, Ø280/Ø230/PCD250/8XØ14','GASKET, Ø280/Ø230/PCD250/8XØ14',178.910,178.910,NULL,'PC',1,1,'38','2016-09-19 17:04:07',NULL,NULL,NULL,NULL,NULL,NULL,NULL,'P31505-5630-25',NULL,NULL),(3512,'HEXAGON SCREW M12X35, WIRE LOCK','HEXAGON SCREW M12X35, WIRE LOCK',47.180,47.180,NULL,'PC',1,1,'38','2016-09-19 17:04:07',NULL,NULL,NULL,NULL,NULL,NULL,NULL,'P31505-5630-26',NULL,NULL),(3513,'Liner','Liner',4925.700,4925.700,NULL,'PC',1,1,'38','2016-09-19 17:04:07',NULL,NULL,NULL,NULL,NULL,NULL,NULL,'P31505-5630-28',NULL,NULL),(3514,'SEALING RINGS - NON GLUED','SEALING RINGS - NON GLUED',3.080,3.080,NULL,'PC',1,1,'38','2016-09-19 17:04:07',NULL,NULL,NULL,NULL,NULL,NULL,NULL,'P31505-01-32',NULL,NULL),(3515,'U-SLEEVE','U-SLEEVE',14.110,14.110,NULL,'PC',1,1,'38','2016-09-19 17:04:07',NULL,NULL,NULL,NULL,NULL,NULL,NULL,'P31505-01-34',NULL,NULL),(3516,'CYL. SCREWS','CYL. SCREWS',3.080,3.080,NULL,'PC',1,1,'38','2016-09-19 17:04:07',NULL,NULL,NULL,NULL,NULL,NULL,NULL,'P31505-01-35',NULL,NULL),(3517,'WIPER SEAL, Ø80 X Ø70 X 7','WIPER SEAL, Ø80 X Ø70 X 7',16.480,16.480,NULL,'PC',1,1,'38','2016-09-19 17:04:07',NULL,NULL,NULL,NULL,NULL,NULL,NULL,'P31505-01-36',NULL,NULL),(3518,'RETAINING RINGS F.BORING','RETAINING RINGS F.BORING',3.080,3.080,NULL,'PC',1,1,'38','2016-09-19 17:04:07',NULL,NULL,NULL,NULL,NULL,NULL,NULL,'P31505-01-42',NULL,NULL),(3519,'VALVE RING','VALVE RING',607.940,607.940,NULL,'PC',1,1,'38','2016-09-19 17:04:07',NULL,NULL,NULL,NULL,NULL,NULL,NULL,'P31505-01-44',NULL,NULL),(3520,'SPRING','SPRING',5.750,5.750,NULL,'PC',1,1,'38','2016-09-19 17:04:07',NULL,NULL,NULL,NULL,NULL,NULL,NULL,'P31505-01-45',NULL,NULL),(3521,'ANODE','ANODE',112.570,112.570,NULL,'PC',1,1,'38','2016-09-19 17:04:07',NULL,NULL,NULL,NULL,NULL,NULL,NULL,'P31505-5630-83',NULL,NULL),(3522,'SEALING RING Ø200','SEALING RING Ø200',517.030,517.030,NULL,'PC',1,1,'38','2016-09-19 17:04:07',NULL,NULL,NULL,NULL,NULL,NULL,NULL,'P31505-5630-198',NULL,NULL),(3523,'VALVE SEAT RING,INLET','VALVE SEAT RING,INLET',92.500,92.500,NULL,'PC',1,1,'38','2016-09-20 16:10:33',NULL,NULL,NULL,NULL,NULL,NULL,NULL,'30601-12H 4445',NULL,NULL),(3524,'VALVE SPINDLE GUIDE','VALVE SPINDLE GUIDE',76.610,76.610,NULL,'PC',1,1,'38','2016-09-20 16:10:33',NULL,NULL,NULL,NULL,NULL,NULL,NULL,'30601-12H 3375',NULL,NULL),(3525,'PLUG SCREW','PLUG SCREW',3.030,3.030,NULL,'PC',1,1,'38','2016-09-20 16:10:33',NULL,NULL,NULL,NULL,NULL,NULL,NULL,'30601-12H 4175',NULL,NULL),(3526,'VALVE SEAT RING EXHAUST','VALVE SEAT RING EXHAUST',182.880,182.880,NULL,'PC',1,1,'38','2016-09-20 16:10:33',NULL,NULL,NULL,NULL,NULL,NULL,NULL,'30601-12H 4442',NULL,NULL),(3527,'(Viton) O-RING','(Viton) O-RING',3.030,3.030,NULL,'PC',1,1,'38','2016-09-20 16:10:33',NULL,NULL,NULL,NULL,NULL,NULL,NULL,'30601-12H 2573',NULL,NULL),(3528,'COMPRESSION SPRING (RIGHT HAND)','COMPRESSION SPRING (RIGHT HAND)',37.390,37.390,NULL,'PC',1,1,'38','2016-09-20 16:10:33',NULL,NULL,NULL,NULL,NULL,NULL,NULL,'30801-17H 4717',NULL,NULL),(3529,'Spring thrust piece','Spring thrust piece',97.500,97.500,NULL,'PC',1,1,'38','2016-09-20 16:10:33',NULL,NULL,NULL,NULL,NULL,NULL,NULL,'30801-17H 3916',NULL,NULL),(3530,'ROTOCAP','ROTOCAP',275.990,275.990,NULL,'PC',1,1,'38','2016-09-20 16:10:33',NULL,NULL,NULL,NULL,NULL,NULL,NULL,'30801-17H 5152',NULL,NULL),(3531,'SPRING (RIGHT HAND)','SPRING (RIGHT HAND)',6.210,6.210,NULL,'PC',1,1,'38','2016-09-20 16:10:33',NULL,NULL,NULL,NULL,NULL,NULL,NULL,'30801-17H 4084',NULL,NULL),(3532,'SPRING (LEFT HAND)','SPRING (LEFT HAND)',16.050,16.050,NULL,'PC',1,1,'38','2016-09-20 16:10:33',NULL,NULL,NULL,NULL,NULL,NULL,NULL,'30801-17H 4173',NULL,NULL),(3533,'INLET VALVE','INLET VALVE',161.080,161.080,NULL,'PC',1,1,'38','2016-09-20 16:10:33',NULL,NULL,NULL,NULL,NULL,NULL,NULL,'30801-17H 4262',NULL,NULL),(3534,'VALVE SPINDLE, NIMONIC 81','VALVE SPINDLE, NIMONIC 81',465.990,465.990,NULL,'PC',1,1,'38','2016-09-20 16:10:33',NULL,NULL,NULL,NULL,NULL,NULL,NULL,'30801-17H 5518',NULL,NULL),(3535,'O-ring','O-ring',3.030,3.030,NULL,'PC',1,1,'38','2016-09-20 16:10:33',NULL,NULL,NULL,NULL,NULL,NULL,NULL,'30601-12H 3373',NULL,NULL),(3536,'(Viton) SEALING RING','(Viton) SEALING RING',3.030,3.030,NULL,'PC',1,1,'38','2016-09-20 16:10:33',NULL,NULL,NULL,NULL,NULL,NULL,NULL,'30901-13H 5571',NULL,NULL),(3537,'GASKET','GASKET',5.600,5.600,NULL,'PC',1,1,'38','2016-09-20 16:10:33',NULL,NULL,NULL,NULL,NULL,NULL,NULL,'30901-13H 5573',NULL,NULL),(3538,'GASKET','GASKET',12.410,12.410,NULL,'PC',1,1,'38','2016-09-20 16:10:33',NULL,NULL,NULL,NULL,NULL,NULL,NULL,'30902-08H 1977',NULL,NULL),(3539,'SPRING, PYO-T378','SPRING, PYO-T378',118.090,118.090,NULL,'PC',1,1,'38','2016-09-20 16:10:33',NULL,NULL,NULL,NULL,NULL,NULL,NULL,'31001-15H 1539',NULL,NULL),(3540,'Sealing ring f cyl.cover/cyl.liner','Sealing ring f cyl.cover/cyl.liner',21.950,21.950,NULL,'PC',1,1,'38','2016-09-20 16:10:33',NULL,NULL,NULL,NULL,NULL,NULL,NULL,'30601-12H 2840',NULL,NULL),(3541,'SET OF PISTON RINGS','SET OF PISTON RINGS',954.690,954.690,NULL,'PC',1,1,'38','2016-09-20 16:10:33',NULL,NULL,NULL,NULL,NULL,NULL,NULL,'51706-04 036',NULL,NULL),(3542,'CONN.ROD BEARING-COMPLETE','CONN.ROD BEARING-COMPLETE',277.960,277.960,NULL,'PC',1,1,'38','2016-09-20 16:10:33',NULL,NULL,NULL,NULL,NULL,NULL,NULL,'30701-15H 0653',NULL,NULL),(3543,'O-ring, viton','O-ring, viton',3.030,3.030,NULL,'PC',1,1,'38','2016-09-20 16:10:33',NULL,NULL,NULL,NULL,NULL,NULL,NULL,'31101-09H 1033',NULL,NULL),(3544,'GUIDE PIN','GUIDE PIN',3.030,3.030,NULL,'PC',1,1,'38','2016-09-20 16:10:33',NULL,NULL,NULL,NULL,NULL,NULL,NULL,'31101-09H 0321',NULL,NULL),(3545,'Nozzle complete, IMO-17.02','Nozzle complete, IMO-17.02',267.820,267.820,NULL,'PC',1,1,'38','2016-09-20 16:10:33',NULL,NULL,NULL,NULL,NULL,NULL,NULL,'31101-09H 0410',NULL,NULL),(3546,'NOZZLE SPRING','NOZZLE SPRING',34.210,34.210,NULL,'PC',1,1,'38','2016-09-20 16:10:33',NULL,NULL,NULL,NULL,NULL,NULL,NULL,'31101-09H 0787',NULL,NULL),(3547,'THRUST SPINDEL','THRUST SPINDEL',28.760,28.760,NULL,'PC',1,1,'38','2016-09-20 16:10:33',NULL,NULL,NULL,NULL,NULL,NULL,NULL,'31101-09H 0698',NULL,NULL),(3548,'O-ring','O-ring',3.030,3.030,NULL,'PC',1,1,'38','2016-09-20 16:10:33',NULL,NULL,NULL,NULL,NULL,NULL,NULL,'31102-04H 2358',NULL,NULL),(3549,'RETAINING RING FOR BORING, Ø55X2','RETAINING RING FOR BORING, Ø55X2',3.030,3.030,NULL,'PC',1,1,'38','2016-09-20 16:10:33',NULL,NULL,NULL,NULL,NULL,NULL,NULL,'31001-15H 2063',NULL,NULL),(3550,'SEALING RING','SEALING RING',5.000,5.000,NULL,'PC',1,1,'38','2016-09-20 16:10:33',NULL,NULL,NULL,NULL,NULL,NULL,NULL,'31001-15H 1806',NULL,NULL),(3551,'SEALING RING','SEALING RING',3.030,3.030,NULL,'PC',1,1,'38','2016-09-20 16:10:33',NULL,NULL,NULL,NULL,NULL,NULL,NULL,'31001-15H 2330',NULL,NULL),(3552,'SEALING RING','SEALING RING',3.030,3.030,NULL,'PC',1,1,'38','2016-09-20 16:10:33',NULL,NULL,NULL,NULL,NULL,NULL,NULL,'31001-15H 1995',NULL,NULL),(3553,'(Viton) O-RING, VITON,','(Viton) O-RING, VITON,',3.030,3.030,NULL,'PC',1,1,'38','2016-09-20 16:10:33',NULL,NULL,NULL,NULL,NULL,NULL,NULL,'31001-15H 2429',NULL,NULL),(3554,'RING FOR LEAK SECURING, PYO-T441','RING FOR LEAK SECURING, PYO-T441',21.500,21.500,NULL,'PC',1,1,'38','2016-09-20 16:10:33',NULL,NULL,NULL,NULL,NULL,NULL,NULL,'31001-15H 3045',NULL,NULL),(3555,'GASKET','GASKET',90.530,90.530,NULL,'PC',1,1,'38','2016-09-20 16:34:27',NULL,NULL,NULL,NULL,NULL,NULL,NULL,'P13014-01-A20',NULL,NULL),(3556,'GASKET','GASKET',90.530,90.530,NULL,'PC',1,1,'38','2016-09-20 16:34:27',NULL,NULL,NULL,NULL,NULL,NULL,NULL,'P13014-01-A21',NULL,NULL),(3557,'GASKET','GASKET',90.530,90.530,NULL,'PC',1,1,'38','2016-09-20 17:14:57',NULL,NULL,NULL,NULL,NULL,NULL,NULL,'P13014-01-A20',NULL,NULL),(3558,'GASKET','GASKET',90.530,90.530,NULL,'PC',1,1,'38','2016-09-20 17:14:57',NULL,NULL,NULL,NULL,NULL,NULL,NULL,'P13014-01-A21',NULL,NULL),(3559,'GASKET','GASKET',90.530,90.530,NULL,'PC',1,1,'38','2016-09-20 17:15:21',NULL,NULL,NULL,NULL,NULL,NULL,NULL,'P13014-01-A20',NULL,NULL),(3560,'GASKET','GASKET',90.530,90.530,NULL,'PC',1,1,'38','2016-09-20 17:15:21',NULL,NULL,NULL,NULL,NULL,NULL,NULL,'P13014-01-A21',NULL,NULL),(3561,'Incandescent Bulb ','Incandescent Bulb ',12.630,12.630,NULL,'PC',1,1,'38','2016-09-23 10:23:11',NULL,NULL,NULL,NULL,NULL,NULL,NULL,'P41012-05 3',NULL,NULL),(3562,'Lamp','Lamp',4.850,4.850,NULL,'PC',1,1,'38','2016-09-23 10:23:11',NULL,NULL,NULL,NULL,NULL,NULL,NULL,'P41012-03 28',NULL,NULL),(3563,'Incandescent Bulb Remover','Incandescent Bulb Remover',12.550,12.550,NULL,'PC',1,1,'38','2016-09-23 10:23:11',NULL,NULL,NULL,NULL,NULL,NULL,NULL,'P43010-05 30',NULL,NULL),(3564,'Spring','Spring',109.770,109.770,NULL,'PC',1,1,'38','2016-09-23 10:37:11',NULL,NULL,NULL,NULL,NULL,NULL,NULL,'P23545-01-2',NULL,NULL),(3565,'W/TVL ',NULL,NULL,NULL,NULL,NULL,2,1,NULL,'2016-09-23 10:37:11',NULL,NULL,NULL,NULL,NULL,NULL,NULL,'W/TVL ','W/TVL ',NULL),(3566,'N/8H',NULL,NULL,NULL,NULL,NULL,2,1,NULL,'2016-09-23 10:37:11',NULL,NULL,NULL,NULL,NULL,NULL,NULL,'N/8H','N/8H',NULL),(3567,'OVT/N',NULL,NULL,NULL,NULL,NULL,2,1,NULL,'2016-09-23 10:37:11',NULL,NULL,NULL,NULL,NULL,NULL,NULL,'OVT/N','OVT/N',NULL),(3568,'SAT/N',NULL,NULL,NULL,NULL,NULL,2,1,NULL,'2016-09-23 10:37:11',NULL,NULL,NULL,NULL,NULL,NULL,NULL,'SAT/N','SAT/N',NULL),(3569,'SAT/OVT',NULL,NULL,NULL,NULL,NULL,2,1,NULL,'2016-09-23 10:37:11',NULL,NULL,NULL,NULL,NULL,NULL,NULL,'SAT/OVT','SAT/OVT',NULL),(3570,'SH ',NULL,NULL,NULL,NULL,NULL,2,1,NULL,'2016-09-23 10:37:11',NULL,NULL,NULL,NULL,NULL,NULL,NULL,'SH ','SH ',NULL),(3571,'Starter ','Starter ',4757.230,4757.230,NULL,'PC',1,1,'38','2016-09-23 15:02:29',NULL,NULL,NULL,NULL,NULL,NULL,NULL,'51.26201.7221   ',NULL,NULL),(3572,'Inside Sealing for thrust Shaft','Inside Sealing for thrust Shaft',124.820,124.820,NULL,'PC',1,1,'38','2016-09-27 16:22:50',NULL,NULL,NULL,NULL,NULL,NULL,NULL,'P23010-06-4',NULL,NULL),(3573,'Auxiliary Marine Diesel','Auxiliary Marine Diesel',110920.000,0.000,'Auxiliary Marine Diesel','Proyecto Atún',1,1,'38','2016-09-30 13:44:19','38','2016-09-30 14:07:26','.','.','Acero',0,'0','D 2842 LE 301','Generador',43),(3574,'STERN TUBE SEAL AFT','STERN TUBE SEAL AFT',10375.510,10375.510,NULL,'PC',1,1,'38','2016-10-03 15:39:48',NULL,NULL,NULL,NULL,NULL,NULL,NULL,'P3-1005-21123-182',NULL,NULL),(3575,'SEALING FLANGE','SEALING FLANGE',923.760,923.760,NULL,'PC',1,1,'38','2016-10-03 15:39:48',NULL,NULL,NULL,NULL,NULL,NULL,NULL,'P31505-15-73',NULL,NULL),(3576,'Sealing Ring','Sealing Ring',3.080,3.080,NULL,'PC',1,1,'38','2016-10-04 11:50:23',NULL,NULL,NULL,NULL,NULL,NULL,NULL,'P1-2412-01-37',NULL,NULL),(3577,'Sealing Ring','Sealing Ring',17.260,17.260,NULL,'PC',1,1,'38','2016-10-04 11:50:23',NULL,NULL,NULL,NULL,NULL,NULL,NULL,'P2-3530-01-5',NULL,NULL),(3578,'Filter Cartridge, Lub.Oil','Filter Cartridge, Lub.Oil',26.600,26.600,NULL,'PC',1,1,'38','2016-10-04 11:50:23',NULL,NULL,NULL,NULL,NULL,NULL,NULL,'P2-3530-01-6',NULL,NULL),(3579,'Sealing Ring','Sealing Ring',3.080,3.080,NULL,'PC',1,1,'38','2016-10-04 11:50:23',NULL,NULL,NULL,NULL,NULL,NULL,NULL,'P2-3530-01-12',NULL,NULL),(3580,'Sealing Ring','Sealing Ring',4.850,4.850,NULL,'PC',1,1,'38','2016-10-04 11:50:23',NULL,NULL,NULL,NULL,NULL,NULL,NULL,'P2-3530-01-13',NULL,NULL),(3581,'Sealing Ring ','Sealing Ring ',3.080,3.080,NULL,'PC',1,1,'38','2016-10-04 13:59:19',NULL,NULL,NULL,NULL,NULL,NULL,NULL,'P2-3010-04-31',NULL,NULL),(3582,'Sealing Ring ','Sealing Ring ',3.080,3.080,NULL,'PC',1,1,'38','2016-10-04 13:59:19',NULL,NULL,NULL,NULL,NULL,NULL,NULL,'P2-3010-04-32',NULL,NULL),(3583,'Housing for sealing ring ','Housing for sealing ring ',1092.510,1092.510,NULL,'PC',1,1,'38','2016-10-04 13:59:19',NULL,NULL,NULL,NULL,NULL,NULL,NULL,'P2-3010-04-33',NULL,NULL),(3584,'Retainning Rings ','Retainning Rings ',3.080,3.080,NULL,'PC',1,1,'38','2016-10-04 13:59:19',NULL,NULL,NULL,NULL,NULL,NULL,NULL,'P2-3010-04-34',NULL,NULL),(3585,'Producto','Bush ',904.530,904.530,NULL,'PC',1,1,'38','2016-10-04 13:59:19','43','2016-10-25 19:29:57',NULL,NULL,NULL,NULL,NULL,'P2-3010-04-03',NULL,31),(3586,'HEXAGON SOCKET','HEXAGON SOCKET',3.450,3.450,NULL,'PC',1,1,'38','2016-10-05 12:24:09',NULL,NULL,NULL,NULL,NULL,NULL,NULL,'P1-1818-03-5 ',NULL,NULL),(3587,'NUT FOR CENTRIFUGAL PUMP ','NUT FOR CENTRIFUGAL PUMP ',189.940,189.940,NULL,'PC',1,1,'38','2016-10-05 12:24:09',NULL,NULL,NULL,NULL,NULL,NULL,NULL,'P1-3010-01-08',NULL,NULL),(3588,'GUIA RODILLO','GUIA RODILLO',840.140,840.140,NULL,'PC',1,1,'38','2016-10-05 12:24:09',NULL,NULL,NULL,NULL,NULL,NULL,NULL,'P1-1414-03-3 ',NULL,NULL),(3589,'ORING','ORING',28.780,28.780,NULL,'PC',1,1,'38','2016-10-05 12:24:09',NULL,NULL,NULL,NULL,NULL,NULL,NULL,'P1-1610-02-3 ',NULL,NULL),(3590,'RETAINING RING','RETAINING RING',3.450,3.450,NULL,'PC',1,1,'38','2016-10-05 12:24:09',NULL,NULL,NULL,NULL,NULL,NULL,NULL,'P1-3210-01-36 ',NULL,NULL),(3591,'DISTANCE SLEEVE ','DISTANCE SLEEVE ',3.450,3.450,NULL,'PC',1,1,'38','2016-10-05 12:24:09',NULL,NULL,NULL,NULL,NULL,NULL,NULL,'517-003 ',NULL,NULL),(3592,'GASKET FORDUCT PLATESET\"B\" ','GASKET FORDUCT PLATESET\"B\" ',101.440,101.440,NULL,'PC',1,1,'38','2016-10-05 12:24:09',NULL,NULL,NULL,NULL,NULL,NULL,NULL,'P1-3014-01-A20 ',NULL,NULL),(3593,'ORING','ORING',9.870,9.870,NULL,'PC',1,1,'38','2016-10-05 12:24:09',NULL,NULL,NULL,NULL,NULL,NULL,NULL,'P1-2820-01-40 ',NULL,NULL),(3594,'DEEP GROOVE BALL BEARING','DEEP GROOVE BALL BEARING',50.780,50.780,NULL,'PC',1,1,'38','2016-10-05 12:24:09',NULL,NULL,NULL,NULL,NULL,NULL,NULL,'P1-3010-01-24 ',NULL,NULL),(3595,'GASKET ','GASKET ',28.210,28.210,NULL,'PC',1,1,'38','2016-10-05 12:24:09',NULL,NULL,NULL,NULL,NULL,NULL,NULL,'P1-1818-01-A11 ',NULL,NULL),(3596,'GASKET','GASKET',52.230,52.230,NULL,'PC',1,1,'38','2016-10-05 12:24:09',NULL,NULL,NULL,NULL,NULL,NULL,NULL,'P1-2612-01-21 ',NULL,NULL),(3597,'OIL SEALING RING ','OIL SEALING RING ',44.380,44.380,NULL,'PC',1,1,'38','2016-10-05 12:24:09',NULL,NULL,NULL,NULL,NULL,NULL,NULL,'P1-3010-01-20 ',NULL,NULL),(3598,'SEALING RING 2.4-10.3mm ','SEALING RING 2.4-10.3mm ',3.450,3.450,NULL,'PC',1,1,'38','2016-10-05 12:24:09',NULL,NULL,NULL,NULL,NULL,NULL,NULL,'P1-2610-01-10 ',NULL,NULL),(3599,'SEALING RING ','SEALING RING ',3.450,3.450,NULL,'PC',1,1,'38','2016-10-05 12:24:09',NULL,NULL,NULL,NULL,NULL,NULL,NULL,'P1-1816-01-58 ',NULL,NULL),(3600,'SEALING RING','SEALING RING',3.450,3.450,NULL,'PC',1,1,'38','2016-10-05 12:24:09',NULL,NULL,NULL,NULL,NULL,NULL,NULL,'P1-2814-01-1724',NULL,NULL),(3601,'GASKET ','GASKET ',3.450,3.450,NULL,'PC',1,1,'38','2016-10-05 12:24:09',NULL,NULL,NULL,NULL,NULL,NULL,NULL,'P1-3016-01-4031 ',NULL,NULL),(3602,'GASKET ','GASKET ',10.410,10.410,NULL,'PC',1,1,'38','2016-10-05 12:24:09',NULL,NULL,NULL,NULL,NULL,NULL,NULL,'P1-3210-01-29 ',NULL,NULL),(3603,'GASKET TEMP PIPES ','GASKET TEMP PIPES ',3.450,3.450,NULL,'PC',1,1,'38','2016-10-05 12:24:09',NULL,NULL,NULL,NULL,NULL,NULL,NULL,'P1-3214-03-5031 ',NULL,NULL),(3604,'HOUSING FOR ROLLER TAPPET','HOUSING FOR ROLLER TAPPET',966.660,966.660,NULL,'PC',1,1,'38','2016-10-05 12:24:09',NULL,NULL,NULL,NULL,NULL,NULL,NULL,'P1-1414-03-01 ',NULL,NULL),(3605,'NUT','NUT',42.420,42.420,NULL,'PC',1,1,'38','2016-10-05 12:24:09',NULL,NULL,NULL,NULL,NULL,NULL,NULL,'P1-3010-01-4 ',NULL,NULL),(3606,'RETAINING RING','RETAINING RING',3.450,3.450,NULL,'PC',1,1,'38','2016-10-05 12:24:09',NULL,NULL,NULL,NULL,NULL,NULL,NULL,'P1-3010-01-25 ',NULL,NULL),(3607,'TRUHST PIECE ','TRUHST PIECE ',47.520,47.520,NULL,'PC',1,1,'38','2016-10-05 12:24:09',NULL,NULL,NULL,NULL,NULL,NULL,NULL,'P1-1414-01-11',NULL,NULL),(3608,'SEALING RING ','SEALING RING ',41.970,41.970,NULL,'PC',1,1,'38','2016-10-05 12:24:09',NULL,NULL,NULL,NULL,NULL,NULL,NULL,'P1-1610-02-4 ',NULL,NULL),(3609,'SEALING RING ','SEALING RING ',24.750,24.750,NULL,'PC',1,1,'38','2016-10-05 12:24:09',NULL,NULL,NULL,NULL,NULL,NULL,NULL,'P1-2610-01-12 ',NULL,NULL),(3610,'GASKET','GASKET',6.360,6.360,NULL,'PC',1,1,'38','2016-10-05 12:24:09',NULL,NULL,NULL,NULL,NULL,NULL,NULL,'P1-3212-01-3 ',NULL,NULL),(3611,'SEALING RING','SEALING RING',3.450,3.450,NULL,'PC',1,1,'38','2016-10-05 12:24:09',NULL,NULL,NULL,NULL,NULL,NULL,NULL,'P2-3530-01-12 ',NULL,NULL),(3612,'SIDE PLATE ','SIDE PLATE ',1994.340,1994.340,NULL,'PC',1,1,'38','2016-10-05 12:24:09',NULL,NULL,NULL,NULL,NULL,NULL,NULL,'P1-1812-01-B7 ',NULL,NULL),(3613,'GASKET ','GASKET ',3.450,3.450,NULL,'PC',1,1,'38','2016-10-05 12:24:09',NULL,NULL,NULL,NULL,NULL,NULL,NULL,'P1-3210-01-8 ',NULL,NULL),(3614,'LOCK WASHER','LOCK WASHER',40.190,40.190,NULL,'PC',1,1,'38','2016-10-05 12:24:09',NULL,NULL,NULL,NULL,NULL,NULL,NULL,'P1-3210-01-13 ',NULL,NULL),(3615,'GASKET ','GASKET ',7.670,7.670,NULL,'PC',1,1,'38','2016-10-05 12:24:09',NULL,NULL,NULL,NULL,NULL,NULL,NULL,'P1-2812-01-014',NULL,NULL),(3616,'GASKET ','GASKET ',14.760,14.760,NULL,'PC',1,1,'38','2016-10-05 12:24:09',NULL,NULL,NULL,NULL,NULL,NULL,NULL,'P1-3012-01-20 ',NULL,NULL),(3617,'GASKET ','GASKET ',3.450,3.450,NULL,'PC',1,1,'38','2016-10-05 12:24:09',NULL,NULL,NULL,NULL,NULL,NULL,NULL,'P1-3214-03-5002',NULL,NULL),(3618,'SEAL RING ','SEAL RING ',3.450,3.450,NULL,'PC',1,1,'38','2016-10-05 12:24:09',NULL,NULL,NULL,NULL,NULL,NULL,NULL,'P1-1414-03-18 ',NULL,NULL),(3619,'PISTON FOR FLAME RING ','PISTON FOR FLAME RING ',5771.000,5771.000,NULL,'PC',1,1,'38','2016-10-05 12:24:09',NULL,NULL,NULL,NULL,NULL,NULL,NULL,'P1-1614-07-01',NULL,NULL),(3620,'VALV SEAT RING EX ','VALV SEAT RING EX ',221.490,221.490,NULL,'PC',1,1,'38','2016-10-05 12:24:09',NULL,NULL,NULL,NULL,NULL,NULL,NULL,'P1-1616-01-B108 ',NULL,NULL),(3621,'NUT ','NUT ',42.420,42.420,NULL,'PC',1,1,'38','2016-10-05 12:24:09',NULL,NULL,NULL,NULL,NULL,NULL,NULL,'P1-3210-01-04 ',NULL,NULL),(3622,'IMPELLER FOR FRESH ','IMPELLER FOR FRESH ',3211.280,3211.280,NULL,'PC',1,1,'38','2016-10-05 12:24:09',NULL,NULL,NULL,NULL,NULL,NULL,NULL,'P1-3010-01-6 ',NULL,NULL),(3623,'SHAFT','SHAFT',435.570,435.570,NULL,'PC',1,1,'38','2016-10-05 12:24:09',NULL,NULL,NULL,NULL,NULL,NULL,NULL,'P1-2612-01-04',NULL,NULL),(3624,'ADJUSTING WASHER 2.0 ','ADJUSTING WASHER 2.0 ',8.190,8.190,NULL,'PC',1,1,'38','2016-10-05 12:24:09',NULL,NULL,NULL,NULL,NULL,NULL,NULL,'P1-1414-03-12',NULL,NULL),(3625,'BBA INYECC ','BBA INYECC ',3562.930,3562.930,NULL,'PC',1,1,'38','2016-10-05 12:24:09',NULL,NULL,NULL,NULL,NULL,NULL,NULL,'P1-2016-01-A10',NULL,NULL),(3626,'IMPULSOR','IMPULSOR',3840.440,3840.440,NULL,'PC',1,1,'38','2016-10-05 12:24:09',NULL,NULL,NULL,NULL,NULL,NULL,NULL,'P1-3210-0126',NULL,NULL),(3627,'EXHAUST THERMOMETER','EXHAUST THERMOMETER',366.630,366.630,NULL,'PC',1,1,'38','2016-10-05 12:24:09',NULL,NULL,NULL,NULL,NULL,NULL,NULL,'P1-1818-01-A17',NULL,NULL),(3628,'GEAR WHEEL WITH BEARING B','GEAR WHEEL WITH BEARING B',4928.110,4928.110,NULL,'PC',1,1,'38','2016-10-05 12:24:09',NULL,NULL,NULL,NULL,NULL,NULL,NULL,'P1-1412-01-1',NULL,NULL),(3629,'MOUNT INTERMEDIATE WHEEL ','MOUNT INTERMEDIATE WHEEL ',6053.700,6053.700,NULL,'PC',1,1,'38','2016-10-05 12:24:09',NULL,NULL,NULL,NULL,NULL,NULL,NULL,'P1-1412-01-11',NULL,NULL),(3630,'GEAR WHEEL FOR CAMSHAFT','GEAR WHEEL FOR CAMSHAFT',2463.190,2463.190,NULL,'PC',1,1,'38','2016-10-05 12:24:09',NULL,NULL,NULL,NULL,NULL,NULL,NULL,'P1-1410-01-16',NULL,NULL),(3631,'GEAR WHEEL ','GEAR WHEEL ',824.620,824.620,NULL,'PC',1,1,'38','2016-10-05 12:24:09',NULL,NULL,NULL,NULL,NULL,NULL,NULL,'P1-1410-01-20',NULL,NULL),(3632,'SHAFT FOR CAMSHAFT','SHAFT FOR CAMSHAFT',2227.040,2227.040,NULL,'PC',1,1,'38','2016-10-05 12:24:09',NULL,NULL,NULL,NULL,NULL,NULL,NULL,'P1-1410-01-12',NULL,NULL),(3633,'HEXAGON SOCKET HEAD CAP ','HEXAGON SOCKET HEAD CAP ',3.450,3.450,NULL,'PC',1,1,'38','2016-10-05 12:24:09',NULL,NULL,NULL,NULL,NULL,NULL,NULL,'P1-1410-01-10 ',NULL,NULL),(3634,'HEXAGON BOLT ','HEXAGON BOLT ',3.450,3.450,NULL,'PC',1,1,'38','2016-10-05 12:24:09',NULL,NULL,NULL,NULL,NULL,NULL,NULL,'P1-1216-01-17 ',NULL,NULL),(3635,'PISTON PIN','PISTON PIN',579.510,579.510,NULL,'PC',1,1,'38','2016-10-05 12:24:09',NULL,NULL,NULL,NULL,NULL,NULL,NULL,'P1-1614-07-03',NULL,NULL),(3636,'RETAINING RING FOR SHAFT ','RETAINING RING FOR SHAFT ',3.450,3.450,NULL,'PC',1,1,'38','2016-10-05 12:24:09',NULL,NULL,NULL,NULL,NULL,NULL,NULL,'P1-1410-02-21',NULL,NULL),(3637,'GASKET ','GASKET ',3.450,3.450,NULL,'PC',1,1,'38','2016-10-05 12:24:09',NULL,NULL,NULL,NULL,NULL,NULL,NULL,'P1-1814-01-5 ',NULL,NULL),(3638,'MANOMETER, 0- 6 BAR ','MANOMETER, 0- 6 BAR ',193.630,193.630,NULL,'PC',1,1,'38','2016-10-05 12:24:09',NULL,NULL,NULL,NULL,NULL,NULL,NULL,'P1-8010-01-30 ',NULL,NULL),(3639,'MANOMETER, 0- 4 BAR ','MANOMETER, 0- 4 BAR ',192.880,192.880,NULL,'PC',1,1,'38','2016-10-05 12:24:09',NULL,NULL,NULL,NULL,NULL,NULL,NULL,'P1-8010-01-31 ',NULL,NULL),(3640,'MANOMETER, 0- 4 BAR','MANOMETER, 0- 4 BAR',192.880,192.880,NULL,'PC',1,1,'38','2016-10-05 12:24:09',NULL,NULL,NULL,NULL,NULL,NULL,NULL,'P1-8010-01-35 ',NULL,NULL),(3641,'MANOMETER, 0- 4 BAR ','MANOMETER, 0- 4 BAR ',192.880,192.880,NULL,'PC',1,1,'38','2016-10-05 12:24:09',NULL,NULL,NULL,NULL,NULL,NULL,NULL,'P1-8010-01-36 ',NULL,NULL),(3642,'HEXAGON SOCKET','HEXAGON SOCKET',3.450,3.450,NULL,'PC',1,1,'38','2016-10-05 12:25:14',NULL,NULL,NULL,NULL,NULL,NULL,NULL,'P1-1818-03-5 ',NULL,NULL),(3643,'NUT FOR CENTRIFUGAL PUMP ','NUT FOR CENTRIFUGAL PUMP ',189.940,189.940,NULL,'PC',1,1,'38','2016-10-05 12:25:14',NULL,NULL,NULL,NULL,NULL,NULL,NULL,'P1-3010-01-08',NULL,NULL),(3644,'GUIA RODILLO','GUIA RODILLO',840.140,840.140,NULL,'PC',1,1,'38','2016-10-05 12:25:14',NULL,NULL,NULL,NULL,NULL,NULL,NULL,'P1-1414-03-3 ',NULL,NULL),(3645,'ORING','ORING',28.780,28.780,NULL,'PC',1,1,'38','2016-10-05 12:25:14',NULL,NULL,NULL,NULL,NULL,NULL,NULL,'P1-1610-02-3 ',NULL,NULL),(3646,'RETAINING RING','RETAINING RING',3.450,3.450,NULL,'PC',1,1,'38','2016-10-05 12:25:14',NULL,NULL,NULL,NULL,NULL,NULL,NULL,'P1-3210-01-36 ',NULL,NULL),(3647,'DISTANCE SLEEVE ','DISTANCE SLEEVE ',3.450,3.450,NULL,'PC',1,1,'38','2016-10-05 12:25:14',NULL,NULL,NULL,NULL,NULL,NULL,NULL,'517-003 ',NULL,NULL),(3648,'GASKET FORDUCT PLATESET\"B\" ','GASKET FORDUCT PLATESET\"B\" ',101.440,101.440,NULL,'PC',1,1,'38','2016-10-05 12:25:14',NULL,NULL,NULL,NULL,NULL,NULL,NULL,'P1-3014-01-A20 ',NULL,NULL),(3649,'ORING','ORING',9.870,9.870,NULL,'PC',1,1,'38','2016-10-05 12:25:14',NULL,NULL,NULL,NULL,NULL,NULL,NULL,'P1-2820-01-40 ',NULL,NULL),(3650,'DEEP GROOVE BALL BEARING','DEEP GROOVE BALL BEARING',50.780,50.780,NULL,'PC',1,1,'38','2016-10-05 12:25:14',NULL,NULL,NULL,NULL,NULL,NULL,NULL,'P1-3010-01-24 ',NULL,NULL),(3651,'GASKET ','GASKET ',28.210,28.210,NULL,'PC',1,1,'38','2016-10-05 12:25:14',NULL,NULL,NULL,NULL,NULL,NULL,NULL,'P1-1818-01-A11 ',NULL,NULL),(3652,'GASKET','GASKET',52.230,52.230,NULL,'PC',1,1,'38','2016-10-05 12:25:14',NULL,NULL,NULL,NULL,NULL,NULL,NULL,'P1-2612-01-21 ',NULL,NULL),(3653,'OIL SEALING RING ','OIL SEALING RING ',44.380,44.380,NULL,'PC',1,1,'38','2016-10-05 12:25:14',NULL,NULL,NULL,NULL,NULL,NULL,NULL,'P1-3010-01-20 ',NULL,NULL),(3654,'SEALING RING 2.4-10.3mm ','SEALING RING 2.4-10.3mm ',3.450,3.450,NULL,'PC',1,1,'38','2016-10-05 12:25:14',NULL,NULL,NULL,NULL,NULL,NULL,NULL,'P1-2610-01-10 ',NULL,NULL),(3655,'SEALING RING ','SEALING RING ',3.450,3.450,NULL,'PC',1,1,'38','2016-10-05 12:25:14',NULL,NULL,NULL,NULL,NULL,NULL,NULL,'P1-1816-01-58 ',NULL,NULL),(3656,'SEALING RING','SEALING RING',3.450,3.450,NULL,'PC',1,1,'38','2016-10-05 12:25:14',NULL,NULL,NULL,NULL,NULL,NULL,NULL,'P1-2814-01-1724',NULL,NULL),(3657,'GASKET ','GASKET ',3.450,3.450,NULL,'PC',1,1,'38','2016-10-05 12:25:14',NULL,NULL,NULL,NULL,NULL,NULL,NULL,'P1-3016-01-4031 ',NULL,NULL),(3658,'GASKET ','GASKET ',10.410,10.410,NULL,'PC',1,1,'38','2016-10-05 12:25:14',NULL,NULL,NULL,NULL,NULL,NULL,NULL,'P1-3210-01-29 ',NULL,NULL),(3659,'GASKET TEMP PIPES ','GASKET TEMP PIPES ',3.450,3.450,NULL,'PC',1,1,'38','2016-10-05 12:25:14',NULL,NULL,NULL,NULL,NULL,NULL,NULL,'P1-3214-03-5031 ',NULL,NULL),(3660,'HOUSING FOR ROLLER TAPPET','HOUSING FOR ROLLER TAPPET',966.660,966.660,NULL,'PC',1,1,'38','2016-10-05 12:25:14',NULL,NULL,NULL,NULL,NULL,NULL,NULL,'P1-1414-03-01 ',NULL,NULL),(3661,'NUT','NUT',42.420,42.420,NULL,'PC',1,1,'38','2016-10-05 12:25:14',NULL,NULL,NULL,NULL,NULL,NULL,NULL,'P1-3010-01-4 ',NULL,NULL),(3662,'RETAINING RING','RETAINING RING',3.450,3.450,NULL,'PC',1,1,'38','2016-10-05 12:25:14',NULL,NULL,NULL,NULL,NULL,NULL,NULL,'P1-3010-01-25 ',NULL,NULL),(3663,'TRUHST PIECE ','TRUHST PIECE ',47.520,47.520,NULL,'PC',1,1,'38','2016-10-05 12:25:14',NULL,NULL,NULL,NULL,NULL,NULL,NULL,'P1-1414-01-11',NULL,NULL),(3664,'SEALING RING ','SEALING RING ',41.970,41.970,NULL,'PC',1,1,'38','2016-10-05 12:25:14',NULL,NULL,NULL,NULL,NULL,NULL,NULL,'P1-1610-02-4 ',NULL,NULL),(3665,'SEALING RING ','SEALING RING ',24.750,24.750,NULL,'PC',1,1,'38','2016-10-05 12:25:14',NULL,NULL,NULL,NULL,NULL,NULL,NULL,'P1-2610-01-12 ',NULL,NULL),(3666,'GASKET','GASKET',6.360,6.360,NULL,'PC',1,1,'38','2016-10-05 12:25:14',NULL,NULL,NULL,NULL,NULL,NULL,NULL,'P1-3212-01-3 ',NULL,NULL),(3667,'SEALING RING','SEALING RING',3.450,3.450,NULL,'PC',1,1,'38','2016-10-05 12:25:14',NULL,NULL,NULL,NULL,NULL,NULL,NULL,'P2-3530-01-12 ',NULL,NULL),(3668,'SIDE PLATE ','SIDE PLATE ',1994.340,1994.340,NULL,'PC',1,1,'38','2016-10-05 12:25:14',NULL,NULL,NULL,NULL,NULL,NULL,NULL,'P1-1812-01-B7 ',NULL,NULL),(3669,'GASKET ','GASKET ',3.450,3.450,NULL,'PC',1,1,'38','2016-10-05 12:25:14',NULL,NULL,NULL,NULL,NULL,NULL,NULL,'P1-3210-01-8 ',NULL,NULL),(3670,'LOCK WASHER','LOCK WASHER',40.190,40.190,NULL,'PC',1,1,'38','2016-10-05 12:25:14',NULL,NULL,NULL,NULL,NULL,NULL,NULL,'P1-3210-01-13 ',NULL,NULL),(3671,'GASKET ','GASKET ',7.670,7.670,NULL,'PC',1,1,'38','2016-10-05 12:25:14',NULL,NULL,NULL,NULL,NULL,NULL,NULL,'P1-2812-01-014',NULL,NULL),(3672,'GASKET ','GASKET ',14.760,14.760,NULL,'PC',1,1,'38','2016-10-05 12:25:14',NULL,NULL,NULL,NULL,NULL,NULL,NULL,'P1-3012-01-20 ',NULL,NULL),(3673,'GASKET ','GASKET ',3.450,3.450,NULL,'PC',1,1,'38','2016-10-05 12:25:14',NULL,NULL,NULL,NULL,NULL,NULL,NULL,'P1-3214-03-5002',NULL,NULL),(3674,'SEAL RING ','SEAL RING ',3.450,3.450,NULL,'PC',1,1,'38','2016-10-05 12:25:14',NULL,NULL,NULL,NULL,NULL,NULL,NULL,'P1-1414-03-18 ',NULL,NULL),(3675,'PISTON FOR FLAME RING ','PISTON FOR FLAME RING ',5771.000,5771.000,NULL,'PC',1,1,'38','2016-10-05 12:25:14',NULL,NULL,NULL,NULL,NULL,NULL,NULL,'P1-1614-07-01',NULL,NULL),(3676,'VALV SEAT RING EX ','VALV SEAT RING EX ',221.490,221.490,NULL,'PC',1,1,'38','2016-10-05 12:25:14',NULL,NULL,NULL,NULL,NULL,NULL,NULL,'P1-1616-01-B108 ',NULL,NULL),(3677,'NUT ','NUT ',42.420,42.420,NULL,'PC',1,1,'38','2016-10-05 12:25:14',NULL,NULL,NULL,NULL,NULL,NULL,NULL,'P1-3210-01-04 ',NULL,NULL),(3678,'IMPELLER FOR FRESH ','IMPELLER FOR FRESH ',3211.280,3211.280,NULL,'PC',1,1,'38','2016-10-05 12:25:14',NULL,NULL,NULL,NULL,NULL,NULL,NULL,'P1-3010-01-6 ',NULL,NULL),(3679,'SHAFT','SHAFT',435.570,435.570,NULL,'PC',1,1,'38','2016-10-05 12:25:14',NULL,NULL,NULL,NULL,NULL,NULL,NULL,'P1-2612-01-04',NULL,NULL),(3680,'ADJUSTING WASHER 2.0 ','ADJUSTING WASHER 2.0 ',8.190,8.190,NULL,'PC',1,1,'38','2016-10-05 12:25:14',NULL,NULL,NULL,NULL,NULL,NULL,NULL,'P1-1414-03-12',NULL,NULL),(3681,'BBA INYECC ','BBA INYECC ',3562.930,3562.930,NULL,'PC',1,1,'38','2016-10-05 12:25:14',NULL,NULL,NULL,NULL,NULL,NULL,NULL,'P1-2016-01-A10',NULL,NULL),(3682,'IMPULSOR','IMPULSOR',3840.440,3840.440,NULL,'PC',1,1,'38','2016-10-05 12:25:14',NULL,NULL,NULL,NULL,NULL,NULL,NULL,'P1-3210-0126',NULL,NULL),(3683,'EXHAUST THERMOMETER','EXHAUST THERMOMETER',366.630,366.630,NULL,'PC',1,1,'38','2016-10-05 12:25:14',NULL,NULL,NULL,NULL,NULL,NULL,NULL,'P1-1818-01-A17',NULL,NULL),(3684,'GEAR WHEEL WITH BEARING B','GEAR WHEEL WITH BEARING B',4928.110,4928.110,NULL,'PC',1,1,'38','2016-10-05 12:25:14',NULL,NULL,NULL,NULL,NULL,NULL,NULL,'P1-1412-01-1',NULL,NULL),(3685,'MOUNT INTERMEDIATE WHEEL ','MOUNT INTERMEDIATE WHEEL ',6053.700,6053.700,NULL,'PC',1,1,'38','2016-10-05 12:25:14',NULL,NULL,NULL,NULL,NULL,NULL,NULL,'P1-1412-01-11',NULL,NULL),(3686,'GEAR WHEEL FOR CAMSHAFT','GEAR WHEEL FOR CAMSHAFT',2463.190,2463.190,NULL,'PC',1,1,'38','2016-10-05 12:25:14',NULL,NULL,NULL,NULL,NULL,NULL,NULL,'P1-1410-01-16',NULL,NULL),(3687,'GEAR WHEEL ','GEAR WHEEL ',824.620,824.620,NULL,'PC',1,1,'38','2016-10-05 12:25:14',NULL,NULL,NULL,NULL,NULL,NULL,NULL,'P1-1410-01-20',NULL,NULL),(3688,'SHAFT FOR CAMSHAFT','SHAFT FOR CAMSHAFT',2227.040,2227.040,NULL,'PC',1,1,'38','2016-10-05 12:25:14',NULL,NULL,NULL,NULL,NULL,NULL,NULL,'P1-1410-01-12',NULL,NULL),(3689,'HEXAGON SOCKET HEAD CAP ','HEXAGON SOCKET HEAD CAP ',3.450,3.450,NULL,'PC',1,1,'38','2016-10-05 12:25:14',NULL,NULL,NULL,NULL,NULL,NULL,NULL,'P1-1410-01-10 ',NULL,NULL),(3690,'HEXAGON BOLT ','HEXAGON BOLT ',3.450,3.450,NULL,'PC',1,1,'38','2016-10-05 12:25:14',NULL,NULL,NULL,NULL,NULL,NULL,NULL,'P1-1216-01-17 ',NULL,NULL),(3691,'PISTON PIN','PISTON PIN',579.510,579.510,NULL,'PC',1,1,'38','2016-10-05 12:25:14',NULL,NULL,NULL,NULL,NULL,NULL,NULL,'P1-1614-07-03',NULL,NULL),(3692,'RETAINING RING FOR SHAFT ','RETAINING RING FOR SHAFT ',3.450,3.450,NULL,'PC',1,1,'38','2016-10-05 12:25:14',NULL,NULL,NULL,NULL,NULL,NULL,NULL,'P1-1410-02-21',NULL,NULL),(3693,'GASKET ','GASKET ',3.450,3.450,NULL,'PC',1,1,'38','2016-10-05 12:25:14',NULL,NULL,NULL,NULL,NULL,NULL,NULL,'P1-1814-01-5 ',NULL,NULL),(3694,'MANOMETER, 0- 6 BAR ','MANOMETER, 0- 6 BAR ',193.630,193.630,NULL,'PC',1,1,'38','2016-10-05 12:25:14',NULL,NULL,NULL,NULL,NULL,NULL,NULL,'P1-8010-01-30 ',NULL,NULL),(3695,'MANOMETER, 0- 4 BAR ','MANOMETER, 0- 4 BAR ',192.880,192.880,NULL,'PC',1,1,'38','2016-10-05 12:25:14',NULL,NULL,NULL,NULL,NULL,NULL,NULL,'P1-8010-01-31 ',NULL,NULL),(3696,'MANOMETER, 0- 4 BAR','MANOMETER, 0- 4 BAR',192.880,192.880,NULL,'PC',1,1,'38','2016-10-05 12:25:14',NULL,NULL,NULL,NULL,NULL,NULL,NULL,'P1-8010-01-35 ',NULL,NULL),(3697,'MANOMETER, 0- 4 BAR ','MANOMETER, 0- 4 BAR ',192.880,192.880,NULL,'PC',1,1,'38','2016-10-05 12:25:14',NULL,NULL,NULL,NULL,NULL,NULL,NULL,'P1-8010-01-36 ',NULL,NULL),(3698,'MECHANICAL SHAF ','MECHANICAL SHAF ',320.610,320.610,NULL,'PC',1,1,'38','2016-10-05 14:46:56',NULL,NULL,NULL,NULL,NULL,NULL,NULL,'P1-3010-01-30',NULL,NULL),(3699,'MECHANICAL SHAF ','MECHANICAL SHAF ',320.610,320.610,NULL,'PC',1,1,'38','2016-10-05 14:47:00',NULL,NULL,NULL,NULL,NULL,NULL,NULL,'P1-3010-01-30',NULL,NULL),(3700,'Stud','Stud',NULL,NULL,'P1-3210-01-11','PC',1,1,'38','2016-10-11 11:54:26',NULL,NULL,NULL,NULL,NULL,NULL,NULL,'P1-3210-01-11',NULL,29),(3701,'GEAR WHEEL 39KV/VO8','GEAR WHEEL 39KV/VO8',24571.580,24571.580,NULL,'PC',1,1,'38','2016-10-12 17:34:20',NULL,NULL,NULL,NULL,NULL,NULL,NULL,'P23020-01-8',NULL,NULL),(3702,'PINION 39K/V8, AMG8-XLC','PINION 39K/V8, AMG8-XLC',12843.430,12843.430,NULL,'PC',1,1,'38','2016-10-12 17:34:20',NULL,NULL,NULL,NULL,NULL,NULL,NULL,'P22020-01-14',NULL,NULL),(3703,'OIL SLEEVE','OIL SLEEVE',3016.640,3016.640,NULL,'PC',1,1,'38','2016-10-12 17:34:20',NULL,NULL,NULL,NULL,NULL,NULL,NULL,'P22010-01-3',NULL,NULL),(3704,'PISTON RING','PISTON RING',173.370,173.370,NULL,'PC',1,1,'38','2016-10-12 17:34:20',NULL,NULL,NULL,NULL,NULL,NULL,NULL,'P22010-01-8',NULL,NULL),(3705,'PISTON RING','PISTON RING',34.520,34.520,NULL,'PC',1,1,'38','2016-10-12 17:34:20',NULL,NULL,NULL,NULL,NULL,NULL,NULL,'P22010-01-24',NULL,NULL),(3706,'PISTON RING','PISTON RING',179.520,179.520,NULL,'PC',1,1,'38','2016-10-12 17:34:20',NULL,NULL,NULL,NULL,NULL,NULL,NULL,'P22010-01-27',NULL,NULL),(3707,'JOURNAL BEARING','JOURNAL BEARING',1492.170,1492.170,NULL,'PC',1,1,'38','2016-10-12 17:34:20',NULL,NULL,NULL,NULL,NULL,NULL,NULL,'P21530-01-7',NULL,NULL),(3708,'SECURING WASHER','SECURING WASHER',21.710,21.710,NULL,'PC',1,1,'38','2016-10-12 17:34:20',NULL,NULL,NULL,NULL,NULL,NULL,NULL,'P21530-01-8',NULL,NULL),(3709,'HEX. SOCKET COUNTERSUNK HEAD SCREW','HEX. SOCKET COUNTERSUNK HEAD SCREW',3.080,3.080,NULL,'PC',1,1,'38','2016-10-12 17:34:20',NULL,NULL,NULL,NULL,NULL,NULL,NULL,'P21530-01-9',NULL,NULL),(3710,'SUPPORTING BEARING','SUPPORTING BEARING',1001.600,1001.600,NULL,'PC',1,1,'38','2016-10-12 17:34:20',NULL,NULL,NULL,NULL,NULL,NULL,NULL,'P21530-01-10',NULL,NULL),(3711,'SECURING WASHER','SECURING WASHER',21.710,21.710,NULL,'PC',1,1,'38','2016-10-12 17:34:20',NULL,NULL,NULL,NULL,NULL,NULL,NULL,'P21530-01-11',NULL,NULL),(3712,'HEX. SOCKET COUNTERSUNK HEAD SCREW','HEX. SOCKET COUNTERSUNK HEAD SCREW',3.080,3.080,NULL,'PC',1,1,'38','2016-10-12 17:34:20',NULL,NULL,NULL,NULL,NULL,NULL,NULL,'P21530-01-12',NULL,NULL),(3713,'JOURNAL BEARING','JOURNAL BEARING',1492.170,1492.170,NULL,'PC',1,1,'38','2016-10-12 17:34:20',NULL,NULL,NULL,NULL,NULL,NULL,NULL,'P21530-01-13',NULL,NULL),(3714,'GEAR WHEEL 39KV/VO8','GEAR WHEEL 39KV/VO8',24571.580,24571.580,NULL,'PC',1,1,'38','2016-10-12 17:34:23',NULL,NULL,NULL,NULL,NULL,NULL,NULL,'P23020-01-8',NULL,NULL),(3715,'PINION 39K/V8, AMG8-XLC','PINION 39K/V8, AMG8-XLC',12843.430,12843.430,NULL,'PC',1,1,'38','2016-10-12 17:34:23',NULL,NULL,NULL,NULL,NULL,NULL,NULL,'P22020-01-14',NULL,NULL),(3716,'OIL SLEEVE','OIL SLEEVE',3016.640,3016.640,NULL,'PC',1,1,'38','2016-10-12 17:34:23',NULL,NULL,NULL,NULL,NULL,NULL,NULL,'P22010-01-3',NULL,NULL),(3717,'PISTON RING','PISTON RING',173.370,173.370,NULL,'PC',1,1,'38','2016-10-12 17:34:23',NULL,NULL,NULL,NULL,NULL,NULL,NULL,'P22010-01-8',NULL,NULL),(3718,'PISTON RING','PISTON RING',34.520,34.520,NULL,'PC',1,1,'38','2016-10-12 17:34:23',NULL,NULL,NULL,NULL,NULL,NULL,NULL,'P22010-01-24',NULL,NULL),(3719,'PISTON RING','PISTON RING',179.520,179.520,NULL,'PC',1,1,'38','2016-10-12 17:34:23',NULL,NULL,NULL,NULL,NULL,NULL,NULL,'P22010-01-27',NULL,NULL),(3720,'JOURNAL BEARING','JOURNAL BEARING',1492.170,1492.170,NULL,'PC',1,1,'38','2016-10-12 17:34:23',NULL,NULL,NULL,NULL,NULL,NULL,NULL,'P21530-01-7',NULL,NULL),(3721,'SECURING WASHER','SECURING WASHER',21.710,21.710,NULL,'PC',1,1,'38','2016-10-12 17:34:23',NULL,NULL,NULL,NULL,NULL,NULL,NULL,'P21530-01-8',NULL,NULL),(3722,'HEX. SOCKET COUNTERSUNK HEAD SCREW','HEX. SOCKET COUNTERSUNK HEAD SCREW',3.080,3.080,NULL,'PC',1,1,'38','2016-10-12 17:34:23',NULL,NULL,NULL,NULL,NULL,NULL,NULL,'P21530-01-9',NULL,NULL),(3723,'SUPPORTING BEARING','SUPPORTING BEARING',1001.600,1001.600,NULL,'PC',1,1,'38','2016-10-12 17:34:23',NULL,NULL,NULL,NULL,NULL,NULL,NULL,'P21530-01-10',NULL,NULL),(3724,'SECURING WASHER','SECURING WASHER',21.710,21.710,NULL,'PC',1,1,'38','2016-10-12 17:34:23',NULL,NULL,NULL,NULL,NULL,NULL,NULL,'P21530-01-11',NULL,NULL),(3725,'HEX. SOCKET COUNTERSUNK HEAD SCREW','HEX. SOCKET COUNTERSUNK HEAD SCREW',3.080,3.080,NULL,'PC',1,1,'38','2016-10-12 17:34:23',NULL,NULL,NULL,NULL,NULL,NULL,NULL,'P21530-01-12',NULL,NULL),(3726,'JOURNAL BEARING','JOURNAL BEARING',1492.170,1492.170,NULL,'PC',1,1,'38','2016-10-12 17:34:23',NULL,NULL,NULL,NULL,NULL,NULL,NULL,'P21530-01-13',NULL,NULL),(3727,'Toric Seal','Toric Seal',2.240,2.240,NULL,'PC',1,1,'38','2016-10-13 18:05:46',NULL,NULL,NULL,NULL,NULL,NULL,NULL,'06.56930.3809',NULL,NULL),(3728,'Oil Filter Element','Oil Filter Element',18.700,18.700,NULL,'PC',1,1,'38','2016-10-13 18:05:46',NULL,NULL,NULL,NULL,NULL,NULL,NULL,'51.05504.0104',NULL,NULL),(3729,'Sealing Washer','Sealing Washer',1.120,1.120,NULL,'PC',1,1,'38','2016-10-13 18:05:46',NULL,NULL,NULL,NULL,NULL,NULL,NULL,'06.56190.0706',NULL,NULL),(3730,'O-Ring','O-Ring',10.360,10.360,NULL,'PC',1,1,'38','2016-10-13 18:05:46',NULL,NULL,NULL,NULL,NULL,NULL,NULL,'06.56930.4388',NULL,NULL),(3731,'Filler Cap 74X18,5/+1,5-0,07-3-12 With Valve','Filler Cap 74X18,5/+1,5-0,07-3-12 With Valve',33.110,33.110,NULL,'PC',1,1,'38','2016-10-13 18:05:46',NULL,NULL,NULL,NULL,NULL,NULL,NULL,'51.97141.0022',NULL,NULL),(3732,'Filler Cap 52X15,5/+1-0,05-2-21,3 With Valve','Filler Cap 52X15,5/+1-0,05-2-21,3 With Valve',33.660,33.660,NULL,'PC',1,1,'38','2016-10-13 18:05:46',NULL,NULL,NULL,NULL,NULL,NULL,NULL,'51.97141.0020',NULL,NULL),(3733,'Gasket','Gasket',9.340,9.340,NULL,'PC',1,1,'38','2016-10-13 18:05:46',NULL,NULL,NULL,NULL,NULL,NULL,NULL,'51.96601.0482',NULL,NULL),(3734,'O-Ring','O-Ring',17.130,17.130,NULL,'PC',1,1,'38','2016-10-13 18:05:46',NULL,NULL,NULL,NULL,NULL,NULL,NULL,'06.56936.2733',NULL,NULL),(3735,'Gasket','Gasket',9.150,9.150,NULL,'PC',1,1,'38','2016-10-13 18:05:46',NULL,NULL,NULL,NULL,NULL,NULL,NULL,'51.96601.0483',NULL,NULL),(3736,'V-Belt','V-Belt',68.340,68.340,NULL,'PC',1,1,'38','2016-10-13 18:05:46',NULL,NULL,NULL,NULL,NULL,NULL,NULL,'51.96820.0286',NULL,NULL),(3737,'Toric Seal','Toric Seal',21.490,21.490,NULL,'PC',1,1,'38','2016-10-13 18:05:46',NULL,NULL,NULL,NULL,NULL,NULL,NULL,'06.56936.6405',NULL,NULL),(3738,'Toric Seal','Toric Seal',7.760,7.760,NULL,'PC',1,1,'38','2016-10-13 18:05:46',NULL,NULL,NULL,NULL,NULL,NULL,NULL,'06.56930.3036',NULL,NULL),(3739,'Gasket','Gasket',54.960,54.960,NULL,'PC',1,1,'38','2016-10-13 18:05:46',NULL,NULL,NULL,NULL,NULL,NULL,NULL,'81.09905.0002',NULL,NULL),(3740,'Gasket','Gasket',82.430,82.430,NULL,'PC',1,1,'38','2016-10-13 18:05:46',NULL,NULL,NULL,NULL,NULL,NULL,NULL,'51.09904.0024',NULL,NULL),(3741,'Toric Seal','Toric Seal',9.150,9.150,NULL,'PC',1,1,'38','2016-10-13 18:05:46',NULL,NULL,NULL,NULL,NULL,NULL,NULL,'06.56936.2479',NULL,NULL),(3742,'Injection Nozzle','Injection Nozzle',123.650,123.650,NULL,'PC',1,1,'38','2016-10-13 18:05:46',NULL,NULL,NULL,NULL,NULL,NULL,NULL,'51.10102.0205',NULL,NULL),(3743,'Sealing Washer','Sealing Washer',5.310,5.310,NULL,'PC',1,1,'38','2016-10-13 18:05:46',NULL,NULL,NULL,NULL,NULL,NULL,NULL,'51.98701.0065',NULL,NULL),(3744,'Pin','Pin',0.480,0.480,NULL,'PC',1,1,'38','2016-10-13 18:05:46',NULL,NULL,NULL,NULL,NULL,NULL,NULL,'81.91301.0054',NULL,NULL),(3745,'Dowel Pin','Dowel Pin',0.420,0.420,NULL,'PC',1,1,'38','2016-10-13 18:05:46',NULL,NULL,NULL,NULL,NULL,NULL,NULL,'81.91301.0129',NULL,NULL),(3746,'Sealing Washer','Sealing Washer',0.700,0.700,NULL,'PC',1,1,'38','2016-10-13 18:05:46',NULL,NULL,NULL,NULL,NULL,NULL,NULL,'06.56180.0708',NULL,NULL),(3747,'Fuel Filter Insert Rme-Resistant Drain Valve','Fuel Filter Insert Rme-Resistant Drain Valve',22.700,22.700,NULL,'PC',1,1,'38','2016-10-13 18:05:46',NULL,NULL,NULL,NULL,NULL,NULL,NULL,'51.12503.0059',NULL,NULL),(3748,'Strainer W/O-Ring','Strainer W/O-Ring',13.090,13.090,NULL,'PC',1,1,'38','2016-10-13 18:05:46',NULL,NULL,NULL,NULL,NULL,NULL,NULL,'51.12503.0062',NULL,NULL),(3749,'Parts Kit','Parts Kit',12.680,12.680,NULL,'PC',1,1,'38','2016-10-13 18:05:46',NULL,NULL,NULL,NULL,NULL,NULL,NULL,'81.11101.6012',NULL,NULL),(3750,'Seal','Seal',5.140,5.140,NULL,'PC',1,1,'38','2016-10-13 18:05:46',NULL,NULL,NULL,NULL,NULL,NULL,NULL,'06.56199.0050',NULL,NULL),(3751,'Gasket','Gasket',6.270,6.270,NULL,'PC',1,1,'38','2016-10-13 18:05:46',NULL,NULL,NULL,NULL,NULL,NULL,NULL,'51.03905.0135',NULL,NULL),(3752,'Rubber Seal','Rubber Seal',5.930,5.930,NULL,'PC',1,1,'38','2016-10-13 18:05:46',NULL,NULL,NULL,NULL,NULL,NULL,NULL,'51.96601.0313',NULL,NULL),(3753,'O-Ring','O-Ring',4.270,4.270,NULL,'PC',1,1,'38','2016-10-13 18:05:46',NULL,NULL,NULL,NULL,NULL,NULL,NULL,'51.96501.0337',NULL,NULL),(3754,'Gasket','Gasket',16.530,16.530,NULL,'PC',1,1,'38','2016-10-13 18:05:46',NULL,NULL,NULL,NULL,NULL,NULL,NULL,'51.05901.0146',NULL,NULL),(3755,'Gasket','Gasket',1.120,1.120,NULL,'PC',1,1,'38','2016-10-13 18:05:46',NULL,NULL,NULL,NULL,NULL,NULL,NULL,'06.56254.2203',NULL,NULL),(3756,'Gasket','Gasket',64.090,64.090,NULL,'PC',1,1,'38','2016-10-13 18:05:46',NULL,NULL,NULL,NULL,NULL,NULL,NULL,'51.05902.0050',NULL,NULL),(3757,'ROLLER GUIDE FOR VALVE','ROLLER GUIDE FOR VALVE',651.480,651.480,NULL,'PC',1,1,'38','2016-10-18 16:37:30',NULL,NULL,NULL,NULL,NULL,NULL,NULL,'P11414-03-4',NULL,NULL),(3758,'ROLLER GUIDE FOR FUEL PUMP, CPL.','ROLLER GUIDE FOR FUEL PUMP, CPL.',749.780,749.780,NULL,'PC',1,1,'38','2016-10-18 16:37:30',NULL,NULL,NULL,NULL,NULL,NULL,NULL,'P11414-03-3',NULL,NULL),(3759,'CAMSHAFT INTERMEDIATE','CAMSHAFT INTERMEDIATE',3685.810,3685.810,NULL,'PC',1,1,'38','2016-10-18 16:37:30',NULL,NULL,NULL,NULL,NULL,NULL,NULL,'P11410-01-5',NULL,NULL),(3760,'HEX.SOCKET HEAD CAP SCREW','HEX.SOCKET HEAD CAP SCREW',3.080,3.080,NULL,'PC',1,1,'38','2016-10-18 16:37:30',NULL,NULL,NULL,NULL,NULL,NULL,NULL,'P11410-01-10',NULL,NULL),(3761,'SELF-LOCKING HEXAGON NUTS','SELF-LOCKING HEXAGON NUTS',3.080,3.080,NULL,'PC',1,1,'38','2016-10-18 16:37:30',NULL,NULL,NULL,NULL,NULL,NULL,NULL,'P11410-01-11',NULL,NULL),(3762,'ROLLER','ROLLER',278.900,278.900,NULL,'PC',1,1,'38','2016-10-18 16:37:30',NULL,NULL,NULL,NULL,NULL,NULL,NULL,'P11414-03-13',NULL,NULL),(3763,'BUSH FOR CAM ROLLER','BUSH FOR CAM ROLLER',61.980,61.980,NULL,'PC',1,1,'38','2016-10-18 16:37:30',NULL,NULL,NULL,NULL,NULL,NULL,NULL,'P11414-03-14',NULL,NULL),(3764,'STEP RING','STEP RING',308.430,308.430,NULL,'PC',1,1,'38','2016-10-18 16:37:30',NULL,NULL,NULL,NULL,NULL,NULL,NULL,'P11610-02-2',NULL,NULL),(3765,'WATER GUIDE JACKET','WATER GUIDE JACKET',1089.740,1089.740,NULL,'PC',1,1,'38','2016-10-18 16:37:30',NULL,NULL,NULL,NULL,NULL,NULL,NULL,'P11616-01-F33',NULL,NULL),(3766,'GASKET','GASKET',3.080,3.080,NULL,'PC',1,1,'38','2016-10-18 16:37:30',NULL,NULL,NULL,NULL,NULL,NULL,NULL,'P12824-13-1691',NULL,NULL),(3767,'GASKET','GASKET',4.850,4.850,NULL,'PC',1,1,'38','2016-10-18 16:37:30',NULL,NULL,NULL,NULL,NULL,NULL,NULL,'P12824-13-1725',NULL,NULL),(3768,'KEY STEEL, SQUARE','KEY STEEL, SQUARE',116.540,116.540,NULL,'PC',1,1,'38','2016-10-18 16:37:30',NULL,NULL,NULL,NULL,NULL,NULL,NULL,'P13010-01-3',NULL,NULL),(3769,'PACKING RING','PACKING RING',6.280,6.280,NULL,'PC',1,1,'38','2016-10-18 16:37:30',NULL,NULL,NULL,NULL,NULL,NULL,NULL,'P11814-01-33',NULL,NULL),(3770,'Sockets','Sockets',3.080,3.080,NULL,'PC',1,1,'38','2016-10-18 16:37:30',NULL,NULL,NULL,NULL,NULL,NULL,NULL,'P11814-01-34',NULL,NULL),(3771,'PLASTIC HOSE, PVC, Ø10X14 MM','PLASTIC HOSE, PVC, Ø10X14 MM',3.080,3.080,NULL,'PC',1,1,'38','2016-10-18 16:37:30',NULL,NULL,NULL,NULL,NULL,NULL,NULL,'P11814-01-38',NULL,NULL),(3772,'STUDS','STUDS',21.430,21.430,NULL,'PC',1,1,'38','2016-10-18 16:37:30',NULL,NULL,NULL,NULL,NULL,NULL,NULL,'P12014-01-19',NULL,NULL),(3773,'NUTS','NUTS',3.080,3.080,NULL,'PC',1,1,'38','2016-10-18 16:37:30',NULL,NULL,NULL,NULL,NULL,NULL,NULL,'P12014-01-21',NULL,NULL),(3774,'COMPRESSION SPRING RIGHT','COMPRESSION SPRING RIGHT',26.370,26.370,NULL,'PC',1,1,'38','2016-10-18 16:37:30',NULL,NULL,NULL,NULL,NULL,NULL,NULL,'P11616-01-H11',NULL,NULL),(3775,'COMPRESSION SPRING  LEFT','COMPRESSION SPRING  LEFT',47.640,47.640,NULL,'PC',1,1,'38','2016-10-18 16:37:30',NULL,NULL,NULL,NULL,NULL,NULL,NULL,'P11616-01-H12',NULL,NULL),(3776,'CONNECTING ROD BEARING','CONNECTING ROD BEARING',524.110,524.110,NULL,'PC',1,1,'38','2016-10-18 16:37:30',NULL,NULL,NULL,NULL,NULL,NULL,NULL,'P11612-01-10',NULL,NULL),(3777,'RETAINING RINGS F.BORING','RETAINING RINGS F.BORING',3.080,3.080,NULL,'PC',1,1,'38','2016-10-18 16:37:30',NULL,NULL,NULL,NULL,NULL,NULL,NULL,'P11614-03-6',NULL,NULL),(3778,'SEALING RING','SEALING RING',3.080,3.080,NULL,'PC',1,1,'38','2016-10-18 16:37:30',NULL,NULL,NULL,NULL,NULL,NULL,NULL,'P12824-13-1724',NULL,NULL),(3779,'IMPELLER KEY','IMPELLER KEY',32.200,32.200,NULL,'PC',1,1,'38','2016-10-18 16:37:30',NULL,NULL,NULL,NULL,NULL,NULL,NULL,'P13010-01-23',NULL,NULL),(3780,'HOLDER','HOLDER',77.580,77.580,NULL,'PC',1,1,'38','2016-10-18 16:37:30',NULL,NULL,NULL,NULL,NULL,NULL,NULL,'P13212-01-50',NULL,NULL),(3781,'Q96 INSTRUMENT','Q96 INSTRUMENT',1420.950,1420.950,NULL,'PC',1,1,'38','2016-10-18 16:37:30',NULL,NULL,NULL,NULL,NULL,NULL,NULL,'P18010-01-39',NULL,NULL),(3782,'CONNECTING ROD SCREW','CONNECTING ROD SCREW',117.700,117.700,NULL,'PC',1,1,'38','2016-10-18 16:37:30',NULL,NULL,NULL,NULL,NULL,NULL,NULL,'P11612-01-25',NULL,NULL),(3783,'O-RING','O-RING',4.850,4.850,NULL,'PC',1,1,'38','2016-10-18 16:37:30',NULL,NULL,NULL,NULL,NULL,NULL,NULL,'P11616-01-K3',NULL,NULL),(3784,'O-RING','O-RING',32.460,32.460,NULL,'PC',1,1,'38','2016-10-18 16:37:30',NULL,NULL,NULL,NULL,NULL,NULL,NULL,'P11616-01-F34',NULL,NULL),(3785,'GASKET','GASKET',3.080,3.080,NULL,'PC',1,1,'38','2016-10-18 16:37:30',NULL,NULL,NULL,NULL,NULL,NULL,NULL,'P11618-02-30',NULL,NULL),(3786,'SEAMLESS HYDRAULIC PIPE, Ø12 X 1.5','SEAMLESS HYDRAULIC PIPE, Ø12 X 1.5',7.370,7.370,NULL,'PC',1,1,'38','2016-10-18 16:37:30',NULL,NULL,NULL,NULL,NULL,NULL,NULL,'P11814-01-31',NULL,NULL),(3787,'SEALING RINGS - NON GLUED','SEALING RINGS - NON GLUED',3.080,3.080,NULL,'PC',1,1,'38','2016-10-18 16:37:30',NULL,NULL,NULL,NULL,NULL,NULL,NULL,'P11816-01-58',NULL,NULL),(3788,'GASKET','GASKET',11.430,11.430,NULL,'PC',1,1,'38','2016-10-18 16:37:30',NULL,NULL,NULL,NULL,NULL,NULL,NULL,'P11816-01-61',NULL,NULL),(3789,'GASKET','GASKET',10.410,10.410,NULL,'PC',1,1,'38','2016-10-18 16:37:30',NULL,NULL,NULL,NULL,NULL,NULL,NULL,'NR20/R.188 517.068',NULL,NULL),(3790,'ROUND SEAL RING','ROUND SEAL RING',2.600,2.600,NULL,'PC',1,1,'38','2016-10-20 10:14:46',NULL,NULL,NULL,NULL,NULL,NULL,NULL,'540-016',NULL,NULL),(3791,'DISTANCE SLEEVE','DISTANCE SLEEVE',280.030,280.030,NULL,'PC',1,1,'38','2016-10-20 10:14:46',NULL,NULL,NULL,NULL,NULL,NULL,NULL,'517-003',NULL,NULL),(3792,'ROUND SEAL RING ','ROUND SEAL RING ',43.320,43.320,NULL,'PC',1,1,'38','2016-10-20 10:14:46',NULL,NULL,NULL,NULL,NULL,NULL,NULL,'517-018',NULL,NULL),(3793,'GASKET ','GASKET ',8.530,8.530,NULL,'PC',1,1,'38','2016-10-20 10:14:46',NULL,NULL,NULL,NULL,NULL,NULL,NULL,'517-068',NULL,NULL),(3794,'BEARING BUSHING ','BEARING BUSHING ',288.350,288.350,NULL,'PC',1,1,'38','2016-10-20 10:14:46',NULL,NULL,NULL,NULL,NULL,NULL,NULL,'517-002',NULL,NULL),(3795,'NOZZLE RING ','NOZZLE RING ',5546.630,5546.630,NULL,'PC',1,1,'38','2016-10-20 10:14:46',NULL,NULL,NULL,NULL,NULL,NULL,NULL,'513-001',NULL,NULL),(3796,'Sealing ring','Sealing ring',3.080,3.080,NULL,'PC',1,1,'38','2016-10-20 10:25:57',NULL,NULL,NULL,NULL,NULL,NULL,NULL,'P23550-01-45',NULL,NULL),(3797,'HIGH-PRESSURE HOSE','HIGH-PRESSURE HOSE',100.990,100.990,NULL,'PC',1,1,'38','2016-10-20 10:25:57',NULL,NULL,NULL,NULL,NULL,NULL,NULL,'P23570-03-30',NULL,NULL),(3798,'Bm-tacho sensor','Bm-tacho sensor',619.790,619.790,NULL,'PC',1,1,'38','2016-10-20 10:25:57',NULL,NULL,NULL,NULL,NULL,NULL,NULL,'P28015-01-1',NULL,NULL),(3799,'SEALING RING','SEALING RING',3.080,3.080,NULL,'PC',1,1,'38','2016-10-20 10:25:57',NULL,NULL,NULL,NULL,NULL,NULL,NULL,'P24010-01-12',NULL,NULL),(3800,'Sealing ring','Sealing ring',3.080,3.080,NULL,'PC',1,1,'38','2016-10-20 10:25:57',NULL,NULL,NULL,NULL,NULL,NULL,NULL,'P24010-01-8',NULL,NULL),(3801,'SEALING RING','SEALING RING',3.080,3.080,NULL,'PC',1,1,'38','2016-10-20 10:25:57',NULL,NULL,NULL,NULL,NULL,NULL,NULL,'P24010-01-7',NULL,NULL),(3802,'SEALING RING','SEALING RING',146.400,NULL,'P31505-5894-17','PC',1,1,'38','2016-10-20 13:40:03','38','2016-10-20 13:43:24',NULL,NULL,NULL,NULL,NULL,'P31505-5894-17',NULL,29),(3803,'SELF-LOCKING HEXAGON','SELF-LOCKING HEXAGON',3.080,3.080,NULL,'PC',1,1,'38','2016-11-02 15:42:49',NULL,NULL,NULL,NULL,NULL,NULL,NULL,'P11412-01-A5',NULL,NULL),(3804,'LAMP','LAMP',4.850,4.850,NULL,'PC',1,1,'38','2016-11-03 16:50:11',NULL,NULL,NULL,NULL,NULL,NULL,NULL,'P43010-01 10',NULL,NULL),(3805,'BUZZER','BUZZER',171.520,171.520,NULL,'PC',1,1,'38','2016-11-03 16:50:11',NULL,NULL,NULL,NULL,NULL,NULL,NULL,'P41012-03 31',NULL,NULL),(3806,'KNOB,BLACK MAT, Ø=14.5','KNOB,BLACK MAT, Ø=14.5',12.770,12.770,NULL,'PC',1,1,'38','2016-11-03 16:50:11',NULL,NULL,NULL,NULL,NULL,NULL,NULL,'P41012-03 22',NULL,NULL),(3807,'CAP, BLACK MAT, (Ø=14,5)','CAP, BLACK MAT, (Ø=14,5)',3.080,3.080,NULL,'PC',1,1,'38','2016-11-03 16:50:11',NULL,NULL,NULL,NULL,NULL,NULL,NULL,'P41012-03 23',NULL,NULL),(3808,'NUT COVER,BLACK MAT, (Ø=14,5)','NUT COVER,BLACK MAT, (Ø=14,5)',3.080,3.080,NULL,'PC',1,1,'38','2016-11-03 16:50:11',NULL,NULL,NULL,NULL,NULL,NULL,NULL,'P41012-03 24',NULL,NULL),(3809,'DIMMER','DIMMER',102.560,102.560,NULL,'PC',1,1,'38','2016-11-03 16:50:11',NULL,NULL,NULL,NULL,NULL,NULL,NULL,'P41012-03 25',NULL,NULL),(3810,'STUFFING BOX FOR Ø3MM SHAFT','STUFFING BOX FOR Ø3MM SHAFT',15.810,15.810,NULL,'PC',1,1,'38','2016-11-03 16:50:11',NULL,NULL,NULL,NULL,NULL,NULL,NULL,'P41012-03 26',NULL,NULL),(3811,'NOZZLE RING','NOZZLE RING',5546.630,5546.630,NULL,'PC',1,1,'38','2016-11-04 16:18:19',NULL,NULL,NULL,NULL,NULL,NULL,NULL,'513.001',NULL,NULL),(3812,'BEARING BUSHING','BEARING BUSHING',288.350,288.350,NULL,'PC',1,1,'38','2016-11-04 16:18:19',NULL,NULL,NULL,NULL,NULL,NULL,NULL,'517.002',NULL,NULL),(3813,'GASKET ','GASKET ',8.530,8.530,NULL,'PC',1,1,'38','2016-11-04 16:18:19',NULL,NULL,NULL,NULL,NULL,NULL,NULL,'517.068',NULL,NULL),(3814,'ROUND SEAL RING','ROUND SEAL RING',43.320,43.320,NULL,'PC',1,1,'38','2016-11-04 16:18:19',NULL,NULL,NULL,NULL,NULL,NULL,NULL,'517.018',NULL,NULL),(3815,'DISTANCE SLEEVE ','DISTANCE SLEEVE ',280.030,280.030,NULL,'PC',1,1,'38','2016-11-04 16:18:19',NULL,NULL,NULL,NULL,NULL,NULL,NULL,'517.003',NULL,NULL),(3816,'ROUND SEAL ','ROUND SEAL ',44.510,44.510,NULL,'PC',1,1,'38','2016-11-04 16:18:19',NULL,NULL,NULL,NULL,NULL,NULL,NULL,'540.016',NULL,NULL),(3817,'JUNTA TORICA','JUNTA TORICA',44.510,44.510,NULL,'PC',1,1,'38','2016-11-04 16:18:19',NULL,NULL,NULL,NULL,NULL,NULL,NULL,'540.015',NULL,NULL),(3818,'Crankshaft','Crankshaft',126406.020,126406.020,NULL,NULL,1,1,'42','2016-11-23 15:23:25',NULL,NULL,NULL,NULL,NULL,NULL,NULL,'1-1210-01-1',NULL,NULL),(3819,'Gasket ','Gasket ',8.830,8.830,NULL,NULL,1,1,'42','2016-11-23 15:23:25',NULL,NULL,NULL,NULL,NULL,NULL,NULL,'1-1010-01-A10',NULL,NULL),(3820,'Gasket ','Gasket ',13.690,13.690,NULL,NULL,1,1,'42','2016-11-23 15:23:25',NULL,NULL,NULL,NULL,NULL,NULL,NULL,'1-1010-01-A20',NULL,NULL),(3821,'Gasket ','Gasket ',30.780,30.780,NULL,NULL,1,1,'42','2016-11-23 15:23:25',NULL,NULL,NULL,NULL,NULL,NULL,NULL,'1-1010-01-A30',NULL,NULL),(3822,'Camshaft Bearing','Camshaft Bearing',133.140,133.140,NULL,NULL,1,1,'42','2016-11-23 15:23:25',NULL,NULL,NULL,NULL,NULL,NULL,NULL,'1-1012-01-2',NULL,NULL),(3823,'Main Bearing \"Rillenlager\"','Main Bearing \"Rillenlager\"',567.640,567.640,NULL,NULL,1,1,'42','2016-11-23 15:23:25',NULL,NULL,NULL,NULL,NULL,NULL,NULL,'1-1012-01-3',NULL,NULL),(3824,'Thrust Washer Ø 260 mm.','Thrust Washer Ø 260 mm.',393.960,393.960,NULL,NULL,1,1,'42','2016-11-23 15:23:25',NULL,NULL,NULL,NULL,NULL,NULL,NULL,'1-1012-01-13',NULL,NULL),(3825,'Wear Ring (Insert Ring For Cyl. Liner)','Wear Ring (Insert Ring For Cyl. Liner)',433.960,433.960,NULL,NULL,1,1,'42','2016-11-23 15:23:25',NULL,NULL,NULL,NULL,NULL,NULL,NULL,'1-1012-01-22',NULL,NULL),(3826,'Camshaft Bearing, Flywheel End','Camshaft Bearing, Flywheel End',250.440,250.440,NULL,NULL,1,1,'42','2016-11-23 15:23:25',NULL,NULL,NULL,NULL,NULL,NULL,NULL,'1-1012-01-A1',NULL,NULL),(3827,'Sealing Ring','Sealing Ring',10.080,10.080,NULL,NULL,1,1,'42','2016-11-23 15:23:25',NULL,NULL,NULL,NULL,NULL,NULL,NULL,'1-1014-02-2',NULL,NULL),(3828,'Sealing Ring','Sealing Ring',13.980,13.980,NULL,NULL,1,1,'42','2016-11-23 15:23:25',NULL,NULL,NULL,NULL,NULL,NULL,NULL,'1-1014-02-A8',NULL,NULL),(3829,'Sealing Ring','Sealing Ring',9.650,9.650,NULL,NULL,1,1,'42','2016-11-23 15:23:25',NULL,NULL,NULL,NULL,NULL,NULL,NULL,'1-1014-02-A11',NULL,NULL),(3830,'Oil Sealing Ring','Oil Sealing Ring',8.550,8.550,NULL,NULL,1,1,'42','2016-11-23 15:23:25',NULL,NULL,NULL,NULL,NULL,NULL,NULL,'1-1014-02-D5',NULL,NULL),(3831,'Sealing Ring','Sealing Ring',13.980,13.980,NULL,NULL,1,1,'42','2016-11-23 15:23:25',NULL,NULL,NULL,NULL,NULL,NULL,NULL,'1-1014-02-E2',NULL,NULL),(3832,'Sealing Ring, Flywheel End','Sealing Ring, Flywheel End',1630.620,1630.620,NULL,NULL,1,1,'42','2016-11-23 15:23:25',NULL,NULL,NULL,NULL,NULL,NULL,NULL,'1-1016-02-2',NULL,NULL),(3833,'Gasket','Gasket',9.920,9.920,NULL,NULL,1,1,'42','2016-11-23 15:23:25',NULL,NULL,NULL,NULL,NULL,NULL,NULL,'1-1016-02-31',NULL,NULL),(3834,'Sealing cover','Sealing cover',3901.180,3901.180,NULL,NULL,1,1,'42','2016-11-23 15:23:25',NULL,NULL,NULL,NULL,NULL,NULL,NULL,'1-1018-03-8',NULL,NULL),(3835,'Oil Throw Ring','Oil Throw Ring',1870.600,1870.600,NULL,NULL,1,1,'42','2016-11-23 15:23:25',NULL,NULL,NULL,NULL,NULL,NULL,NULL,'1-1210-01-2',NULL,NULL),(3836,'Hexagon socket head cap screw','Hexagon socket head cap screw',3.080,3.080,NULL,NULL,1,1,'42','2016-11-23 15:23:25',NULL,NULL,NULL,NULL,NULL,NULL,NULL,'1-1210-01-16',NULL,NULL),(3837,'Gear Wheel For Crankshaft','Gear Wheel For Crankshaft',4781.100,4781.100,NULL,NULL,1,1,'42','2016-11-23 15:23:25',NULL,NULL,NULL,NULL,NULL,NULL,NULL,'1-1210-01-17',NULL,NULL),(3838,'Oil Thrown Ring','Oil Thrown Ring',401.190,401.190,NULL,NULL,1,1,'42','2016-11-23 15:23:25',NULL,NULL,NULL,NULL,NULL,NULL,NULL,'1-1210-01-18',NULL,NULL),(3839,'Washer','Washer',3.080,3.080,NULL,NULL,1,1,'42','2016-11-23 15:23:25',NULL,NULL,NULL,NULL,NULL,NULL,NULL,'1-1210-01-19',NULL,NULL),(3840,'Self Locking Hexagon Nut','Self Locking Hexagon Nut',3.080,3.080,NULL,NULL,1,1,'42','2016-11-23 15:23:25',NULL,NULL,NULL,NULL,NULL,NULL,NULL,'1-1210-01-20',NULL,NULL),(3841,'Plug Screw','Plug Screw',18.080,18.080,NULL,NULL,1,1,'42','2016-11-23 15:23:25',NULL,NULL,NULL,NULL,NULL,NULL,NULL,'1-1210-01-A10',NULL,NULL),(3842,'Bearing Bush','Bearing Bush',1113.280,1113.280,NULL,NULL,1,1,'42','2016-11-23 15:23:25',NULL,NULL,NULL,NULL,NULL,NULL,NULL,'1-1412-01-A3',NULL,NULL),(3843,'Bearing Bush','Bearing Bush',1113.280,1113.280,NULL,NULL,1,1,'42','2016-11-23 15:23:25',NULL,NULL,NULL,NULL,NULL,NULL,NULL,'1-1412-01-B2',NULL,NULL),(3844,'Bearing Bush','Bearing Bush',1113.280,1113.280,NULL,NULL,1,1,'42','2016-11-23 15:23:25',NULL,NULL,NULL,NULL,NULL,NULL,NULL,'1-1412-01-C2',NULL,NULL),(3845,'O-Ring NBR  Ø 4*30 mm.','O-Ring NBR  Ø 4*30 mm.',3.080,3.080,NULL,NULL,1,1,'42','2016-11-23 15:23:25',NULL,NULL,NULL,NULL,NULL,NULL,NULL,'1-1414-03-18',NULL,NULL),(3846,'Flame Ring (Step Ring)','Flame Ring (Step Ring)',308.430,308.430,NULL,NULL,1,1,'42','2016-11-23 15:23:25',NULL,NULL,NULL,NULL,NULL,NULL,NULL,'1-1610-02-2',NULL,NULL),(3847,'O-Ring Viton  Ø 6.00*242.00 mm.','O-Ring Viton  Ø 6.00*242.00 mm.',25.690,25.690,NULL,NULL,1,1,'42','2016-11-23 15:23:25',NULL,NULL,NULL,NULL,NULL,NULL,NULL,'1-1610-02-3',NULL,NULL),(3848,'Sealing Ring F Cyl.Cover / Cyl.Liner','Sealing Ring F Cyl.Cover / Cyl.Liner',37.460,37.460,NULL,NULL,1,1,'42','2016-11-23 15:23:25',NULL,NULL,NULL,NULL,NULL,NULL,NULL,'1-1610-02-4',NULL,NULL),(3849,'Connecting Rod Bearing','Connecting Rod Bearing',524.110,524.110,NULL,NULL,1,1,'42','2016-11-23 15:23:25',NULL,NULL,NULL,NULL,NULL,NULL,NULL,'1-1612-01-10',NULL,NULL),(3850,'Piston Pin Bush','Piston Pin Bush',465.650,465.650,NULL,NULL,1,1,'42','2016-11-23 15:23:25',NULL,NULL,NULL,NULL,NULL,NULL,NULL,'1-1612-01-20',NULL,NULL),(3851,'Piston Pin','Piston Pin',517.180,517.180,NULL,NULL,1,1,'42','2016-11-23 15:23:25',NULL,NULL,NULL,NULL,NULL,NULL,NULL,'1-1614-07-3',NULL,NULL),(3852,'Retaining Ring','Retaining Ring',3.080,3.080,NULL,NULL,1,1,'42','2016-11-23 15:23:25',NULL,NULL,NULL,NULL,NULL,NULL,NULL,'1-1614-07-6',NULL,NULL),(3853,'Piston Ring, 3 DGR. CKS 36 ','Piston Ring, 3 DGR. CKS 36 ',185.370,185.370,NULL,NULL,1,1,'42','2016-11-23 15:23:25',NULL,NULL,NULL,NULL,NULL,NULL,NULL,'1-1614-07-A1',NULL,NULL),(3854,'Piston Ring,Compression','Piston Ring,Compression',91.250,91.250,NULL,NULL,1,1,'42','2016-11-23 15:23:25',NULL,NULL,NULL,NULL,NULL,NULL,NULL,'1-1614-07-A2',NULL,NULL),(3855,'Piston Ring ','Piston Ring ',143.890,143.890,NULL,NULL,1,1,'42','2016-11-23 15:23:25',NULL,NULL,NULL,NULL,NULL,NULL,NULL,'1-1614-07-A3',NULL,NULL),(3856,'Oil Control Ring (Oil Scraper Ring)','Oil Control Ring (Oil Scraper Ring)',123.830,123.830,NULL,NULL,1,1,'42','2016-11-23 15:23:25',NULL,NULL,NULL,NULL,NULL,NULL,NULL,'1-1614-07-A4',NULL,NULL),(3857,'Valve Spindel Guide','Valve Spindel Guide',74.390,74.390,NULL,NULL,1,1,'42','2016-11-23 15:23:25',NULL,NULL,NULL,NULL,NULL,NULL,NULL,'1-1616-01-21',NULL,NULL),(3858,'O-Ring Viton  Ø 3.53*13.87 mm.','O-Ring Viton  Ø 3.53*13.87 mm.',4.890,4.890,NULL,NULL,1,1,'42','2016-11-23 15:23:25',NULL,NULL,NULL,NULL,NULL,NULL,NULL,'1-1616-01-22',NULL,NULL),(3859,'Insert for Fuel Injection Valve','Insert for Fuel Injection Valve',239.670,239.670,NULL,NULL,1,1,'42','2016-11-23 15:23:25',NULL,NULL,NULL,NULL,NULL,NULL,NULL,'1-1616-01-B3',NULL,NULL),(3860,'Sealing Ring','Sealing Ring',4.850,4.850,NULL,NULL,1,1,'42','2016-11-23 15:23:25',NULL,NULL,NULL,NULL,NULL,NULL,NULL,'1-1616-01-B4',NULL,NULL),(3861,'Snap Ring','Snap Ring',5.250,5.250,NULL,NULL,1,1,'42','2016-11-23 15:23:25',NULL,NULL,NULL,NULL,NULL,NULL,NULL,'1-1616-01-B5',NULL,NULL),(3862,'Valve Seat Ring','Valve Seat Ring',123.910,123.910,NULL,NULL,1,1,'42','2016-11-23 15:23:25',NULL,NULL,NULL,NULL,NULL,NULL,NULL,'1-1616-01-B7',NULL,NULL),(3863,'O-Ring','O-Ring',6.260,6.260,NULL,NULL,1,1,'42','2016-11-23 15:23:25',NULL,NULL,NULL,NULL,NULL,NULL,NULL,'1-1616-01-B10',NULL,NULL),(3864,'Valve Seat Ring, Inlet','Valve Seat Ring, Inlet',197.670,197.670,NULL,NULL,1,1,'42','2016-11-23 15:23:25',NULL,NULL,NULL,NULL,NULL,NULL,NULL,'1-1616-01-B108',NULL,NULL),(3865,'Sealing Ring, Viton','Sealing Ring, Viton',32.460,32.460,NULL,NULL,1,1,'42','2016-11-23 15:23:25',NULL,NULL,NULL,NULL,NULL,NULL,NULL,'1-1616-01-F34',NULL,NULL),(3866,'Valve Spindle','Valve Spindle',228.750,228.750,NULL,NULL,1,1,'42','2016-11-23 15:23:25',NULL,NULL,NULL,NULL,NULL,NULL,NULL,'1-1616-01-H6',NULL,NULL),(3867,'O-Ring, Viton','O-Ring, Viton',4.850,4.850,NULL,NULL,1,1,'42','2016-11-23 15:23:25',NULL,NULL,NULL,NULL,NULL,NULL,NULL,'1-1616-01-K3',NULL,NULL),(3868,'Valve Spring, 23/30A','Valve Spring, 23/30A',26.370,26.370,NULL,NULL,1,1,'42','2016-11-23 15:23:25',NULL,NULL,NULL,NULL,NULL,NULL,NULL,'1-1616-01-H11',NULL,NULL),(3869,'Valve Spring, 23/30A','Valve Spring, 23/30A',47.640,47.640,NULL,NULL,1,1,'42','2016-11-23 15:23:25',NULL,NULL,NULL,NULL,NULL,NULL,NULL,'1-1616-01-H12',NULL,NULL),(3870,'Valve Lock','Valve Lock',28.430,28.430,NULL,NULL,1,1,'42','2016-11-23 15:23:25',NULL,NULL,NULL,NULL,NULL,NULL,NULL,'1-1616-01-H13',NULL,NULL),(3871,'Valve Rotation Device','Valve Rotation Device',129.220,129.220,NULL,NULL,1,1,'42','2016-11-23 15:23:25',NULL,NULL,NULL,NULL,NULL,NULL,NULL,'1-1616-01-H14',NULL,NULL),(3872,'Gasket','Gasket',3.080,3.080,NULL,NULL,1,1,'42','2016-11-23 15:23:25',NULL,NULL,NULL,NULL,NULL,NULL,NULL,'1-1618-02-20',NULL,NULL),(3873,'Gasket','Gasket',3.080,3.080,NULL,NULL,1,1,'42','2016-11-23 15:23:25',NULL,NULL,NULL,NULL,NULL,NULL,NULL,'1-1618-02-30',NULL,NULL),(3874,'Packing for Top Guard','Packing for Top Guard',14.980,14.980,NULL,NULL,1,1,'42','2016-11-23 15:23:25',NULL,NULL,NULL,NULL,NULL,NULL,NULL,'1-1620-02-A9',NULL,NULL),(3875,'Packing, Valve Cover','Packing, Valve Cover',22.490,22.490,NULL,NULL,1,1,'42','2016-11-23 15:23:25',NULL,NULL,NULL,NULL,NULL,NULL,NULL,'1-1620-02-A10',NULL,NULL),(3876,'O-Ring Viton','O-Ring Viton',71.290,71.290,NULL,NULL,1,1,'42','2016-11-23 15:23:25',NULL,NULL,NULL,NULL,NULL,NULL,NULL,'1-1810-01-6',NULL,NULL),(3877,'Air Filter Mat. NR 20/R','Air Filter Mat. NR 20/R',81.220,81.220,NULL,NULL,1,1,'42','2016-11-23 15:23:25',NULL,NULL,NULL,NULL,NULL,NULL,NULL,'1-1810-01-A1',NULL,NULL),(3878,'Gasket for Connecting','Gasket for Connecting',124.650,124.650,NULL,NULL,1,1,'42','2016-11-23 15:23:25',NULL,NULL,NULL,NULL,NULL,NULL,NULL,'1-1812-01-2',NULL,NULL),(3879,'Gasket Revers Cover LK52','Gasket Revers Cover LK52',106.010,106.010,NULL,NULL,1,1,'42','2016-11-23 15:23:25',NULL,NULL,NULL,NULL,NULL,NULL,NULL,'1-1812-01-5',NULL,NULL),(3880,'Gasket,Cooler Box / LK52','Gasket,Cooler Box / LK52',94.250,94.250,NULL,NULL,1,1,'42','2016-11-23 15:23:25',NULL,NULL,NULL,NULL,NULL,NULL,NULL,'1-1812-01-37',NULL,NULL),(3881,'Side Plate','Side Plate',1779.840,1779.840,NULL,NULL,1,1,'42','2016-11-23 15:23:25',NULL,NULL,NULL,NULL,NULL,NULL,NULL,'1-1812-01-B7',NULL,NULL),(3882,'Thermometer 0-120C','Thermometer 0-120C',159.680,159.680,NULL,NULL,1,1,'42','2016-11-23 15:23:25',NULL,NULL,NULL,NULL,NULL,NULL,NULL,'1-1814-01-6',NULL,NULL),(3883,'Sealing Ring','Sealing Ring',3.080,3.080,NULL,NULL,1,1,'42','2016-11-23 15:23:25',NULL,NULL,NULL,NULL,NULL,NULL,NULL,'1-1816-01-58',NULL,NULL),(3884,'Gasket','Gasket',11.430,11.430,NULL,NULL,1,1,'42','2016-11-23 15:23:25',NULL,NULL,NULL,NULL,NULL,NULL,NULL,'1-1816-01-61',NULL,NULL),(3885,'Gasket Exhaust Manifold','Gasket Exhaust Manifold',30.400,30.400,NULL,NULL,1,1,'42','2016-11-23 15:23:25',NULL,NULL,NULL,NULL,NULL,NULL,NULL,'1-1818-03-2',NULL,NULL),(3886,'Hexagon socket head cap screw','Hexagon socket head cap screw',3.080,3.080,NULL,NULL,1,1,'42','2016-11-23 15:23:25',NULL,NULL,NULL,NULL,NULL,NULL,NULL,'1-1818-03-5',NULL,NULL),(3887,'Nut','Nut',3.080,3.080,NULL,NULL,1,1,'42','2016-11-23 15:23:25',NULL,NULL,NULL,NULL,NULL,NULL,NULL,'1-1818-03-6',NULL,NULL),(3888,'Sealing Ring','Sealing Ring',4.850,4.850,NULL,NULL,1,1,'42','2016-11-23 15:23:25',NULL,NULL,NULL,NULL,NULL,NULL,NULL,'1-1818-03-A3',NULL,NULL),(3890,'Gasket','Gasket',30.400,30.400,NULL,NULL,1,1,'42','2016-11-23 15:23:25',NULL,NULL,NULL,NULL,NULL,NULL,NULL,'1-1818-03-A7',NULL,NULL),(3891,'Gasket Exhaust TC','Gasket Exhaust TC',51.630,51.630,NULL,NULL,1,1,'42','2016-11-23 15:23:25',NULL,NULL,NULL,NULL,NULL,NULL,NULL,'1-1818-03-A11',NULL,NULL),(3892,'Liner / Bearing Bush','Liner / Bearing Bush',23.860,23.860,NULL,NULL,1,1,'42','2016-11-23 15:23:25',NULL,NULL,NULL,NULL,NULL,NULL,NULL,'1-2012-01-5',NULL,NULL),(3893,'Sealing Ring  Ø 10.00*32.00 mm.','Sealing Ring  Ø 10.00*32.00 mm.',19.090,19.090,NULL,NULL,1,1,'42','2016-11-23 15:23:25',NULL,NULL,NULL,NULL,NULL,NULL,NULL,'1-1012-01-27',NULL,NULL),(3894,'Protection Cap','Protection Cap',8.890,8.890,NULL,NULL,1,1,'42','2016-11-23 15:23:25',NULL,NULL,NULL,NULL,NULL,NULL,NULL,'1-1012-01-30',NULL,NULL),(3895,'Labyrinth Ring','Labyrinth Ring',2398.240,2398.240,NULL,NULL,1,1,'42','2016-11-23 15:23:25',NULL,NULL,NULL,NULL,NULL,NULL,NULL,'1-1018-01-1',NULL,NULL),(3896,'Fitted bolt for flywheel','Fitted bolt for flywheel',114.220,114.220,NULL,NULL,1,1,'42','2016-11-23 15:23:25',NULL,NULL,NULL,NULL,NULL,NULL,NULL,'1-1216-01-5',NULL,NULL),(3897,'Self Locking Hexagon Nut','Self Locking Hexagon Nut',3.080,3.080,NULL,NULL,1,1,'42','2016-11-23 15:23:25',NULL,NULL,NULL,NULL,NULL,NULL,NULL,'1-1216-01-6',NULL,NULL),(3898,'Self Locking Nut, M20x1.5, 10.9','Self Locking Nut, M20x1.5, 10.9',73.180,73.180,NULL,NULL,1,1,'42','2016-11-23 15:23:25',NULL,NULL,NULL,NULL,NULL,NULL,NULL,'1-1412-01-6',NULL,NULL),(3899,'Thrust Piece','Thrust Piece',42.410,42.410,NULL,NULL,1,1,'42','2016-11-23 15:23:25',NULL,NULL,NULL,NULL,NULL,NULL,NULL,'1-1414-03-11',NULL,NULL),(3900,'Adjusting Washer 1.2 mm.','Adjusting Washer 1.2 mm.',7.310,7.310,NULL,NULL,1,1,'42','2016-11-23 15:23:25',NULL,NULL,NULL,NULL,NULL,NULL,NULL,'1-1414-03-12A',NULL,NULL),(3901,'Adjusting Washer 1.4 mm.','Adjusting Washer 1.4 mm.',7.310,7.310,NULL,NULL,1,1,'42','2016-11-23 15:23:25',NULL,NULL,NULL,NULL,NULL,NULL,NULL,'1-1414-03-12B',NULL,NULL),(3902,'Adjusting Washer 1.6 mm.','Adjusting Washer 1.6 mm.',7.310,7.310,NULL,NULL,1,1,'42','2016-11-23 15:23:25',NULL,NULL,NULL,NULL,NULL,NULL,NULL,'1-1414-03-12C',NULL,NULL),(3903,'Adjusting Washer 1.8 mm.','Adjusting Washer 1.8 mm.',7.310,7.310,NULL,NULL,1,1,'42','2016-11-23 15:23:25',NULL,NULL,NULL,NULL,NULL,NULL,NULL,'1-1414-03-12D',NULL,NULL),(3904,'Adjusting Washer 2.0 mm.','Adjusting Washer 2.0 mm.',7.310,7.310,NULL,NULL,1,1,'42','2016-11-23 15:23:25',NULL,NULL,NULL,NULL,NULL,NULL,NULL,'1-1414-03-12E',NULL,NULL),(3905,'Adjusting Washer 2.2 mm.','Adjusting Washer 2.2 mm.',7.310,7.310,NULL,NULL,1,1,'42','2016-11-23 15:23:25',NULL,NULL,NULL,NULL,NULL,NULL,NULL,'1-1414-03-12F',NULL,NULL),(3906,'Roller for the Fuel Injection Pump Cams','Roller for the Fuel Injection Pump Cams',278.900,278.900,NULL,NULL,1,1,'42','2016-11-23 15:23:25',NULL,NULL,NULL,NULL,NULL,NULL,NULL,'1-1414-03-13',NULL,NULL),(3907,'Bush for Cam Roller','Bush for Cam Roller',61.980,61.980,NULL,NULL,1,1,'42','2016-11-23 15:23:25',NULL,NULL,NULL,NULL,NULL,NULL,NULL,'1-1414-03-14',NULL,NULL),(3908,'Pin for Roller','Pin for Roller',47.240,47.240,NULL,NULL,1,1,'42','2016-11-23 15:23:25',NULL,NULL,NULL,NULL,NULL,NULL,NULL,'1-1414-03-6',NULL,NULL),(3909,'Ball Thrust Piece','Ball Thrust Piece',82.500,82.500,NULL,NULL,1,1,'42','2016-11-23 15:23:25',NULL,NULL,NULL,NULL,NULL,NULL,NULL,'1-1616-01-C10',NULL,NULL),(3910,'Spring Ring','Spring Ring',3.080,3.080,NULL,NULL,1,1,'42','2016-11-23 15:23:25',NULL,NULL,NULL,NULL,NULL,NULL,NULL,'1-1616-01-C11',NULL,NULL),(3911,'Cooling Jacket ','Cooling Jacket ',825.770,825.770,NULL,NULL,1,1,'42','2016-11-23 15:23:25',NULL,NULL,NULL,NULL,NULL,NULL,NULL,'1-1616-01-F33',NULL,NULL),(3912,'Sealing Ring','Sealing Ring',7.370,7.370,NULL,NULL,1,1,'42','2016-11-23 15:23:25',NULL,NULL,NULL,NULL,NULL,NULL,NULL,'1-1620-02-A8',NULL,NULL),(3913,'Iron Anode','Iron Anode',20.780,20.780,NULL,NULL,1,1,'42','2016-11-23 15:23:25',NULL,NULL,NULL,NULL,NULL,NULL,NULL,'1-1812-01-A2',NULL,NULL),(3914,'Gasket','Gasket',3.080,3.080,NULL,NULL,1,1,'42','2016-11-23 15:23:25',NULL,NULL,NULL,NULL,NULL,NULL,NULL,'1-1818-03-A12',NULL,NULL),(3915,'Exhaust Thermometer','Exhaust Thermometer',327.200,327.200,NULL,NULL,1,1,'42','2016-11-23 15:23:25',NULL,NULL,NULL,NULL,NULL,NULL,NULL,'1-1818-03-A17',NULL,NULL),(3916,'Exhaust Thermometer','Exhaust Thermometer',327.200,327.200,NULL,NULL,1,1,'42','2016-11-23 15:23:25',NULL,NULL,NULL,NULL,NULL,NULL,NULL,'1-1824-01-20',NULL,NULL),(3917,'Rotating packing','Rotating packing',301.820,301.820,NULL,NULL,1,1,'42','2016-11-23 15:23:25',NULL,NULL,NULL,NULL,NULL,NULL,NULL,'1-2012-02-10',NULL,NULL),(3918,'Gasket','Gasket',4.650,4.650,NULL,NULL,1,1,'42','2016-11-23 15:23:25',NULL,NULL,NULL,NULL,NULL,NULL,NULL,'1-2012-02-15',NULL,NULL),(3919,'Slide','Slide',128.280,128.280,NULL,NULL,1,1,'42','2016-11-23 15:23:25',NULL,NULL,NULL,NULL,NULL,NULL,NULL,'1-2012-02-20',NULL,NULL),(3920,'Coupling','Coupling',276.280,276.280,NULL,NULL,1,1,'42','2016-11-23 15:23:25',NULL,NULL,NULL,NULL,NULL,NULL,NULL,'1-2012-02-7',NULL,NULL),(3921,'Gasket','Gasket',3.080,3.080,NULL,NULL,1,1,'42','2016-11-23 15:23:25',NULL,NULL,NULL,NULL,NULL,NULL,NULL,'1-2012-02-9',NULL,NULL),(3922,'Filter Cartridge, MDO','Filter Cartridge, MDO',44.930,44.930,NULL,NULL,1,1,'42','2016-11-23 15:23:25',NULL,NULL,NULL,NULL,NULL,NULL,NULL,'1-2014-01-B27',NULL,NULL),(3923,'Gasket','Gasket',12.250,12.250,NULL,NULL,1,1,'42','2016-11-23 15:23:25',NULL,NULL,NULL,NULL,NULL,NULL,NULL,'1-2014-01-B28',NULL,NULL),(3924,'O-Ring Viton  Ø3.0*41.0 mm.','O-Ring Viton  Ø3.0*41.0 mm.',4.850,4.850,NULL,NULL,1,1,'42','2016-11-23 15:23:25',NULL,NULL,NULL,NULL,NULL,NULL,NULL,'1-2016-01-24',NULL,NULL),(3925,'O-Ring Viton  Ø3.0*31.0 mm.','O-Ring Viton  Ø3.0*31.0 mm.',4.850,4.850,NULL,NULL,1,1,'42','2016-11-23 15:23:25',NULL,NULL,NULL,NULL,NULL,NULL,NULL,'1-2016-01-25',NULL,NULL),(3926,'Retaining  Ring','Retaining  Ring',4.850,4.850,NULL,NULL,1,1,'42','2016-11-23 15:23:25',NULL,NULL,NULL,NULL,NULL,NULL,NULL,'1-2016-01-27',NULL,NULL),(3927,'Plug Screw','Plug Screw',37.370,37.370,NULL,NULL,1,1,'42','2016-11-23 15:23:25',NULL,NULL,NULL,NULL,NULL,NULL,NULL,'1-2016-01-28',NULL,NULL),(3928,'Gasket','Gasket',3.080,3.080,NULL,NULL,1,1,'42','2016-11-23 15:23:25',NULL,NULL,NULL,NULL,NULL,NULL,NULL,'1-2016-01-29',NULL,NULL),(3929,'Spring for Pressure Valve','Spring for Pressure Valve',10.680,10.680,NULL,NULL,1,1,'42','2016-11-23 15:23:25',NULL,NULL,NULL,NULL,NULL,NULL,NULL,'1-2016-01-33',NULL,NULL),(3930,'O-Ring Viton  Ø 3.0*34.0 mm.','O-Ring Viton  Ø 3.0*34.0 mm.',4.850,4.850,NULL,NULL,1,1,'42','2016-11-23 15:23:25',NULL,NULL,NULL,NULL,NULL,NULL,NULL,'1-2016-01-36',NULL,NULL),(3931,'O-Ring Viton  Ø 3.0*37.0 mm.','O-Ring Viton  Ø 3.0*37.0 mm.',4.850,4.850,NULL,NULL,1,1,'42','2016-11-23 15:23:25',NULL,NULL,NULL,NULL,NULL,NULL,NULL,'1-2016-01-38',NULL,NULL),(3932,'Sealing ring','Sealing ring',3.080,3.080,NULL,NULL,1,1,'42','2016-11-23 15:23:25',NULL,NULL,NULL,NULL,NULL,NULL,NULL,'1-2016-01-45',NULL,NULL),(3933,'Fuel Pump Element','Fuel Pump Element',1622.930,1622.930,NULL,NULL,1,1,'42','2016-11-23 15:23:25',NULL,NULL,NULL,NULL,NULL,NULL,NULL,'1-2016-01-5',NULL,NULL),(3934,'O-Ring Viton  Ø 4.0*60.0 mm.','O-Ring Viton  Ø 4.0*60.0 mm.',3.080,3.080,NULL,NULL,1,1,'42','2016-11-23 15:23:25',NULL,NULL,NULL,NULL,NULL,NULL,NULL,'1-2018-01-11',NULL,NULL),(3935,'Copper Gasket','Copper Gasket',3.080,3.080,NULL,NULL,1,1,'42','2016-11-23 15:23:26',NULL,NULL,NULL,NULL,NULL,NULL,NULL,'1-2018-01-13',NULL,NULL),(3936,'O-Ring Viton  Ø 2.0*10.0 mm.','O-Ring Viton  Ø 2.0*10.0 mm.',3.080,3.080,NULL,NULL,1,1,'42','2016-11-23 15:23:26',NULL,NULL,NULL,NULL,NULL,NULL,NULL,'1-2018-01-15',NULL,NULL),(3937,'Cylindrical Pin for Fuel Valve','Cylindrical Pin for Fuel Valve',3.080,3.080,NULL,NULL,1,1,'42','2016-11-23 15:23:26',NULL,NULL,NULL,NULL,NULL,NULL,NULL,'1-2018-01-2.2',NULL,NULL),(3938,'Fuel Nozzle MDO','Fuel Nozzle MDO',264.900,264.900,NULL,NULL,1,1,'42','2016-11-23 15:23:26',NULL,NULL,NULL,NULL,NULL,NULL,NULL,'1-2018-01-3',NULL,NULL),(3939,'Thrust Spindle for Fuel Injector','Thrust Spindle for Fuel Injector',26.980,26.980,NULL,NULL,1,1,'42','2016-11-23 15:23:26',NULL,NULL,NULL,NULL,NULL,NULL,NULL,'1-2018-01-6',NULL,NULL),(3940,'Spring for Fuel Injector','Spring for Fuel Injector',33.370,33.370,NULL,NULL,1,1,'42','2016-11-23 15:23:26',NULL,NULL,NULL,NULL,NULL,NULL,NULL,'1-2018-01-8',NULL,NULL),(3941,'O-Ring Viton  Ø 3.53*13.87 mm.','O-Ring Viton  Ø 3.53*13.87 mm.',4.890,4.890,NULL,NULL,1,1,'42','2016-11-23 15:23:26',NULL,NULL,NULL,NULL,NULL,NULL,NULL,'1-2020-01-13',NULL,NULL),(3942,'Packing Ring (Gasket)','Packing Ring (Gasket)',3.080,3.080,NULL,NULL,1,1,'42','2016-11-23 15:23:26',NULL,NULL,NULL,NULL,NULL,NULL,NULL,'1-2020-01-16',NULL,NULL),(3943,'O-Ring Viton  Ø 3.53*26.58 mm.','O-Ring Viton  Ø 3.53*26.58 mm.',4.850,4.850,NULL,NULL,1,1,'42','2016-11-23 15:23:26',NULL,NULL,NULL,NULL,NULL,NULL,NULL,'1-2020-01-17',NULL,NULL),(3944,'Sealing Ring','Sealing Ring',3.080,3.080,NULL,NULL,1,1,'42','2016-11-23 15:23:26',NULL,NULL,NULL,NULL,NULL,NULL,NULL,'1-2412-01-31',NULL,NULL),(3945,'Solenoid Valve','Solenoid Valve',514.110,514.110,NULL,NULL,1,1,'42','2016-11-23 15:23:26',NULL,NULL,NULL,NULL,NULL,NULL,NULL,'1-2412-01-32',NULL,NULL),(3946,'Sealing Ring','Sealing Ring',3.080,3.080,NULL,NULL,1,1,'42','2016-11-23 15:23:26',NULL,NULL,NULL,NULL,NULL,NULL,NULL,'1-2412-01-37',NULL,NULL),(3947,'Sealing Ring','Sealing Ring',3.080,3.080,NULL,NULL,1,1,'42','2016-11-23 15:23:26',NULL,NULL,NULL,NULL,NULL,NULL,NULL,'1-2610-01-10',NULL,NULL),(3948,'Sealing Ring','Sealing Ring',22.090,22.090,NULL,NULL,1,1,'42','2016-11-23 15:23:26',NULL,NULL,NULL,NULL,NULL,NULL,NULL,'1-2610-01-11',NULL,NULL),(3949,'Sealing Ring','Sealing Ring',22.090,22.090,NULL,NULL,1,1,'42','2016-11-23 15:23:26',NULL,NULL,NULL,NULL,NULL,NULL,NULL,'1-2610-01-12',NULL,NULL),(3950,'Supporting Ring','Supporting Ring',28.610,28.610,NULL,NULL,1,1,'42','2016-11-23 15:23:26',NULL,NULL,NULL,NULL,NULL,NULL,NULL,'1-2610-01-13',NULL,NULL),(3951,'Valve Seat, Synthetic Rubber','Valve Seat, Synthetic Rubber',4.850,4.850,NULL,NULL,1,1,'42','2016-11-23 15:23:26',NULL,NULL,NULL,NULL,NULL,NULL,NULL,'1-2610-01-15',NULL,NULL),(3952,'Sealing Supporting Ring','Sealing Supporting Ring',43.780,43.780,NULL,NULL,1,1,'42','2016-11-23 15:23:26',NULL,NULL,NULL,NULL,NULL,NULL,NULL,'1-2610-01-3',NULL,NULL),(3953,'Sealing Ring','Sealing Ring',3.080,3.080,NULL,NULL,1,1,'42','2016-11-23 15:23:26',NULL,NULL,NULL,NULL,NULL,NULL,NULL,'1-2610-01-31',NULL,NULL),(3954,'Sealing Ring  Ø 2.40*14.30 mm.','Sealing Ring  Ø 2.40*14.30 mm.',3.080,3.080,NULL,NULL,1,1,'42','2016-11-23 15:23:26',NULL,NULL,NULL,NULL,NULL,NULL,NULL,'1-2610-01-37',NULL,NULL),(3955,'Sealing Ring  Ø 2.40*30.30 mm.','Sealing Ring  Ø 2.40*30.30 mm.',3.080,3.080,NULL,NULL,1,1,'42','2016-11-23 15:23:26',NULL,NULL,NULL,NULL,NULL,NULL,NULL,'1-2610-01-9',NULL,NULL),(3956,'Gasket','Gasket',46.610,46.610,NULL,NULL,1,1,'42','2016-11-23 15:23:26',NULL,NULL,NULL,NULL,NULL,NULL,NULL,'1-2612-01-21',NULL,NULL),(3957,'Oil Sealing Ring','Oil Sealing Ring',4.850,4.850,NULL,NULL,1,1,'42','2016-11-23 15:23:26',NULL,NULL,NULL,NULL,NULL,NULL,NULL,'1-2612-01-7',NULL,NULL),(3958,'Split Pin','Split Pin',3.080,3.080,NULL,NULL,1,1,'42','2016-11-23 15:23:26',NULL,NULL,NULL,NULL,NULL,NULL,NULL,'1-2614-01-9',NULL,NULL),(3959,'Gasket','Gasket',3.080,3.080,NULL,NULL,1,1,'42','2016-11-23 15:23:26',NULL,NULL,NULL,NULL,NULL,NULL,NULL,'1-2614-01-A20',NULL,NULL),(3960,'Gasket Ring','Gasket Ring',4.850,4.850,NULL,NULL,1,1,'42','2016-11-23 15:23:26',NULL,NULL,NULL,NULL,NULL,NULL,NULL,'1-2616-01-3066',NULL,NULL),(3961,'Gasket','Gasket',3.080,3.080,NULL,NULL,1,1,'42','2016-11-23 15:23:26',NULL,NULL,NULL,NULL,NULL,NULL,NULL,'1-2616-01-3067',NULL,NULL),(3962,'Gasket','Gasket',6.850,6.850,NULL,NULL,1,1,'42','2016-11-23 15:23:26',NULL,NULL,NULL,NULL,NULL,NULL,NULL,'1-2812-01-14',NULL,NULL),(3963,'Plunger','Plunger',330.280,330.280,NULL,NULL,1,1,'42','2016-11-23 15:23:26',NULL,NULL,NULL,NULL,NULL,NULL,NULL,'1-2812-01-15',NULL,NULL),(3964,'Spring','Spring',51.920,51.920,NULL,NULL,1,1,'42','2016-11-23 15:23:26',NULL,NULL,NULL,NULL,NULL,NULL,NULL,'1-2812-01-16',NULL,NULL),(3965,'Cylinder','Cylinder',93.670,93.670,NULL,NULL,1,1,'42','2016-11-23 15:23:26',NULL,NULL,NULL,NULL,NULL,NULL,NULL,'1-2812-01-17',NULL,NULL),(3966,'Gasket','Gasket',19.880,19.880,NULL,NULL,1,1,'42','2016-11-23 15:23:26',NULL,NULL,NULL,NULL,NULL,NULL,NULL,'1-2812-01-22',NULL,NULL),(3967,'Liner / Bush ','Liner / Bush ',29.810,29.810,NULL,NULL,1,1,'42','2016-11-23 15:23:26',NULL,NULL,NULL,NULL,NULL,NULL,NULL,'1-2812-01-5',NULL,NULL),(3969,'Sealing Ring','Sealing Ring',17.260,17.260,NULL,NULL,1,1,'42','2016-11-23 15:23:26',NULL,NULL,NULL,NULL,NULL,NULL,NULL,'1-2816-01-8',NULL,NULL),(3970,'Sealing Ring','Sealing Ring',4.850,4.850,NULL,NULL,1,1,'42','2016-11-23 15:23:26',NULL,NULL,NULL,NULL,NULL,NULL,NULL,'1-2816-01-9',NULL,NULL),(3971,'Gasket','Gasket',90.530,90.530,NULL,NULL,1,1,'42','2016-11-23 15:23:26',NULL,NULL,NULL,NULL,NULL,NULL,NULL,'1-2818-04-A20',NULL,NULL),(3972,'Gasket','Gasket',90.530,90.530,NULL,NULL,1,1,'42','2016-11-23 15:23:26',NULL,NULL,NULL,NULL,NULL,NULL,NULL,'1-2818-04-A21',NULL,NULL),(3973,'End Plate 2 Special','End Plate 2 Special',247.820,247.820,NULL,NULL,1,1,'42','2016-11-23 15:23:26',NULL,NULL,NULL,NULL,NULL,NULL,NULL,'1-2818-04-A4',NULL,NULL),(3974,'Gasket Thermostatic','Gasket Thermostatic',13.180,13.180,NULL,NULL,1,1,'42','2016-11-23 15:23:26',NULL,NULL,NULL,NULL,NULL,NULL,NULL,'1-2820-01-20',NULL,NULL),(3975,'Thermostatic Element, SM. 0.66 Deg. C','Thermostatic Element, SM. 0.66 Deg. C',330.280,330.280,NULL,NULL,1,1,'42','2016-11-23 15:23:26',NULL,NULL,NULL,NULL,NULL,NULL,NULL,'1-2820-01-30',NULL,NULL),(3976,'O-Ring / Sealing Ring','O-Ring / Sealing Ring',8.810,8.810,NULL,NULL,1,1,'42','2016-11-23 15:23:26',NULL,NULL,NULL,NULL,NULL,NULL,NULL,'1-2820-01-40',NULL,NULL),(3977,'Sealing Ring','Sealing Ring',13.640,13.640,NULL,NULL,1,1,'42','2016-11-23 15:23:26',NULL,NULL,NULL,NULL,NULL,NULL,NULL,'1-2824-14-1661',NULL,NULL),(3978,'Sealing Ring','Sealing Ring',3.080,3.080,NULL,NULL,1,1,'42','2016-11-23 15:23:26',NULL,NULL,NULL,NULL,NULL,NULL,NULL,'1-2824-14-1724',NULL,NULL),(3979,'Gasket','Gasket',4.850,4.850,NULL,NULL,1,1,'42','2016-11-23 15:23:26',NULL,NULL,NULL,NULL,NULL,NULL,NULL,'1-2824-14-1725',NULL,NULL),(3980,'Sealing Ring HDUV 427/108','Sealing Ring HDUV 427/108',3.080,3.080,NULL,NULL,1,1,'42','2016-11-23 15:23:26',NULL,NULL,NULL,NULL,NULL,NULL,NULL,'1-2850-02-12',NULL,NULL),(3981,'Filter Cartrige HDUV (Pack x 8 pz)','Filter Cartrige HDUV (Pack x 8 pz)',2456.700,2456.700,NULL,NULL,1,1,'42','2016-11-23 15:23:26',NULL,NULL,NULL,NULL,NULL,NULL,NULL,'1-2850-02-4',NULL,NULL),(3982,'Sealing Ring HDUV 427/108','Sealing Ring HDUV 427/108',87.560,87.560,NULL,NULL,1,1,'42','2016-11-23 15:23:26',NULL,NULL,NULL,NULL,NULL,NULL,NULL,'1-2850-02-5',NULL,NULL),(3983,'Sealing Ring HDUV 427/108','Sealing Ring HDUV 427/108',3.080,3.080,NULL,NULL,1,1,'42','2016-11-23 15:23:26',NULL,NULL,NULL,NULL,NULL,NULL,NULL,'1-2850-02-8',NULL,NULL),(3984,'Gasket','Gasket',8.340,8.340,NULL,NULL,1,1,'42','2016-11-23 15:23:26',NULL,NULL,NULL,NULL,NULL,NULL,NULL,'1-3010-01-10',NULL,NULL),(3985,'Gasket','Gasket',9.290,9.290,NULL,NULL,1,1,'42','2016-11-23 15:23:26',NULL,NULL,NULL,NULL,NULL,NULL,NULL,'1-3010-01-11',NULL,NULL),(3986,'Mechanical shaft seal','Mechanical shaft seal',286.130,286.130,NULL,NULL,1,1,'42','2016-11-23 15:23:26',NULL,NULL,NULL,NULL,NULL,NULL,NULL,'1-3010-01-12',NULL,NULL),(3987,'Oil Sealing Ring for Centr. Pump','Oil Sealing Ring for Centr. Pump',39.610,39.610,NULL,NULL,1,1,'42','2016-11-23 15:23:26',NULL,NULL,NULL,NULL,NULL,NULL,NULL,'1-3010-01-20',NULL,NULL),(3988,'Flinger','Flinger',7.800,7.800,NULL,NULL,1,1,'42','2016-11-23 15:23:26',NULL,NULL,NULL,NULL,NULL,NULL,NULL,'1-3010-01-21',NULL,NULL),(3989,'Deep Groove Ball Bearing','Deep Groove Ball Bearing',45.320,45.320,NULL,NULL,1,1,'42','2016-11-23 15:23:26',NULL,NULL,NULL,NULL,NULL,NULL,NULL,'1-3010-01-24',NULL,NULL),(3990,'Shaft for Centr. Pump, Clockwise','Shaft for Centr. Pump, Clockwise',1104.820,1104.820,NULL,NULL,1,1,'42','2016-11-23 15:23:26',NULL,NULL,NULL,NULL,NULL,NULL,NULL,'1-3010-01-26',NULL,NULL),(3991,'Deep Groove Ball Bearing','Deep Groove Ball Bearing',33.770,33.770,NULL,NULL,1,1,'42','2016-11-23 15:23:26',NULL,NULL,NULL,NULL,NULL,NULL,NULL,'1-3010-01-27',NULL,NULL),(3992,'Lock Washer','Lock Washer',35.870,35.870,NULL,NULL,1,1,'42','2016-11-23 15:23:26',NULL,NULL,NULL,NULL,NULL,NULL,NULL,'1-3010-01-5',NULL,NULL),(3993,'Washer','Washer',6.970,6.970,NULL,NULL,1,1,'42','2016-11-23 15:23:26',NULL,NULL,NULL,NULL,NULL,NULL,NULL,'1-3010-01-7',NULL,NULL),(3994,'Gasket','Gasket',8.340,8.340,NULL,NULL,1,1,'42','2016-11-23 15:23:26',NULL,NULL,NULL,NULL,NULL,NULL,NULL,'1-3010-01-9',NULL,NULL),(3995,'Thermostatic Element F.W. 80 Deg. C','Thermostatic Element F.W. 80 Deg. C',330.280,330.280,NULL,NULL,1,1,'42','2016-11-23 15:23:26',NULL,NULL,NULL,NULL,NULL,NULL,NULL,'1-3012-01-30',NULL,NULL),(3996,'Sealing Ring for Thermostat Elem.','Sealing Ring for Thermostat Elem.',8.810,8.810,NULL,NULL,1,1,'42','2016-11-23 15:23:26',NULL,NULL,NULL,NULL,NULL,NULL,NULL,'1-3012-01-40',NULL,NULL),(3997,'Gasket for Duct Plate B','Gasket for Duct Plate B',90.530,90.530,NULL,NULL,1,1,'42','2016-11-23 15:23:26',NULL,NULL,NULL,NULL,NULL,NULL,NULL,'1-3014-01-A20',NULL,NULL),(3998,'Gasket for Duct Plate A','Gasket for Duct Plate A',90.530,90.530,NULL,NULL,1,1,'42','2016-11-23 15:23:26',NULL,NULL,NULL,NULL,NULL,NULL,NULL,'1-3014-01-A21',NULL,NULL),(3999,'Gasket','Gasket',6.680,6.680,NULL,NULL,1,1,'42','2016-11-23 15:23:26',NULL,NULL,NULL,NULL,NULL,NULL,NULL,'1-3016-01-4004',NULL,NULL),(4000,'Gasket','Gasket',3.080,3.080,NULL,NULL,1,1,'42','2016-11-23 15:23:26',NULL,NULL,NULL,NULL,NULL,NULL,NULL,'1-3016-01-4010',NULL,NULL),(4001,'Gasket','Gasket',3.080,3.080,NULL,NULL,1,1,'42','2016-11-23 15:23:26',NULL,NULL,NULL,NULL,NULL,NULL,NULL,'1-3016-01-4031',NULL,NULL),(4002,'Gasket','Gasket',3.080,3.080,NULL,NULL,1,1,'42','2016-11-23 15:23:26',NULL,NULL,NULL,NULL,NULL,NULL,NULL,'1-3016-01-4091',NULL,NULL),(4003,'Gasket','Gasket',3.080,3.080,NULL,NULL,1,1,'42','2016-11-23 15:23:26',NULL,NULL,NULL,NULL,NULL,NULL,NULL,'1-3016-01-4214',NULL,NULL),(4004,'Gasket','Gasket',12.250,12.250,NULL,NULL,1,1,'42','2016-11-23 15:23:26',NULL,NULL,NULL,NULL,NULL,NULL,NULL,'1-3210-01-12',NULL,NULL),(4005,'Lock Washer','Lock Washer',35.870,35.870,NULL,NULL,1,1,'42','2016-11-23 15:23:26',NULL,NULL,NULL,NULL,NULL,NULL,NULL,'1-3210-01-13',NULL,NULL),(4006,'Gasket','Gasket',3.080,3.080,NULL,NULL,1,1,'42','2016-11-23 15:23:26',NULL,NULL,NULL,NULL,NULL,NULL,NULL,'1-3210-01-20',NULL,NULL),(4007,'Valve Flap for Seawater Pump','Valve Flap for Seawater Pump',238.290,238.290,NULL,NULL,1,1,'42','2016-11-23 15:23:26',NULL,NULL,NULL,NULL,NULL,NULL,NULL,'1-3210-01-21',NULL,NULL),(4008,'Gasket for S.W. Pump','Gasket for S.W. Pump',22.580,22.580,NULL,NULL,1,1,'42','2016-11-23 15:23:26',NULL,NULL,NULL,NULL,NULL,NULL,NULL,'1-3210-01-25',NULL,NULL),(4009,'Washer','Washer',6.970,6.970,NULL,NULL,1,1,'42','2016-11-23 15:23:26',NULL,NULL,NULL,NULL,NULL,NULL,NULL,'1-3210-01-27',NULL,NULL),(4010,'Gasket','Gasket',9.290,9.290,NULL,NULL,1,1,'42','2016-11-23 15:23:26',NULL,NULL,NULL,NULL,NULL,NULL,NULL,'1-3210-01-29',NULL,NULL),(4011,'Rotary Shaft Packing','Rotary Shaft Packing',286.130,286.130,NULL,NULL,1,1,'42','2016-11-23 15:23:26',NULL,NULL,NULL,NULL,NULL,NULL,NULL,'1-3210-01-30',NULL,NULL),(4012,'Oil Sealing Ring for Centr. Pump','Oil Sealing Ring for Centr. Pump',39.610,39.610,NULL,NULL,1,1,'42','2016-11-23 15:23:26',NULL,NULL,NULL,NULL,NULL,NULL,NULL,'1-3210-01-32',NULL,NULL),(4013,'Flinger','Flinger',7.800,7.800,NULL,NULL,1,1,'42','2016-11-23 15:23:26',NULL,NULL,NULL,NULL,NULL,NULL,NULL,'1-3210-01-33',NULL,NULL),(4014,'Deep Groove Ball Bearing','Deep Groove Ball Bearing',45.320,45.320,NULL,NULL,1,1,'42','2016-11-23 15:23:26',NULL,NULL,NULL,NULL,NULL,NULL,NULL,'1-3210-01-35',NULL,NULL),(4015,'Shaft for Centr. Pump, Clockwise','Shaft for Centr. Pump, Clockwise',1104.820,1104.820,NULL,NULL,1,1,'42','2016-11-23 15:23:26',NULL,NULL,NULL,NULL,NULL,NULL,NULL,'1-3210-01-37',NULL,NULL),(4016,'Deep Groove Ball Bearing','Deep Groove Ball Bearing',33.770,33.770,NULL,NULL,1,1,'42','2016-11-23 15:23:26',NULL,NULL,NULL,NULL,NULL,NULL,NULL,'1-3210-01-38',NULL,NULL),(4017,'Gasket','Gasket',3.080,3.080,NULL,NULL,1,1,'42','2016-11-23 15:23:26',NULL,NULL,NULL,NULL,NULL,NULL,NULL,'1-3210-01-8',NULL,NULL),(4018,'Gasket','Gasket',13.180,13.180,NULL,NULL,1,1,'42','2016-11-23 15:23:26',NULL,NULL,NULL,NULL,NULL,NULL,NULL,'1-3212-01-20',NULL,NULL),(4019,'FW. Thermostatic Element 35 Degree','FW. Thermostatic Element 35 Degree',565.330,565.330,NULL,NULL,1,1,'42','2016-11-23 15:23:26',NULL,NULL,NULL,NULL,NULL,NULL,NULL,'1-3212-01-30',NULL,NULL),(4020,'Sealing Ring for Thermostat Elem.','Sealing Ring for Thermostat Elem.',8.810,8.810,NULL,NULL,1,1,'42','2016-11-23 15:23:26',NULL,NULL,NULL,NULL,NULL,NULL,NULL,'1-3212-01-40',NULL,NULL),(4021,'Gasket','Gasket',3.080,3.080,NULL,NULL,1,1,'42','2016-11-23 15:23:26',NULL,NULL,NULL,NULL,NULL,NULL,NULL,'1-3214-03-5002',NULL,NULL),(4022,'Gasket','Gasket',3.080,3.080,NULL,NULL,1,1,'42','2016-11-23 15:23:26',NULL,NULL,NULL,NULL,NULL,NULL,NULL,'1-3214-03-5031',NULL,NULL),(4023,'Gasket','Gasket',4.850,4.850,NULL,NULL,1,1,'42','2016-11-23 15:23:26',NULL,NULL,NULL,NULL,NULL,NULL,NULL,'1-3214-03-5121',NULL,NULL),(4024,'Gasket','Gasket',3.080,3.080,NULL,NULL,1,1,'42','2016-11-23 15:23:26',NULL,NULL,NULL,NULL,NULL,NULL,NULL,'1-3214-03-5123',NULL,NULL),(4025,'Gasket','Gasket',3.080,3.080,NULL,NULL,1,1,'42','2016-11-23 15:23:26',NULL,NULL,NULL,NULL,NULL,NULL,NULL,'1-3214-03-5151',NULL,NULL),(4026,'Holding Screw','Holding Screw',72.450,72.450,NULL,NULL,1,1,'42','2016-11-23 15:23:26',NULL,NULL,NULL,NULL,NULL,NULL,NULL,'517-004',NULL,NULL),(4027,'Labyrinth Ring','Labyrinth Ring',287.400,287.400,NULL,NULL,1,1,'42','2016-11-23 15:23:26',NULL,NULL,NULL,NULL,NULL,NULL,NULL,'520-006',NULL,NULL),(4028,'CLASIFICATION','CLASIFICATION',NULL,NULL,'1',NULL,1,1,'38','2016-11-25 11:11:31',NULL,NULL,NULL,NULL,NULL,NULL,NULL,'1',NULL,29),(4029,'STUFFING BOX FOR Ø3MM SHAFT','STUFFING BOX FOR Ø3MM SHAFT',15.810,15.810,NULL,NULL,1,1,'38','2016-11-25 13:55:19',NULL,NULL,NULL,NULL,NULL,NULL,NULL,'P41012-03-26',NULL,NULL),(4030,'NUT COVER,BLACK MAT, (Ø=14,5)','NUT COVER,BLACK MAT, (Ø=14,5)',3.080,3.080,NULL,NULL,1,1,'38','2016-11-25 13:55:19',NULL,NULL,NULL,NULL,NULL,NULL,NULL,'P41012-03-24',NULL,NULL),(4031,'CAP, BLACK MAT, (Ø=14,5)','CAP, BLACK MAT, (Ø=14,5)',3.080,3.080,NULL,NULL,1,1,'38','2016-11-25 13:55:19',NULL,NULL,NULL,NULL,NULL,NULL,NULL,'P41012-03-23',NULL,NULL),(4032,'KNOB,BLACK MAT, Ø=14.5','KNOB,BLACK MAT, Ø=14.5',12.770,12.770,NULL,NULL,1,1,'38','2016-11-25 13:55:19',NULL,NULL,NULL,NULL,NULL,NULL,NULL,'P41012-03-22',NULL,NULL),(4033,'DIMMER','DIMMER',102.560,102.560,NULL,NULL,1,1,'38','2016-11-25 13:55:19',NULL,NULL,NULL,NULL,NULL,NULL,NULL,'P41012-03-25',NULL,NULL),(4034,'BUZZER','BUZZER',171.520,171.520,NULL,NULL,1,1,'38','2016-11-25 13:55:19',NULL,NULL,NULL,NULL,NULL,NULL,NULL,'P41012-03-31',NULL,NULL),(4035,'Lamp','Lamp',4.850,4.850,NULL,NULL,1,1,'38','2016-11-25 13:55:19',NULL,NULL,NULL,NULL,NULL,NULL,NULL,'P43010-01-10',NULL,NULL),(4036,'AUTOSTOP UNIT','AUTOSTOP UNIT',2881.270,2881.270,NULL,NULL,1,1,'38','2016-11-25 13:55:19',NULL,NULL,NULL,NULL,NULL,NULL,NULL,'P41510-01-C1',NULL,NULL),(4037,'RELAY SOCKET, 16 POLES','RELAY SOCKET, 16 POLES',134.190,134.190,NULL,NULL,1,1,'38','2016-11-25 14:16:06',NULL,NULL,NULL,NULL,NULL,NULL,NULL,'P41024-04 34',NULL,NULL),(4038,'SPARE PART','SPARE PART',250.130,250.130,NULL,NULL,1,1,'38','2016-11-25 14:16:06',NULL,NULL,NULL,NULL,NULL,NULL,NULL,'P41024-04 19',NULL,NULL),(4039,'LATCH RELAY , RHK-412B','LATCH RELAY , RHK-412B',357.200,357.200,NULL,NULL,1,1,'38','2016-11-25 14:16:06',NULL,NULL,NULL,NULL,NULL,NULL,NULL,'P41024-04 33',NULL,NULL),(4040,'Tacho Unit','Tacho Unit',2733.590,2733.590,NULL,NULL,1,1,'38','2016-11-25 14:16:06','45','2017-01-06 14:32:15',NULL,NULL,NULL,NULL,NULL,'P41510-01 B11',NULL,29),(4041,'AUTOSTOP UNIT','AUTOSTOP UNIT',2881.270,2881.270,NULL,NULL,1,1,'38','2016-11-25 14:16:06',NULL,NULL,NULL,NULL,NULL,NULL,NULL,'P41510-01 C1',NULL,NULL),(4042,'O-RING ','O-RING ',4.850,4.850,NULL,NULL,1,1,'38','2016-11-25 15:46:15',NULL,NULL,NULL,NULL,NULL,NULL,NULL,'P3‐1505‐15‐55',NULL,NULL),(4043,'O-RING ','O-RING ',27.370,27.370,NULL,NULL,1,1,'38','2016-11-25 15:46:15',NULL,NULL,NULL,NULL,NULL,NULL,NULL,'P3‐1505‐15‐74',NULL,NULL),(4044,'SEALING RING ','SEALING RING ',54.900,54.900,NULL,NULL,1,1,'38','2016-11-25 15:46:15',NULL,NULL,NULL,NULL,NULL,NULL,NULL,'P3-1005-21123-136',NULL,NULL),(4045,'SEALING RING ','SEALING RING ',14.950,14.950,NULL,NULL,1,1,'38','2016-11-25 15:46:15',NULL,NULL,NULL,NULL,NULL,NULL,NULL,'P3-1005-20-005',NULL,NULL),(4046,'SEALING RING','SEALING RING',4.850,4.850,NULL,NULL,1,1,'38','2016-11-25 15:46:15',NULL,NULL,NULL,NULL,NULL,NULL,NULL,'P3-1005-20-007',NULL,NULL),(4047,'ROD SEAL ','ROD SEAL ',295.510,295.510,NULL,NULL,1,1,'38','2016-11-25 15:46:15',NULL,NULL,NULL,NULL,NULL,NULL,NULL,'P3-1505-15-51',NULL,NULL),(4048,'SEALING RING ','SEALING RING ',27.060,27.060,NULL,NULL,1,1,'38','2016-11-25 15:46:15',NULL,NULL,NULL,NULL,NULL,NULL,NULL,'P3-1505-15-52',NULL,NULL),(4049,'SEALING RING','SEALING RING',45.130,45.130,NULL,NULL,1,1,'38','2016-11-25 15:46:15',NULL,NULL,NULL,NULL,NULL,NULL,NULL,'P3-1005-21123-166',NULL,NULL),(4050,'SEALING RING ','SEALING RING ',51.610,51.610,NULL,NULL,1,1,'38','2016-11-25 15:46:15',NULL,NULL,NULL,NULL,NULL,NULL,NULL,'P3-1005-20-015',NULL,NULL),(4051,'SEALING RING ','SEALING RING ',220.750,220.750,NULL,NULL,1,1,'38','2016-11-25 15:46:15',NULL,NULL,NULL,NULL,NULL,NULL,NULL,'P3-1505-15-017',NULL,NULL),(4052,'SLIDE RING ','SLIDE RING ',192.900,192.900,NULL,NULL,1,1,'38','2016-11-25 15:46:15',NULL,NULL,NULL,NULL,NULL,NULL,NULL,'P3-1505-15-018',NULL,NULL),(4053,'SEALING RING','SEALING RING',59.240,59.240,NULL,NULL,1,1,'38','2016-11-25 15:46:15',NULL,NULL,NULL,NULL,NULL,NULL,NULL,'P3-1505-15-006',NULL,NULL),(4054,'PISTON SEAL ','PISTON SEAL ',532.570,532.570,NULL,NULL,1,1,'38','2016-11-25 15:46:15',NULL,NULL,NULL,NULL,NULL,NULL,NULL,'P3-1505-15-029',NULL,NULL),(4055,'SEALING RING','SEALING RING',42.400,42.400,NULL,NULL,1,1,'38','2016-11-25 15:46:15',NULL,NULL,NULL,NULL,NULL,NULL,NULL,'P3-1505-15-030',NULL,NULL),(4056,'SEALING RING ','SEALING RING ',109.310,109.310,NULL,NULL,1,1,'38','2016-11-25 15:46:15',NULL,NULL,NULL,NULL,NULL,NULL,NULL,'P3-1505-15-047',NULL,NULL),(4057,'SEALING RING ','SEALING RING ',68.640,68.640,NULL,NULL,1,1,'38','2016-11-25 15:46:15',NULL,NULL,NULL,NULL,NULL,NULL,NULL,'P3-1505-15-070',NULL,NULL),(4058,'SEALING RING ','SEALING RING ',4.850,4.850,NULL,NULL,1,1,'38','2016-11-25 15:46:15',NULL,NULL,NULL,NULL,NULL,NULL,NULL,'P3-1505-15-071',NULL,NULL),(4059,'SEALING RING ','SEALING RING ',873.010,873.010,NULL,NULL,1,1,'38','2016-11-25 15:46:15',NULL,NULL,NULL,NULL,NULL,NULL,NULL,'P3-555-0259-000.0-6',NULL,NULL),(4060,'SEALING RING ','SEALING RING ',873.010,873.010,NULL,NULL,1,1,'38','2016-11-25 15:46:15',NULL,NULL,NULL,NULL,NULL,NULL,NULL,'P3-555-0259-000.0-31',NULL,NULL),(4061,'GASKET ','GASKET ',177.200,177.200,NULL,NULL,1,1,'38','2016-11-25 15:46:15',NULL,NULL,NULL,NULL,NULL,NULL,NULL,'P3-555-0259-000.0-80',NULL,NULL),(4062,'GASKET ','GASKET ',177.200,177.200,NULL,NULL,1,1,'38','2016-11-25 15:46:15',NULL,NULL,NULL,NULL,NULL,NULL,NULL,'P3-555-0259-000.0-81',NULL,NULL),(4063,'CORROSION ','CORROSION ',3280.280,3280.280,NULL,NULL,1,1,'38','2016-11-25 15:46:15',NULL,NULL,NULL,NULL,NULL,NULL,NULL,'P3-555-0259-000.0-87',NULL,NULL),(4064,'SEALING RING ','SEALING RING ',873.010,873.010,NULL,NULL,1,1,'38','2016-11-25 15:46:15',NULL,NULL,NULL,NULL,NULL,NULL,NULL,'P3-655-0204-000.0-5',NULL,NULL),(4065,'O-RING','O-RING',220.410,220.410,NULL,NULL,1,1,'38','2016-11-25 15:46:15',NULL,NULL,NULL,NULL,NULL,NULL,NULL,'P3-655-0204-000.0-16',NULL,NULL),(4066,'GASKET ','GASKET ',177.200,177.200,NULL,NULL,1,1,'38','2016-11-25 15:46:15',NULL,NULL,NULL,NULL,NULL,NULL,NULL,'P3-655-0204-000.0-82',NULL,NULL),(4067,'SEALING WASH','SEALING WASH',3.080,3.080,NULL,NULL,1,1,'38','2016-11-29 09:23:48',NULL,NULL,NULL,NULL,NULL,NULL,NULL,'P3-555-0259-000.0-17',NULL,NULL),(4068,'SAFETY WIRE ','SAFETY WIRE ',3.080,3.080,NULL,NULL,1,1,'38','2016-11-29 09:23:48',NULL,NULL,NULL,NULL,NULL,NULL,NULL,'P3-555-0259-000.0-18',NULL,NULL),(4069,'LINER','LINER',6730.150,6730.150,NULL,NULL,1,1,'38','2016-11-29 09:23:48',NULL,NULL,NULL,NULL,NULL,NULL,NULL,'P3-555-0259-000.0-1',NULL,NULL),(4070,'INSERT RING','INSERT RING',175.520,175.520,NULL,NULL,1,1,'38','2016-11-29 09:23:48',NULL,NULL,NULL,NULL,NULL,NULL,NULL,'P3-555-0259-000.0-30',NULL,NULL),(4071,'LINER ','LINER ',3676.590,3676.590,NULL,NULL,1,1,'38','2016-11-29 09:23:48',NULL,NULL,NULL,NULL,NULL,NULL,NULL,'P3-655-0204-000.0-1',NULL,NULL),(4072,'BLADE SCREW','BLADE SCREW',424.230,424.230,NULL,NULL,1,1,'38','2016-11-29 09:23:48',NULL,NULL,NULL,NULL,NULL,NULL,NULL,'P3-1505-15 016',NULL,NULL),(4073,'SMP 402A Manoeuvre Panel IP65 - special','SMP 402A Manoeuvre Panel IP65 - special',NULL,NULL,'P4-1014-07-0',NULL,1,1,'45','2016-11-30 13:18:42',NULL,NULL,NULL,'Panel de Maniobra',NULL,NULL,NULL,'P4-1014-07-0',NULL,29),(4074,'BEARING FOR PINION, FORE','BEARING FOR PINION, FORE',987.710,987.710,NULL,NULL,1,1,'38','2016-12-07 10:07:33',NULL,NULL,NULL,NULL,NULL,NULL,NULL,'P23010-02-2',NULL,NULL),(4075,'Piston ring','Piston ring',168.680,168.680,NULL,NULL,1,1,'38','2016-12-07 10:07:33',NULL,NULL,NULL,NULL,NULL,NULL,NULL,'P22010-01-7',NULL,NULL),(4076,'BEARING FOR PINION, FORE','BEARING FOR PINION, FORE',987.710,987.710,NULL,NULL,1,1,'38','2016-12-07 10:07:33',NULL,NULL,NULL,NULL,NULL,NULL,NULL,'P22510-01-2',NULL,NULL),(4077,'BEARING FOR PINION, FORE','BEARING FOR PINION, FORE',987.710,987.710,NULL,NULL,1,1,'38','2016-12-07 10:07:33',NULL,NULL,NULL,NULL,NULL,NULL,NULL,'P23010-01-3',NULL,NULL),(4078,'Producto','Temperature Sensor TP31,L=56,PT1',443.490,NULL,'P2-8416-02-1','PC',1,1,'45','2016-12-12 22:13:05','45','2016-12-12 22:15:25',NULL,'Sensor de Temperatura',NULL,NULL,NULL,'P2-8416-02-1',NULL,31),(4079,'Producto','Temperature Sensor',265.380,NULL,'P2-8418-03-1','PC',1,1,'45','2016-12-12 22:14:09','45','2016-12-12 22:15:55',NULL,'Sensor de Temperatura',NULL,NULL,NULL,'P2-8418-03-1',NULL,29),(4080,'Gasket','Gasket',2.990,NULL,'P1-3214-03-5006','PC',1,1,'45','2016-12-12 22:18:54',NULL,NULL,NULL,'Empaquetadura',NULL,NULL,NULL,'P1-3214-03-5006',NULL,29),(4081,'Top Cover for Governor','Top Cover for Governor',2709.130,NULL,'P1-2410-02-H9','PC',1,1,'45','2016-12-12 22:22:05',NULL,NULL,NULL,'Cubierta de Gobernador',NULL,NULL,NULL,'P1-2410-02-H9',NULL,29),(4082,'Air Filter','Air Filter',14.120,NULL,'544-201','PC',1,1,'45','2016-12-12 22:24:27',NULL,NULL,'Filtro para el turbo x 1un','Filtro de Aire','Fieltro',NULL,NULL,'544-201',NULL,29),(4083,'Clamping Ring','Clamping Ring',21.300,NULL,'P2-8418-03-A1','PC',1,1,'45','2016-12-12 22:25:47',NULL,NULL,NULL,'Anillo de Apriete',NULL,NULL,NULL,'P2-8418-03-A1',NULL,31),(4084,'BUSH Ø200','BUSH Ø200',NULL,NULL,'P3-1005-5250-122A','PC',1,1,'45','2016-12-14 10:07:10',NULL,NULL,'SUPREME','BOCINA BALON',NULL,NULL,NULL,'P3-1005-5250-122A',NULL,36),(4085,'ELU 83 Load Control Unit AT2/AT2','ELU 83 Load Control Unit AT2/AT2',5689.180,NULL,'P4-1510-03-10','PC',1,1,'45','2016-12-15 11:16:19','45','2016-12-22 03:22:31',NULL,'Tarjeta electrónica control carga',NULL,NULL,NULL,'P4-1510-03-10',NULL,29),(4086,'Counter-Pressure Valve, Complete','Counter-Pressure Valve, Complete',2233.170,2233.170,NULL,NULL,1,1,'45','2016-12-15 22:34:55',NULL,NULL,NULL,NULL,NULL,NULL,NULL,'P2-3545-01-17',NULL,NULL),(4087,'Gear Pump for Clockwise Engine','Gear Pump for Clockwise Engine',10233.750,10233.750,NULL,NULL,1,1,'45','2016-12-15 22:34:55',NULL,NULL,NULL,NULL,NULL,NULL,NULL,'P2-3515-01-2',NULL,NULL),(4088,'HEXAGON SOCKET HEAD CAP SCREW','HEXAGON SOCKET HEAD CAP SCREW',23.240,23.240,NULL,NULL,1,1,'45','2016-12-19 15:31:42',NULL,NULL,NULL,NULL,NULL,NULL,NULL,'P3-1005-5210-104',NULL,NULL),(4089,'HEXAGON SCREW WITH NYLON LOCK','HEXAGON SCREW WITH NYLON LOCK',12.780,12.780,NULL,NULL,1,1,'45','2016-12-19 15:31:42',NULL,NULL,NULL,NULL,NULL,NULL,NULL,'P3-1005-5210-105',NULL,NULL),(4090,'GASKET','GASKET',15.100,15.100,NULL,NULL,1,1,'45','2016-12-19 15:31:42',NULL,NULL,NULL,NULL,NULL,NULL,NULL,'P3-1005-5210-106',NULL,NULL),(4091,'SEALING RING','SEALING RING',51.830,51.830,NULL,NULL,1,1,'45','2016-12-19 15:31:42',NULL,NULL,NULL,NULL,NULL,NULL,NULL,'P3-1005-5210-116',NULL,NULL),(4092,'GASKET FOR OIL BOX Ø345/440 (*3-1005-*-142)','GASKET FOR OIL BOX Ø345/440 (*3-1005-*-142)',29.730,29.730,NULL,NULL,1,1,'45','2016-12-19 15:31:42',NULL,NULL,NULL,NULL,NULL,NULL,NULL,'P3-1005-5210-117',NULL,NULL),(4093,'OIL SEALING RING','OIL SEALING RING',103.250,103.250,NULL,NULL,1,1,'45','2016-12-19 15:31:42',NULL,NULL,NULL,NULL,NULL,NULL,NULL,'P3-1005-5210-119',NULL,NULL),(4094,'GASKET','GASKET',29.950,29.950,NULL,NULL,1,1,'45','2016-12-19 15:31:42',NULL,NULL,NULL,NULL,NULL,NULL,NULL,'P3-1005-5210-120',NULL,NULL),(4095,'SEALING RING','SEALING RING',86.230,86.230,NULL,NULL,1,1,'45','2016-12-19 15:31:42',NULL,NULL,NULL,NULL,NULL,NULL,NULL,'P3-1005-5210-123',NULL,NULL),(4096,'HEX. SOCKET CAP SCREW W NYLON LOCK','HEX. SOCKET CAP SCREW W NYLON LOCK',17.960,17.960,NULL,NULL,1,1,'45','2016-12-19 15:31:42',NULL,NULL,NULL,NULL,NULL,NULL,NULL,'P3-1005-5210-165',NULL,NULL),(4097,'LIP RING','LIP RING',469.380,469.380,NULL,NULL,1,1,'45','2016-12-19 15:31:42',NULL,NULL,NULL,NULL,NULL,NULL,NULL,'P3-1005-5210-199',NULL,NULL),(4098,'RING ANODE, ALUMINIUM','RING ANODE, ALUMINIUM',2426.250,2426.250,NULL,NULL,1,1,'45','2016-12-19 15:31:42',NULL,NULL,NULL,NULL,NULL,NULL,NULL,'P3-1505-5210-3',NULL,NULL),(4099,'HEXAGON SCREW WITH NYLON LOCK','HEXAGON SCREW WITH NYLON LOCK',53.780,53.780,NULL,NULL,1,1,'45','2016-12-19 15:31:42',NULL,NULL,NULL,NULL,NULL,NULL,NULL,'P3-1505-5210-4',NULL,NULL),(4100,'SEALING RING','SEALING RING',83.670,83.670,NULL,NULL,1,1,'45','2016-12-19 15:31:42',NULL,NULL,NULL,NULL,NULL,NULL,NULL,'P3-1505-5210-6',NULL,NULL),(4101,'HEX. SOCKET CAP SCREW W NYLON LOCK','HEX. SOCKET CAP SCREW W NYLON LOCK',57.760,57.760,NULL,NULL,1,1,'45','2016-12-19 15:31:42',NULL,NULL,NULL,NULL,NULL,NULL,NULL,'P3-1505-5210-8',NULL,NULL),(4102,'HEX.SOCKET SCREW','HEX.SOCKET SCREW',2.990,2.990,NULL,NULL,1,1,'45','2016-12-19 15:31:42',NULL,NULL,NULL,NULL,NULL,NULL,NULL,'P3-1505-5210-12',NULL,NULL),(4103,'HEX. SOCKET CAP SCREW W NYLON LOCK','HEX. SOCKET CAP SCREW W NYLON LOCK',75.590,75.590,NULL,NULL,1,1,'45','2016-12-19 15:31:42',NULL,NULL,NULL,NULL,NULL,NULL,NULL,'P3-1505-5210-15',NULL,NULL),(4104,'SEALING RING','SEALING RING',142.450,142.450,NULL,NULL,1,1,'45','2016-12-19 15:31:42',NULL,NULL,NULL,NULL,NULL,NULL,NULL,'P3-1505-5210-17',NULL,NULL),(4105,'SLIDE RING','SLIDE RING',251.900,251.900,NULL,NULL,1,1,'45','2016-12-19 15:31:42',NULL,NULL,NULL,NULL,NULL,NULL,NULL,'P3-1505-5210-18',NULL,NULL),(4106,'SEALING RING, Ø8 X Ø470','SEALING RING, Ø8 X Ø470',81.620,81.620,NULL,NULL,1,1,'45','2016-12-19 15:31:42',NULL,NULL,NULL,NULL,NULL,NULL,NULL,'P3-1505-5210-20',NULL,NULL),(4107,'HEXAGON SCREW WITH NYLON LOCK','HEXAGON SCREW WITH NYLON LOCK',11.300,11.300,NULL,NULL,1,1,'45','2016-12-19 15:31:42',NULL,NULL,NULL,NULL,NULL,NULL,NULL,'P3-1505-5210-24',NULL,NULL),(4108,'GASKET','GASKET',18.780,18.780,NULL,NULL,1,1,'45','2016-12-19 15:31:42',NULL,NULL,NULL,NULL,NULL,NULL,NULL,'P3-1505-5210-25',NULL,NULL),(4109,'HEXAGON SCREW WITH NYLON LOCK','HEXAGON SCREW WITH NYLON LOCK',12.780,12.780,NULL,NULL,1,1,'45','2016-12-19 15:31:42',NULL,NULL,NULL,NULL,NULL,NULL,NULL,'P3-1505-5210-26',NULL,NULL),(4110,'POLYAMIDE WASHER Ø12/22','POLYAMIDE WASHER Ø12/22',2.990,2.990,NULL,NULL,1,1,'45','2016-12-19 15:31:42',NULL,NULL,NULL,NULL,NULL,NULL,NULL,'P3-1505-5210-26A',NULL,NULL),(4111,'SEALING RING','SEALING RING',2.990,2.990,NULL,NULL,1,1,'45','2016-12-19 15:31:42',NULL,NULL,NULL,NULL,NULL,NULL,NULL,'P3-1505-5210-32',NULL,NULL),(4112,'SLEEVE, Ø100 X Ø80 X 15','SLEEVE, Ø100 X Ø80 X 15',26.370,26.370,NULL,NULL,1,1,'45','2016-12-19 15:31:42',NULL,NULL,NULL,NULL,NULL,NULL,NULL,'P3-1505-5210-34',NULL,NULL),(4113,'WIPER SEAL, Ø90 X Ø80 X 7','WIPER SEAL, Ø90 X Ø80 X 7',19.440,19.440,NULL,NULL,1,1,'45','2016-12-19 15:31:42',NULL,NULL,NULL,NULL,NULL,NULL,NULL,'P3-1505-5210-36',NULL,NULL),(4114,'RETAINING RING F. BORING','RETAINING RING F. BORING',4.710,4.710,NULL,NULL,1,1,'45','2016-12-19 15:31:42',NULL,NULL,NULL,NULL,NULL,NULL,NULL,'P3-1505-5210-42',NULL,NULL),(4115,'LIP RING','LIP RING',511.440,511.440,NULL,NULL,1,1,'45','2016-12-19 15:31:42',NULL,NULL,NULL,NULL,NULL,NULL,NULL,'P3-1505-5210-198',NULL,NULL),(4116,'GASKET FOR OIL BOX Ø345/440 (*3-1005-*-117)','GASKET FOR OIL BOX Ø345/440 (*3-1005-*-117)',29.730,29.730,NULL,NULL,1,1,'45','2016-12-19 15:48:06',NULL,NULL,NULL,NULL,NULL,NULL,NULL,'P3-1005-5210-142',NULL,NULL),(4117,'GASKET FOR OIL BOX Ø345/440 (*3-1005-*-117)','GASKET FOR OIL BOX Ø345/440 (*3-1005-*-117)',29.730,29.730,NULL,NULL,1,1,'45','2016-12-19 15:48:10',NULL,NULL,NULL,NULL,NULL,NULL,NULL,'P3-1005-5210-142',NULL,NULL),(4118,'GASKET FOR OIL BOX Ø345/440 (*3-1005-*-117)','GASKET FOR OIL BOX Ø345/440 (*3-1005-*-117)',29.730,29.730,NULL,NULL,1,1,'45','2016-12-19 15:48:16',NULL,NULL,NULL,NULL,NULL,NULL,NULL,'P3-1005-5210-142',NULL,NULL),(4119,'LIP RING SUPREME Ø 200','LIP RING SUPREME Ø 200',469.380,469.380,NULL,NULL,1,1,'45','2016-12-22 01:18:42',NULL,NULL,NULL,NULL,NULL,NULL,NULL,'P3-1005-5250-199',NULL,NULL),(4120,'LIP RING','LIP RING',511.440,511.440,NULL,NULL,1,1,'45','2016-12-22 01:18:42',NULL,NULL,NULL,NULL,NULL,NULL,NULL,'P3-1505-5250-198',NULL,NULL),(4121,'LIP RING SUPREME Ø 200','LIP RING SUPREME Ø 200',469.380,469.380,NULL,NULL,1,1,'45','2016-12-22 01:18:58',NULL,NULL,NULL,NULL,NULL,NULL,NULL,'P3-1005-5250-199',NULL,NULL),(4122,'LIP RING','LIP RING',511.440,511.440,NULL,NULL,1,1,'45','2016-12-22 01:18:58',NULL,NULL,NULL,NULL,NULL,NULL,NULL,'P3-1505-5250-198',NULL,NULL),(4123,'LIP RING SUPREME Ø 200','LIP RING SUPREME Ø 200',469.380,469.380,NULL,NULL,1,1,'45','2016-12-22 01:19:53',NULL,NULL,NULL,NULL,NULL,NULL,NULL,'P3-1005-5250-199',NULL,NULL),(4124,'LIP RING','LIP RING',511.440,511.440,NULL,NULL,1,1,'45','2016-12-22 01:19:53',NULL,NULL,NULL,NULL,NULL,NULL,NULL,'P3-1505-5250-198',NULL,NULL),(4125,'BEARING FOR PINION, FORE','BEARING FOR PINION, FORE',987.710,987.710,NULL,NULL,1,1,'38','2016-12-22 13:52:19',NULL,NULL,NULL,NULL,NULL,NULL,NULL,'P2-3010-02-2',NULL,NULL),(4126,'Piston ring','Piston ring',168.680,168.680,NULL,NULL,1,1,'38','2016-12-22 13:52:19',NULL,NULL,NULL,NULL,NULL,NULL,NULL,'P2-2010-01-7',NULL,NULL),(4127,'BEARING FOR PINION, FORE','BEARING FOR PINION, FORE',987.710,987.710,NULL,NULL,1,1,'38','2016-12-22 13:52:19',NULL,NULL,NULL,NULL,NULL,NULL,NULL,'P2-2510-01-2',NULL,NULL),(4128,'BEARING FOR PINION, FORE','BEARING FOR PINION, FORE',987.710,987.710,NULL,NULL,1,1,'38','2016-12-22 13:52:19',NULL,NULL,NULL,NULL,NULL,NULL,NULL,'P2-3010-01-3',NULL,NULL),(4129,'STERN TUBE GASKET','STERN TUBE GASKET',44.810,44.810,NULL,NULL,1,1,'45','2016-12-22 20:10:09',NULL,NULL,NULL,NULL,NULL,NULL,NULL,'P3-1005-521-107',NULL,NULL),(4130,'GUIDE SHOE','GUIDE SHOE',288.870,288.870,NULL,NULL,1,1,'45','2016-12-22 20:10:09',NULL,NULL,NULL,NULL,NULL,NULL,NULL,'P3-1505-01-13',NULL,NULL),(4131,'ZINC ANODE','ZINC ANODE',186.950,186.950,NULL,NULL,1,1,'45','2016-12-22 20:10:09',NULL,NULL,NULL,NULL,NULL,NULL,NULL,'P3-1505-01-83',NULL,NULL),(4132,'STERN TUBE GASKET','STERN TUBE GASKET',44.810,44.810,NULL,NULL,1,1,'45','2016-12-22 20:10:20',NULL,NULL,NULL,NULL,NULL,NULL,NULL,'P3-1005-521-107',NULL,NULL),(4133,'GUIDE SHOE','GUIDE SHOE',288.870,288.870,NULL,NULL,1,1,'45','2016-12-22 20:10:20',NULL,NULL,NULL,NULL,NULL,NULL,NULL,'P3-1505-01-13',NULL,NULL),(4134,'ZINC ANODE','ZINC ANODE',186.950,186.950,NULL,NULL,1,1,'45','2016-12-22 20:10:20',NULL,NULL,NULL,NULL,NULL,NULL,NULL,'P3-1505-01-83',NULL,NULL),(4135,'LAMP','LAMP',4.710,4.710,NULL,NULL,1,1,'45','2016-12-28 15:48:07',NULL,NULL,NULL,NULL,NULL,NULL,NULL,'P4-1024-04-3',NULL,NULL),(4136,'Q96 INSTRUMENT','Q96 INSTRUMENT',863.780,863.780,NULL,NULL,1,1,'45','2016-12-28 15:48:07',NULL,NULL,NULL,NULL,NULL,NULL,NULL,'P4-1012-05-4',NULL,NULL),(4137,'SEALING RING','SEALING RING',145.920,145.920,NULL,NULL,1,1,'45','2016-12-30 10:10:36',NULL,NULL,NULL,NULL,NULL,NULL,NULL,'P3-1005-5304-123',NULL,NULL),(4138,'SEALING RING','SEALING RING',145.920,145.920,NULL,NULL,1,1,'45','2016-12-30 10:10:41',NULL,NULL,NULL,NULL,NULL,NULL,NULL,'P3-1005-5304-123',NULL,NULL),(4139,'FITTED BOLT FOR FLYWHEEL','FITTED BOLT FOR FLYWHEEL',111.130,111.130,NULL,NULL,1,1,'45','2016-12-30 12:52:35',NULL,NULL,NULL,NULL,NULL,NULL,NULL,'P1-1216-01-5',NULL,NULL),(4140,'BUSH FORE FOR PITCH CONTROL ROD','BUSH FORE FOR PITCH CONTROL ROD',732.070,732.070,NULL,NULL,1,1,'45','2016-12-30 12:52:35',NULL,NULL,NULL,NULL,NULL,NULL,NULL,'P3-1505-5211-31',NULL,NULL),(4141,'BUSH AFT FOR PITCH CONTROL ROD','BUSH AFT FOR PITCH CONTROL ROD',925.600,925.600,NULL,NULL,1,1,'45','2016-12-30 12:52:35',NULL,NULL,NULL,NULL,NULL,NULL,NULL,'P3-1505-5211-43',NULL,NULL),(4142,'PUMP IMPELLER','PUMP IMPELLER',1133.950,1133.950,NULL,NULL,1,1,'45','2016-12-30 13:40:50',NULL,NULL,NULL,NULL,NULL,NULL,NULL,'P5-1610-09-130',NULL,NULL),(4143,'SHAFT','SHAFT',664.560,664.560,NULL,NULL,1,1,'45','2016-12-30 13:40:50',NULL,NULL,NULL,NULL,NULL,NULL,NULL,'P5-1610-09-178',NULL,NULL),(4144,'CYLINDER HEAD, COMPLETE','CYLINDER HEAD, COMPLETE',15889.600,15889.600,NULL,NULL,1,1,'45','2016-12-30 13:40:50',NULL,NULL,NULL,NULL,NULL,NULL,NULL,'P5-0501-20-422',NULL,NULL),(4145,'H.T. INTERMEDIATE PIPE','H.T. INTERMEDIATE PIPE',73.820,73.820,NULL,NULL,1,1,'45','2016-12-30 13:40:50',NULL,NULL,NULL,NULL,NULL,NULL,NULL,'P5-1630-08-190',NULL,NULL),(4146,'H.T. INTERMEDIATE PIPE','H.T. INTERMEDIATE PIPE',403.680,403.680,NULL,NULL,1,1,'45','2016-12-30 13:40:50',NULL,NULL,NULL,NULL,NULL,NULL,NULL,'P5-1630-08-070',NULL,NULL),(4147,'CRANKCASE COVER','CRANKCASE COVER',1710.800,1710.800,NULL,NULL,1,1,'45','2016-12-30 13:40:50',NULL,NULL,NULL,NULL,NULL,NULL,NULL,'P5-1106-32-225',NULL,NULL),(4148,'CYLINDER HEAD GASKET','CYLINDER HEAD GASKET',122.910,122.910,NULL,NULL,1,1,'45','2017-01-04 18:26:57',NULL,NULL,NULL,NULL,NULL,NULL,NULL,'51.03901.0338',NULL,NULL),(4149,'COLLAR BOLT','COLLAR BOLT',19.200,19.200,NULL,NULL,1,1,'45','2017-01-04 18:26:57',NULL,NULL,NULL,NULL,NULL,NULL,NULL,'51.90490.0022',NULL,NULL),(4150,'COLLAR BOLT','COLLAR BOLT',17.660,17.660,NULL,NULL,1,1,'45','2017-01-04 18:26:57',NULL,NULL,NULL,NULL,NULL,NULL,NULL,'51.90490.0023',NULL,NULL),(4151,'DRAIN PLUG M14X1,5 ','DRAIN PLUG M14X1,5 ',3.710,3.710,NULL,NULL,1,1,'45','2017-01-04 18:26:57',NULL,NULL,NULL,NULL,NULL,NULL,NULL,'06.08069.0043',NULL,NULL),(4152,'SEAL 14,7X22X1,5','SEAL 14,7X22X1,5',2.620,2.620,NULL,NULL,1,1,'45','2017-01-04 18:26:57',NULL,NULL,NULL,NULL,NULL,NULL,NULL,'06.56631.0106',NULL,NULL),(4153,'GASKET INTAKE MANIFOLD','GASKET INTAKE MANIFOLD',12.100,12.100,NULL,NULL,1,1,'45','2017-01-04 18:26:57',NULL,NULL,NULL,NULL,NULL,NULL,NULL,'51.08902.0161',NULL,NULL),(4154,'GASKET  ','GASKET  ',224.220,224.220,NULL,NULL,1,1,'45','2017-01-04 18:26:57',NULL,NULL,NULL,NULL,NULL,NULL,NULL,'51.09905.0058',NULL,NULL),(4155,'GASKET','GASKET',13.750,13.750,NULL,NULL,1,1,'45','2017-01-04 18:26:57',NULL,NULL,NULL,NULL,NULL,NULL,NULL,'51.08902.0229',NULL,NULL),(4156,'GASKET','GASKET',84.070,84.070,NULL,NULL,1,1,'45','2017-01-04 18:26:57',NULL,NULL,NULL,NULL,NULL,NULL,NULL,'51.09904.0025',NULL,NULL),(4157,'TORIC SEAL 80X3N-FPM1-60-GN','TORIC SEAL 80X3N-FPM1-60-GN',20.950,20.950,NULL,NULL,1,1,'45','2017-01-04 18:26:57',NULL,NULL,NULL,NULL,NULL,NULL,NULL,'06.56939.0034',NULL,NULL),(4158,'GASKET','GASKET',8.830,8.830,NULL,NULL,1,1,'45','2017-01-04 18:26:57',NULL,NULL,NULL,NULL,NULL,NULL,NULL,'51.08901.0099',NULL,NULL),(4159,'SEALING WASHER','SEALING WASHER',2.570,2.570,NULL,NULL,1,1,'45','2017-01-04 18:26:57',NULL,NULL,NULL,NULL,NULL,NULL,NULL,'51.96501.0348',NULL,NULL),(4160,'START/STOP UNIT','START/STOP UNIT',2853.400,2853.400,NULL,NULL,1,1,'45','2017-01-06 14:03:00',NULL,NULL,NULL,NULL,NULL,NULL,NULL,'P4-1510-01-A1',NULL,NULL),(4161,'BM-TACHO SENSOR  (** P2-8015-01-1 )','BM-TACHO SENSOR  (** P2-8015-01-1 )',611.860,611.860,NULL,NULL,1,1,'45','2017-01-06 14:03:00',NULL,NULL,NULL,NULL,NULL,NULL,NULL,'P2-8210-01-42',NULL,NULL),(4162,'Lip Ring','Lip Ring',NULL,NULL,'P3-1505-5110-198','PC',1,1,'45','2017-01-06 17:56:25',NULL,NULL,'Supreme 190','Sello de tubo de codaste',NULL,NULL,NULL,'P3-1505-5110-198',NULL,37),(4163,'Sealing Ring (**3-1505-5630-17)','Sealing Ring (**3-1505-5630-17)',NULL,NULL,'P3-1505-01-17','PC',1,1,'45','2017-01-08 22:38:40',NULL,NULL,'.','Sello',NULL,NULL,NULL,'P3-1505-01-17',NULL,37),(4164,'CR-Steel Liner for Stern Tube Seal','CR-Steel Liner for Stern Tube Seal',NULL,NULL,'P3-1505-5694-28','PC',1,1,'45','2017-01-08 23:06:24',NULL,NULL,NULL,NULL,NULL,NULL,NULL,'P3-1505-5694-28',NULL,36),(4165,'Gasket (**1-3016-01-4241)','Gasket (**1-3016-01-4241)',5.740,5.740,'P1-3012-01-3','PC',1,1,'45','2017-01-10 14:29:45','45','2017-01-12 09:33:47',NULL,'Empaquetadura',NULL,NULL,NULL,'P1-3012-01-3',NULL,29),(4166,'Gasket (**1-2824-13-1511)','Gasket (**1-2824-01-1511)',2.940,2.940,'P1-2824-13-1511','PC',1,1,'45','2017-01-10 14:29:45','45','2017-01-12 09:28:52','','Empaquetadura',NULL,NULL,NULL,'P1-2824-13-1511',NULL,29),(4167,'Cylindrical Pin','Cylindrical Pin',2.940,2.940,NULL,NULL,1,1,'45','2017-01-11 20:36:55',NULL,NULL,NULL,NULL,NULL,NULL,NULL,'P5-1402-23-094',NULL,NULL),(4168,'Seal Ring','Seal Ring',7.800,7.800,NULL,NULL,1,1,'45','2017-01-11 20:36:55',NULL,NULL,NULL,NULL,NULL,NULL,NULL,'P5-1404-12-010',NULL,NULL),(4169,'Round Seal Ring','Round Seal Ring',4.850,4.850,NULL,NULL,1,1,'45','2017-01-11 20:36:55',NULL,NULL,NULL,NULL,NULL,NULL,NULL,'P5-1404-12-022',NULL,NULL),(4170,'Seal Ring','Seal Ring',485.000,485.000,NULL,NULL,1,1,'45','2017-01-11 20:36:55',NULL,NULL,NULL,NULL,NULL,NULL,NULL,'P5-1404-12-046',NULL,NULL),(4171,'Gasket','Gasket',28.830,28.830,NULL,NULL,1,1,'45','2017-01-11 20:36:55',NULL,NULL,NULL,NULL,NULL,NULL,NULL,'P5-1202-11-012',NULL,NULL),(4172,'Compensator','Compensator',523.610,523.610,NULL,NULL,1,1,'45','2017-01-11 20:36:55',NULL,NULL,NULL,NULL,NULL,NULL,NULL,'P5-1202-11-050',NULL,NULL),(4173,'Compensator, Axial0T','Compensator, Axial0T',1178.130,1178.130,NULL,NULL,1,1,'45','2017-01-11 20:36:55',NULL,NULL,NULL,NULL,NULL,NULL,NULL,'P5-1204-16-013',NULL,NULL),(4174,'Sprocket','Sprocket',15944.970,15944.970,NULL,NULL,1,1,'45','2017-01-16 14:02:09',NULL,NULL,NULL,NULL,NULL,NULL,NULL,'701.A.002',NULL,NULL),(4175,'Hexagon bolt','Hexagon bolt',2.860,2.860,NULL,NULL,1,1,'45','2017-01-16 14:02:09',NULL,NULL,NULL,NULL,NULL,NULL,NULL,'701.A.003',NULL,NULL),(4176,'Lock Washer','Lock Washer',2.860,2.860,NULL,NULL,1,1,'45','2017-01-16 14:02:09',NULL,NULL,NULL,NULL,NULL,NULL,NULL,'701.A.004',NULL,NULL),(4177,'Cylindrical pin','Cylindrical pin',11.810,11.810,NULL,NULL,1,1,'45','2017-01-16 14:02:09',NULL,NULL,NULL,NULL,NULL,NULL,NULL,'701.A.005',NULL,NULL),(4178,'Sprocket','Sprocket',15944.970,15944.970,NULL,NULL,1,1,'45','2017-01-16 14:02:16',NULL,NULL,NULL,NULL,NULL,NULL,NULL,'701.A.002',NULL,NULL),(4179,'Hexagon bolt','Hexagon bolt',2.860,2.860,NULL,NULL,1,1,'45','2017-01-16 14:02:16',NULL,NULL,NULL,NULL,NULL,NULL,NULL,'701.A.003',NULL,NULL),(4180,'Lock Washer','Lock Washer',2.860,2.860,NULL,NULL,1,1,'45','2017-01-16 14:02:16',NULL,NULL,NULL,NULL,NULL,NULL,NULL,'701.A.004',NULL,NULL),(4181,'Cylindrical pin','Cylindrical pin',11.810,11.810,NULL,NULL,1,1,'45','2017-01-16 14:02:16',NULL,NULL,NULL,NULL,NULL,NULL,NULL,'701.A.005',NULL,NULL),(4182,'Air Filter Mat. NR 20 / R (Set X 3)','Air Filter Mat. NR 20 / R (Set X 3)',80.010,80.010,NULL,NULL,1,1,'45','2017-01-23 21:28:20',NULL,NULL,NULL,NULL,NULL,NULL,NULL,' P1-1810-01-A1',NULL,NULL),(4183,'Pinion Assemb Kit ','Pinion Assemb Kit ',13069.770,13069.770,NULL,NULL,1,1,'45','2017-01-23 23:13:46',NULL,NULL,NULL,NULL,NULL,NULL,NULL,'P2-2020-01-14',NULL,NULL),(4184,'Gear Wheel','Gear Wheel',24689.290,24689.290,NULL,NULL,1,1,'45','2017-01-23 23:13:46',NULL,NULL,NULL,NULL,NULL,NULL,NULL,'P2-3020-01-8',NULL,NULL),(4185,'O-Ring ','O-Ring ',4.850,4.850,NULL,NULL,1,1,'45','2017-01-23 23:13:46',NULL,NULL,NULL,NULL,NULL,NULL,NULL,'P2-1540-03-2',NULL,NULL),(4186,'Locking Plate ','Locking Plate ',9.410,9.410,NULL,NULL,1,1,'45','2017-01-23 23:13:46',NULL,NULL,NULL,NULL,NULL,NULL,NULL,'P2-1540-03-4',NULL,NULL),(4187,'Sealing Ring ','Sealing Ring ',107.810,107.810,NULL,NULL,1,1,'45','2017-01-23 23:13:46',NULL,NULL,NULL,NULL,NULL,NULL,NULL,'P2-1540-03-5',NULL,NULL),(4188,'Clutch Plates ','Clutch Plates ',217.680,217.680,NULL,NULL,1,1,'45','2017-01-23 23:13:46',NULL,NULL,NULL,NULL,NULL,NULL,NULL,'P2-2010-01-10',NULL,NULL),(4189,'Clutch Plates ','Clutch Plates ',161.790,161.790,NULL,NULL,1,1,'45','2017-01-23 23:13:46',NULL,NULL,NULL,NULL,NULL,NULL,NULL,'P2-2010-01-11',NULL,NULL),(4190,'Polyamide Washer Ø12/22  ','Polyamide Washer Ø12/22  ',2.940,2.940,NULL,NULL,1,1,'45','2017-01-23 23:51:10',NULL,NULL,NULL,NULL,NULL,NULL,NULL,'P3-1505-01-26A',NULL,NULL),(4191,'Hex. Socket Countersunk Head Screw ','Hex. Socket Countersunk Head Screw ',2.940,2.940,NULL,NULL,1,1,'45','2017-01-23 23:51:10',NULL,NULL,NULL,NULL,NULL,NULL,NULL,'P3-1505-01-12',NULL,NULL),(4192,'Sealing Ring ','Sealing Ring ',125.900,125.900,NULL,NULL,1,1,'45','2017-01-23 23:51:10',NULL,NULL,NULL,NULL,NULL,NULL,NULL,'P3-1505-5367-17',NULL,NULL),(4193,'Slide Block ','Slide Block ',967.800,967.800,NULL,NULL,1,1,'45','2017-01-23 23:51:10',NULL,NULL,NULL,NULL,NULL,NULL,NULL,'P3-1505-01-11',NULL,NULL),(4194,'Slide Ring ','Slide Ring ',217.680,217.680,NULL,NULL,1,1,'45','2017-01-23 23:51:10',NULL,NULL,NULL,NULL,NULL,NULL,NULL,'P3-1505-5367-18',NULL,NULL),(4195,'Blade Screw ','Blade Screw ',676.580,676.580,NULL,NULL,1,1,'45','2017-01-23 23:51:10',NULL,NULL,NULL,NULL,NULL,NULL,NULL,'P3-1505-5367-16',NULL,NULL),(4196,'Gasket ','Gasket ',8.820,8.820,NULL,NULL,1,1,'45','2017-01-23 23:51:10',NULL,NULL,NULL,NULL,NULL,NULL,NULL,'P3-1505-5367-25',NULL,NULL),(4197,'Lip Ring ','Lip Ring ',433.890,433.890,NULL,NULL,1,1,'45','2017-01-23 23:51:10',NULL,NULL,NULL,NULL,NULL,NULL,NULL,'P3-1505-5367-198',NULL,NULL),(4198,'Pitch Control ','Pitch Control ',9377.990,9377.990,NULL,NULL,1,1,'45','2017-01-23 23:51:10',NULL,NULL,NULL,NULL,NULL,NULL,NULL,'P3-1505-5367-82',NULL,NULL),(4199,'Sealing Ring ','Sealing Ring ',82.810,82.810,NULL,NULL,1,1,'45','2017-01-23 23:51:10',NULL,NULL,NULL,NULL,NULL,NULL,NULL,'P3-1505-5367-20',NULL,NULL),(4200,'Sealing Ring ','Sealing Ring ',2.940,2.940,NULL,NULL,1,1,'45','2017-01-23 23:51:10',NULL,NULL,NULL,NULL,NULL,NULL,NULL,'P3-1505-5367-32',NULL,NULL),(4201,'Sealing Ring ','Sealing Ring ',35.740,35.740,NULL,NULL,1,1,'45','2017-01-23 23:51:10',NULL,NULL,NULL,NULL,NULL,NULL,NULL,'P3-1505-5367-6',NULL,NULL),(4202,'Ring Anode ','Ring Anode ',1248.730,1248.730,NULL,NULL,1,1,'45','2017-01-23 23:51:10',NULL,NULL,NULL,NULL,NULL,NULL,NULL,'P3-1505-5367-3',NULL,NULL),(4203,'Bush ','Bush ',6545.180,6545.180,NULL,NULL,1,1,'45','2017-01-23 23:51:10',NULL,NULL,NULL,NULL,NULL,NULL,NULL,'P3-1505-5367-28',NULL,NULL),(4204,'Kit For Complete Cylinder Unit Exchange ','Kit For Complete Cylinder Unit Exchange ',150.610,150.610,NULL,NULL,1,1,'45','2017-01-24 00:14:51',NULL,NULL,NULL,NULL,NULL,NULL,NULL,'K018.00',NULL,NULL),(4205,'Round Seal ','Round Seal ',38.390,38.390,NULL,NULL,1,1,'45','2017-01-24 00:14:51',NULL,NULL,NULL,NULL,NULL,NULL,NULL,'P5-0610-12-210',NULL,NULL),(4206,'Sealing Ring ','Sealing Ring ',44.860,44.860,NULL,NULL,1,1,'45','2017-01-24 00:14:51',NULL,NULL,NULL,NULL,NULL,NULL,NULL,'P5-0610-12-031',NULL,NULL),(4207,'Sealing Ring ','Sealing Ring ',58.540,58.540,NULL,NULL,1,1,'45','2017-01-24 00:14:51',NULL,NULL,NULL,NULL,NULL,NULL,NULL,'P5-0610-12-209',NULL,NULL),(4208,'O´Ring  ','O´Ring  ',2.940,2.940,NULL,NULL,1,1,'45','2017-01-24 00:46:04',NULL,NULL,NULL,NULL,NULL,NULL,NULL,'P5-1630-08-033',NULL,NULL),(4209,'Kit For Cylinder Unit Complete ','Kit For Cylinder Unit Complete ',118.700,118.700,NULL,NULL,1,1,'45','2017-01-24 00:46:04',NULL,NULL,NULL,NULL,NULL,NULL,NULL,'P5-1703-04-045',NULL,NULL),(4210,'V-Profile Clamp ','V-Profile Clamp ',10.740,10.740,NULL,NULL,1,1,'45','2017-01-24 00:46:04',NULL,NULL,NULL,NULL,NULL,NULL,NULL,'P5-1630-08-368',NULL,NULL);
/*!40000 ALTER TABLE `articulo` ENABLE KEYS */;
UNLOCK TABLES;

--
-- Table structure for table `buques`
--

DROP TABLE IF EXISTS `buques`;
/*!40101 SET @saved_cs_client     = @@character_set_client */;
/*!40101 SET character_set_client = utf8 */;
CREATE TABLE `buques` (
  `id` int(11) NOT NULL AUTO_INCREMENT,
  `cliente_id` int(11) DEFAULT NULL,
  `nombre` varchar(100) DEFAULT NULL,
  `IMO` varchar(45) DEFAULT NULL,
  `tipo` varchar(45) DEFAULT NULL,
  PRIMARY KEY (`id`)
) ENGINE=InnoDB AUTO_INCREMENT=191 DEFAULT CHARSET=utf8;
/*!40101 SET character_set_client = @saved_cs_client */;

--
-- Dumping data for table `buques`
--

LOCK TABLES `buques` WRITE;
/*!40000 ALTER TABLE `buques` DISABLE KEYS */;
INSERT INTO `buques` VALUES (183,28,'Yate Acuamarina','D2840LE403','23/30'),(186,17,'BAMAR II','9130731','FISHING'),(187,17,'BAMAR I','9130731','FISHING'),(188,33,'MB3 MOLLENDO','Z1011931','16MB430 - ESN 7156.03'),(189,33,'MB2 MOLLENDO','Z1011931','16MB430 - ESN 7156.02'),(190,33,'MB1 MOLLENDO','Z1011931','16MB430  - ESN 7156.01');
/*!40000 ALTER TABLE `buques` ENABLE KEYS */;
UNLOCK TABLES;

--
-- Table structure for table `cargo`
--

DROP TABLE IF EXISTS `cargo`;
/*!40101 SET @saved_cs_client     = @@character_set_client */;
/*!40101 SET character_set_client = utf8 */;
CREATE TABLE `cargo` (
  `id` int(11) NOT NULL AUTO_INCREMENT,
  `nombre` varchar(100) DEFAULT NULL,
  PRIMARY KEY (`id`)
) ENGINE=InnoDB AUTO_INCREMENT=2 DEFAULT CHARSET=latin1;
/*!40101 SET character_set_client = @saved_cs_client */;

--
-- Dumping data for table `cargo`
--

LOCK TABLES `cargo` WRITE;
/*!40000 ALTER TABLE `cargo` DISABLE KEYS */;
INSERT INTO `cargo` VALUES (1,'Service');
/*!40000 ALTER TABLE `cargo` ENABLE KEYS */;
UNLOCK TABLES;

--
-- Table structure for table `carpeta_import_doc_detalle_carpeta`
--

DROP TABLE IF EXISTS `carpeta_import_doc_detalle_carpeta`;
/*!40101 SET @saved_cs_client     = @@character_set_client */;
/*!40101 SET character_set_client = utf8 */;
CREATE TABLE `carpeta_import_doc_detalle_carpeta` (
  `id` int(11) NOT NULL AUTO_INCREMENT,
  `id_documento_detalle` int(11) DEFAULT NULL,
  `id_carpeta_importacion_elemento` int(11) DEFAULT NULL,
  `monto` double DEFAULT NULL,
  `fecha_pase` date DEFAULT NULL,
  PRIMARY KEY (`id`)
) ENGINE=InnoDB AUTO_INCREMENT=56 DEFAULT CHARSET=utf8;
/*!40101 SET character_set_client = @saved_cs_client */;

--
-- Dumping data for table `carpeta_import_doc_detalle_carpeta`
--

LOCK TABLES `carpeta_import_doc_detalle_carpeta` WRITE;
/*!40000 ALTER TABLE `carpeta_import_doc_detalle_carpeta` DISABLE KEYS */;
INSERT INTO `carpeta_import_doc_detalle_carpeta` VALUES (2,1,182,50.26,NULL),(3,1,200,110.56,NULL),(4,1,191,150.78,'2016-12-09'),(7,2,182,50.26,NULL),(8,2,200,110.56,NULL),(9,2,191,150.78,'2016-12-09'),(10,2,173,50.28,NULL),(13,5,209,34.19,'2016-11-11'),(14,5,217,187.6,NULL),(15,6,219,53.76,NULL),(16,6,211,9.8,'2016-11-11'),(17,7,169,16.03,NULL),(18,7,187,24.03,NULL),(19,7,196,37.78,'2016-12-09'),(20,7,205,88.58,NULL),(21,7,178,33.57,NULL),(22,8,165,10.42,NULL),(23,8,183,15.62,NULL),(24,8,192,24.56,'2016-12-09'),(25,8,201,57.58,NULL),(26,8,174,21.82,NULL),(27,9,167,3.74,NULL),(28,9,185,5.6,NULL),(29,9,194,8.8,'2016-12-09'),(30,9,203,20.64,NULL),(31,9,176,7.82,NULL),(32,10,261,3243.38,NULL),(33,10,243,591.32,NULL),(35,12,164,154.63,NULL),(36,13,333,131.46,'2016-12-14'),(37,13,324,67.1,'2016-12-14'),(38,13,315,131.58,'2016-12-14'),(39,13,306,9.89,'2016-12-14'),(40,14,309,5.77,'2016-12-14'),(41,14,327,39.19,'2016-12-14'),(42,14,318,76.85,'2016-12-14'),(43,14,336,76.76,'2016-12-14'),(44,15,341,565.36,NULL),(45,15,357,579.04,NULL),(46,15,349,505.65,NULL),(47,16,353,137.9,NULL),(48,16,361,157.92,NULL),(49,16,345,154.18,NULL),(50,17,343,36.32,NULL),(51,17,359,37.2,NULL),(52,17,351,32.48,NULL),(53,21,360,63.17,NULL),(54,21,344,61.67,NULL),(55,21,352,55.16,NULL);
/*!40000 ALTER TABLE `carpeta_import_doc_detalle_carpeta` ENABLE KEYS */;
UNLOCK TABLES;

--
-- Table structure for table `carpeta_importacion`
--

DROP TABLE IF EXISTS `carpeta_importacion`;
/*!40101 SET @saved_cs_client     = @@character_set_client */;
/*!40101 SET character_set_client = utf8 */;
CREATE TABLE `carpeta_importacion` (
  `id` int(11) NOT NULL AUTO_INCREMENT,
  `codigo` varchar(20) DEFAULT NULL,
  `orden_compra_id` int(11) NOT NULL,
  `proveedor_id` int(11) NOT NULL,
  `fecha` datetime DEFAULT NULL,
  `pais` varchar(100) DEFAULT NULL,
  `numero_proforma` varchar(100) DEFAULT NULL,
  `moneda` varchar(30) DEFAULT NULL,
  `prorrateo` varchar(30) DEFAULT NULL,
  `incoterm_id` int(11) NOT NULL,
  `centro_costo_id` int(11) NOT NULL,
  `estado_id` int(11) NOT NULL,
  `fecha_creacion` datetime DEFAULT CURRENT_TIMESTAMP,
  `usuario_creacion` int(11) DEFAULT NULL,
  `fecha_modificacion` datetime DEFAULT NULL,
  `usuario_modificacion` int(11) DEFAULT NULL,
  `guia_aerea` varchar(100) DEFAULT NULL,
  `tipo_carpeta_importacion` char(1) DEFAULT 'T' COMMENT 'Muestra si es una carpeta de importación Total (Flujo normal) o Parcial (Una orden de compra puede tener varias carpetas de importacion parciales)',
  `correlativo_carpeta_importacion_parcial` int(11) DEFAULT NULL COMMENT 'Numerado de la carpeta de importacion parcial ',
  PRIMARY KEY (`id`)
) ENGINE=InnoDB AUTO_INCREMENT=54 DEFAULT CHARSET=utf8;
/*!40101 SET character_set_client = @saved_cs_client */;

--
-- Dumping data for table `carpeta_importacion`
--

LOCK TABLES `carpeta_importacion` WRITE;
/*!40000 ALTER TABLE `carpeta_importacion` DISABLE KEYS */;
INSERT INTO `carpeta_importacion` VALUES (27,'PE 16/5000189-0',41,5,'2016-09-27 00:00:00','Dinamarca','23188951','USD','Ponderado',4,21,3,NULL,38,NULL,NULL,'612297931','T',NULL),(28,'PE 16/5000190-2',42,5,'2016-09-30 00:00:00','Dinamarca','23189380','USD','Ponderado',4,24,3,NULL,38,NULL,NULL,'612297931','T',NULL),(29,'PE 16/5000191-2',43,5,'2016-09-30 00:00:00','Dinamarca','23191078','USD','Ponderado',4,23,3,NULL,38,NULL,NULL,'612297931','T',NULL),(30,'PE 16/5000192-2',44,5,'2016-09-30 00:00:00','Dinamarca','23193817','USD','Ponderado',4,22,3,NULL,38,NULL,NULL,'612297931','T',NULL),(31,'PE 16/5000193-2',45,5,'2016-09-30 00:00:00','Dinamarca','23191079','USD','Ponderado',4,25,3,NULL,38,NULL,NULL,'612297931','T',NULL),(32,'PE 16/5000176-2',34,5,'2016-09-14 00:00:00','Dinamarca','23186859','USD','Ponderado',5,17,3,NULL,38,NULL,NULL,'074-44408361','T',NULL),(33,'PE 16/5000199-0',68,5,'2016-10-05 00:00:00','Dinamarca','23187860','USD','Ponderado',5,32,3,NULL,38,NULL,NULL,'074-44408361','T',NULL),(34,'PE 16/5000203-1',93,5,'2016-10-14 00:00:00','Dinamarca','23197282','USD','Ponderado',4,37,3,NULL,38,NULL,NULL,'9037197094','T',NULL),(36,'PE 16/5000202-1',92,21,'2016-10-14 00:00:00','USA','0022793','USD','Ponderado',4,36,1,NULL,38,NULL,NULL,'9037197094','T',NULL),(37,'PE 16/5000206-1',172,5,'2016-10-21 00:00:00','Dinamarca','23191228','USD','Ponderado',4,39,3,'2016-11-04 09:14:19',38,NULL,NULL,'4692618140','T',NULL),(38,'PE 16/5000205-1',167,5,'2016-10-20 00:00:00','Dinamarca','23199992','USD','Ponderado',4,38,3,'2016-11-04 09:21:56',38,NULL,NULL,'4692616316','T',NULL),(39,'PE 16/5000208-0',215,5,'2016-10-27 00:00:00','Dinamarca','23197283','USD','Ponderado',4,41,3,'2016-11-11 08:02:24',38,NULL,NULL,'4692628706','T',NULL),(40,'PE 16/5000211-0',218,5,'2016-11-04 00:00:00','Dinamarca','23208220','USD','Ponderado',4,45,3,'2016-11-14 09:56:58',38,NULL,NULL,'4692629981','T',NULL),(41,'PE 16/5000212-0',219,5,'2016-11-04 00:00:00','Dinamarca','23208223','USD','Ponderado',4,44,3,'2016-11-14 10:29:02',38,NULL,NULL,'4692629955','T',NULL),(42,'PE 16/5000213-0',220,93,'2016-11-04 00:00:00','Alemania','20929588','USD','Ponderado',3,43,3,'2016-11-14 10:38:05',38,NULL,NULL,'7925835326','T',NULL),(43,'PE 16/5000222-0',271,5,'2016-11-30 00:00:00','DINAMARCA','23212869','USD','Ponderado',4,48,3,'2016-12-14 14:22:19',38,NULL,NULL,'4692658154','T',NULL),(44,'PE 16/5000223-0',272,5,'2016-12-01 00:00:00','DINAMARCA','23216113','USD','Ponderado',4,49,3,'2016-12-14 14:25:05',38,NULL,NULL,'4692658154','T',NULL),(45,'PE 16/5000224-0',273,5,'2016-12-01 00:00:00','DINAMARCA','23216110','USD','Ponderado',4,50,3,'2016-12-14 14:25:29',38,NULL,NULL,'4692658154','T',NULL),(46,'PE 16/5000225-0',274,5,'2016-12-01 00:00:00','DINAMARCA','23216108','USD','Ponderado',4,51,3,'2016-12-14 14:25:51',38,NULL,NULL,'4692658154','T',NULL),(47,'PE 16/5000198-0',65,5,'2016-10-05 00:00:00','DINAMARCA','23140907','USD','Ponderado',2,30,1,'2016-12-14 15:23:48',38,NULL,NULL,'HOR0190465','T',NULL),(48,'PE 16/5000200-0',69,5,'2016-10-06 00:00:00','DINAMARCA','23140483','USD','Ponderado',2,33,1,'2016-12-14 15:24:24',38,NULL,NULL,'HOR0190465','T',NULL),(49,'PE 16/5000201-0',70,5,'2016-10-06 00:00:00','DINAMARCA','23140483','USD','Ponderado',2,34,1,'2016-12-14 15:24:48',38,NULL,NULL,'HOR0190465','T',NULL),(50,'PE 16/5000226-0',275,5,'2016-12-01 00:00:00','DINAMARCA','23197928','USD','Ponderado',5,52,3,'2016-12-20 14:53:10',38,NULL,NULL,'074-52804592','T',NULL),(51,'PE 16/5000231-0',296,5,'2016-12-14 00:00:00','DINAMARCA','Q 23220317','USD','Ponderado',4,53,1,'2016-12-26 19:05:25',45,NULL,NULL,'DHL 4692678034','T',NULL),(52,'PE 16/5000232-0',297,5,'2016-12-15 00:00:00','DINAMARCA','Q 23223233','USD','Ponderado',4,54,1,'2016-12-26 19:10:17',45,NULL,NULL,'DHL 4692678034','T',NULL),(53,'PE 16/5000236-0',301,5,'2016-12-20 00:00:00','DINAMARCA','Q 23223723','USD','Ponderado',4,56,1,'2016-12-26 19:10:49',45,NULL,NULL,'DHL 4692678034','T',NULL);
/*!40000 ALTER TABLE `carpeta_importacion` ENABLE KEYS */;
UNLOCK TABLES;

--
-- Table structure for table `carpeta_importacion_detalle`
--

DROP TABLE IF EXISTS `carpeta_importacion_detalle`;
/*!40101 SET @saved_cs_client     = @@character_set_client */;
/*!40101 SET character_set_client = utf8 */;
CREATE TABLE `carpeta_importacion_detalle` (
  `id` int(11) NOT NULL AUTO_INCREMENT,
  `carpeta_importacion_id` int(11) NOT NULL,
  `articulo_id` int(11) NOT NULL,
  `cantidad` int(11) NOT NULL DEFAULT '1',
  `costo_base` double DEFAULT '0',
  `total_base` double DEFAULT '0',
  `fletes` double DEFAULT '0',
  `otros` double DEFAULT '0',
  `costo_final` double DEFAULT '0',
  `total_final` double DEFAULT '0',
  `cantidad_total` int(11) DEFAULT '0',
  `cantidad_trasladada` int(11) DEFAULT '0',
  `inventario_id` int(11) DEFAULT NULL,
  PRIMARY KEY (`id`)
) ENGINE=InnoDB AUTO_INCREMENT=1117 DEFAULT CHARSET=utf8;
/*!40101 SET character_set_client = @saved_cs_client */;

--
-- Dumping data for table `carpeta_importacion_detalle`
--

LOCK TABLES `carpeta_importacion_detalle` WRITE;
/*!40000 ALTER TABLE `carpeta_importacion_detalle` DISABLE KEYS */;
INSERT INTO `carpeta_importacion_detalle` VALUES (20,27,3561,12,12.63,151.56,NULL,NULL,NULL,NULL,12,NULL,45),(21,27,3562,12,4.85,58.199999999999996,NULL,NULL,NULL,NULL,12,NULL,46),(22,27,3563,2,12.55,25.1,NULL,NULL,NULL,NULL,2,NULL,47),(23,28,2959,2,4.85,9.7,NULL,NULL,NULL,NULL,2,NULL,26),(24,28,2766,1,8.55,8.55,NULL,NULL,NULL,NULL,1,NULL,27),(25,28,2960,2,18.23,36.46,NULL,NULL,NULL,NULL,2,NULL,28),(26,28,3208,16,3.08,49.28,NULL,NULL,NULL,NULL,16,NULL,29),(27,28,3209,8,8.55,68.4,NULL,NULL,NULL,NULL,8,NULL,30),(28,28,3572,2,124.82,249.64,NULL,NULL,NULL,NULL,2,NULL,31),(29,29,3559,2,90.53,181.06,NULL,NULL,NULL,NULL,2,NULL,43),(30,29,3560,1,90.53,90.53,NULL,NULL,NULL,NULL,1,NULL,44),(31,30,2947,5,11.43,57.15,NULL,NULL,NULL,NULL,5,NULL,308),(32,30,2890,10,18.72,187.2,NULL,NULL,NULL,NULL,10,NULL,309),(33,30,2839,5,37.46,187.3,NULL,NULL,NULL,NULL,5,NULL,310),(34,31,3461,2,517.03,1034.06,NULL,NULL,NULL,NULL,2,NULL,42),(35,32,2960,12,18.23,218.76,NULL,NULL,NULL,NULL,12,NULL,38),(36,32,3443,1,8319.24,8319.24,NULL,NULL,NULL,NULL,1,NULL,39),(37,33,3581,1,3.08,3.08,NULL,NULL,NULL,NULL,1,NULL,48),(38,33,3582,1,3.08,3.08,NULL,NULL,NULL,NULL,1,NULL,49),(39,33,3583,1,1092.51,1092.51,NULL,NULL,NULL,NULL,1,NULL,50),(40,33,3584,1,3.08,3.08,NULL,NULL,NULL,NULL,1,NULL,51),(41,33,3585,1,904.53,904.53,NULL,NULL,NULL,NULL,1,NULL,52),(42,33,3487,8,12.31,98.48,NULL,NULL,NULL,NULL,8,NULL,53),(43,33,3490,3,65.39,196.17000000000002,NULL,NULL,NULL,NULL,3,NULL,54),(44,33,3491,1,48.13,48.13,NULL,NULL,NULL,NULL,1,NULL,55),(45,33,3493,8,3.08,24.64,NULL,NULL,NULL,NULL,8,NULL,56),(46,33,3495,1,66.72,66.72,NULL,NULL,NULL,NULL,1,NULL,57),(47,33,3497,2,517.03,1034.06,NULL,NULL,NULL,NULL,2,NULL,58),(48,33,3498,8,45.63,365.04,NULL,NULL,NULL,NULL,8,NULL,59),(49,33,3499,12,6.26,75.12,NULL,NULL,NULL,NULL,12,NULL,60),(50,33,3500,1,1266.34,1266.34,NULL,NULL,NULL,NULL,1,NULL,61),(51,33,3501,12,55.3,663.5999999999999,NULL,NULL,NULL,NULL,12,NULL,62),(52,33,3502,1,36.23,36.23,NULL,NULL,NULL,NULL,1,NULL,63),(53,33,3503,10,10.88,108.80000000000001,NULL,NULL,NULL,NULL,10,NULL,64),(54,33,3504,10,32.74,327.40000000000003,NULL,NULL,NULL,NULL,10,NULL,65),(55,33,3505,28,472.26,13223.279999999999,NULL,NULL,NULL,NULL,28,NULL,66),(56,33,3506,4,127.7,510.8,NULL,NULL,NULL,NULL,4,NULL,67),(57,33,3507,4,219.52,878.08,NULL,NULL,NULL,NULL,4,NULL,68),(58,33,3508,1,36.23,36.23,NULL,NULL,NULL,NULL,1,NULL,69),(59,33,3509,4,94.55,378.2,NULL,NULL,NULL,NULL,4,NULL,70),(60,33,3510,12,13.14,157.68,NULL,NULL,NULL,NULL,12,NULL,71),(61,33,3512,8,47.18,377.44,NULL,NULL,NULL,NULL,8,NULL,72),(62,33,3514,1,3.08,3.08,NULL,NULL,NULL,NULL,1,NULL,73),(63,33,3515,1,14.11,14.11,NULL,NULL,NULL,NULL,1,NULL,74),(64,33,3516,6,3.08,18.48,NULL,NULL,NULL,NULL,6,NULL,75),(65,33,3517,1,16.48,16.48,NULL,NULL,NULL,NULL,1,NULL,76),(66,33,3518,1,3.08,3.08,NULL,NULL,NULL,NULL,1,NULL,77),(67,33,3519,1,607.94,607.94,NULL,NULL,NULL,NULL,1,NULL,78),(68,33,3520,4,5.75,23,NULL,NULL,NULL,NULL,4,NULL,79),(69,33,3521,4,112.57,450.28,NULL,NULL,NULL,NULL,4,NULL,80),(70,33,3522,3,517.03,1551.09,NULL,NULL,NULL,NULL,3,NULL,81),(71,33,2761,6,10.08,60.480000000000004,NULL,NULL,NULL,NULL,6,NULL,82),(72,33,2765,6,13.98,83.88,NULL,NULL,NULL,NULL,6,NULL,83),(73,33,2763,6,9.65,57.900000000000006,NULL,NULL,NULL,NULL,6,NULL,84),(74,33,2766,1,8.55,8.55,NULL,NULL,NULL,NULL,1,NULL,85),(75,33,2768,6,13.98,83.88,NULL,NULL,NULL,NULL,6,NULL,86),(76,33,2811,6,7.31,43.86,NULL,NULL,NULL,NULL,6,NULL,87),(77,33,2812,6,7.31,43.86,NULL,NULL,NULL,NULL,6,NULL,88),(78,33,2813,6,7.31,43.86,NULL,NULL,NULL,NULL,6,NULL,89),(79,33,2814,6,7.31,43.86,NULL,NULL,NULL,NULL,6,NULL,90),(80,33,2815,6,7.31,43.86,NULL,NULL,NULL,NULL,6,NULL,91),(81,33,2816,6,7.31,43.86,NULL,NULL,NULL,NULL,6,NULL,92),(82,33,2821,24,3.08,73.92,NULL,NULL,NULL,NULL,24,NULL,93),(83,33,2837,6,308.43,1850.58,NULL,NULL,NULL,NULL,6,NULL,94),(84,33,2838,12,25.69,308.28000000000003,NULL,NULL,NULL,NULL,12,NULL,95),(85,33,2842,6,37.46,224.76,NULL,NULL,NULL,NULL,6,NULL,96),(86,33,2847,24,117.7,2824.8,NULL,NULL,NULL,NULL,24,NULL,97),(87,33,2851,6,105.67,634.02,NULL,NULL,NULL,NULL,6,NULL,98),(88,33,2852,6,91.25,547.5,NULL,NULL,NULL,NULL,6,NULL,99),(89,33,2853,6,143.89,863.3399999999999,NULL,NULL,NULL,NULL,6,NULL,100),(90,33,2854,6,123.83,742.98,NULL,NULL,NULL,NULL,6,NULL,101),(91,33,2862,24,74.39,1785.3600000000001,NULL,NULL,NULL,NULL,24,NULL,102),(92,33,2863,24,4.89,117.35999999999999,NULL,NULL,NULL,NULL,24,NULL,103),(93,33,2876,12,4.85,58.199999999999996,NULL,NULL,NULL,NULL,12,NULL,104),(94,33,2878,12,123.91,1486.92,NULL,NULL,NULL,NULL,12,NULL,105),(95,33,2873,24,6.26,150.24,NULL,NULL,NULL,NULL,24,NULL,106),(96,33,2874,12,197.67,2372.04,NULL,NULL,NULL,NULL,12,NULL,107),(97,33,2880,24,82.5,1980,NULL,NULL,NULL,NULL,24,NULL,108),(98,33,2881,24,3.08,73.92,NULL,NULL,NULL,NULL,24,NULL,109),(99,33,2890,12,32.46,389.52,NULL,NULL,NULL,NULL,12,NULL,110),(100,33,2897,24,228.75,5490,NULL,NULL,NULL,NULL,24,NULL,111),(101,33,2896,24,129.22,3101.2799999999997,NULL,NULL,NULL,NULL,24,NULL,112),(102,33,2898,48,4.85,232.79999999999998,NULL,NULL,NULL,NULL,48,NULL,113),(103,33,2901,12,3.08,36.96,NULL,NULL,NULL,NULL,12,NULL,114),(104,33,2902,6,3.08,18.48,NULL,NULL,NULL,NULL,6,NULL,115),(105,33,2911,18,7.37,132.66,NULL,NULL,NULL,NULL,18,NULL,116),(106,33,2912,6,14.98,89.88,NULL,NULL,NULL,NULL,6,NULL,117),(107,33,2906,6,22.49,134.94,NULL,NULL,NULL,NULL,6,NULL,118),(108,33,2916,1,71.29,71.29,NULL,NULL,NULL,NULL,1,NULL,119),(109,33,2919,1,81.22,81.22,NULL,NULL,NULL,NULL,1,NULL,120),(110,33,2923,1,124.65,124.65,NULL,NULL,NULL,NULL,1,NULL,121),(111,33,2924,1,106.01,106.01,NULL,NULL,NULL,NULL,1,NULL,122),(112,33,2926,1,94.25,94.25,NULL,NULL,NULL,NULL,1,NULL,123),(113,33,2948,16,30.46,487.36,NULL,NULL,NULL,NULL,16,NULL,124),(114,33,2960,6,18.23,109.38,NULL,NULL,NULL,NULL,6,NULL,125),(115,33,2961,1,30.4,30.4,NULL,NULL,NULL,NULL,1,NULL,126),(116,33,2962,1,51.63,51.63,NULL,NULL,NULL,NULL,1,NULL,127),(117,33,2985,4,23.86,95.44,NULL,NULL,NULL,NULL,4,NULL,128),(118,33,2987,2,3.08,6.16,NULL,NULL,NULL,NULL,2,NULL,129),(119,33,2978,1,301.82,301.82,NULL,NULL,NULL,NULL,1,NULL,130),(120,33,2980,3,4.65,13.950000000000001,NULL,NULL,NULL,NULL,3,NULL,131),(121,33,2981,1,128.28,128.28,NULL,NULL,NULL,NULL,1,NULL,132),(122,33,2991,2,44.93,89.86,NULL,NULL,NULL,NULL,2,NULL,133),(123,33,2992,2,12.25,24.5,NULL,NULL,NULL,NULL,2,NULL,134),(124,33,3001,6,4.85,29.099999999999998,NULL,NULL,NULL,NULL,6,NULL,135),(125,33,3002,6,4.85,29.099999999999998,NULL,NULL,NULL,NULL,6,NULL,136),(126,33,3005,12,3.08,36.96,NULL,NULL,NULL,NULL,12,NULL,137),(127,33,3008,6,4.85,29.099999999999998,NULL,NULL,NULL,NULL,6,NULL,138),(128,33,3009,6,4.85,29.099999999999998,NULL,NULL,NULL,NULL,6,NULL,139),(129,33,3024,12,4.89,58.67999999999999,NULL,NULL,NULL,NULL,12,NULL,140),(130,33,3027,12,3.08,36.96,NULL,NULL,NULL,NULL,12,NULL,141),(131,33,3028,12,4.85,58.199999999999996,NULL,NULL,NULL,NULL,12,NULL,142),(132,33,3040,2,3.08,6.16,NULL,NULL,NULL,NULL,2,NULL,143),(133,33,3576,1,3.08,3.08,NULL,NULL,NULL,NULL,1,NULL,144),(134,33,3055,1,43.78,43.78,NULL,NULL,NULL,NULL,1,NULL,145),(135,33,3064,1,3.08,3.08,NULL,NULL,NULL,NULL,1,NULL,146),(136,33,3047,2,3.08,6.16,NULL,NULL,NULL,NULL,2,NULL,147),(137,33,3048,1,22.09,22.09,NULL,NULL,NULL,NULL,1,NULL,148),(138,33,3049,1,22.09,22.09,NULL,NULL,NULL,NULL,1,NULL,149),(139,33,3050,1,28.61,28.61,NULL,NULL,NULL,NULL,1,NULL,150),(140,33,3051,1,4.85,4.85,NULL,NULL,NULL,NULL,1,NULL,151),(141,33,3056,2,3.08,6.16,NULL,NULL,NULL,NULL,2,NULL,152),(142,33,3073,1,4.85,4.85,NULL,NULL,NULL,NULL,1,NULL,153),(143,33,3069,1,46.61,46.61,NULL,NULL,NULL,NULL,1,NULL,154),(144,33,3081,6,3.08,18.48,NULL,NULL,NULL,NULL,6,NULL,155),(145,33,3084,6,3.08,18.48,NULL,NULL,NULL,NULL,6,NULL,156),(146,33,3098,4,29.81,119.24,NULL,NULL,NULL,NULL,4,NULL,157),(147,33,3093,3,6.85,20.549999999999997,NULL,NULL,NULL,NULL,3,NULL,158),(148,33,3094,1,330.28,330.28,NULL,NULL,NULL,NULL,1,NULL,159),(149,33,3095,1,51.92,51.92,NULL,NULL,NULL,NULL,1,NULL,160),(150,33,3096,1,93.67,93.67,NULL,NULL,NULL,NULL,1,NULL,161),(151,33,3097,2,19.88,39.76,NULL,NULL,NULL,NULL,2,NULL,162),(152,33,3107,6,17.26,103.56,NULL,NULL,NULL,NULL,6,NULL,163),(153,33,3108,2,4.85,9.7,NULL,NULL,NULL,NULL,2,NULL,164),(154,33,3110,4,26.6,106.4,NULL,NULL,NULL,NULL,4,NULL,165),(155,33,3122,2,15.03,30.06,NULL,NULL,NULL,NULL,2,NULL,166),(156,33,3127,1,13.18,13.18,NULL,NULL,NULL,NULL,1,NULL,167),(157,33,3128,2,330.28,660.56,NULL,NULL,NULL,NULL,2,NULL,168),(158,33,3129,2,8.81,17.62,NULL,NULL,NULL,NULL,2,NULL,169),(159,33,3159,1,3.08,3.08,NULL,NULL,NULL,NULL,1,NULL,170),(160,33,3156,3,4.85,14.549999999999999,NULL,NULL,NULL,NULL,3,NULL,171),(161,33,3157,4,4.85,19.4,NULL,NULL,NULL,NULL,4,NULL,172),(162,33,3158,4,4.85,19.4,NULL,NULL,NULL,NULL,4,NULL,173),(163,33,3186,1,35.87,35.87,NULL,NULL,NULL,NULL,1,NULL,174),(164,33,3188,1,6.97,6.97,NULL,NULL,NULL,NULL,1,NULL,175),(165,33,3192,1,8.34,8.34,NULL,NULL,NULL,NULL,1,NULL,176),(166,33,3169,1,8.34,8.34,NULL,NULL,NULL,NULL,1,NULL,177),(167,33,3170,1,9.29,9.29,NULL,NULL,NULL,NULL,1,NULL,178),(168,33,3171,1,286.13,286.13,NULL,NULL,NULL,NULL,1,NULL,179),(169,33,3174,1,39.61,39.61,NULL,NULL,NULL,NULL,1,NULL,180),(170,33,3176,1,7.8,7.8,NULL,NULL,NULL,NULL,1,NULL,181),(171,33,3179,1,45.32,45.32,NULL,NULL,NULL,NULL,1,NULL,182),(172,33,3182,1,1104.82,1104.82,NULL,NULL,NULL,NULL,1,NULL,183),(173,33,3183,1,33.77,33.77,NULL,NULL,NULL,NULL,1,NULL,184),(174,33,3194,2,330.28,660.56,NULL,NULL,NULL,NULL,2,NULL,185),(175,33,3196,2,8.81,17.62,NULL,NULL,NULL,NULL,2,NULL,186),(176,33,3250,2,3.08,6.16,NULL,NULL,NULL,NULL,2,NULL,187),(177,33,3224,1,12.25,12.25,NULL,NULL,NULL,NULL,1,NULL,188),(178,33,3225,1,35.87,35.87,NULL,NULL,NULL,NULL,1,NULL,189),(179,33,3228,2,3.08,6.16,NULL,NULL,NULL,NULL,2,NULL,190),(180,33,3229,1,238.29,238.29,NULL,NULL,NULL,NULL,1,NULL,191),(181,33,3232,1,22.58,22.58,NULL,NULL,NULL,NULL,1,NULL,192),(182,33,3234,1,6.97,6.97,NULL,NULL,NULL,NULL,1,NULL,193),(183,33,3236,1,9.29,9.29,NULL,NULL,NULL,NULL,1,NULL,194),(184,33,3237,1,286.13,286.13,NULL,NULL,NULL,NULL,1,NULL,195),(185,33,3238,1,39.61,39.61,NULL,NULL,NULL,NULL,1,NULL,196),(186,33,3239,1,7.8,7.8,NULL,NULL,NULL,NULL,1,NULL,197),(187,33,3240,1,45.32,45.32,NULL,NULL,NULL,NULL,1,NULL,198),(188,33,3243,1,1104.82,1104.82,NULL,NULL,NULL,NULL,1,NULL,199),(189,33,3244,1,33.77,33.77,NULL,NULL,NULL,NULL,1,NULL,200),(190,33,3251,1,13.18,13.18,NULL,NULL,NULL,NULL,1,NULL,201),(191,33,3254,2,8.81,17.62,NULL,NULL,NULL,NULL,2,NULL,202),(192,33,3577,2,17.26,34.52,NULL,NULL,NULL,NULL,2,NULL,203),(193,33,3578,2,26.6,53.2,NULL,NULL,NULL,NULL,2,NULL,204),(194,33,3579,2,3.08,6.16,NULL,NULL,NULL,NULL,2,NULL,205),(195,33,3580,2,4.85,9.7,NULL,NULL,NULL,NULL,2,NULL,206),(196,34,3110,6,26.6,159.60000000000002,NULL,NULL,NULL,NULL,6,NULL,NULL),(197,34,2944,5,3.08,15.4,NULL,NULL,NULL,NULL,5,NULL,NULL),(198,34,2960,1,18.23,18.23,NULL,NULL,NULL,NULL,1,NULL,NULL),(199,34,2898,40,4.85,194,NULL,NULL,NULL,NULL,40,NULL,NULL),(400,36,3727,4,2.24,8.96,NULL,NULL,NULL,NULL,4,NULL,NULL),(401,36,3728,4,18.7,74.8,NULL,NULL,NULL,NULL,4,NULL,NULL),(402,36,3729,4,1.12,4.48,NULL,NULL,NULL,NULL,4,NULL,NULL),(403,36,3730,8,10.36,82.88,NULL,NULL,NULL,NULL,8,NULL,NULL),(404,36,3731,2,33.11,66.22,NULL,NULL,NULL,NULL,2,NULL,NULL),(405,36,3732,2,33.66,67.32,NULL,NULL,NULL,NULL,2,NULL,NULL),(406,36,3733,2,9.34,18.68,NULL,NULL,NULL,NULL,2,NULL,NULL),(407,36,3734,12,17.13,205.56,NULL,NULL,NULL,NULL,12,NULL,NULL),(408,36,3735,2,9.15,18.3,NULL,NULL,NULL,NULL,2,NULL,NULL),(409,36,3737,8,21.49,171.92,NULL,NULL,NULL,NULL,8,NULL,NULL),(410,36,3738,4,7.76,31.04,NULL,NULL,NULL,NULL,4,NULL,NULL),(411,36,3739,4,54.96,219.84,NULL,NULL,NULL,NULL,4,NULL,NULL),(412,36,3740,4,82.43,329.72,NULL,NULL,NULL,NULL,4,NULL,NULL),(413,36,3741,4,9.15,36.6,NULL,NULL,NULL,NULL,4,NULL,NULL),(414,36,3742,20,123.65,2473,NULL,NULL,NULL,NULL,20,NULL,NULL),(415,36,3743,20,5.31,106.19999999999999,NULL,NULL,NULL,NULL,20,NULL,NULL),(416,36,3744,20,0.48,9.6,NULL,NULL,NULL,NULL,20,NULL,NULL),(417,36,3745,20,0.42,8.4,NULL,NULL,NULL,NULL,20,NULL,NULL),(418,36,3746,40,0.7,28,NULL,NULL,NULL,NULL,40,NULL,NULL),(419,36,3747,4,22.7,90.8,NULL,NULL,NULL,NULL,4,NULL,NULL),(420,36,3748,2,13.09,26.18,NULL,NULL,NULL,NULL,2,NULL,NULL),(421,36,3749,4,12.68,50.72,NULL,NULL,NULL,NULL,4,NULL,NULL),(422,36,3750,4,5.14,20.56,NULL,NULL,NULL,NULL,4,NULL,NULL),(423,36,3751,20,6.27,125.39999999999999,NULL,NULL,NULL,NULL,20,NULL,NULL),(424,36,3752,2,5.93,11.86,NULL,NULL,NULL,NULL,2,NULL,NULL),(425,36,3753,4,4.27,17.08,NULL,NULL,NULL,NULL,4,NULL,NULL),(426,36,3754,2,16.53,33.06,NULL,NULL,NULL,NULL,2,NULL,NULL),(427,36,3755,4,1.12,4.48,NULL,NULL,NULL,NULL,4,NULL,NULL),(428,36,3756,2,64.09,128.18,NULL,NULL,NULL,NULL,2,NULL,NULL),(429,36,3736,4,68.34,273.36,NULL,NULL,NULL,NULL,4,NULL,NULL),(430,37,3796,4,3.08,12.32,NULL,NULL,NULL,NULL,4,NULL,207),(431,37,3797,2,100.99,201.98,NULL,NULL,NULL,NULL,2,NULL,208),(432,37,3798,1,619.79,619.79,NULL,NULL,NULL,NULL,1,NULL,209),(433,37,3799,4,3.08,12.32,NULL,NULL,NULL,NULL,4,NULL,210),(434,37,3800,1,3.08,3.08,NULL,NULL,NULL,NULL,1,NULL,211),(435,37,3801,1,3.08,3.08,NULL,NULL,NULL,NULL,1,NULL,212),(436,37,3716,1,3016.64,3016.64,NULL,NULL,NULL,NULL,1,NULL,213),(437,37,3717,2,173.37,346.74,NULL,NULL,NULL,NULL,2,NULL,214),(438,37,3718,1,34.52,34.52,NULL,NULL,NULL,NULL,1,NULL,215),(439,37,3719,1,179.52,179.52,NULL,NULL,NULL,NULL,1,NULL,216),(440,37,3720,2,1492.17,2984.34,NULL,NULL,NULL,NULL,2,NULL,217),(441,37,3721,8,21.71,173.68,NULL,NULL,NULL,NULL,8,NULL,218),(442,37,3722,8,3.08,24.64,NULL,NULL,NULL,NULL,8,NULL,219),(443,37,3723,1,1001.6,1001.6,NULL,NULL,NULL,NULL,1,NULL,220),(444,37,3724,2,21.71,43.42,NULL,NULL,NULL,NULL,2,NULL,221),(445,37,3725,2,3.08,6.16,NULL,NULL,NULL,NULL,2,NULL,222),(446,37,3726,2,1492.17,2984.34,NULL,NULL,NULL,NULL,2,NULL,223),(447,38,3153,2,1034.06,2068.12,NULL,NULL,NULL,NULL,2,NULL,241),(448,38,2991,12,44.93,539.16,NULL,NULL,NULL,NULL,12,NULL,242),(449,39,2889,5,825.77,4128.85,NULL,NULL,NULL,NULL,5,NULL,245),(450,39,2842,6,524.11,3144.66,NULL,NULL,NULL,NULL,6,NULL,246),(451,39,2847,4,117.7,470.8,NULL,NULL,NULL,NULL,4,NULL,247),(452,39,2791,3,3685.81,11057.43,NULL,NULL,NULL,NULL,3,NULL,248),(453,40,3016,12,26.98,323.76,NULL,NULL,NULL,NULL,12,NULL,276),(454,40,3017,12,33.37,400.43999999999994,NULL,NULL,NULL,NULL,12,NULL,277),(455,40,3015,12,264.9,3178.7999999999997,NULL,NULL,NULL,NULL,12,NULL,278),(456,40,3021,12,3.08,36.96,NULL,NULL,NULL,NULL,12,NULL,279),(457,40,3020,24,3.08,73.92,NULL,NULL,NULL,NULL,24,NULL,280),(458,40,3019,36,3.08,110.88,NULL,NULL,NULL,NULL,36,NULL,281),(459,41,2863,8,4.89,39.12,NULL,NULL,NULL,NULL,8,NULL,256),(460,41,2890,12,32.46,389.52,NULL,NULL,NULL,NULL,12,NULL,257),(461,41,2889,4,1089.74,4358.96,NULL,NULL,NULL,NULL,4,NULL,258),(462,41,3016,6,26.98,161.88,NULL,NULL,NULL,NULL,6,NULL,259),(463,41,3019,18,3.08,55.44,NULL,NULL,NULL,NULL,18,NULL,260),(464,41,3017,10,33.37,333.7,NULL,NULL,NULL,NULL,10,NULL,261),(465,41,3020,20,3.08,61.6,NULL,NULL,NULL,NULL,20,NULL,262),(466,41,3021,10,3.08,30.8,NULL,NULL,NULL,NULL,10,NULL,263),(467,41,3015,10,264.9,2649,NULL,NULL,NULL,NULL,10,NULL,264),(468,41,2842,1,524.11,524.11,NULL,NULL,NULL,NULL,1,NULL,265),(469,42,3811,1,5546.63,5546.63,NULL,NULL,NULL,NULL,1,NULL,288),(470,42,3812,2,288.35,576.7,NULL,NULL,NULL,NULL,2,NULL,289),(471,42,3813,2,8.53,17.06,NULL,NULL,NULL,NULL,2,NULL,290),(472,42,3814,1,43.32,43.32,NULL,NULL,NULL,NULL,1,NULL,291),(473,42,3815,1,280.03,280.03,NULL,NULL,NULL,NULL,1,NULL,292),(474,42,3816,1,44.51,44.51,NULL,NULL,NULL,NULL,1,NULL,293),(475,43,2847,4,117.7,470.8,NULL,NULL,NULL,NULL,4,NULL,300),(476,44,4037,1,134.19,134.19,NULL,NULL,NULL,NULL,1,NULL,301),(477,44,4038,1,250.13,250.13,NULL,NULL,NULL,NULL,1,NULL,302),(478,44,4039,1,357.2,357.2,NULL,NULL,NULL,NULL,1,NULL,303),(479,44,4040,1,2733.59,2733.59,NULL,NULL,NULL,NULL,1,NULL,304),(480,44,4041,1,2881.27,2881.27,NULL,NULL,NULL,NULL,1,NULL,305),(481,45,4029,1,15.81,15.81,NULL,NULL,NULL,NULL,1,NULL,306),(482,45,4030,1,3.08,3.08,NULL,NULL,NULL,NULL,1,NULL,307),(483,45,4031,1,3.08,3.08,NULL,NULL,NULL,NULL,1,NULL,308),(484,45,4032,1,12.77,12.77,NULL,NULL,NULL,NULL,1,NULL,309),(485,45,4033,1,102.56,102.56,NULL,NULL,NULL,NULL,1,NULL,310),(486,45,4034,1,171.52,171.52,NULL,NULL,NULL,NULL,1,NULL,311),(487,45,4035,10,4.85,48.5,NULL,NULL,NULL,NULL,10,NULL,312),(488,45,4036,1,2881.27,2881.27,NULL,NULL,NULL,NULL,1,NULL,313),(489,46,2878,6,123.91,743.46,NULL,NULL,NULL,NULL,6,NULL,314),(490,46,2897,12,228.75,2745,NULL,NULL,NULL,NULL,12,NULL,315),(491,46,2896,12,129.22,1550.6399999999999,NULL,NULL,NULL,NULL,12,NULL,316),(492,46,2862,12,74.39,892.6800000000001,NULL,NULL,NULL,NULL,12,NULL,317),(493,46,2893,12,26.37,316.44,NULL,NULL,NULL,NULL,12,NULL,318),(494,47,2951,160,3.08,492.8,NULL,NULL,NULL,NULL,160,NULL,NULL),(495,47,2924,1,106.01,106.01,NULL,NULL,NULL,NULL,1,NULL,NULL),(496,47,2781,12,3.08,36.96,NULL,NULL,NULL,NULL,12,NULL,NULL),(497,47,3178,2,32.2,64.4,NULL,NULL,NULL,NULL,2,NULL,NULL),(498,47,3586,160,3.08,492.8,NULL,NULL,NULL,NULL,160,NULL,NULL),(499,47,3235,1,169.52,169.52,NULL,NULL,NULL,NULL,1,NULL,NULL),(500,47,2923,1,124.65,124.65,NULL,NULL,NULL,NULL,1,NULL,NULL),(501,47,3272,3,3.08,9.24,NULL,NULL,NULL,NULL,3,NULL,NULL),(502,47,3240,1,45.32,45.32,NULL,NULL,NULL,NULL,1,NULL,NULL),(503,47,3110,4,26.6,106.4,NULL,NULL,NULL,NULL,4,NULL,NULL),(504,47,2901,16,3.08,49.28,NULL,NULL,NULL,NULL,16,NULL,NULL),(505,47,3084,8,3.08,24.64,NULL,NULL,NULL,NULL,8,NULL,NULL),(506,47,3587,1,169.52,169.52,NULL,NULL,NULL,NULL,1,NULL,NULL),(507,47,3122,2,15.03,30.06,NULL,NULL,NULL,NULL,2,NULL,NULL),(508,47,3588,8,749.78,5998.24,NULL,NULL,NULL,NULL,8,NULL,NULL),(509,47,3589,16,25.69,411.04,NULL,NULL,NULL,NULL,16,NULL,NULL),(510,47,2863,32,4.89,156.48,NULL,NULL,NULL,NULL,32,NULL,NULL),(511,47,3590,1,3.08,3.08,NULL,NULL,NULL,NULL,1,NULL,NULL),(512,47,3591,1,3.08,3.08,NULL,NULL,NULL,NULL,1,NULL,NULL),(513,47,3089,8,3.08,24.64,NULL,NULL,NULL,NULL,8,NULL,NULL),(514,47,3232,1,16.55,16.55,NULL,NULL,NULL,NULL,1,NULL,NULL),(515,47,3592,17,90.53,1539.01,NULL,NULL,NULL,NULL,17,NULL,NULL),(516,47,3593,2,8.81,17.62,NULL,NULL,NULL,NULL,2,NULL,NULL),(517,47,2836,8,1464.33,11714.64,NULL,NULL,NULL,NULL,8,NULL,NULL),(518,47,3594,1,45.32,45.32,NULL,NULL,NULL,NULL,1,NULL,NULL),(519,47,3595,1,25.18,25.18,NULL,NULL,NULL,NULL,1,NULL,NULL),(520,47,3596,1,46.61,46.61,NULL,NULL,NULL,NULL,1,NULL,NULL),(521,47,3597,1,39.61,39.61,NULL,NULL,NULL,NULL,1,NULL,NULL),(522,47,3598,2,3.08,6.16,NULL,NULL,NULL,NULL,2,NULL,NULL),(523,47,3056,2,3.08,6.16,NULL,NULL,NULL,NULL,2,NULL,NULL),(524,47,2960,24,18.23,437.52,NULL,NULL,NULL,NULL,24,NULL,NULL),(525,47,3170,1,9.29,9.29,NULL,NULL,NULL,NULL,1,NULL,NULL),(526,47,2758,1,250.44,250.44,NULL,NULL,NULL,NULL,1,NULL,NULL),(527,47,3153,1,1034.06,1034.06,NULL,NULL,NULL,NULL,1,NULL,NULL),(528,47,3205,2,6.68,13.36,NULL,NULL,NULL,NULL,2,NULL,NULL),(529,47,3599,8,3.08,24.64,NULL,NULL,NULL,NULL,8,NULL,NULL),(530,47,3600,16,3.08,49.28,NULL,NULL,NULL,NULL,16,NULL,NULL),(531,47,3601,16,3.08,49.28,NULL,NULL,NULL,NULL,16,NULL,NULL),(532,47,3209,8,3.08,24.64,NULL,NULL,NULL,NULL,8,NULL,NULL),(533,47,3602,1,9.29,9.29,NULL,NULL,NULL,NULL,1,NULL,NULL),(534,47,3603,2,3.08,6.16,NULL,NULL,NULL,NULL,2,NULL,NULL),(535,47,3604,8,862.69,6901.52,NULL,NULL,NULL,NULL,8,NULL,NULL),(536,47,3605,1,37.86,37.86,NULL,NULL,NULL,NULL,1,NULL,NULL),(537,47,3606,1,3.08,3.08,NULL,NULL,NULL,NULL,1,NULL,NULL),(538,47,2880,32,82.5,2640,NULL,NULL,NULL,NULL,32,NULL,NULL),(539,47,3607,8,42.41,339.28,NULL,NULL,NULL,NULL,8,NULL,NULL),(540,47,3608,8,37.46,299.68,NULL,NULL,NULL,NULL,8,NULL,NULL),(541,47,3609,1,22.09,22.09,NULL,NULL,NULL,NULL,1,NULL,NULL),(542,47,3610,4,5.68,22.72,NULL,NULL,NULL,NULL,4,NULL,NULL),(543,47,3611,2,3.08,6.16,NULL,NULL,NULL,NULL,2,NULL,NULL),(544,47,3081,8,3.08,24.64,NULL,NULL,NULL,NULL,8,NULL,NULL),(545,47,3612,2,1779.84,3559.68,NULL,NULL,NULL,NULL,2,NULL,NULL),(546,47,3613,2,3.08,6.16,NULL,NULL,NULL,NULL,2,NULL,NULL),(547,47,3614,1,35.87,35.87,NULL,NULL,NULL,NULL,1,NULL,NULL),(548,47,2763,8,9.65,77.2,NULL,NULL,NULL,NULL,8,NULL,NULL),(549,47,3615,3,6.85,20.549999999999997,NULL,NULL,NULL,NULL,3,NULL,NULL),(550,47,3239,1,7.8,7.8,NULL,NULL,NULL,NULL,1,NULL,NULL),(551,47,3088,8,4.85,38.8,NULL,NULL,NULL,NULL,8,NULL,NULL),(552,47,2926,1,94.25,94.25,NULL,NULL,NULL,NULL,1,NULL,NULL),(553,47,3201,17,90.53,1539.01,NULL,NULL,NULL,NULL,17,NULL,NULL),(554,47,2906,8,22.49,179.92,NULL,NULL,NULL,NULL,8,NULL,NULL),(555,47,3616,1,13.18,13.18,NULL,NULL,NULL,NULL,1,NULL,NULL),(556,47,3216,2,3.08,6.16,NULL,NULL,NULL,NULL,2,NULL,NULL),(557,47,2900,8,157.68,1261.44,NULL,NULL,NULL,NULL,8,NULL,NULL),(558,47,3238,1,39.61,39.61,NULL,NULL,NULL,NULL,1,NULL,NULL),(559,47,2916,1,71.29,71.29,NULL,NULL,NULL,NULL,1,NULL,NULL),(560,47,3617,4,3.08,12.32,NULL,NULL,NULL,NULL,4,NULL,NULL),(561,47,3244,1,33.77,33.77,NULL,NULL,NULL,NULL,1,NULL,NULL),(562,47,2919,1,81.22,81.22,NULL,NULL,NULL,NULL,1,NULL,NULL),(563,47,3176,1,7.8,7.8,NULL,NULL,NULL,NULL,1,NULL,NULL),(564,47,2947,8,11.43,91.44,NULL,NULL,NULL,NULL,8,NULL,NULL),(565,47,3224,1,12.25,12.25,NULL,NULL,NULL,NULL,1,NULL,NULL),(566,47,3192,1,8.34,8.34,NULL,NULL,NULL,NULL,1,NULL,NULL),(567,47,2783,2,163.98,327.96,NULL,NULL,NULL,NULL,2,NULL,NULL),(568,47,2878,16,123.91,1982.56,NULL,NULL,NULL,NULL,16,NULL,NULL),(569,47,3234,1,6.97,6.97,NULL,NULL,NULL,NULL,1,NULL,NULL),(570,47,3107,6,17.26,103.56,NULL,NULL,NULL,NULL,6,NULL,NULL),(571,47,3169,1,8.34,8.34,NULL,NULL,NULL,NULL,1,NULL,NULL),(572,47,3182,1,1104.82,1104.82,NULL,NULL,NULL,NULL,1,NULL,NULL),(573,47,3618,32,3.08,98.56,NULL,NULL,NULL,NULL,32,NULL,NULL),(574,47,2890,16,32.46,519.36,NULL,NULL,NULL,NULL,16,NULL,NULL),(575,47,3196,2,8.81,17.62,NULL,NULL,NULL,NULL,2,NULL,NULL),(576,47,2898,64,4.85,310.4,NULL,NULL,NULL,NULL,64,NULL,NULL),(577,47,3619,8,5150.29,41202.32,NULL,NULL,NULL,NULL,8,NULL,NULL),(578,47,3218,4,365.97,1463.88,NULL,NULL,NULL,NULL,4,NULL,NULL),(579,47,3620,16,197.67,3162.72,NULL,NULL,NULL,NULL,16,NULL,NULL),(580,47,3621,1,37.86,37.86,NULL,NULL,NULL,NULL,1,NULL,NULL),(581,47,3051,1,4.85,4.85,NULL,NULL,NULL,NULL,1,NULL,NULL),(582,47,3243,1,1104.82,1104.82,NULL,NULL,NULL,NULL,1,NULL,NULL),(583,47,3186,1,35.87,35.87,NULL,NULL,NULL,NULL,1,NULL,NULL),(584,47,3145,1,13.64,13.64,NULL,NULL,NULL,NULL,1,NULL,NULL),(585,47,3622,1,2856.89,2856.89,NULL,NULL,NULL,NULL,1,NULL,NULL),(586,47,2761,8,10.08,80.64,NULL,NULL,NULL,NULL,8,NULL,NULL),(587,47,3580,2,4.85,9.7,NULL,NULL,NULL,NULL,2,NULL,NULL),(588,47,3064,1,3.08,3.08,NULL,NULL,NULL,NULL,1,NULL,NULL),(589,47,2897,32,228.75,7320,NULL,NULL,NULL,NULL,32,NULL,NULL),(590,47,3188,1,6.97,6.97,NULL,NULL,NULL,NULL,1,NULL,NULL),(591,47,2896,32,157.68,5045.76,NULL,NULL,NULL,NULL,32,NULL,NULL),(592,47,3623,1,388.73,388.73,NULL,NULL,NULL,NULL,1,NULL,NULL),(593,47,3262,2,365.97,731.94,NULL,NULL,NULL,NULL,2,NULL,NULL),(594,47,3251,1,13.18,13.18,NULL,NULL,NULL,NULL,1,NULL,NULL),(595,47,3073,1,4.85,4.85,NULL,NULL,NULL,NULL,1,NULL,NULL),(596,47,3577,2,17.26,34.52,NULL,NULL,NULL,NULL,2,NULL,NULL),(597,47,2912,8,14.98,119.84,NULL,NULL,NULL,NULL,8,NULL,NULL),(598,47,2911,24,7.37,176.88,NULL,NULL,NULL,NULL,24,NULL,NULL),(599,47,2959,16,4.85,77.6,NULL,NULL,NULL,NULL,16,NULL,NULL),(600,47,3048,1,22.09,22.09,NULL,NULL,NULL,NULL,1,NULL,NULL),(601,47,3159,2,3.08,6.16,NULL,NULL,NULL,NULL,2,NULL,NULL),(602,47,2752,1,393.96,393.96,NULL,NULL,NULL,NULL,1,NULL,NULL),(603,47,3229,1,184.91,184.91,NULL,NULL,NULL,NULL,1,NULL,NULL),(604,47,2786,66,3.08,203.28,NULL,NULL,NULL,NULL,66,NULL,NULL),(605,47,2792,1,3685.81,3685.81,NULL,NULL,NULL,NULL,1,NULL,NULL),(606,47,3028,16,4.85,77.6,NULL,NULL,NULL,NULL,16,NULL,NULL),(607,47,3183,1,33.77,33.77,NULL,NULL,NULL,NULL,1,NULL,NULL),(608,47,3271,10,3.08,30.8,NULL,NULL,NULL,NULL,10,NULL,NULL),(609,47,3127,1,13.18,13.18,NULL,NULL,NULL,NULL,1,NULL,NULL),(610,47,3237,1,286.13,286.13,NULL,NULL,NULL,NULL,1,NULL,NULL),(611,47,3270,2,4.85,9.7,NULL,NULL,NULL,NULL,2,NULL,NULL),(612,47,2768,8,13.98,111.84,NULL,NULL,NULL,NULL,8,NULL,NULL),(613,47,3119,32,90.53,2896.96,NULL,NULL,NULL,NULL,32,NULL,NULL),(614,47,3118,30,90.53,2715.9,NULL,NULL,NULL,NULL,30,NULL,NULL),(615,47,2815,4,7.31,29.24,NULL,NULL,NULL,NULL,4,NULL,NULL),(616,47,2750,8,133.14,1065.12,NULL,NULL,NULL,NULL,8,NULL,NULL),(617,47,3023,8,603.64,4829.12,NULL,NULL,NULL,NULL,8,NULL,NULL),(618,47,2902,16,3.08,49.28,NULL,NULL,NULL,NULL,16,NULL,NULL),(619,47,2948,18,30.4,547.1999999999999,NULL,NULL,NULL,NULL,18,NULL,NULL),(620,47,3097,2,19.88,39.76,NULL,NULL,NULL,NULL,2,NULL,NULL),(621,47,3148,9,4.85,43.65,NULL,NULL,NULL,NULL,9,NULL,NULL),(622,47,3098,5,29.81,149.04999999999998,NULL,NULL,NULL,NULL,5,NULL,NULL),(623,47,3067,1,38.7,38.7,NULL,NULL,NULL,NULL,1,NULL,NULL),(624,47,2751,9,567.64,5108.76,NULL,NULL,NULL,NULL,9,NULL,NULL),(625,47,3171,1,286.13,286.13,NULL,NULL,NULL,NULL,1,NULL,NULL),(626,47,2766,1,8.55,8.55,NULL,NULL,NULL,NULL,1,NULL,NULL),(627,47,3154,3,22.57,67.71000000000001,NULL,NULL,NULL,NULL,3,NULL,NULL),(628,47,2873,32,6.26,200.32,NULL,NULL,NULL,NULL,32,NULL,NULL),(629,47,2876,8,4.85,38.8,NULL,NULL,NULL,NULL,8,NULL,NULL),(630,47,3027,16,3.08,49.28,NULL,NULL,NULL,NULL,16,NULL,NULL),(631,47,2859,8,91.25,730,NULL,NULL,NULL,NULL,8,NULL,NULL),(632,47,2860,8,143.89,1151.12,NULL,NULL,NULL,NULL,8,NULL,NULL),(633,47,2858,8,185.37,1482.96,NULL,NULL,NULL,NULL,8,NULL,NULL),(634,47,2765,8,13.98,111.84,NULL,NULL,NULL,NULL,8,NULL,NULL),(635,47,3155,1,22.57,22.57,NULL,NULL,NULL,NULL,1,NULL,NULL),(636,47,2837,8,308.43,2467.44,NULL,NULL,NULL,NULL,8,NULL,NULL),(637,47,3273,8,44.8,358.4,NULL,NULL,NULL,NULL,8,NULL,NULL),(638,47,3194,2,330.28,660.56,NULL,NULL,NULL,NULL,2,NULL,NULL),(639,47,3128,2,330.28,660.56,NULL,NULL,NULL,NULL,2,NULL,NULL),(640,47,3254,2,8.81,17.62,NULL,NULL,NULL,NULL,2,NULL,NULL),(641,47,2861,8,123.83,990.64,NULL,NULL,NULL,NULL,8,NULL,NULL),(642,47,2941,1,159.68,159.68,NULL,NULL,NULL,NULL,1,NULL,NULL),(643,47,3152,1,145.65,145.65,NULL,NULL,NULL,NULL,1,NULL,NULL),(644,47,2811,4,7.31,29.24,NULL,NULL,NULL,NULL,4,NULL,NULL),(645,47,2862,32,74.39,2380.48,NULL,NULL,NULL,NULL,32,NULL,NULL),(646,47,2814,4,7.31,29.24,NULL,NULL,NULL,NULL,4,NULL,NULL),(647,47,2812,4,7.31,29.24,NULL,NULL,NULL,NULL,4,NULL,NULL),(648,47,3099,1,3.08,3.08,NULL,NULL,NULL,NULL,1,NULL,NULL),(649,47,2813,4,7.31,29.24,NULL,NULL,NULL,NULL,4,NULL,NULL),(650,47,2857,16,3.08,49.28,NULL,NULL,NULL,NULL,16,NULL,NULL),(651,47,2798,9,73.18,658.6200000000001,NULL,NULL,NULL,NULL,9,NULL,NULL),(652,47,3095,1,51.92,51.92,NULL,NULL,NULL,NULL,1,NULL,NULL),(653,47,3096,1,93.67,93.67,NULL,NULL,NULL,NULL,1,NULL,NULL),(654,47,3094,1,330.28,330.28,NULL,NULL,NULL,NULL,1,NULL,NULL),(655,47,2943,1,3.08,3.08,NULL,NULL,NULL,NULL,1,NULL,NULL),(656,47,2881,32,3.08,98.56,NULL,NULL,NULL,NULL,32,NULL,NULL),(657,47,2827,16,651.48,10423.68,NULL,NULL,NULL,NULL,16,NULL,NULL),(658,47,2805,8,19.91,159.28,NULL,NULL,NULL,NULL,8,NULL,NULL),(659,47,2819,16,128.14,2050.24,NULL,NULL,NULL,NULL,16,NULL,NULL),(660,47,3625,8,3179.71,25437.68,NULL,NULL,NULL,NULL,8,NULL,NULL),(661,47,3022,8,1316.96,10535.68,NULL,NULL,NULL,NULL,8,NULL,NULL),(662,47,2816,4,7.31,29.24,NULL,NULL,NULL,NULL,4,NULL,NULL),(663,47,3223,3,7,21,NULL,NULL,NULL,NULL,3,NULL,NULL),(664,47,3113,2,3.08,6.16,NULL,NULL,NULL,NULL,2,NULL,NULL),(665,47,3233,1,3427.38,3427.38,NULL,NULL,NULL,NULL,1,NULL,NULL),(666,47,3627,9,327.2,2944.7999999999997,NULL,NULL,NULL,NULL,9,NULL,NULL),(667,47,2754,8,433.96,3471.68,NULL,NULL,NULL,NULL,8,NULL,NULL),(668,47,3628,1,4398.06,4398.06,NULL,NULL,NULL,NULL,1,NULL,NULL),(669,47,3629,1,5402.58,5402.58,NULL,NULL,NULL,NULL,1,NULL,NULL),(670,47,2787,1,3685.81,3685.81,NULL,NULL,NULL,NULL,1,NULL,NULL),(671,47,3630,1,2198.26,2198.26,NULL,NULL,NULL,NULL,1,NULL,NULL),(672,47,3631,1,735.93,735.93,NULL,NULL,NULL,NULL,1,NULL,NULL),(673,47,3632,1,1987.51,1987.51,NULL,NULL,NULL,NULL,1,NULL,NULL),(674,47,3633,56,3.08,172.48000000000002,NULL,NULL,NULL,NULL,56,NULL,NULL),(675,47,2889,8,825.77,6606.16,NULL,NULL,NULL,NULL,8,NULL,NULL),(676,47,3634,6,3.08,18.48,NULL,NULL,NULL,NULL,6,NULL,NULL),(677,47,2790,6,3685.81,22114.86,NULL,NULL,NULL,NULL,6,NULL,NULL),(678,47,3168,1,10920.53,10920.53,NULL,NULL,NULL,NULL,1,NULL,NULL),(679,47,3222,1,17736.82,17736.82,NULL,NULL,NULL,NULL,1,NULL,NULL),(680,47,2875,8,239.67,1917.36,NULL,NULL,NULL,NULL,8,NULL,NULL),(681,47,3635,8,517.18,4137.44,NULL,NULL,NULL,NULL,8,NULL,NULL),(682,47,3636,1,3.08,3.08,NULL,NULL,NULL,NULL,1,NULL,NULL),(683,47,3637,1,3.08,3.08,NULL,NULL,NULL,NULL,1,NULL,NULL),(684,47,3638,2,172.14,344.28,NULL,NULL,NULL,NULL,2,NULL,NULL),(685,47,3639,3,172.14,516.42,NULL,NULL,NULL,NULL,3,NULL,NULL),(686,47,3282,2,172.14,344.28,NULL,NULL,NULL,NULL,2,NULL,NULL),(687,47,3284,2,172.14,344.28,NULL,NULL,NULL,NULL,2,NULL,NULL),(688,47,3640,2,172.14,344.28,NULL,NULL,NULL,NULL,2,NULL,NULL),(689,47,3641,1,172.14,172.14,NULL,NULL,NULL,NULL,1,NULL,NULL),(690,47,3287,2,172.14,344.28,NULL,NULL,NULL,NULL,2,NULL,NULL),(691,48,2951,160,3.08,492.8,NULL,NULL,NULL,NULL,160,NULL,NULL),(692,48,2924,1,106.01,106.01,NULL,NULL,NULL,NULL,1,NULL,NULL),(693,48,2781,12,3.08,36.96,NULL,NULL,NULL,NULL,12,NULL,NULL),(694,48,3178,2,32.2,64.4,NULL,NULL,NULL,NULL,2,NULL,NULL),(695,48,3586,160,3.08,492.8,NULL,NULL,NULL,NULL,160,NULL,NULL),(696,48,3235,1,169.52,169.52,NULL,NULL,NULL,NULL,1,NULL,NULL),(697,48,2923,1,124.65,124.65,NULL,NULL,NULL,NULL,1,NULL,NULL),(698,48,3272,3,3.08,9.24,NULL,NULL,NULL,NULL,3,NULL,NULL),(699,48,3240,1,45.32,45.32,NULL,NULL,NULL,NULL,1,NULL,NULL),(700,48,3110,4,26.6,106.4,NULL,NULL,NULL,NULL,4,NULL,NULL),(701,48,2901,16,3.08,49.28,NULL,NULL,NULL,NULL,16,NULL,NULL),(702,48,3084,8,3.08,24.64,NULL,NULL,NULL,NULL,8,NULL,NULL),(703,48,3587,1,169.52,169.52,NULL,NULL,NULL,NULL,1,NULL,NULL),(704,48,3122,2,15.03,30.06,NULL,NULL,NULL,NULL,2,NULL,NULL),(705,48,3588,8,749.78,5998.24,NULL,NULL,NULL,NULL,8,NULL,NULL),(706,48,3589,16,25.69,411.04,NULL,NULL,NULL,NULL,16,NULL,NULL),(707,48,2863,32,4.89,156.48,NULL,NULL,NULL,NULL,32,NULL,NULL),(708,48,3590,1,3.08,3.08,NULL,NULL,NULL,NULL,1,NULL,NULL),(709,48,3591,1,3.08,3.08,NULL,NULL,NULL,NULL,1,NULL,NULL),(710,48,3089,8,3.08,24.64,NULL,NULL,NULL,NULL,8,NULL,NULL),(711,48,3592,17,90.53,1539.01,NULL,NULL,NULL,NULL,17,NULL,NULL),(712,48,3593,2,8.81,17.62,NULL,NULL,NULL,NULL,2,NULL,NULL),(713,48,2836,8,1464.33,11714.64,NULL,NULL,NULL,NULL,8,NULL,NULL),(714,48,3594,1,45.32,45.32,NULL,NULL,NULL,NULL,1,NULL,NULL),(715,48,3595,1,25.18,25.18,NULL,NULL,NULL,NULL,1,NULL,NULL),(716,48,3596,1,46.61,46.61,NULL,NULL,NULL,NULL,1,NULL,NULL),(717,48,3597,1,39.61,39.61,NULL,NULL,NULL,NULL,1,NULL,NULL),(718,48,3598,2,3.08,6.16,NULL,NULL,NULL,NULL,2,NULL,NULL),(719,48,3056,2,3.08,6.16,NULL,NULL,NULL,NULL,2,NULL,NULL),(720,48,2960,24,18.23,437.52,NULL,NULL,NULL,NULL,24,NULL,NULL),(721,48,3170,1,9.29,9.29,NULL,NULL,NULL,NULL,1,NULL,NULL),(722,48,2758,1,250.44,250.44,NULL,NULL,NULL,NULL,1,NULL,NULL),(723,48,3153,1,1034.06,1034.06,NULL,NULL,NULL,NULL,1,NULL,NULL),(724,48,3205,2,6.68,13.36,NULL,NULL,NULL,NULL,2,NULL,NULL),(725,48,3599,8,3.08,24.64,NULL,NULL,NULL,NULL,8,NULL,NULL),(726,48,3600,16,3.08,49.28,NULL,NULL,NULL,NULL,16,NULL,NULL),(727,48,3601,16,3.08,49.28,NULL,NULL,NULL,NULL,16,NULL,NULL),(728,48,3209,8,3.08,24.64,NULL,NULL,NULL,NULL,8,NULL,NULL),(729,48,3602,1,9.29,9.29,NULL,NULL,NULL,NULL,1,NULL,NULL),(730,48,3603,2,3.08,6.16,NULL,NULL,NULL,NULL,2,NULL,NULL),(731,48,3604,8,862.69,6901.52,NULL,NULL,NULL,NULL,8,NULL,NULL),(732,48,3605,1,37.86,37.86,NULL,NULL,NULL,NULL,1,NULL,NULL),(733,48,3606,1,3.08,3.08,NULL,NULL,NULL,NULL,1,NULL,NULL),(734,48,2880,32,82.5,2640,NULL,NULL,NULL,NULL,32,NULL,NULL),(735,48,3607,8,42.41,339.28,NULL,NULL,NULL,NULL,8,NULL,NULL),(736,48,3608,8,37.46,299.68,NULL,NULL,NULL,NULL,8,NULL,NULL),(737,48,3609,1,22.09,22.09,NULL,NULL,NULL,NULL,1,NULL,NULL),(738,48,3610,4,5.68,22.72,NULL,NULL,NULL,NULL,4,NULL,NULL),(739,48,3611,2,3.08,6.16,NULL,NULL,NULL,NULL,2,NULL,NULL),(740,48,3081,8,3.08,24.64,NULL,NULL,NULL,NULL,8,NULL,NULL),(741,48,3613,2,3.08,6.16,NULL,NULL,NULL,NULL,2,NULL,NULL),(742,48,3614,1,35.87,35.87,NULL,NULL,NULL,NULL,1,NULL,NULL),(743,48,2763,8,9.65,77.2,NULL,NULL,NULL,NULL,8,NULL,NULL),(744,48,3615,3,6.85,20.549999999999997,NULL,NULL,NULL,NULL,3,NULL,NULL),(745,48,3239,1,7.8,7.8,NULL,NULL,NULL,NULL,1,NULL,NULL),(746,48,3088,8,4.85,38.8,NULL,NULL,NULL,NULL,8,NULL,NULL),(747,48,2926,1,94.25,94.25,NULL,NULL,NULL,NULL,1,NULL,NULL),(748,48,3201,17,90.53,1539.01,NULL,NULL,NULL,NULL,17,NULL,NULL),(749,48,2906,8,22.49,179.92,NULL,NULL,NULL,NULL,8,NULL,NULL),(750,48,3616,1,13.18,13.18,NULL,NULL,NULL,NULL,1,NULL,NULL),(751,48,3216,2,3.08,6.16,NULL,NULL,NULL,NULL,2,NULL,NULL),(752,48,2900,8,157.68,1261.44,NULL,NULL,NULL,NULL,8,NULL,NULL),(753,48,3238,1,39.61,39.61,NULL,NULL,NULL,NULL,1,NULL,NULL),(754,48,2916,1,71.29,71.29,NULL,NULL,NULL,NULL,1,NULL,NULL),(755,48,3617,4,3.08,12.32,NULL,NULL,NULL,NULL,4,NULL,NULL),(756,48,2840,8,3681.2,29449.6,NULL,NULL,NULL,NULL,8,NULL,NULL),(757,48,3244,1,33.77,33.77,NULL,NULL,NULL,NULL,1,NULL,NULL),(758,48,2919,1,81.22,81.22,NULL,NULL,NULL,NULL,1,NULL,NULL),(759,48,3176,1,7.8,7.8,NULL,NULL,NULL,NULL,1,NULL,NULL),(760,48,2947,8,11.43,91.44,NULL,NULL,NULL,NULL,8,NULL,NULL),(761,48,3224,1,12.25,12.25,NULL,NULL,NULL,NULL,1,NULL,NULL),(762,48,2783,2,163.98,327.96,NULL,NULL,NULL,NULL,2,NULL,NULL),(763,48,2878,16,123.91,1982.56,NULL,NULL,NULL,NULL,16,NULL,NULL),(764,48,3234,1,6.97,6.97,NULL,NULL,NULL,NULL,1,NULL,NULL),(765,48,3169,1,8.34,8.34,NULL,NULL,NULL,NULL,1,NULL,NULL),(766,48,3182,1,1104.82,1104.82,NULL,NULL,NULL,NULL,1,NULL,NULL),(767,48,3618,32,3.08,98.56,NULL,NULL,NULL,NULL,32,NULL,NULL),(768,48,2890,16,32.46,519.36,NULL,NULL,NULL,NULL,16,NULL,NULL),(769,48,3196,2,8.81,17.62,NULL,NULL,NULL,NULL,2,NULL,NULL),(770,48,2898,64,4.85,310.4,NULL,NULL,NULL,NULL,64,NULL,NULL),(771,48,3619,7,5150.29,36052.03,NULL,NULL,NULL,NULL,7,NULL,NULL),(772,48,3218,4,365.97,1463.88,NULL,NULL,NULL,NULL,4,NULL,NULL),(773,48,3620,16,197.67,3162.72,NULL,NULL,NULL,NULL,16,NULL,NULL),(774,48,3621,1,37.86,37.86,NULL,NULL,NULL,NULL,1,NULL,NULL),(775,48,3051,1,4.85,4.85,NULL,NULL,NULL,NULL,1,NULL,NULL),(776,48,3243,1,1104.82,1104.82,NULL,NULL,NULL,NULL,1,NULL,NULL),(777,48,3186,1,35.87,35.87,NULL,NULL,NULL,NULL,1,NULL,NULL),(778,48,3145,1,13.64,13.64,NULL,NULL,NULL,NULL,1,NULL,NULL),(779,48,3622,1,2865.89,2865.89,NULL,NULL,NULL,NULL,1,NULL,NULL),(780,48,2761,8,10.08,80.64,NULL,NULL,NULL,NULL,8,NULL,NULL),(781,48,3580,2,4.85,9.7,NULL,NULL,NULL,NULL,2,NULL,NULL),(782,48,3064,1,3.08,3.08,NULL,NULL,NULL,NULL,1,NULL,NULL),(783,48,2897,32,228.75,7320,NULL,NULL,NULL,NULL,32,NULL,NULL),(784,48,3188,1,6.97,6.97,NULL,NULL,NULL,NULL,1,NULL,NULL),(785,48,2896,32,157.68,5045.76,NULL,NULL,NULL,NULL,32,NULL,NULL),(786,48,3623,1,388.73,388.73,NULL,NULL,NULL,NULL,1,NULL,NULL),(787,48,3262,2,365.97,731.94,NULL,NULL,NULL,NULL,2,NULL,NULL),(788,48,3251,1,13.18,13.18,NULL,NULL,NULL,NULL,1,NULL,NULL),(789,48,3073,1,4.85,4.85,NULL,NULL,NULL,NULL,1,NULL,NULL),(790,48,3577,2,17.26,34.52,NULL,NULL,NULL,NULL,2,NULL,NULL),(791,48,2912,8,14.98,119.84,NULL,NULL,NULL,NULL,8,NULL,NULL),(792,48,2911,24,7.37,176.88,NULL,NULL,NULL,NULL,24,NULL,NULL),(793,48,2959,16,4.85,77.6,NULL,NULL,NULL,NULL,16,NULL,NULL),(794,48,3048,1,22.09,22.09,NULL,NULL,NULL,NULL,1,NULL,NULL),(795,48,3159,2,3.08,6.16,NULL,NULL,NULL,NULL,2,NULL,NULL),(796,48,2752,1,393.96,393.96,NULL,NULL,NULL,NULL,1,NULL,NULL),(797,48,3229,1,184.91,184.91,NULL,NULL,NULL,NULL,1,NULL,NULL),(798,48,2786,66,3.08,203.28,NULL,NULL,NULL,NULL,66,NULL,NULL),(799,48,2792,1,3685.81,3685.81,NULL,NULL,NULL,NULL,1,NULL,NULL),(800,48,3028,16,4.85,77.6,NULL,NULL,NULL,NULL,16,NULL,NULL),(801,48,3183,1,33.77,33.77,NULL,NULL,NULL,NULL,1,NULL,NULL),(802,48,3271,10,3.08,30.8,NULL,NULL,NULL,NULL,10,NULL,NULL),(803,48,3127,1,13.18,13.18,NULL,NULL,NULL,NULL,1,NULL,NULL),(804,48,3237,1,286.13,286.13,NULL,NULL,NULL,NULL,1,NULL,NULL),(805,48,3270,2,4.85,9.7,NULL,NULL,NULL,NULL,2,NULL,NULL),(806,48,2768,8,13.98,111.84,NULL,NULL,NULL,NULL,8,NULL,NULL),(807,48,3119,32,90.53,2896.96,NULL,NULL,NULL,NULL,32,NULL,NULL),(808,48,3118,30,90.53,2715.9,NULL,NULL,NULL,NULL,30,NULL,NULL),(809,48,2815,4,7.31,29.24,NULL,NULL,NULL,NULL,4,NULL,NULL),(810,48,2750,8,133.14,1065.12,NULL,NULL,NULL,NULL,8,NULL,NULL),(811,48,3023,8,603.64,4829.12,NULL,NULL,NULL,NULL,8,NULL,NULL),(812,48,2902,16,3.08,49.28,NULL,NULL,NULL,NULL,16,NULL,NULL),(813,48,2948,18,30.4,547.1999999999999,NULL,NULL,NULL,NULL,18,NULL,NULL),(814,48,3097,2,19.88,39.76,NULL,NULL,NULL,NULL,2,NULL,NULL),(815,48,3148,9,4.85,43.65,NULL,NULL,NULL,NULL,9,NULL,NULL),(816,48,3098,5,29.81,149.04999999999998,NULL,NULL,NULL,NULL,5,NULL,NULL),(817,48,3067,1,38.7,38.7,NULL,NULL,NULL,NULL,1,NULL,NULL),(818,48,2751,9,567.64,5108.76,NULL,NULL,NULL,NULL,9,NULL,NULL),(819,48,3171,1,286.13,286.13,NULL,NULL,NULL,NULL,1,NULL,NULL),(820,48,2766,1,8.55,8.55,NULL,NULL,NULL,NULL,1,NULL,NULL),(821,48,3154,3,22.57,67.71000000000001,NULL,NULL,NULL,NULL,3,NULL,NULL),(822,48,2873,32,6.26,200.32,NULL,NULL,NULL,NULL,32,NULL,NULL),(823,48,2876,8,4.85,38.8,NULL,NULL,NULL,NULL,8,NULL,NULL),(824,48,3027,16,3.08,49.28,NULL,NULL,NULL,NULL,16,NULL,NULL),(825,48,2859,8,91.25,730,NULL,NULL,NULL,NULL,8,NULL,NULL),(826,48,2860,8,143.89,1151.12,NULL,NULL,NULL,NULL,8,NULL,NULL),(827,48,2858,8,185.37,1482.96,NULL,NULL,NULL,NULL,8,NULL,NULL),(828,48,2765,4,13.98,55.92,NULL,NULL,NULL,NULL,4,NULL,NULL),(829,48,3155,1,22.57,22.57,NULL,NULL,NULL,NULL,1,NULL,NULL),(830,48,2837,8,308.43,2467.44,NULL,NULL,NULL,NULL,8,NULL,NULL),(831,48,3273,8,44.8,358.4,NULL,NULL,NULL,NULL,8,NULL,NULL),(832,48,3194,2,330.28,660.56,NULL,NULL,NULL,NULL,2,NULL,NULL),(833,48,3128,2,330.28,660.56,NULL,NULL,NULL,NULL,2,NULL,NULL),(834,48,3254,2,8.81,17.62,NULL,NULL,NULL,NULL,2,NULL,NULL),(835,48,2861,8,123.83,990.64,NULL,NULL,NULL,NULL,8,NULL,NULL),(836,48,2941,1,159.68,159.68,NULL,NULL,NULL,NULL,1,NULL,NULL),(837,48,3152,1,145.65,145.65,NULL,NULL,NULL,NULL,1,NULL,NULL),(838,48,2811,4,7.31,29.24,NULL,NULL,NULL,NULL,4,NULL,NULL),(839,48,2862,32,74.39,2380.48,NULL,NULL,NULL,NULL,32,NULL,NULL),(840,48,2814,4,7.31,29.24,NULL,NULL,NULL,NULL,4,NULL,NULL),(841,48,2812,4,7.31,29.24,NULL,NULL,NULL,NULL,4,NULL,NULL),(842,48,3099,1,3.08,3.08,NULL,NULL,NULL,NULL,1,NULL,NULL),(843,48,2813,4,7.31,29.24,NULL,NULL,NULL,NULL,4,NULL,NULL),(844,48,2857,16,3.08,49.28,NULL,NULL,NULL,NULL,16,NULL,NULL),(845,48,2798,9,73.18,658.6200000000001,NULL,NULL,NULL,NULL,9,NULL,NULL),(846,48,3095,1,51.02,51.02,NULL,NULL,NULL,NULL,1,NULL,NULL),(847,48,3096,1,93.67,93.67,NULL,NULL,NULL,NULL,1,NULL,NULL),(848,48,3094,1,330.28,330.28,NULL,NULL,NULL,NULL,1,NULL,NULL),(849,48,2943,1,3.08,3.08,NULL,NULL,NULL,NULL,1,NULL,NULL),(850,48,2881,32,3.08,98.56,NULL,NULL,NULL,NULL,32,NULL,NULL),(851,48,2827,16,651.48,10423.68,NULL,NULL,NULL,NULL,16,NULL,NULL),(852,48,2805,8,19.91,159.28,NULL,NULL,NULL,NULL,8,NULL,NULL),(853,48,2819,16,128.14,2050.24,NULL,NULL,NULL,NULL,16,NULL,NULL),(854,48,3625,8,3179.71,25437.68,NULL,NULL,NULL,NULL,8,NULL,NULL),(855,48,3022,8,1316.96,10535.68,NULL,NULL,NULL,NULL,8,NULL,NULL),(856,48,2816,4,7.31,29.24,NULL,NULL,NULL,NULL,4,NULL,NULL),(857,48,3223,3,7,21,NULL,NULL,NULL,NULL,3,NULL,NULL),(858,48,3113,2,3.08,6.16,NULL,NULL,NULL,NULL,2,NULL,NULL),(859,48,3233,1,3427.38,3427.38,NULL,NULL,NULL,NULL,1,NULL,NULL),(860,48,3627,9,327.2,2944.7999999999997,NULL,NULL,NULL,NULL,9,NULL,NULL),(861,48,2754,8,433.96,3471.68,NULL,NULL,NULL,NULL,8,NULL,NULL),(862,48,3628,1,4398.06,4398.06,NULL,NULL,NULL,NULL,1,NULL,NULL),(863,48,3629,1,5402.58,5402.58,NULL,NULL,NULL,NULL,1,NULL,NULL),(864,48,2787,1,3685.81,3685.81,NULL,NULL,NULL,NULL,1,NULL,NULL),(865,48,3630,1,2198.26,2198.26,NULL,NULL,NULL,NULL,1,NULL,NULL),(866,48,3631,1,735.93,735.93,NULL,NULL,NULL,NULL,1,NULL,NULL),(867,48,3632,1,1987.51,1987.51,NULL,NULL,NULL,NULL,1,NULL,NULL),(868,48,3633,56,3.08,172.48000000000002,NULL,NULL,NULL,NULL,56,NULL,NULL),(869,48,2889,8,825.77,6606.16,NULL,NULL,NULL,NULL,8,NULL,NULL),(870,48,3634,6,3.08,18.48,NULL,NULL,NULL,NULL,6,NULL,NULL),(871,48,2790,6,3685.81,22114.86,NULL,NULL,NULL,NULL,6,NULL,NULL),(872,48,3168,1,10920.53,10920.53,NULL,NULL,NULL,NULL,1,NULL,NULL),(873,48,3222,1,17736.82,17736.82,NULL,NULL,NULL,NULL,1,NULL,NULL),(874,48,2875,8,239.67,1917.36,NULL,NULL,NULL,NULL,8,NULL,NULL),(875,48,3635,8,517.18,4137.44,NULL,NULL,NULL,NULL,8,NULL,NULL),(876,48,3636,1,3.08,3.08,NULL,NULL,NULL,NULL,1,NULL,NULL),(877,48,3637,1,3.08,3.08,NULL,NULL,NULL,NULL,1,NULL,NULL),(878,48,3638,2,172.14,344.28,NULL,NULL,NULL,NULL,2,NULL,NULL),(879,48,3639,3,172.14,516.42,NULL,NULL,NULL,NULL,3,NULL,NULL),(880,48,3282,2,172.14,344.28,NULL,NULL,NULL,NULL,2,NULL,NULL),(881,48,3284,2,172.14,344.28,NULL,NULL,NULL,NULL,2,NULL,NULL),(882,48,3640,2,172.14,344.28,NULL,NULL,NULL,NULL,2,NULL,NULL),(883,48,3641,1,172.14,172.14,NULL,NULL,NULL,NULL,1,NULL,NULL),(884,48,3287,2,172.14,344.28,NULL,NULL,NULL,NULL,2,NULL,NULL),(885,48,3192,1,8.34,8.34,NULL,NULL,NULL,NULL,1,NULL,NULL),(886,49,2951,160,3.08,492.8,NULL,NULL,NULL,NULL,160,NULL,NULL),(887,49,2924,1,106.01,106.01,NULL,NULL,NULL,NULL,1,NULL,NULL),(888,49,2781,12,3.08,36.96,NULL,NULL,NULL,NULL,12,NULL,NULL),(889,49,3178,2,32.2,64.4,NULL,NULL,NULL,NULL,2,NULL,NULL),(890,49,2886,8,140.29,1122.32,NULL,NULL,NULL,NULL,8,NULL,NULL),(891,49,3586,160,3.08,492.8,NULL,NULL,NULL,NULL,160,NULL,NULL),(892,49,3235,1,169.52,169.52,NULL,NULL,NULL,NULL,1,NULL,NULL),(893,49,2923,1,124.65,124.65,NULL,NULL,NULL,NULL,1,NULL,NULL),(894,49,2885,8,140.29,1122.32,NULL,NULL,NULL,NULL,8,NULL,NULL),(895,49,3272,3,3.08,9.24,NULL,NULL,NULL,NULL,3,NULL,NULL),(896,49,3240,1,45.32,45.32,NULL,NULL,NULL,NULL,1,NULL,NULL),(897,49,3110,4,26.6,106.4,NULL,NULL,NULL,NULL,4,NULL,NULL),(898,49,2901,16,3.08,49.28,NULL,NULL,NULL,NULL,16,NULL,NULL),(899,49,3084,8,3.08,24.64,NULL,NULL,NULL,NULL,8,NULL,NULL),(900,49,3587,1,169.52,169.52,NULL,NULL,NULL,NULL,1,NULL,NULL),(901,49,3122,2,15.03,30.06,NULL,NULL,NULL,NULL,2,NULL,NULL),(902,49,3588,8,749.78,5998.24,NULL,NULL,NULL,NULL,8,NULL,NULL),(903,49,3589,16,25.69,411.04,NULL,NULL,NULL,NULL,16,NULL,NULL),(904,49,2863,32,4.89,156.48,NULL,NULL,NULL,NULL,32,NULL,NULL),(905,49,3590,1,3.08,3.08,NULL,NULL,NULL,NULL,1,NULL,NULL),(906,49,3591,1,3.08,3.08,NULL,NULL,NULL,NULL,1,NULL,NULL),(907,49,3089,8,3.08,24.64,NULL,NULL,NULL,NULL,8,NULL,NULL),(908,49,3232,1,16.55,16.55,NULL,NULL,NULL,NULL,1,NULL,NULL),(909,49,3592,17,90.53,1539.01,NULL,NULL,NULL,NULL,17,NULL,NULL),(910,49,3593,2,8.81,17.62,NULL,NULL,NULL,NULL,2,NULL,NULL),(911,49,2836,8,1464.33,11714.64,NULL,NULL,NULL,NULL,8,NULL,NULL),(912,49,3594,1,45.32,45.32,NULL,NULL,NULL,NULL,1,NULL,NULL),(913,49,3595,1,25.18,25.18,NULL,NULL,NULL,NULL,1,NULL,NULL),(914,49,3596,1,46.61,46.61,NULL,NULL,NULL,NULL,1,NULL,NULL),(915,49,3597,1,39.61,39.61,NULL,NULL,NULL,NULL,1,NULL,NULL),(916,49,3598,2,3.08,6.16,NULL,NULL,NULL,NULL,2,NULL,NULL),(917,49,3056,2,3.08,6.16,NULL,NULL,NULL,NULL,2,NULL,NULL),(918,49,2960,24,18.23,437.52,NULL,NULL,NULL,NULL,24,NULL,NULL),(919,49,3170,1,9.29,9.29,NULL,NULL,NULL,NULL,1,NULL,NULL),(920,49,2758,1,250.44,250.44,NULL,NULL,NULL,NULL,1,NULL,NULL),(921,49,3153,1,1034.06,1034.06,NULL,NULL,NULL,NULL,1,NULL,NULL),(922,49,3205,2,6.68,13.36,NULL,NULL,NULL,NULL,2,NULL,NULL),(923,49,3599,8,3.08,24.64,NULL,NULL,NULL,NULL,8,NULL,NULL),(924,49,3600,16,3.08,49.28,NULL,NULL,NULL,NULL,16,NULL,NULL),(925,49,3601,16,3.08,49.28,NULL,NULL,NULL,NULL,16,NULL,NULL),(926,49,3209,8,3.08,24.64,NULL,NULL,NULL,NULL,8,NULL,NULL),(927,49,3602,1,9.29,9.29,NULL,NULL,NULL,NULL,1,NULL,NULL),(928,49,3603,2,3.08,6.16,NULL,NULL,NULL,NULL,2,NULL,NULL),(929,49,3604,8,862.69,6901.52,NULL,NULL,NULL,NULL,8,NULL,NULL),(930,49,3605,1,37.86,37.86,NULL,NULL,NULL,NULL,1,NULL,NULL),(931,49,3606,1,3.08,3.08,NULL,NULL,NULL,NULL,1,NULL,NULL),(932,49,2880,32,82.5,2640,NULL,NULL,NULL,NULL,32,NULL,NULL),(933,49,3607,8,42.41,339.28,NULL,NULL,NULL,NULL,8,NULL,NULL),(934,49,3608,8,37.46,299.68,NULL,NULL,NULL,NULL,8,NULL,NULL),(935,49,3609,1,22.09,22.09,NULL,NULL,NULL,NULL,1,NULL,NULL),(936,49,3610,4,5.68,22.72,NULL,NULL,NULL,NULL,4,NULL,NULL),(937,49,3611,2,3.08,6.16,NULL,NULL,NULL,NULL,2,NULL,NULL),(938,49,3081,8,3.08,24.64,NULL,NULL,NULL,NULL,8,NULL,NULL),(939,49,3612,2,1779.84,3559.68,NULL,NULL,NULL,NULL,2,NULL,NULL),(940,49,3613,2,3.08,6.16,NULL,NULL,NULL,NULL,2,NULL,NULL),(941,49,3614,1,35.87,35.87,NULL,NULL,NULL,NULL,1,NULL,NULL),(942,49,2763,8,9.65,77.2,NULL,NULL,NULL,NULL,8,NULL,NULL),(943,49,3615,3,6.85,20.549999999999997,NULL,NULL,NULL,NULL,3,NULL,NULL),(944,49,3239,1,7.8,7.8,NULL,NULL,NULL,NULL,1,NULL,NULL),(945,49,3088,8,4.85,38.8,NULL,NULL,NULL,NULL,8,NULL,NULL),(946,49,2926,1,94.25,94.25,NULL,NULL,NULL,NULL,1,NULL,NULL),(947,49,3201,17,90.53,1539.01,NULL,NULL,NULL,NULL,17,NULL,NULL),(948,49,2906,8,22.49,179.92,NULL,NULL,NULL,NULL,8,NULL,NULL),(949,49,3616,1,13.18,13.18,NULL,NULL,NULL,NULL,1,NULL,NULL),(950,49,3216,2,3.08,6.16,NULL,NULL,NULL,NULL,2,NULL,NULL),(951,49,2900,8,157.68,1261.44,NULL,NULL,NULL,NULL,8,NULL,NULL),(952,49,3238,1,39.61,39.61,NULL,NULL,NULL,NULL,1,NULL,NULL),(953,49,2916,1,71.29,71.29,NULL,NULL,NULL,NULL,1,NULL,NULL),(954,49,3617,4,3.08,12.32,NULL,NULL,NULL,NULL,4,NULL,NULL),(955,49,2840,1,3681.2,3681.2,NULL,NULL,NULL,NULL,1,NULL,NULL),(956,49,3244,1,33.77,33.77,NULL,NULL,NULL,NULL,1,NULL,NULL),(957,49,2919,1,81.22,81.22,NULL,NULL,NULL,NULL,1,NULL,NULL),(958,49,3176,1,7.8,7.8,NULL,NULL,NULL,NULL,1,NULL,NULL),(959,49,2947,8,11.43,91.44,NULL,NULL,NULL,NULL,8,NULL,NULL),(960,49,3224,1,12.25,12.25,NULL,NULL,NULL,NULL,1,NULL,NULL),(961,49,3192,1,8.34,8.34,NULL,NULL,NULL,NULL,1,NULL,NULL),(962,49,2783,2,163.98,327.96,NULL,NULL,NULL,NULL,2,NULL,NULL),(963,49,2878,16,123.91,1982.56,NULL,NULL,NULL,NULL,16,NULL,NULL),(964,49,3234,1,6.97,6.97,NULL,NULL,NULL,NULL,1,NULL,NULL),(965,49,3107,8,17.26,138.08,NULL,NULL,NULL,NULL,8,NULL,NULL),(966,49,3169,1,8.34,8.34,NULL,NULL,NULL,NULL,1,NULL,NULL),(967,49,3182,1,1104.82,1104.82,NULL,NULL,NULL,NULL,1,NULL,NULL),(968,49,3618,32,3.08,98.56,NULL,NULL,NULL,NULL,32,NULL,NULL),(969,49,2890,16,32.46,519.36,NULL,NULL,NULL,NULL,16,NULL,NULL),(970,49,3196,2,8.81,17.62,NULL,NULL,NULL,NULL,2,NULL,NULL),(971,49,2898,64,4.85,310.4,NULL,NULL,NULL,NULL,64,NULL,NULL),(972,49,3619,8,5150.29,41202.32,NULL,NULL,NULL,NULL,8,NULL,NULL),(973,49,3218,4,365.97,1463.88,NULL,NULL,NULL,NULL,4,NULL,NULL),(974,49,3620,16,197.67,3162.72,NULL,NULL,NULL,NULL,16,NULL,NULL),(975,49,3621,1,37.86,37.86,NULL,NULL,NULL,NULL,1,NULL,NULL),(976,49,3051,1,4.85,4.85,NULL,NULL,NULL,NULL,1,NULL,NULL),(977,49,3243,1,1104.82,1104.82,NULL,NULL,NULL,NULL,1,NULL,NULL),(978,49,3186,1,35.87,35.87,NULL,NULL,NULL,NULL,1,NULL,NULL),(979,49,3145,1,13.64,13.64,NULL,NULL,NULL,NULL,1,NULL,NULL),(980,49,3622,1,2865.89,2865.89,NULL,NULL,NULL,NULL,1,NULL,NULL),(981,49,2761,8,10.08,80.64,NULL,NULL,NULL,NULL,8,NULL,NULL),(982,49,3580,2,4.85,9.7,NULL,NULL,NULL,NULL,2,NULL,NULL),(983,49,3064,1,3.08,3.08,NULL,NULL,NULL,NULL,1,NULL,NULL),(984,49,2897,32,228.75,7320,NULL,NULL,NULL,NULL,32,NULL,NULL),(985,49,3188,1,6.97,6.97,NULL,NULL,NULL,NULL,1,NULL,NULL),(986,49,2896,32,157.68,5045.76,NULL,NULL,NULL,NULL,32,NULL,NULL),(987,49,3623,1,388.73,388.73,NULL,NULL,NULL,NULL,1,NULL,NULL),(988,49,3262,2,365.97,731.94,NULL,NULL,NULL,NULL,2,NULL,NULL),(989,49,3251,1,13.18,13.18,NULL,NULL,NULL,NULL,1,NULL,NULL),(990,49,3073,1,4.85,4.85,NULL,NULL,NULL,NULL,1,NULL,NULL),(991,49,3577,2,17.26,34.52,NULL,NULL,NULL,NULL,2,NULL,NULL),(992,49,2912,8,14.98,119.84,NULL,NULL,NULL,NULL,8,NULL,NULL),(993,49,2911,24,7.37,176.88,NULL,NULL,NULL,NULL,24,NULL,NULL),(994,49,2959,16,4.85,77.6,NULL,NULL,NULL,NULL,16,NULL,NULL),(995,49,3048,1,22.09,22.09,NULL,NULL,NULL,NULL,1,NULL,NULL),(996,49,3159,2,3.08,6.16,NULL,NULL,NULL,NULL,2,NULL,NULL),(997,49,2752,1,393.96,393.96,NULL,NULL,NULL,NULL,1,NULL,NULL),(998,49,3229,1,184.91,184.91,NULL,NULL,NULL,NULL,1,NULL,NULL),(999,49,2786,66,3.08,203.28,NULL,NULL,NULL,NULL,66,NULL,NULL),(1000,49,2792,1,3685.81,3685.81,NULL,NULL,NULL,NULL,1,NULL,NULL),(1001,49,3028,16,4.85,77.6,NULL,NULL,NULL,NULL,16,NULL,NULL),(1002,49,3183,1,33.77,33.77,NULL,NULL,NULL,NULL,1,NULL,NULL),(1003,49,3271,10,3.08,30.8,NULL,NULL,NULL,NULL,10,NULL,NULL),(1004,49,3127,1,13.18,13.18,NULL,NULL,NULL,NULL,1,NULL,NULL),(1005,49,3237,1,286.13,286.13,NULL,NULL,NULL,NULL,1,NULL,NULL),(1006,49,3270,2,4.85,9.7,NULL,NULL,NULL,NULL,2,NULL,NULL),(1007,49,2768,8,13.98,111.84,NULL,NULL,NULL,NULL,8,NULL,NULL),(1008,49,3119,32,90.53,2896.96,NULL,NULL,NULL,NULL,32,NULL,NULL),(1009,49,3118,30,90.53,2715.9,NULL,NULL,NULL,NULL,30,NULL,NULL),(1010,49,2815,4,7.31,29.24,NULL,NULL,NULL,NULL,4,NULL,NULL),(1011,49,2750,8,133.14,1065.12,NULL,NULL,NULL,NULL,8,NULL,NULL),(1012,49,3023,8,603.64,4829.12,NULL,NULL,NULL,NULL,8,NULL,NULL),(1013,49,2902,16,3.08,49.28,NULL,NULL,NULL,NULL,16,NULL,NULL),(1014,49,2948,18,30.4,547.1999999999999,NULL,NULL,NULL,NULL,18,NULL,NULL),(1015,49,3097,2,19.88,39.76,NULL,NULL,NULL,NULL,2,NULL,NULL),(1016,49,3148,9,4.85,43.65,NULL,NULL,NULL,NULL,9,NULL,NULL),(1017,49,3098,5,29.81,149.04999999999998,NULL,NULL,NULL,NULL,5,NULL,NULL),(1018,49,3067,1,38.7,38.7,NULL,NULL,NULL,NULL,1,NULL,NULL),(1019,49,2751,9,567.64,5108.76,NULL,NULL,NULL,NULL,9,NULL,NULL),(1020,49,3171,1,286.13,286.13,NULL,NULL,NULL,NULL,1,NULL,NULL),(1021,49,2766,1,8.55,8.55,NULL,NULL,NULL,NULL,1,NULL,NULL),(1022,49,3154,3,22.57,67.71000000000001,NULL,NULL,NULL,NULL,3,NULL,NULL),(1023,49,2873,32,6.26,200.32,NULL,NULL,NULL,NULL,32,NULL,NULL),(1024,49,2876,8,4.85,38.8,NULL,NULL,NULL,NULL,8,NULL,NULL),(1025,49,3027,16,3.08,49.28,NULL,NULL,NULL,NULL,16,NULL,NULL),(1026,49,2859,8,91.25,730,NULL,NULL,NULL,NULL,8,NULL,NULL),(1027,49,2860,8,143.89,1151.12,NULL,NULL,NULL,NULL,8,NULL,NULL),(1028,49,2858,8,185.37,1482.96,NULL,NULL,NULL,NULL,8,NULL,NULL),(1029,49,2765,8,13.98,111.84,NULL,NULL,NULL,NULL,8,NULL,NULL),(1030,49,3155,1,22.57,22.57,NULL,NULL,NULL,NULL,1,NULL,NULL),(1031,49,2837,8,308.43,2467.44,NULL,NULL,NULL,NULL,8,NULL,NULL),(1032,49,3273,8,44.8,358.4,NULL,NULL,NULL,NULL,8,NULL,NULL),(1033,49,3194,2,330.28,660.56,NULL,NULL,NULL,NULL,2,NULL,NULL),(1034,49,3128,2,330.28,660.56,NULL,NULL,NULL,NULL,2,NULL,NULL),(1035,49,3254,2,8.81,17.62,NULL,NULL,NULL,NULL,2,NULL,NULL),(1036,49,2861,8,123.83,990.64,NULL,NULL,NULL,NULL,8,NULL,NULL),(1037,49,2941,1,159.68,159.68,NULL,NULL,NULL,NULL,1,NULL,NULL),(1038,49,3152,1,145.65,145.65,NULL,NULL,NULL,NULL,1,NULL,NULL),(1039,49,2811,4,7.31,29.24,NULL,NULL,NULL,NULL,4,NULL,NULL),(1040,49,2862,32,74.39,2380.48,NULL,NULL,NULL,NULL,32,NULL,NULL),(1041,49,2814,4,7.31,29.24,NULL,NULL,NULL,NULL,4,NULL,NULL),(1042,49,2812,4,7.31,29.24,NULL,NULL,NULL,NULL,4,NULL,NULL),(1043,49,3099,1,3.08,3.08,NULL,NULL,NULL,NULL,1,NULL,NULL),(1044,49,2813,4,7.31,29.24,NULL,NULL,NULL,NULL,4,NULL,NULL),(1045,49,2857,16,3.08,49.28,NULL,NULL,NULL,NULL,16,NULL,NULL),(1046,49,2798,9,73.18,658.6200000000001,NULL,NULL,NULL,NULL,9,NULL,NULL),(1047,49,3095,1,51.02,51.02,NULL,NULL,NULL,NULL,1,NULL,NULL),(1048,49,3096,1,93.67,93.67,NULL,NULL,NULL,NULL,1,NULL,NULL),(1049,49,3094,1,330.28,330.28,NULL,NULL,NULL,NULL,1,NULL,NULL),(1050,49,2943,1,3.08,3.08,NULL,NULL,NULL,NULL,1,NULL,NULL),(1051,49,2881,32,3.08,98.56,NULL,NULL,NULL,NULL,32,NULL,NULL),(1052,49,2827,16,651.48,10423.68,NULL,NULL,NULL,NULL,16,NULL,NULL),(1053,49,2805,8,19.91,159.28,NULL,NULL,NULL,NULL,8,NULL,NULL),(1054,49,2819,16,128.14,2050.24,NULL,NULL,NULL,NULL,16,NULL,NULL),(1055,49,3625,8,3179.71,25437.68,NULL,NULL,NULL,NULL,8,NULL,NULL),(1056,49,3022,8,1316.96,10535.68,NULL,NULL,NULL,NULL,8,NULL,NULL),(1057,49,2816,4,7.31,29.24,NULL,NULL,NULL,NULL,4,NULL,NULL),(1058,49,3223,3,7,21,NULL,NULL,NULL,NULL,3,NULL,NULL),(1059,49,3113,2,3.08,6.16,NULL,NULL,NULL,NULL,2,NULL,NULL),(1060,49,3233,1,3427.38,3427.38,NULL,NULL,NULL,NULL,1,NULL,NULL),(1061,49,3627,9,327.2,2944.7999999999997,NULL,NULL,NULL,NULL,9,NULL,NULL),(1062,49,2754,8,433.96,3471.68,NULL,NULL,NULL,NULL,8,NULL,NULL),(1063,49,3628,1,4398.06,4398.06,NULL,NULL,NULL,NULL,1,NULL,NULL),(1064,49,3629,1,5402.58,5402.58,NULL,NULL,NULL,NULL,1,NULL,NULL),(1065,49,2787,1,3685.81,3685.81,NULL,NULL,NULL,NULL,1,NULL,NULL),(1066,49,3630,1,2198.26,2198.26,NULL,NULL,NULL,NULL,1,NULL,NULL),(1067,49,3631,1,735.93,735.93,NULL,NULL,NULL,NULL,1,NULL,NULL),(1068,49,3632,1,1987.51,1987.51,NULL,NULL,NULL,NULL,1,NULL,NULL),(1069,49,3633,56,3.08,172.48000000000002,NULL,NULL,NULL,NULL,56,NULL,NULL),(1070,49,2889,8,825.77,6606.16,NULL,NULL,NULL,NULL,8,NULL,NULL),(1071,49,3634,6,3.08,18.48,NULL,NULL,NULL,NULL,6,NULL,NULL),(1072,49,2790,6,3685.81,22114.86,NULL,NULL,NULL,NULL,6,NULL,NULL),(1073,49,3168,1,10920.53,10920.53,NULL,NULL,NULL,NULL,1,NULL,NULL),(1074,49,3222,1,17736.82,17736.82,NULL,NULL,NULL,NULL,1,NULL,NULL),(1075,49,2875,8,239.67,1917.36,NULL,NULL,NULL,NULL,8,NULL,NULL),(1076,49,3635,8,517.18,4137.44,NULL,NULL,NULL,NULL,8,NULL,NULL),(1077,49,3636,1,3.08,3.08,NULL,NULL,NULL,NULL,1,NULL,NULL),(1078,49,3637,1,3.08,3.08,NULL,NULL,NULL,NULL,1,NULL,NULL),(1079,49,3638,2,172.14,344.28,NULL,NULL,NULL,NULL,2,NULL,NULL),(1080,49,3639,3,172.14,516.42,NULL,NULL,NULL,NULL,3,NULL,NULL),(1081,49,3282,2,172.14,344.28,NULL,NULL,NULL,NULL,2,NULL,NULL),(1082,49,3284,2,172.6,345.2,NULL,NULL,NULL,NULL,2,NULL,NULL),(1083,49,3640,2,172.14,344.28,NULL,NULL,NULL,NULL,2,NULL,NULL),(1084,49,3641,1,172.14,172.14,NULL,NULL,NULL,NULL,1,NULL,NULL),(1085,49,3287,2,172.14,344.28,NULL,NULL,NULL,NULL,2,NULL,NULL),(1086,50,4067,8,3.08,24.64,NULL,NULL,NULL,NULL,8,NULL,333),(1087,50,4068,1,3.08,3.08,NULL,NULL,NULL,NULL,1,NULL,334),(1088,50,4069,1,6730.15,6730.15,NULL,NULL,NULL,NULL,1,NULL,335),(1089,50,4070,2,175.52,351.04,NULL,NULL,NULL,NULL,2,NULL,336),(1090,50,4071,1,3676.59,3676.59,NULL,NULL,NULL,NULL,1,NULL,337),(1091,50,4072,28,424.23,11878.44,NULL,NULL,NULL,NULL,28,NULL,338),(1092,50,4042,1,4.85,4.85,NULL,NULL,NULL,NULL,1,NULL,339),(1093,50,4043,1,27.37,27.37,NULL,NULL,NULL,NULL,1,NULL,340),(1094,50,4044,1,54.9,54.9,NULL,NULL,NULL,NULL,1,NULL,341),(1095,50,4045,1,14.95,14.95,NULL,NULL,NULL,NULL,1,NULL,342),(1096,50,4046,1,4.85,4.85,NULL,NULL,NULL,NULL,1,NULL,343),(1097,50,4047,1,295.51,295.51,NULL,NULL,NULL,NULL,1,NULL,344),(1098,50,4048,2,27.06,54.12,NULL,NULL,NULL,NULL,2,NULL,345),(1099,50,4049,1,45.13,45.13,NULL,NULL,NULL,NULL,1,NULL,346),(1100,50,4050,1,51.61,51.61,NULL,NULL,NULL,NULL,1,NULL,347),(1101,50,4051,4,220.75,883,NULL,NULL,NULL,NULL,4,NULL,348),(1102,50,4052,4,192.9,771.6,NULL,NULL,NULL,NULL,4,NULL,349),(1103,50,4053,1,59.24,59.24,NULL,NULL,NULL,NULL,1,NULL,350),(1104,50,4054,1,532.57,532.57,NULL,NULL,NULL,NULL,1,NULL,351),(1105,50,4055,1,42.4,42.4,NULL,NULL,NULL,NULL,1,NULL,352),(1106,50,4056,1,109.31,109.31,NULL,NULL,NULL,NULL,1,NULL,353),(1107,50,4057,1,68.64,68.64,NULL,NULL,NULL,NULL,1,NULL,354),(1108,50,4058,1,4.85,4.85,NULL,NULL,NULL,NULL,1,NULL,355),(1109,50,4059,2,873.01,1746.02,NULL,NULL,NULL,NULL,2,NULL,356),(1110,50,4060,1,873.01,873.01,NULL,NULL,NULL,NULL,1,NULL,357),(1111,50,4061,1,177.2,177.2,NULL,NULL,NULL,NULL,1,NULL,358),(1112,50,4062,1,177.2,177.2,NULL,NULL,NULL,NULL,1,NULL,359),(1113,50,4063,1,3280.28,3280.28,NULL,NULL,NULL,NULL,1,NULL,360),(1114,50,4064,2,873.01,1746.02,NULL,NULL,NULL,NULL,2,NULL,361),(1115,50,4065,1,220.41,220.41,NULL,NULL,NULL,NULL,1,NULL,362),(1116,50,4066,1,177.2,177.2,NULL,NULL,NULL,NULL,1,NULL,363);
/*!40000 ALTER TABLE `carpeta_importacion_detalle` ENABLE KEYS */;
UNLOCK TABLES;

--
-- Table structure for table `carpeta_importacion_documento`
--

DROP TABLE IF EXISTS `carpeta_importacion_documento`;
/*!40101 SET @saved_cs_client     = @@character_set_client */;
/*!40101 SET character_set_client = utf8 */;
CREATE TABLE `carpeta_importacion_documento` (
  `id` int(11) NOT NULL AUTO_INCREMENT,
  `carpeta_importacion_elemento_id` int(11) DEFAULT NULL,
  `codigo` varchar(20) DEFAULT NULL,
  `fecha` datetime DEFAULT NULL,
  `proveedor_id` int(11) NOT NULL,
  `moneda` varchar(45) DEFAULT NULL,
  `monto` double DEFAULT '0',
  `cuenta_id` int(11) DEFAULT NULL,
  `centro_costo_id` int(11) DEFAULT NULL,
  `fecha_creacion` datetime DEFAULT CURRENT_TIMESTAMP,
  `usuario_creacion` int(11) DEFAULT NULL,
  `fecha_modificacion` datetime DEFAULT NULL,
  `usuario_modificacion` int(11) DEFAULT NULL,
  `tipo_cambio` varchar(45) DEFAULT NULL,
  `impuesto_id` int(11) DEFAULT NULL,
  `impuesto_valor` double DEFAULT NULL,
  `impuesto_monto` double DEFAULT NULL,
  `fecha_pase` date DEFAULT NULL,
  `fecha_registro` datetime DEFAULT NULL,
  PRIMARY KEY (`id`)
) ENGINE=InnoDB AUTO_INCREMENT=128 DEFAULT CHARSET=utf8;
/*!40101 SET character_set_client = @saved_cs_client */;

--
-- Dumping data for table `carpeta_importacion_documento`
--

LOCK TABLES `carpeta_importacion_documento` WRITE;
/*!40000 ALTER TABLE `carpeta_importacion_documento` DISABLE KEYS */;
INSERT INTO `carpeta_importacion_documento` VALUES (40,163,'000-95453638','2016-10-13 00:00:00',5,'USD',166.52,NULL,21,'2016-10-13 17:16:19',38,NULL,NULL,NULL,7,0,0,'2016-10-24','2016-10-13 17:16:19'),(41,172,'000-95453642','2016-10-17 00:00:00',5,'USD',348.68,NULL,24,'2016-10-17 09:28:07',38,NULL,NULL,NULL,7,0,0,'2016-10-17','2016-10-17 09:28:07'),(42,208,'000-95454163','2016-10-18 00:00:00',5,'USD',9341.66,NULL,17,'2016-10-18 13:24:56',38,NULL,NULL,NULL,7,0,0,'2016-11-11','2016-10-18 13:24:56'),(43,164,'046-10269','2016-10-19 00:00:00',72,'USD',30.18,NULL,21,'2016-10-19 16:35:26',38,'2016-10-19 16:49:20',38,'3.38',5,0.18,5.4323999999999995,'2016-10-24','2016-10-19 16:35:26'),(44,NULL,'046-10269','2016-10-13 00:00:00',72,'USD',289.448,NULL,17,'2016-10-19 16:46:25',38,'2016-10-19 16:49:34',38,'3.38',5,0.18,70.57079999999999,NULL,'2016-10-19 16:46:25'),(45,181,'000000-95453639','2016-10-20 00:00:00',5,'USD',249.57,NULL,23,'2016-10-20 15:15:04',38,NULL,NULL,NULL,7,0,0,'2016-10-24','2016-10-20 15:15:04'),(46,216,'00000-95454162','2016-10-20 00:00:00',5,'USD',51256.03,NULL,32,'2016-10-20 15:32:23',38,NULL,NULL,NULL,7,0,0,'2016-10-24','2016-10-20 15:32:23'),(47,221,'00001-00000409','2016-10-20 00:00:00',38,'PEN',140,NULL,32,'2016-10-20 15:33:40',38,NULL,NULL,NULL,5,0.18,25.2,'2016-10-24','2016-10-20 15:33:40'),(48,213,'00001-00000408','2016-10-20 00:00:00',38,'PEN',140,NULL,17,'2016-10-20 15:40:00',38,NULL,NULL,NULL,5,0.18,25.2,'2016-11-11','2016-10-20 15:40:00'),(49,199,'00000-95453641','2016-10-20 00:00:00',5,'USD',919.93,NULL,25,'2016-10-20 16:40:18',38,NULL,NULL,NULL,7,0,0,'2016-10-24','2016-10-20 16:40:18'),(50,190,'00000-95453640','2016-10-24 00:00:00',5,'USD',392.36,NULL,22,'2016-10-24 11:11:34',38,NULL,NULL,NULL,7,0,0,'2016-12-09','2016-10-24 11:11:34'),(51,251,'00000-95455872','2016-10-27 00:00:00',5,'USD',9408.22,NULL,NULL,'2016-11-04 09:15:23',38,NULL,NULL,NULL,7,0,0,'2016-12-09','2016-11-04 09:15:23'),(54,260,'00000-95455644','2016-10-26 00:00:00',5,'USD',2156.88,NULL,NULL,'2016-11-04 09:22:59',38,'2016-11-11 10:46:12',38,NULL,6,0,0,'2016-11-04','2016-11-04 09:22:59'),(55,252,'205-0040384','2016-11-03 00:00:00',73,'PEN',1537.22,NULL,NULL,'2016-11-07 10:17:14',38,NULL,NULL,NULL,5,0.18,276.6996,'2016-12-09','2016-11-07 10:17:14'),(56,224,'000000-95455000','2016-10-20 00:00:00',5,'USD',349.95,NULL,NULL,'2016-11-07 10:24:51',38,NULL,NULL,NULL,7,0,0,'2016-12-09','2016-11-07 10:24:51'),(57,225,'205-0039330','2016-10-27 00:00:00',73,'PEN',512.89,NULL,NULL,'2016-11-07 10:26:03',38,NULL,NULL,NULL,5,0.18,92.3202,'2016-12-09','2016-11-07 10:26:03'),(58,253,'004-0010203','2016-10-31 00:00:00',94,'PEN',276,NULL,NULL,'2016-11-07 10:36:37',38,NULL,NULL,NULL,5,0.18,49.68,'2016-12-09','2016-11-07 10:36:37'),(59,256,'558-0010163','2016-10-31 00:00:00',73,'PEN',79.72,NULL,NULL,'2016-11-07 10:46:19',38,NULL,NULL,NULL,5,0.18,14.349599999999999,'2016-12-09','2016-11-07 10:46:19'),(60,258,'10-167279','2016-10-31 00:00:00',95,'USD',14,NULL,NULL,'2016-11-07 11:14:11',38,NULL,NULL,NULL,7,0,0,'2016-12-09','2016-11-07 11:14:11'),(61,254,'10-167279','2016-10-31 00:00:00',95,'USD',9843.31,NULL,NULL,'2016-11-07 11:17:38',38,NULL,NULL,NULL,5,0.18,1772,'2016-12-09','2016-11-07 11:17:38'),(62,269,'00000-95457075','2016-11-07 00:00:00',5,'USD',15983.3,NULL,NULL,'2016-11-11 08:05:10',38,'2016-11-11 08:11:09',38,NULL,6,0,0,'2016-11-11','2016-11-11 08:05:10'),(63,272,'10-173537','2016-11-09 00:00:00',95,'USD',16869.77,NULL,NULL,'2016-11-11 08:08:03',38,'2016-11-11 08:09:13',38,NULL,5,0.18,3036.5586,'2016-11-11','2016-11-11 08:08:03'),(65,274,'558-0010492','2016-11-10 00:00:00',73,'PEN',89.28,NULL,NULL,'2016-11-11 08:11:56',38,'2016-11-11 08:13:09',38,NULL,5,0.18,16.0704,'2016-11-11','2016-11-11 08:11:56'),(66,271,'004-0010554','2016-11-11 00:00:00',94,'PEN',340,NULL,NULL,'2016-11-11 08:12:43',38,NULL,NULL,NULL,5,0.18,61.199999999999996,'2016-11-11','2016-11-11 08:12:43'),(67,265,'558-0010093','2016-10-28 00:00:00',73,'PEN',79.72,NULL,NULL,'2016-11-11 11:26:58',38,NULL,NULL,NULL,5,0.18,14.349599999999999,NULL,'2016-11-11 11:26:58'),(68,262,'004-0010140','2016-10-28 00:00:00',94,'PEN',276,NULL,NULL,'2016-11-11 11:27:56',38,NULL,NULL,NULL,5,0.18,49.68,NULL,'2016-11-11 11:27:56'),(69,263,'10-166381','2016-10-28 00:00:00',95,'USD',2633.44,NULL,NULL,'2016-11-11 11:29:14',38,'2016-11-11 11:31:09',38,NULL,5,0.18,474.0192,NULL,'2016-11-11 11:29:14'),(74,230,'001-000419','2016-10-25 00:00:00',38,'PEN',100,NULL,NULL,'2016-11-11 12:06:49',38,NULL,NULL,NULL,5,0.18,18,'2016-12-09','2016-11-11 12:06:49'),(75,NULL,'205-0041122','2016-11-10 00:00:00',73,'PEN',0,NULL,NULL,'2016-11-11 14:07:37',38,'2016-11-11 14:10:38',38,NULL,5,0.18,0,NULL,'2016-11-11 14:07:37'),(76,NULL,'00003-00009359','2016-10-19 00:00:00',99,'USD',221.79,NULL,NULL,'2016-11-11 14:30:08',38,NULL,NULL,'3.38',5,0.18,NULL,NULL,'2016-11-11 14:30:08'),(77,NULL,'00003-00087816','2016-10-13 00:00:00',100,'USD',63.56,NULL,NULL,'2016-11-11 14:33:48',38,NULL,NULL,NULL,5,0.18,NULL,NULL,'2016-11-11 14:33:48'),(78,NULL,'00001-00000407','2016-10-19 00:00:00',38,'PEN',199.99,NULL,NULL,'2016-11-11 14:36:43',38,NULL,NULL,NULL,5,0.18,NULL,NULL,'2016-11-11 14:36:43'),(79,NULL,'00003-0009338','2016-10-14 00:00:00',99,'USD',130,NULL,NULL,'2016-11-11 14:39:18',38,NULL,NULL,'3.4',5,0.18,NULL,NULL,'2016-11-11 14:39:18'),(80,NULL,'00003-00087816','2016-10-13 00:00:00',100,'USD',46.6,NULL,NULL,'2016-11-11 14:41:54',38,NULL,NULL,'3.4',5,0.18,NULL,NULL,'2016-11-11 14:41:54'),(81,278,'000000-0095457243','2016-11-08 00:00:00',5,'USD',3232.86,NULL,NULL,'2016-11-14 10:28:00',38,NULL,NULL,NULL,7,0,0,'2016-11-24','2016-11-14 10:28:00'),(82,287,'00000-0095457241','2016-11-08 00:00:00',5,'USD',3330.86,NULL,NULL,'2016-11-14 10:30:16',38,NULL,NULL,NULL,7,0,0,'2016-12-09','2016-11-14 10:30:16'),(83,289,'000004-000010669','2016-11-11 00:00:00',94,'PEN',276,NULL,NULL,'2016-11-14 14:32:17',38,NULL,NULL,NULL,5,0.18,49.68,'2016-12-09','2016-11-14 14:32:17'),(84,292,'0558-00010604','2016-11-11 00:00:00',73,'PEN',79.72,NULL,NULL,'2016-11-14 14:33:19',38,NULL,NULL,NULL,5,0.18,14.349599999999999,'2016-12-09','2016-11-14 14:33:19'),(85,290,'10-174816','2016-11-11 00:00:00',95,'USD',3456.39,NULL,NULL,'2016-11-14 14:36:36',38,NULL,NULL,NULL,5,0.18,624,'2016-12-09','2016-11-14 14:36:36'),(86,287,'00000-95457556','2016-11-07 00:00:00',5,'USD',2652.36,NULL,NULL,'2016-11-28 10:09:26',38,NULL,NULL,NULL,7,0,0,'2016-12-09','2016-11-28 10:09:26'),(87,289,'004-0010699','2016-11-14 00:00:00',94,'PEN',276,NULL,NULL,'2016-11-28 10:11:12',38,NULL,NULL,NULL,5,0.18,49.68,'2016-12-09','2016-11-28 10:11:12'),(88,292,'558-0010630','2016-11-28 00:00:00',73,'PEN',79.72,NULL,NULL,'2016-11-28 10:14:16',38,NULL,NULL,NULL,5,0.18,14.349599999999999,'2016-12-09','2016-11-28 10:14:16'),(89,NULL,'205-0039900','2016-10-31 00:00:00',73,'PEN',3834.7,NULL,NULL,'2016-11-28 13:08:14',38,NULL,NULL,NULL,5,0.18,NULL,NULL,'2016-11-28 13:08:14'),(90,301,'001-000520','2016-11-21 00:00:00',38,'PEN',100,NULL,NULL,'2016-11-28 13:43:38',38,NULL,NULL,NULL,5,0.18,18,'2016-11-28','2016-11-28 13:43:38'),(91,295,'00000-1000441894','2016-11-18 00:00:00',93,'USD',5797.57,NULL,NULL,'2016-11-28 13:47:05',38,NULL,NULL,NULL,7,0,0,'2016-11-28','2016-11-28 13:47:05'),(92,300,'558-0010635','2016-11-14 00:00:00',73,'PEN',79.72,NULL,NULL,'2016-11-28 13:48:41',38,'2016-12-01 10:46:59',45,NULL,5,0.18,14.349599999999999,'2016-11-28','2016-11-28 13:48:41'),(93,298,'10-175701','2016-11-14 00:00:00',95,'USD',6054.09,NULL,NULL,'2016-11-28 13:51:08',38,NULL,NULL,NULL,5,0.18,1091,'2016-11-28','2016-11-28 13:51:08'),(94,297,'0004-00010704','2016-11-14 00:00:00',94,'PEN',276,NULL,NULL,'2016-11-28 13:52:12',38,NULL,NULL,NULL,5,0.18,49.68,'2016-11-28','2016-11-28 13:52:12'),(95,163,'00000-95456264','2016-11-01 00:00:00',5,'USD',60.57,NULL,NULL,'2016-11-28 14:00:42',38,NULL,NULL,NULL,7,0,0,NULL,'2016-11-28 14:00:42'),(96,216,'00000-95457043','2016-11-07 00:00:00',5,'USD',887.75,NULL,NULL,'2016-11-28 14:05:05',38,NULL,NULL,NULL,7,0,0,NULL,'2016-11-28 14:05:05'),(97,NULL,'205-0041122','2016-11-10 00:00:00',73,'PEN',NULL,NULL,NULL,'2016-11-28 14:08:23',38,'2016-11-28 14:11:16',38,NULL,5,0.18,0,NULL,'2016-11-28 14:08:23'),(98,275,'001-000519','2016-11-21 00:00:00',38,'PEN',100,NULL,NULL,'2016-11-28 14:31:19',38,NULL,NULL,NULL,5,0.18,18,NULL,'2016-11-28 14:31:19'),(99,222,'18-423492','2016-11-23 00:00:00',95,'USD',38,NULL,NULL,'2016-11-28 15:10:28',38,NULL,NULL,NULL,7,0,0,NULL,'2016-11-28 15:10:28'),(100,219,'200-0043519','2016-11-24 00:00:00',73,'PEN',62,NULL,NULL,'2016-11-28 15:11:55',38,NULL,NULL,NULL,5,0.18,11.16,NULL,'2016-11-28 15:11:55'),(101,281,'10-179597','2016-11-22 00:00:00',95,'USD',3756.24,NULL,NULL,'2016-11-28 15:14:21',38,NULL,NULL,NULL,5,0.18,677,NULL,'2016-11-28 15:14:21'),(102,283,'558-0010849','2016-11-22 00:00:00',73,'PEN',79.72,NULL,NULL,'2016-11-28 15:15:57',38,NULL,NULL,NULL,5,0.18,14.349599999999999,NULL,'2016-11-28 15:15:57'),(103,280,'0004-0010912','2016-11-22 00:00:00',94,'PEN',276,NULL,NULL,'2016-11-28 15:18:35',38,NULL,NULL,NULL,5,0.18,49.68,NULL,'2016-11-28 15:18:35'),(104,304,'00000-95460494','2016-12-05 00:00:00',69,'USD',370.43,NULL,NULL,'2016-12-14 14:23:57',38,NULL,NULL,NULL,7,0,0,'2016-12-14','2016-12-14 00:00:00'),(105,NULL,'004-0011620','2016-12-13 00:00:00',94,'PEN',340.03,NULL,NULL,'2016-12-14 14:45:35',38,NULL,NULL,NULL,5,0.18,NULL,NULL,'2016-12-14 00:00:00'),(106,NULL,'558-0011532','2016-12-13 00:00:00',73,'PEN',198.57,NULL,NULL,'2016-12-14 14:51:46',38,NULL,NULL,NULL,5,0.18,NULL,NULL,'2016-12-14 00:00:00'),(107,NULL,'0003-0009557','2016-12-12 00:00:00',118,'USD',1650.05,NULL,NULL,'2016-12-14 15:47:46',38,NULL,NULL,'3.4',5,0.18,NULL,NULL,'2016-12-14 00:00:00'),(108,NULL,'001-000570','2016-12-12 00:00:00',119,'PEN',450,NULL,NULL,'2016-12-14 15:56:20',38,NULL,NULL,NULL,5,0.18,NULL,NULL,'2016-12-14 00:00:00'),(109,NULL,'010-0038457','2016-12-09 00:00:00',120,'USD',106,NULL,NULL,'2016-12-14 15:58:32',38,NULL,NULL,'3.4',5,0.18,NULL,NULL,'2016-12-14 00:00:00'),(110,NULL,'001-0050641','2016-11-28 00:00:00',121,'USD',NULL,NULL,NULL,'2016-12-14 16:01:12',38,NULL,NULL,'3.41',5,0.18,NULL,NULL,'2016-12-14 00:00:00'),(113,NULL,'002-0028984','2016-12-05 00:00:00',122,'USD',180,NULL,NULL,'2016-12-14 16:05:58',38,NULL,NULL,'3.41',5,0.18,NULL,NULL,'2016-12-14 00:00:00'),(114,364,'0000-95460484','2016-12-06 00:00:00',5,'USD',2394.32,NULL,NULL,'2016-12-20 14:54:04',38,NULL,NULL,NULL,7,0,0,'2016-12-20','2016-12-20 00:00:00'),(115,372,'0000-95463024','2016-12-22 00:00:00',5,'USD',22744.43,NULL,NULL,'2016-12-26 19:09:01',45,NULL,NULL,NULL,7,0,0,NULL,'2016-12-26 00:00:00'),(117,390,'0000-95463023','2016-12-22 00:00:00',5,'USD',7367.27,NULL,NULL,'2017-01-04 14:22:14',45,NULL,NULL,NULL,7,0,0,NULL,'2017-01-04 00:00:00'),(118,397,'235-200425','2016-12-26 00:00:00',5,'USD',91.25,NULL,NULL,'2017-01-04 16:18:14',45,NULL,NULL,NULL,7,0,0,NULL,'2017-01-04 00:00:00'),(119,394,'558-0012022','2016-12-27 00:00:00',5,'PEN',135.12,NULL,NULL,'2017-01-04 16:19:59',45,NULL,NULL,NULL,5,0.18,24.3216,NULL,'2017-01-04 00:00:00'),(120,392,'004-0012109','2016-12-27 00:00:00',5,'PEN',120.28,NULL,NULL,'2017-01-04 16:20:52',45,NULL,NULL,NULL,5,0.18,21.650399999999998,NULL,'2017-01-04 00:00:00'),(121,379,'235-200425','2016-12-26 00:00:00',5,'USD',281.72,NULL,NULL,'2017-01-04 17:09:59',45,NULL,NULL,NULL,7,0,0,NULL,'2017-01-04 00:00:00'),(122,377,'558-0012022','2016-12-27 00:00:00',5,'PEN',417.14,NULL,NULL,'2017-01-04 17:11:03',45,NULL,NULL,NULL,5,0.18,75.0852,NULL,'2017-01-04 00:00:00'),(123,374,'004-0012109','2016-12-27 00:00:00',5,'PEN',371.33,NULL,NULL,'2017-01-04 17:11:41',45,NULL,NULL,NULL,5,0.18,66.8394,NULL,'2017-01-04 00:00:00'),(124,381,'000-95463022','2016-12-22 00:00:00',5,'USD',10819.84,NULL,NULL,'2017-01-04 17:16:03',45,NULL,NULL,NULL,7,0,0,NULL,'2017-01-04 00:00:00'),(125,388,'235-200425','2016-12-26 00:00:00',5,'USD',134.02,NULL,NULL,'2017-01-04 17:17:23',45,NULL,NULL,NULL,7,0,0,NULL,'2017-01-04 00:00:00'),(126,386,'558-0012022','2016-12-27 00:00:00',73,'PEN',198.44,NULL,NULL,'2017-01-04 17:18:40',45,NULL,NULL,NULL,5,0.18,35.7192,NULL,'2017-01-04 00:00:00'),(127,383,'004-0012109','2016-12-27 00:00:00',73,'PEN',176.65,NULL,NULL,'2017-01-04 17:19:09',45,NULL,NULL,NULL,5,0.18,31.797,NULL,'2017-01-04 00:00:00');
/*!40000 ALTER TABLE `carpeta_importacion_documento` ENABLE KEYS */;
UNLOCK TABLES;

--
-- Table structure for table `carpeta_importacion_documento_detalle`
--

DROP TABLE IF EXISTS `carpeta_importacion_documento_detalle`;
/*!40101 SET @saved_cs_client     = @@character_set_client */;
/*!40101 SET character_set_client = utf8 */;
CREATE TABLE `carpeta_importacion_documento_detalle` (
  `id` int(11) NOT NULL AUTO_INCREMENT,
  `detalle` varchar(100) DEFAULT NULL,
  `total` double DEFAULT NULL,
  `documento_id` int(11) DEFAULT NULL,
  PRIMARY KEY (`id`)
) ENGINE=InnoDB AUTO_INCREMENT=22 DEFAULT CHARSET=utf8;
/*!40101 SET character_set_client = @saved_cs_client */;

--
-- Dumping data for table `carpeta_importacion_documento_detalle`
--

LOCK TABLES `carpeta_importacion_documento_detalle` WRITE;
/*!40000 ALTER TABLE `carpeta_importacion_documento_detalle` DISABLE KEYS */;
INSERT INTO `carpeta_importacion_documento_detalle` VALUES (2,'FLETE',289.448,44),(5,'ADUANAS',221.79,76),(6,'',63.56,77),(7,'TRANSPORTE',199.99,78),(8,'ADUANA',130,79),(9,'ALMACEN',46.6,80),(10,'FLETE',3834.7,89),(12,'FLETE ',NULL,97),(13,'',340.03,105),(14,'',198.57,106),(15,'',1650.05,107),(16,'',450,108),(17,'',106,109),(18,'',NULL,110),(19,'',NULL,111),(20,'',NULL,112),(21,'',180,113);
/*!40000 ALTER TABLE `carpeta_importacion_documento_detalle` ENABLE KEYS */;
UNLOCK TABLES;

--
-- Table structure for table `carpeta_importacion_elemento`
--

DROP TABLE IF EXISTS `carpeta_importacion_elemento`;
/*!40101 SET @saved_cs_client     = @@character_set_client */;
/*!40101 SET character_set_client = utf8 */;
CREATE TABLE `carpeta_importacion_elemento` (
  `id` int(11) NOT NULL AUTO_INCREMENT,
  `carpeta_importacion_id` int(11) NOT NULL,
  `nombre` varchar(50) DEFAULT NULL,
  `monto` double DEFAULT '0',
  `contable` int(11) DEFAULT NULL,
  PRIMARY KEY (`id`)
) ENGINE=InnoDB AUTO_INCREMENT=398 DEFAULT CHARSET=utf8;
/*!40101 SET character_set_client = @saved_cs_client */;

--
-- Dumping data for table `carpeta_importacion_elemento`
--

LOCK TABLES `carpeta_importacion_elemento` WRITE;
/*!40000 ALTER TABLE `carpeta_importacion_elemento` DISABLE KEYS */;
INSERT INTO `carpeta_importacion_elemento` VALUES (162,27,'FB',0,NULL),(163,27,'Factura FCA',566.168,1),(164,27,'Flete',1593.9759999999997,1),(165,27,'Aduana',35.5322,1),(166,27,'DUA',0,0),(167,27,'Almacen',12.716000000000001,1),(168,27,'Estiva/Destiva',0,1),(169,27,'Transporte',16.03,1),(170,27,'AdValorem',0,1),(171,28,'FB',0,NULL),(172,28,'Factura FCA',1185.512,1),(173,28,'Flete',170.952,1),(174,28,'Aduana',74.4062,1),(175,28,'DUA',0,0),(176,28,'Almacen',26.588,1),(177,28,'Estiva/Destiva',0,1),(178,28,'Transporte',33.57,1),(179,28,'AdValorem',0,1),(180,29,'FB',0,NULL),(181,29,'Factura FCA',843.5465999999999,1),(182,29,'Flete',341.768,1),(183,29,'Aduana',53.2642,1),(184,29,'DUA',0,0),(185,29,'Almacen',19.04,1),(186,29,'Estiva/Destiva',0,1),(187,29,'Transporte',24.03,1),(188,29,'AdValorem',0,1),(189,30,'FB',0,NULL),(190,30,'Factura FCA',1321.86084,1),(191,30,'Flete',1025.304,1),(192,30,'Aduana',83.7496,1),(193,30,'DUA',0,0),(194,30,'Almacen',29.92,1),(195,30,'Estiva/Destiva',0,1),(196,30,'Transporte',37.78,1),(197,30,'AdValorem',0,1),(198,31,'FB',0,NULL),(199,31,'Factura FCA',3109.3633999999997,1),(200,31,'Flete',751.808,1),(201,31,'Aduana',196.3478,1),(202,31,'DUA',0,0),(203,31,'Almacen',70.176,1),(204,31,'Estiva/Destiva',0,1),(205,31,'Transporte',88.58,1),(206,31,'AdValorem',0,1),(207,32,'FB',0,NULL),(208,32,'Factura CIP',31761.644,1),(209,32,'Aduana',116.246,1),(210,32,'DUA',0,0),(211,32,'Almacen',33.32,1),(212,32,'Estiva/Destiva',0,1),(213,32,'Transporte',140,1),(214,32,'AdValorem',0,1),(215,33,'FB',0,NULL),(216,33,'Factura CIP',176245.97639999999,1),(217,33,'Aduana',637.8399999999999,1),(218,33,'DUA',0,0),(219,33,'Almacen',244.784,1),(220,33,'Estiva/Destiva',0,1),(221,33,'Transporte',140,1),(222,33,'AdValorem',129.96,1),(223,34,'FB',0,NULL),(224,34,'Factura FCA',1182.831,1),(225,34,'Flete',512.89,1),(226,34,'Aduana',0,1),(227,34,'DUA',0,0),(228,34,'Almacen',0,1),(229,34,'Estiva/Destiva',0,1),(230,34,'Transporte',100,1),(231,34,'AdValorem',0,1),(232,35,'FB',0,NULL),(233,35,'Factura FCA',0,1),(234,35,'Flete',0,1),(235,35,'Aduana',0,1),(236,35,'DUA',0,0),(237,35,'Almacen',0,1),(238,35,'Estiva/Destiva',0,1),(239,35,'Transporte',0,1),(240,35,'AdValorem',0,1),(241,36,'FB',0,NULL),(242,36,'Factura FCA',0,1),(243,36,'Flete',591.32,1),(244,36,'Aduana',0,1),(245,36,'DUA',0,0),(246,36,'Almacen',0,1),(247,36,'Estiva/Destiva',0,1),(248,36,'Transporte',0,1),(249,36,'AdValorem',0,1),(250,37,'FB',0,NULL),(251,37,'Factura FCA',31611.619199999997,1),(252,37,'Flete',1537.22,1),(253,37,'Aduana',276,1),(254,37,'DUA',33073.5216,0),(255,37,'Almacen',0,1),(256,37,'Estiva/Destiva',79.72,1),(257,37,'Transporte',0,1),(258,37,'AdValorem',47.04,1),(259,38,'FB',0,NULL),(260,38,'Factura FCA',7247.1168,1),(261,38,'Flete',3243.38,1),(262,38,'Aduana',276,1),(263,38,'DUA',8874.6928,0),(264,38,'Almacen',0,1),(265,38,'Estiva/Destiva',79.72,1),(266,38,'Transporte',0,1),(267,38,'AdValorem',0,1),(268,39,'FB',0,NULL),(269,39,'Factura FCA',54023.554,1),(270,39,'Flete',0,1),(271,39,'Aduana',340,1),(272,39,'DUA',57019.8226,0),(273,39,'Almacen',0,1),(274,39,'Estiva/Destiva',89.28,1),(275,39,'Transporte',100,1),(276,39,'AdValorem',0,1),(277,40,'FB',0,NULL),(278,40,'Factura FCA',10894.738200000002,1),(279,40,'Flete',0,1),(280,40,'Aduana',276,1),(281,40,'DUA',12808.7784,0),(282,40,'Almacen',0,1),(283,40,'Estiva/Destiva',79.72,1),(284,40,'Transporte',0,1),(285,40,'AdValorem',0,1),(286,41,'FB',0,NULL),(287,41,'Factura FCA',20189.975,1),(288,41,'Flete',0,1),(289,41,'Aduana',552,1),(290,41,'DUA',11751.725999999999,0),(291,41,'Almacen',0,1),(292,41,'Estiva/Destiva',159.44,1),(293,41,'Transporte',0,1),(294,41,'AdValorem',0,1),(295,42,'ExWork',19769.7137,1),(296,42,'Flete',0,1),(297,42,'Aduana',276,1),(298,42,'DUA',20644.446900000003,0),(299,42,'Almacen',0,1),(300,42,'Estiva/Destiva',79.72,1),(301,42,'Transporte',100,1),(302,42,'AdValorem',0,1),(303,43,'FB',0,NULL),(304,43,'Factura FCA',1263.1663,1),(305,43,'Flete',0,1),(306,43,'Aduana',9.89,1),(307,43,'DUA',0,0),(308,43,'Almacen',0,1),(309,43,'Estiva/Destiva',5.77,1),(310,43,'Transporte',0,1),(311,43,'AdValorem',0,1),(312,44,'FB',0,NULL),(313,44,'Factura FCA',0,1),(314,44,'Flete',0,1),(315,44,'Aduana',131.58,1),(316,44,'DUA',0,0),(317,44,'Almacen',0,1),(318,44,'Estiva/Destiva',76.85,1),(319,44,'Transporte',0,1),(320,44,'AdValorem',0,1),(321,45,'FB',0,NULL),(322,45,'Factura FCA',0,1),(323,45,'Flete',0,1),(324,45,'Aduana',67.1,1),(325,45,'DUA',0,0),(326,45,'Almacen',0,1),(327,45,'Estiva/Destiva',39.19,1),(328,45,'Transporte',0,1),(329,45,'AdValorem',0,1),(330,46,'FB',0,NULL),(331,46,'Factura FCA',0,1),(332,46,'Flete',0,1),(333,46,'Aduana',131.46,1),(334,46,'DUA',0,0),(335,46,'Almacen',0,1),(336,46,'Estiva/Destiva',76.76,1),(337,46,'Transporte',0,1),(338,46,'AdValorem',0,1),(339,47,'FB',0,NULL),(340,47,'Factura CIF',0,1),(341,47,'Aduana',1923.35472,1),(342,47,'DUA',0,0),(343,47,'Almacen',123.77856,1),(344,47,'Estiva/Destiva',210.2947,1),(345,47,'Transporte',154.18,1),(346,47,'AdValorem',0,1),(347,48,'FB',0,NULL),(348,48,'Factura CIF',0,1),(349,48,'Aduana',1720.2213,1),(350,48,'DUA',0,0),(351,48,'Almacen',110.69183999999998,1),(352,48,'Estiva/Destiva',188.0956,1),(353,48,'Transporte',137.9,1),(354,48,'AdValorem',0,1),(355,49,'FB',0,NULL),(356,49,'Factura CIF',0,1),(357,49,'Aduana',1969.89408,1),(358,49,'DUA',0,0),(359,49,'Almacen',126.7776,1),(360,49,'Estiva/Destiva',215.40970000000002,1),(361,49,'Transporte',157.92,1),(362,49,'AdValorem',0,1),(363,50,'FB',0,NULL),(364,50,'Factura CIP',8164.631200000001,1),(365,50,'Aduana',0,1),(366,50,'DUA',0,0),(367,50,'Almacen',0,1),(368,50,'Estiva/Destiva',0,1),(369,50,'Transporte',0,1),(370,50,'AdValorem',0,1),(371,51,'FB',0,NULL),(372,51,'Factura FCA',77103.6177,1),(373,51,'Flete',0,1),(374,51,'Aduana',371.33,1),(375,51,'DUA',0,0),(376,51,'Almacen',0,1),(377,51,'Estiva/Destiva',417.14,1),(378,51,'Transporte',0,1),(379,51,'AdValorem',952.2136,1),(380,52,'FB',0,NULL),(381,52,'Factura FCA',36679.257600000004,1),(382,52,'Flete',0,1),(383,52,'Aduana',176.65,1),(384,52,'DUA',0,0),(385,52,'Almacen',0,1),(386,52,'Estiva/Destiva',198.44,1),(387,52,'Transporte',0,1),(388,52,'AdValorem',452.98760000000004,1),(389,53,'FB',0,NULL),(390,53,'Factura FCA',24975.0453,1),(391,53,'Flete',0,1),(392,53,'Aduana',120.28,1),(393,53,'DUA',0,0),(394,53,'Almacen',135.12,1),(395,53,'Estiva/Destiva',0,1),(396,53,'Transporte',0,1),(397,53,'AdValorem',308.425,1);
/*!40000 ALTER TABLE `carpeta_importacion_elemento` ENABLE KEYS */;
UNLOCK TABLES;

--
-- Table structure for table `carpeta_importacion_parcial_articulo`
--

DROP TABLE IF EXISTS `carpeta_importacion_parcial_articulo`;
/*!40101 SET @saved_cs_client     = @@character_set_client */;
/*!40101 SET character_set_client = utf8 */;
CREATE TABLE `carpeta_importacion_parcial_articulo` (
  `id` int(11) NOT NULL AUTO_INCREMENT,
  `id_carpeta_importacion` int(11) DEFAULT NULL,
  `id_orden_compra` int(11) DEFAULT NULL,
  `id_articulo` int(11) DEFAULT NULL,
  `cantidad` int(11) DEFAULT NULL,
  PRIMARY KEY (`id`)
) ENGINE=InnoDB DEFAULT CHARSET=latin1;
/*!40101 SET character_set_client = @saved_cs_client */;

--
-- Dumping data for table `carpeta_importacion_parcial_articulo`
--

LOCK TABLES `carpeta_importacion_parcial_articulo` WRITE;
/*!40000 ALTER TABLE `carpeta_importacion_parcial_articulo` DISABLE KEYS */;
/*!40000 ALTER TABLE `carpeta_importacion_parcial_articulo` ENABLE KEYS */;
UNLOCK TABLES;

--
-- Table structure for table `categoria_cotizacion`
--

DROP TABLE IF EXISTS `categoria_cotizacion`;
/*!40101 SET @saved_cs_client     = @@character_set_client */;
/*!40101 SET character_set_client = utf8 */;
CREATE TABLE `categoria_cotizacion` (
  `id` int(11) NOT NULL AUTO_INCREMENT,
  `categoria` varchar(100) DEFAULT NULL,
  PRIMARY KEY (`id`)
) ENGINE=InnoDB AUTO_INCREMENT=4 DEFAULT CHARSET=utf8;
/*!40101 SET character_set_client = @saved_cs_client */;

--
-- Dumping data for table `categoria_cotizacion`
--

LOCK TABLES `categoria_cotizacion` WRITE;
/*!40000 ALTER TABLE `categoria_cotizacion` DISABLE KEYS */;
INSERT INTO `categoria_cotizacion` VALUES (1,'Cotizacion sobre productos'),(2,'Cotizacion sobre servicios'),(3,'Orden de Compra');
/*!40000 ALTER TABLE `categoria_cotizacion` ENABLE KEYS */;
UNLOCK TABLES;

--
-- Table structure for table `centro_costo`
--

DROP TABLE IF EXISTS `centro_costo`;
/*!40101 SET @saved_cs_client     = @@character_set_client */;
/*!40101 SET character_set_client = utf8 */;
CREATE TABLE `centro_costo` (
  `id` int(11) NOT NULL AUTO_INCREMENT,
  `codigo` varchar(45) DEFAULT NULL,
  `nombre` varchar(100) DEFAULT NULL,
  `estado_CC` varchar(4) DEFAULT NULL,
  PRIMARY KEY (`id`)
) ENGINE=InnoDB AUTO_INCREMENT=76 DEFAULT CHARSET=utf8;
/*!40101 SET character_set_client = @saved_cs_client */;

--
-- Dumping data for table `centro_costo`
--

LOCK TABLES `centro_costo` WRITE;
/*!40000 ALTER TABLE `centro_costo` DISABLE KEYS */;
INSERT INTO `centro_costo` VALUES (16,'SERVICIOS','PROYECTO DE SERVICIOS','H'),(17,'PE 16/2000240-5','Tecnología de Alimentos S.A.','B'),(18,'PE 16/2000242-4','APM Terminals Callao S.A.','B'),(19,'PE 16/2000252-1','Tecnología de Alimentos S.A.','B'),(20,'PE 16/2000254-1','Tecnología de Alimentos S.A.','B'),(21,'PE 16/2000258-0','Pesquera Hayduk S.A.','B'),(22,'PE 16/2000262-2','Tecnología de Alimentos S.A.','B'),(23,'PE 16/2000256-2','Tecnología de Alimentos S.A.','B'),(24,'PE 16/2000246-6','Tecnología de Alimentos S.A.','B'),(25,'PE 16/2000257-1','Tecnología de Alimentos S.A.','B'),(26,'PE 16/2000253-1','Tecnología de Alimentos S.A.','B'),(27,'PE 16/2000251-3','Corporación Pesquera Inca S.A.C.','B'),(28,'PE 16/2000250-4','Tecnología de Alimentos S.A.','B'),(29,'PE 16/2000265-0','Corporación Pesquera Inca S.A.C.','B'),(30,'PE 16/2000266-0','Pesquera Hayduk S.A.','B'),(31,'PE 16/2000239-4','Pesquera Hayduk S.A.','B'),(32,'PE 16/2000241-5','Pesquera Diamante ','B'),(33,'PE 16/2000268-0','Pesquera Hayduk S.A.','B'),(34,'PE 16/2000267-0','Pesquera Hayduk S.A.','B'),(35,'PE 16/2000269-0','Alex Fort','B'),(36,'PE 16/2000278-0','Corporacion Neptuno SA','B'),(37,'PE 16/2000271-0','Tecnología de Alimentos S.A.','B'),(38,'PE 16/2000277-2','Pesquera Hayduk S.A.','B'),(39,'PE 16/2000276-5','Corporación Pesquera Inca S.A.C.','B'),(40,'PE 16/2000282-0','Corporación Pesquera Inca S.A.C.','B'),(41,'PE 16/2000286-0','Corporación Pesquera Inca S.A.C.','B'),(42,'PE 16/2000263-0','Pesquera Hayduk S.A.','B'),(43,'PE 16/2000294-0','Corporacion Pesquera Inca S.A.C.','B'),(44,'PE 16/2000293-0','Corporacion Pesquera Inca S.A.C.','B'),(45,'PE 16/2000292-0','Corporacion Pesquera Inca S.A.C.','B'),(46,'PE 16/2000285-0','Corporacion Pesquera Inca S.A.C.','B'),(47,'PE 16/2000288-1','Corporacion Pesquera Inca S.A.C.','B'),(48,'PE 16/2000295-0','Corporacion Pesquera Inca S.A.C.','B'),(49,'PE 16/2000302-0','Pesquera Hayduk S.A.','B'),(50,'PE 16/2000298-0','Pesquera Hayduk S.A.','B'),(51,'PE 16/2000296-0','Pesquera Hayduk S.A.','B'),(52,'PE 16/2000273-1','Corporacion Pesquera Inca S.A.C.','B'),(53,'PE 16/2000308-0','PESQUERA DIAMANTE S.A.','B'),(54,'PE 16/2000313-1','TECNOLOGICA DE ALIMENTOS S.A.','B'),(55,'PE 16/2000318-0','PESQUERA HAYDUK S.A.','B'),(56,'PE 16/2000314-1','PESQUERA HAYDUK S.A.','B'),(57,'PE 16/2000320-0','PESQUERA HAYDUK S.A.','B'),(58,'PE 16/2000315-0','CORPORACION PESQUERA INCA S.A.C.','B'),(59,'PE 16/2000325-1','PESQUERA HAYDUK S.A.','B'),(60,'PE 16/2000319-1','PESQUERA HAYDUK S.A.','B'),(61,'PE 16/2000309-0','TECNOLOGICA DE ALIMENTOS S.A.','B'),(62,'PE 16/2000306-2','PESQUERA HAYDUK S.A.','B'),(63,'PE 16/2000297-0','TECNOLOGICA DE ALIMENTOS S.A.','B'),(64,'PE 16/2000299-0','TECNOLOGICA DE ALIMENTOS S.A.','B'),(67,'PE 16/2000300-0','TECNOLOGICA DE ALIMENTOS S.A.','B'),(68,'PE 16/2000301-0','TECNOLOGICA DE ALIMENTOS S.A.','B'),(69,'PE 16/2000305-0','TECNOLOGICA DE ALIMENTOS S.A.','B'),(70,'PE 17/2000005-0','TECNOLOGICA DE ALIMENTOS S.A.','B'),(71,'PE 17/2000001-0','ALEX FORT','B'),(72,'PE 16/2000321-1','TECNOLOGICA DE ALIMENTOS S.A.','B'),(73,'PE 17/2000003-0','CORPORACION PESQUERA INCA S.A.C.','B'),(74,'PE 17/2000002-0','CORPORACION PESQUERA INCA S.A.C.','B'),(75,'ECJEM','DDSDAA','B');
/*!40000 ALTER TABLE `centro_costo` ENABLE KEYS */;
UNLOCK TABLES;

--
-- Table structure for table `cliente`
--

DROP TABLE IF EXISTS `cliente`;
/*!40101 SET @saved_cs_client     = @@character_set_client */;
/*!40101 SET character_set_client = utf8 */;
CREATE TABLE `cliente` (
  `id` int(11) NOT NULL AUTO_INCREMENT,
  `nombre` varchar(160) DEFAULT NULL,
  `numero_cliente` varchar(45) DEFAULT NULL,
  `ruc` varchar(11) DEFAULT NULL,
  `direccion` varchar(200) DEFAULT NULL,
  `direccion2` varchar(200) DEFAULT NULL,
  `pais` varchar(45) DEFAULT NULL,
  `telefono` int(11) DEFAULT NULL,
  `contacto1` varchar(50) DEFAULT NULL,
  `email1` varchar(150) DEFAULT NULL,
  `contacto2` varchar(50) DEFAULT NULL,
  `email2` varchar(150) DEFAULT NULL,
  `usuario_creacion` varchar(50) DEFAULT NULL,
  `fecha_creacion` datetime DEFAULT NULL,
  `usuario_modificacion` varchar(50) DEFAULT NULL,
  `fecha_modificacion` datetime DEFAULT NULL,
  `estado_usuario` int(11) DEFAULT '1',
  `solicitud_id` int(11) DEFAULT '0',
  PRIMARY KEY (`id`)
) ENGINE=InnoDB AUTO_INCREMENT=35 DEFAULT CHARSET=utf8;
/*!40101 SET character_set_client = @saved_cs_client */;

--
-- Dumping data for table `cliente`
--

LOCK TABLES `cliente` WRITE;
/*!40000 ALTER TABLE `cliente` DISABLE KEYS */;
INSERT INTO `cliente` VALUES (14,'TPE PAITA S.A.','4','20522473571','Jr. Ferrocarril Nro. 127 (Terminal Portuario de Paita) Piura - Paita -Paita','.','Peru',0,'Sonia Zapata ','sonia.zapata@euroandino.com.pe','Brian Fiesta','brian.fiestas@euroandino.com.pe',NULL,NULL,'38','2016-12-13 09:19:20',4,0),(15,'CORPORACION PESQUERA INCA S.A.C.','.','20224748711','Calle Francisco Graña 155 Santa Catalina','La Victoria','Peru',43353149,'Oscar Torres','Oscar Torres Luis <OTorres@copeinca.com.pe>','Ivan Ascate ','Ivan Ascate <iascate@copeinca.com.pe>',NULL,NULL,'38','2016-12-13 09:19:42',4,0),(16,'Consorcio MSC',NULL,'20492783812','Av. Republica de Panama Nro. 3531 dpto. 504 (Centro Empresarial San Isidro) Lima - Lima - San Isidro',NULL,NULL,NULL,'Luis Segovia ','Luis Segovia <luis.segovia@consorcio-msc.com>','Manuel Alta ','Manuel Alta López <manuel.alta@consorcio-msc.com>',NULL,NULL,NULL,NULL,4,0),(17,'PESQUERA HAYDUK S.A.','5032549','20136165667','Av. Manuel Olguin Nro. 501 Int. 701 Urb. Haras Tyber  Lima - Santiago de Surco','SURCO -LIMA','Peru',2112999,'Harold Cruz','Harold Cruz Cordova (HAY-LIM) <hcruz@hayduk.com.pe>','Gerardo Villalva ','Gerardo Villalva Hernandez (HAY-FLT) <gvillalva@hayduk.com.pe>',NULL,NULL,'43','2016-12-30 10:12:20',4,0),(18,'Instituto del Mar del Peru',NULL,'20148138886','Esq. Gamarra y Gral. Valle Nro. S/N Urb. Chucuito ( Frente al parque Jose Galvez) Prov. Const. Del callao - prov. Const. Del Callao - Callao',NULL,NULL,NULL,'Juan Bacigalupo ','Juan Bacigalupo Castagnola <jbacigalupo@imarpe.gob.pe>','','',NULL,NULL,NULL,NULL,4,0),(19,'Servicios Ferroviarios  S.A.C.',NULL,'20538543200','Av. Augusto Perez Aranibar Nro. 1872 Lima - Lima - San Isidro',NULL,NULL,NULL,'Yhony Hancco','Yhony Hancco Huayhua <yhancco@incarail.com.pe>','','',NULL,NULL,NULL,NULL,4,0),(20,'TECNOLOGICA DE ALIMENTOS S.A.','.','20100971772','Cal. Las Begonias Nro. 441 Lima - San Isidro','.','Perú',0,'Alberto Castillo','acastillo@tasa.com.pe','Yanet Diaz','Yanett Diaz <ydiaz@tasa.com.pe>',NULL,NULL,'45','2016-12-26 16:47:12',4,0),(21,'PLUSPETROL','2','20304177552','Av. Repub. De Panama nro. 3055 (Edif.Bco. Continental pisos 7 y 8) Lima - Lima - San Isidro','.','Peru',0,'Carlo Schettini ','Carlo Gonzalo Schettini Onetti <cschettini@pluspetrol.net>','Israel Abdul','Israel Abdul Mario Manrique Velasquez <imanrique@pluspetrol.net>',NULL,NULL,'38','2016-12-13 09:21:31',4,0),(22,'Petroleos del Peru','.','20100128218','Av. Enrique Canaval Moreyra Nro. 150 Lima - Lima - San Isidro','San Isidro','Peru',0,'Ronald Reategui ','Ronald Reategui Levy <rreategui@petroperu.com.pe>','','',NULL,NULL,'38','2016-11-04 11:13:24',4,0),(23,'Naviera Comercial ',NULL,'','',NULL,NULL,NULL,'','','','',NULL,NULL,NULL,NULL,4,0),(24,'Naviera Transoceanica S.A.',NULL,'20522163890','Av. Manuel Olguin nro.501 dpto. P.12 urb. Haras Tyber (Esq. Av. M.Olguin y Jr las tres Marias) Lima - Lima - Santiago de Surco',NULL,NULL,NULL,'Julio Sanchez ','Julio Sanchez <JSanchez@navitranso.com>','','',NULL,NULL,NULL,NULL,4,0),(25,'Transgas Shiping Line ',NULL,'20159469388','Av. La Encalada nro.995 --- c. comercial Monterrico Lima - Lima - Santiado de Surco',NULL,NULL,NULL,'Raul Molina ','TSL Logistica - J Raul Molina <logistica@transgas.com.pe>','','',NULL,NULL,NULL,NULL,4,0),(26,'PESQUERA DIAMANTE S.A.','3','20159473148','Cal. Amador Merino Reyna nro. 307 (Edificio Nacional piso 12 y 13) Lima - Lima - San Isidro','.','Peru',0,'Hanny Gutierrez ','Hanny Gutierrez <hgutierrez@diamante.com.pe>','','',NULL,NULL,'38','2016-12-13 09:20:40',4,0),(28,'ALEX FORT','.','10082523044','Callao','.','Peru',988139102,'Eric Castillo','e17febcastillo@hotmail.com',NULL,NULL,'38','2016-09-08 16:21:03','38','2016-12-13 09:20:16',4,124),(29,'APM TERMINALS CALLAO S.A.','APM','20543083888','Av Contralmirante Raygada N° 111, Callao','.','Peru',952946747,'Rodrigo Cárdenas','rodrigo.cardenas@apmterminals.com',NULL,NULL,'38','2016-09-15 10:22:28','38','2016-12-13 09:21:01',4,159),(30,'PILOTES-TERRATEST PERU S.A.C.','123','20513530481','AV. MANUEL OLGUIN NRO. 371 URB. LOS GRANADOS  - SANTIAGO DE SURCO','Lima','Peru',994185853,'Herbert Antonio Pascual Loya','Herbert <hpascual@terratest.com.pe>',NULL,NULL,'38','2016-09-23 12:52:01',NULL,NULL,4,160),(31,'Schiffahrtsgesellschaft Oltmann mbH & Co. KG','2','.','Amtsgericht Tostedt A 201252','.','ALEMANIA',4070013,'Silvio Sawitzki','Silvio.Sawitzki@oltship.de',NULL,NULL,'38','2016-09-30 15:26:00',NULL,NULL,1,NULL),(32,'CORPORACION NEPTUNO S.A.','231','20141260821','Av. Manuel Olguin 501 Piso 13 - Edificio Macros','.','Peru',946155906,'Roger Ruiz','rruiz@corporacionneptuno.com.pe','',NULL,'38','2016-10-13 18:02:48','38','2016-12-13 09:18:42',1,NULL),(33,'EMPRESA DE GENERACION ELECTRICA DE AREQUIPA S.A.','20216293593','20216293593','Pasaje Ripacha N° 101 Chilina, Arequipa – Perú','Arequipa','Peru',54383838,'Jeankarlo Monzon','jmonzon@egasa.com.pe',NULL,'mesapartes@egasa.com.pe','38','2016-12-13 09:18:19','45','2017-01-10 10:45:01',2,332),(34,'MARINA DE GUERRA DEL PERU','20153408191','20153408191','AV. LA MARINA CDRA 36 NRO. SN - LA PERLA, CALLAO','.','PERU',945217095,'TNT MORE','moremasiel@hotmail.com','945217095',NULL,'45','2017-01-16 13:14:37',NULL,NULL,1,NULL);
/*!40000 ALTER TABLE `cliente` ENABLE KEYS */;
UNLOCK TABLES;

--
-- Table structure for table `contactos_cuenta_bancaria`
--

DROP TABLE IF EXISTS `contactos_cuenta_bancaria`;
/*!40101 SET @saved_cs_client     = @@character_set_client */;
/*!40101 SET character_set_client = utf8 */;
CREATE TABLE `contactos_cuenta_bancaria` (
  `idcuenta` int(11) NOT NULL AUTO_INCREMENT,
  `titular` varchar(100) DEFAULT NULL,
  `tipo_cuenta` varchar(45) NOT NULL,
  `nro_cuenta` varchar(30) DEFAULT NULL,
  `banco` varchar(45) DEFAULT NULL,
  `nro_cuenta_cci` varchar(45) DEFAULT NULL,
  PRIMARY KEY (`idcuenta`)
) ENGINE=InnoDB DEFAULT CHARSET=latin1;
/*!40101 SET character_set_client = @saved_cs_client */;

--
-- Dumping data for table `contactos_cuenta_bancaria`
--

LOCK TABLES `contactos_cuenta_bancaria` WRITE;
/*!40000 ALTER TABLE `contactos_cuenta_bancaria` DISABLE KEYS */;
/*!40000 ALTER TABLE `contactos_cuenta_bancaria` ENABLE KEYS */;
UNLOCK TABLES;

--
-- Table structure for table `cotizacion`
--

DROP TABLE IF EXISTS `cotizacion`;
/*!40101 SET @saved_cs_client     = @@character_set_client */;
/*!40101 SET character_set_client = utf8 */;
CREATE TABLE `cotizacion` (
  `id` int(11) NOT NULL AUTO_INCREMENT,
  `descripcion` varchar(500) DEFAULT NULL,
  `cliente_id` int(11) DEFAULT NULL,
  `numero` varchar(45) DEFAULT NULL,
  `orden_compra_cliente` varchar(20) DEFAULT NULL,
  `fecha` datetime DEFAULT NULL,
  `numero_oferta` varchar(45) DEFAULT NULL,
  `totalImpuestos` double DEFAULT NULL,
  `totalAdicional` double DEFAULT NULL,
  `totalDetalle` double DEFAULT NULL,
  `total` double DEFAULT NULL,
  `grupo_aprobacion_id` int(11) DEFAULT NULL,
  `fechaAprobada` datetime DEFAULT NULL,
  `fechaAceptacionCliente` datetime DEFAULT NULL,
  `usuario_creacion` int(11) DEFAULT NULL,
  `fecha_creacion` datetime DEFAULT NULL,
  `usuario_modificacion` int(11) DEFAULT NULL,
  `fecha_modificacion` datetime DEFAULT NULL,
  `factura_id` int(11) DEFAULT NULL,
  `categoria_id` int(11) DEFAULT NULL,
  `estado_id` int(11) DEFAULT NULL,
  `solicitud_id` int(11) DEFAULT NULL,
  `factor` double DEFAULT NULL,
  `total_cotizacion` double DEFAULT NULL,
  `fecha_requerimiento` datetime DEFAULT NULL,
  `referencia` varchar(45) DEFAULT NULL,
  `notas` varchar(45) DEFAULT NULL,
  `barco` varchar(45) DEFAULT NULL,
  `imo` varchar(45) DEFAULT NULL,
  `producto_id` varchar(45) DEFAULT NULL,
  `poducto_type` varchar(45) DEFAULT NULL,
  `impuestoAplicado` double DEFAULT NULL,
  `moneda` varchar(45) DEFAULT NULL,
  `razonRechazo` varchar(1000) DEFAULT NULL,
  `porcentajeCostFinan` double DEFAULT NULL,
  `transp_callao` double DEFAULT NULL,
  `fecha_vencimiento` datetime DEFAULT NULL,
  `id_orden_compra` int(11) DEFAULT NULL,
  `comentario_oi` varchar(45) DEFAULT NULL,
  `fecha_cancelacion_cliente` datetime DEFAULT NULL,
  `terminos_condiciones` varchar(1000) DEFAULT NULL,
  `impuesto_id` int(11) DEFAULT NULL,
  `numero_secuencia` varchar(10) DEFAULT NULL,
  `lugar_servicio` varchar(100) DEFAULT NULL,
  `fecha_inicio_servicio` date DEFAULT NULL,
  `fecha_fin_servicio` date DEFAULT NULL,
  `oferta_valida_servicio` varchar(200) DEFAULT NULL,
  `tiempo_entrega_servicio` varchar(100) DEFAULT NULL,
  `nombre_servicio` varchar(250) DEFAULT NULL,
  `contacto` varchar(100) DEFAULT NULL,
  `email_contacto` varchar(100) DEFAULT NULL,
  PRIMARY KEY (`id`)
) ENGINE=InnoDB AUTO_INCREMENT=174 DEFAULT CHARSET=utf8;
/*!40101 SET character_set_client = @saved_cs_client */;

--
-- Dumping data for table `cotizacion`
--

LOCK TABLES `cotizacion` WRITE;
/*!40000 ALTER TABLE `cotizacion` DISABLE KEYS */;
INSERT INTO `cotizacion` VALUES (54,NULL,15,'PE 16/2000238-3',NULL,'2016-09-08 11:30:29','23186410',433.59,764.4,2408.86,1644.46,NULL,'2016-09-09 12:18:29',NULL,38,'2016-09-08 11:30:29',38,NULL,NULL,1,4,116,0.6827,2842.45,'2016-09-04 00:00:00','5012876','Disponibilidad sujeta a venta previa','SAN FERNANDO','L9157844','18068','6L23/30A-DKV',0.18,'USD',NULL,NULL,NULL,NULL,NULL,'.',NULL,'Validez de la oferta : 15 días\\nTérminos de pago   : Factura a 7 días\\nLugar de entrega     : Lima Callao\\nTiempo de entrega : 2 Semanas posterior a la Conformidad de la Orden de Compra',5,'2000238',NULL,NULL,NULL,NULL,NULL,NULL,NULL,NULL),(55,NULL,17,'PE 16/2000239-4','','2016-09-08 11:58:33','23186421',997.14,897.7,5539.66,4641.96,NULL,'2016-09-09 12:18:03','2016-10-04 00:00:00',38,'2016-09-08 11:58:33',38,NULL,NULL,1,6,115,0.838,6536.8,'2016-09-06 00:00:00','5032549','Disponibilidad sujeta a venta previa','MARILIN II','L9130078','18059','8L23/30A-DKV',0.18,'USD',NULL,NULL,NULL,NULL,NULL,NULL,NULL,'Validez de la oferta : 15 días\\nTérminos de pago   : Factura a 7 días\\nLugar de entrega     : Lima Callao\\nTiempo de entrega : 2 Semanas posterior a la Conformidad de la Orden de Compra',5,'2000239',NULL,NULL,NULL,NULL,NULL,NULL,NULL,NULL),(65,NULL,20,'PE 16/2000240-5','5500505478','2016-09-09 12:04:26','23186859',1900.13,2018.29,10556.29,8538,NULL,'2016-09-13 17:23:29','2016-09-14 00:00:00',38,'2016-09-09 12:04:26',38,NULL,NULL,1,6,122,0.8088,12456.42,'2016-09-05 00:00:00','5013263','Disponibilidad sujeta a venta previa','TASA 41','L9058191','18020','6L23/30A-DKV',0.18,'USD',NULL,NULL,NULL,NULL,34,'.',NULL,'Validez de la oferta : 10 días\\nTérminos de pago   : Factura a 30 días\\nLugar de entrega     : Lima Callao\\nTiempo de entrega : 2 Semanas posterior a la Conformidad de la Orden de Compra',5,'2000240',NULL,NULL,NULL,NULL,NULL,NULL,NULL,NULL),(66,NULL,26,'PE 16/2000241-5','email Washington','2016-09-09 16:39:09','23187860',13606.83,6969.27616,75593.49616,68624.22,NULL,'2016-10-04 14:21:59','2016-10-04 00:00:00',38,'2016-09-09 16:39:09',38,NULL,NULL,1,6,186,0.9078,89200.33,'2016-09-07 00:00:00','5033325','La disponibilidad está sujeta a venta previa','MARIA JOSE','A18079','30005368','VB560',0.18,'USD',NULL,NULL,NULL,NULL,68,NULL,NULL,'Validez de la oferta : 15 días\\nTérminos de pago   : Factura a 30 días\\nLugar de entrega     : Lima Callao\\nTiempo de entrega : Las piezas en stock son entregadas dos semanas puesta la OC, con la orden de confirmación tendrán fechas exactas de entrega.',5,'2000241',NULL,NULL,NULL,NULL,NULL,NULL,NULL,NULL),(67,NULL,29,'PE 16/2000242-4','R14501','2016-09-15 10:37:28','Q0VD0707',45.15,0,250.82,250.82,NULL,'2016-09-15 12:28:03','2016-09-12 00:00:00',38,'2016-09-15 10:37:28',38,NULL,NULL,1,6,126,1,295.97,'2016-09-15 00:00:00','.','Disponibilidad sujeta a venta previa','GR2 LIEBHERR','.',NULL,'D2842 LE 103',0.18,'USD',NULL,NULL,NULL,NULL,57,NULL,NULL,'Validez de la oferta : 30 días\\nTérminos de pago   : Factura a 30 días\\nLugar de entrega     : Lima Callao\\nTiempo de entrega : 2 Semanas posterior a la Conformidad de la Orden de Compra',5,'2000242',NULL,NULL,NULL,NULL,NULL,NULL,NULL,NULL),(72,NULL,20,'PE 16/2000246-6','5500506902','2016-09-16 10:44:31','23189380',87.98,66.75,488.78,422.03,NULL,'2016-09-28 13:07:59','2016-09-30 00:00:00',38,'2016-09-16 10:44:31',38,NULL,NULL,1,6,167,0.8634,576.76,'2016-09-16 00:00:00','5013263','Disponibilidad sujeta a venta previa','TASA 53','L9133604','P20710-01-11','8L23/30',0.18,'USD',NULL,NULL,NULL,NULL,42,NULL,NULL,'Validez de la oferta : 30 días\\nTérminos de pago   : Factura a 30 días\\nLugar de entrega     : Lima Callao\\nTiempo de entrega : 2 Semanas posterior a la Conformidad de la Orden de Compra',5,'2000246',NULL,NULL,NULL,NULL,NULL,NULL,NULL,NULL),(73,NULL,17,'PE 16/2000247-4',NULL,'2016-09-19 10:29:17','23190446',132.51,250.98,736.17,485.19,NULL,'2016-09-19 17:02:04',NULL,38,'2016-09-19 10:29:17',38,NULL,NULL,1,4,132,0.6591,868.68,'2016-09-17 00:00:00','5032549','Disponibilidad sujeta a venta previa','Bamar I','L9130731','18061','8l23/30',0.18,'USD',NULL,NULL,NULL,NULL,NULL,NULL,NULL,'Validez de la oferta : 30 días\\nTérminos de pago   : Factura a 30 días\\nLugar de entrega     : Lima Callao\\nTiempo de entrega : 2 Semanas posterior a la Conformidad de la Orden de Compra',5,'2000247',NULL,NULL,NULL,NULL,NULL,NULL,NULL,NULL),(74,NULL,17,'PE 16/2000248-3',NULL,'2016-09-19 10:33:52','23188952',340.36,328.43,1890.87,1562.44,NULL,'2016-09-19 17:01:36',NULL,38,'2016-09-19 10:33:52',38,NULL,NULL,1,4,131,0.8263,2231.23,'2016-09-14 00:00:00','5032549','Disponibilidad sujeta a venta previa','KIARA-B','L9292644','40005569','ALPHATRONIC 2A',0.18,'USD',NULL,NULL,NULL,NULL,NULL,NULL,NULL,'Validez de la oferta : 30 días\\nTérminos de pago   : Factura a 30 días\\nLugar de entrega     : Lima Callao\\nTiempo de entrega :  48 Semanas puesta la OC',5,'2000248',NULL,NULL,NULL,NULL,NULL,NULL,NULL,NULL),(75,NULL,15,'PE 16/2000249-4',NULL,'2016-09-19 11:50:05',NULL,8208,0,45600,45600,NULL,'2016-09-22 16:54:28',NULL,42,'2016-09-19 11:50:05',42,NULL,NULL,2,4,156,0,53808,'2016-09-19 00:00:00',NULL,NULL,'San Fernando','9157844',NULL,NULL,0.18,'USD',NULL,NULL,NULL,NULL,NULL,NULL,NULL,'7 días',5,'2000249','Chimbote','2016-10-03','2016-11-03','15 días','30 días','Mantenimiento General de Caja',NULL,NULL),(76,NULL,20,'PE 16/2000250-4','5500498046','2016-09-19 17:30:58','x',4896,0,27200,27200,NULL,'2016-09-20 21:23:11','2016-09-21 00:00:00',42,'2016-09-19 17:30:58',42,NULL,NULL,2,6,142,0,32096,'2016-05-19 00:00:00',NULL,NULL,'TASA 55','9348039',NULL,NULL,0.18,'USD',NULL,NULL,NULL,NULL,NULL,NULL,NULL,'30 Días',5,'2000250','Callao','2016-07-11','2016-08-06','15 Días','25 Días','Mantenimiento correspondiente a 18000 HRS',NULL,NULL),(77,NULL,15,'PE 16/2000251-3','4500016002','2016-09-20 11:14:00','16 2000 177',8505,0,47250,47250,NULL,'2016-09-20 21:23:37','2016-07-02 00:00:00',42,'2016-09-20 11:14:00',42,NULL,NULL,2,6,141,0,55755,'2016-07-01 00:00:00',NULL,NULL,'Cristina','A18104',NULL,NULL,0.18,'USD',NULL,NULL,NULL,NULL,NULL,NULL,NULL,'30 Días',5,'2000251','Chimbote','2016-09-05','2016-09-22','30 Días',NULL,'Rectifdicado In-Situ de puño de biela de cigueñal de la unidad N° 2',NULL,NULL),(78,NULL,20,'PE 16/2000252-1','5500498046','2016-09-20 13:53:10','16 2000 149',8996.4,0,49980,49980,NULL,'2016-09-20 21:22:27','2016-09-21 00:00:00',42,'2016-09-20 13:53:10',NULL,NULL,NULL,2,6,149,0,58976.4,'2016-09-20 00:00:00',NULL,NULL,'TASA 41','9058191',NULL,NULL,0.18,'USD',NULL,NULL,NULL,NULL,NULL,NULL,NULL,'30 Días',5,'2000252','Callao','2016-08-05','2016-09-08','30 Días','40 Días','Mantenimiento 72000  Hrs.',NULL,NULL),(79,NULL,20,'PE 16/2000253-1','5500497907','2016-09-20 14:02:43','16 2000 194',3727.09,0,20706.05,20706.05,NULL,'2016-09-23 12:50:05','2016-07-06 00:00:00',42,'2016-09-20 14:02:43',NULL,NULL,NULL,2,6,147,0,24433.14,'2016-07-06 00:00:00',NULL,NULL,'TASA 54','9453004',NULL,NULL,0.18,'USD',NULL,NULL,NULL,NULL,NULL,NULL,NULL,'30 Días',5,'2000253','Callao','2016-08-11','2016-08-25','30 Días','15 Días','Mantenimiento 12000 Hrs.',NULL,NULL),(80,NULL,20,'PE 16/2000254-1','5500497907','2016-09-20 14:07:08','16 2000 195',3727.09,0,20706.05,20706.05,NULL,'2016-09-20 21:22:52','2016-07-06 00:00:00',42,'2016-09-20 14:07:08',NULL,NULL,NULL,2,6,148,0,24433.14,'2016-07-06 00:00:00',NULL,NULL,'TASA 45','9319301',NULL,NULL,0.18,'USD',NULL,NULL,NULL,NULL,NULL,NULL,NULL,'30 Días',5,'2000254','Callao','2016-09-14','2016-09-28','30 D ías','15 Días','Mantenimiento 12000 Hrs.',NULL,NULL),(81,NULL,25,'PE 16/2000255-0',NULL,'2016-09-20 16:14:06','23187967',5619.53,0,31219.62,31219.62,NULL,'2016-09-21 12:05:52',NULL,38,'2016-09-20 16:14:06',38,NULL,NULL,1,4,143,1,36839.15,'2016-09-12 00:00:00','5032650','Disponibilidad sujeta a venta previa','NASCA','L9126003',NULL,'5L23/30',0.18,'USD',NULL,NULL,NULL,NULL,NULL,NULL,NULL,'Validez de la oferta :  2016-10-31\\nTérminos de pago   : Factura a 30 días\\nLugar de entrega     : EXW Frederikshavn / SG Warehouse\\nTiempo de entrega : Pos.030, 35,27 y 6 entre 8 y 10 semanas en stock las demás 2 semanas puesta la orden',5,'2000255',NULL,NULL,NULL,NULL,NULL,NULL,NULL,NULL),(82,NULL,20,'PE 16/2000256-2','5500506902','2016-09-20 17:17:14','23191078',61,67.28,338.87,271.59,NULL,'2016-09-28 13:08:20','2016-09-30 00:00:00',38,'2016-09-20 17:17:14',38,NULL,NULL,1,6,168,0.8015,399.87,'2016-09-20 00:00:00','5013263','Disponibilidad sujeta a venta previa','TASA 45','L9319301','18120','6L23/30',0.18,'USD',NULL,NULL,NULL,NULL,43,NULL,NULL,'Validez de la oferta : 30 días\\nTérminos de pago   : Factura a 30 días\\nLugar de entrega     : Lima Callao\\nTiempo de entrega : 2 Semanas posterior a la Conformidad de la Orden de Compra previo envío de orden de confirmación',5,'2000256',NULL,NULL,NULL,NULL,NULL,NULL,NULL,NULL),(83,NULL,20,'PE 16/2000257-1','5500506902','2016-09-20 17:23:05','23191079',196.3,56.52,1090.58,1034.06,NULL,'2016-09-22 09:10:55','2016-09-30 00:00:00',38,'2016-09-20 17:23:05',38,NULL,NULL,1,6,154,0.9482,1286.88,'2016-09-20 00:00:00','5013263','Disponibilidad sujeta a venta previa','TASA 43','9319284','30005630','VB560',0.18,'USD',NULL,NULL,NULL,NULL,45,NULL,NULL,'Validez de la oferta : 30 días\\nTérminos de pago   : Factura a 30 días\\nLugar de entrega     : Lima Callao\\nTiempo de entrega : 2 Semanas posterior a la Conformidad de la Orden de Compra',5,'2000257',NULL,NULL,NULL,NULL,NULL,NULL,NULL,NULL),(84,NULL,17,'PE 16/2000258-0','4500138581','2016-09-23 10:26:36','23188951',74.53,179.2,414.06,234.86,NULL,'2016-09-23 13:12:53','2016-09-26 00:00:00',38,'2016-09-23 10:26:36',38,NULL,NULL,1,6,157,0.5672,488.59,'2016-09-23 00:00:00','5032549','Disponibilidad sujeta a venta previa','JADRANKA','L9118020','40000210','SAFETY SYSTEM',0.18,'USD',NULL,NULL,NULL,NULL,41,NULL,NULL,'Validez de la oferta : 30 días\\nTérminos de pago   : Factura a 30 días\\nLugar de entrega     : Lima Callao\\nTiempo de entrega : Pos.30 5 semanas, las otras dos posiciones 10 días hábiles puesta la OC.',5,'2000258',NULL,NULL,NULL,NULL,NULL,NULL,NULL,NULL),(85,NULL,17,'PE 16/2000259-0',NULL,'2016-09-23 10:33:51','23192157',208.11,212.8,1156.18,943.38,NULL,'2016-09-23 13:13:04',NULL,38,'2016-09-23 10:33:51',38,NULL,NULL,1,4,158,0.8159,1364.29,'2016-09-23 00:00:00','5032549','Disponibilidad sujeta a venta previa','KIARA','L9292644','18105','8l23/30',0.18,'USD',NULL,NULL,NULL,NULL,NULL,NULL,NULL,'Validez de la oferta : 30 días\\nTérminos de pago   : Factura a 30 días\\nLugar de entrega     : Lima Callao\\nTiempo de entrega : 2 Semanas posterior a la Conformidad de la Orden de Compra',5,'2000259',NULL,NULL,NULL,NULL,NULL,NULL,NULL,NULL),(86,NULL,30,'PE 16/2000260-0',NULL,'2016-09-23 15:11:32','Email-Vincent',981.23,694.03,5451.26,4757.23,NULL,NULL,NULL,38,'2016-09-23 15:11:32',38,NULL,NULL,1,2,161,0.8727,6432.49,'2016-09-23 00:00:00','.','Disponibilidad sujeta a venta previa','Grua','.',NULL,NULL,0.18,'USD',NULL,NULL,NULL,NULL,NULL,NULL,NULL,'Validez de la oferta : 30 días\\nTérminos de pago   : Factura a 30 días\\nLugar de entrega     : Lima Callao\\nTiempo de entrega : 2 Semanas posterior a la Conformidad de la Orden de Compra',5,'2000260',NULL,NULL,NULL,NULL,NULL,NULL,NULL,NULL),(87,NULL,15,'PE 16/2000261-0',NULL,'2016-09-23 16:25:28','23192873',3901.46,0,21674.78,21674.78,NULL,NULL,NULL,38,'2016-09-23 16:25:28',38,NULL,NULL,1,9,NULL,1,25576.24,'2016-09-23 00:00:00','1','Disponibilidad sujeta a venta previa','INCAMAR 1','A21124',NULL,NULL,0.18,'USD',NULL,NULL,NULL,NULL,NULL,NULL,NULL,'Validez de la oferta : 30 días\\nTérminos de pago   : Factura a 30 días\\nLugar de entrega     : Lima Callao\\nTiempo de entrega : 2 Semanas posterior a la Conformidad de la Orden de Compra',5,'2000261',NULL,NULL,NULL,NULL,NULL,NULL,NULL,NULL),(88,NULL,20,'PE 16/2000262-2','5500506902','2016-09-27 15:25:51','23193817',87.6,55,486.65,431.65,NULL,'2016-09-29 16:34:56','2016-09-30 00:00:00',38,'2016-09-27 15:25:51',38,NULL,NULL,1,6,171,0.887,574.25,'2016-09-27 00:00:00','5032549','Disponibilidad sujeta a venta previa','TASA 59','A18170','18170','8L23/30',0.18,'USD',NULL,NULL,NULL,NULL,44,NULL,NULL,'Validez de la oferta : 30 días\\nTérminos de pago   : Factura a 30 días\\nLugar de entrega     : Lima Callao\\nTiempo de entrega : 2 Semanas posterior a la Conformidad de la Orden de Compra',5,'2000262',NULL,NULL,NULL,NULL,NULL,NULL,NULL,NULL),(89,NULL,17,'PE 16/2000263-0','4500140764','2016-09-30 13:58:04','L16-1225',29520,0,164000,164000,NULL,'2016-09-30 14:22:52','2016-10-28 00:00:00',38,'2016-09-30 13:58:04',38,NULL,NULL,1,6,174,1,193520,'2016-09-30 00:00:00','5032549','Disponibilidad sujeta a venta previa','Bamar I','9130731','.','8L23/30',0.18,'USD',NULL,NULL,NULL,NULL,216,NULL,NULL,'Validez de la oferta : Antes del 30/11/2016\\nTérminos de pago   : 50% con la OC/ 50% previo despacho\\nLugar de entrega     : Lima / Callao\\nTiempo de entrega : Despacho de fábrica en 12 semanas posterior a la recepción de la OC.',5,'2000263',NULL,NULL,NULL,NULL,NULL,NULL,NULL,NULL),(90,NULL,17,'PE 16/2000264-0',NULL,'2016-09-30 16:51:15','23195211',870.13,575.0551399999999,4834.05514,4259,NULL,'2016-10-12 10:28:25',NULL,38,'2016-09-30 16:51:15',38,NULL,NULL,1,4,201,0.881,5704.19,'2016-09-30 00:00:00','5032549','Disponibilidad sujeta a venta previa','MARILIN II','L9130078','18059','8L23/30',0.18,'USD',NULL,NULL,NULL,NULL,NULL,NULL,NULL,'Validez de la oferta : 30 días\\nTérminos de pago   : Factura a 30 días\\nLugar de entrega     : Lima Callao\\nTiempo de entrega : 2 Semanas posterior a la Conformidad de la Orden de Compra',5,'2000264',NULL,NULL,NULL,NULL,NULL,NULL,NULL,NULL),(91,NULL,15,'PE 16/2000265-0','email','2016-10-03 11:31:30','16-2000010-1',4003.2,0,22240,22240,NULL,'2016-10-05 11:56:38','2016-10-05 00:00:00',38,'2016-10-03 11:31:30',38,NULL,NULL,2,6,188,0,26243.2,'2016-10-03 00:00:00',NULL,NULL,'INCAMAR III','A21123',NULL,NULL,0.18,'USD',NULL,NULL,NULL,NULL,NULL,NULL,NULL,NULL,5,'2000265','Chimbote','2016-10-06','2016-10-20',NULL,'12 Dias','Mantenimiento de 12000 hrs',NULL,NULL),(93,NULL,17,'PE 16/2000266-0','4500137024','2016-10-05 17:00:51','23140907',58225.83,0,323476.86,323476.86,NULL,'2016-10-05 17:03:46','2016-10-05 00:00:00',38,'2016-10-05 17:00:51',38,NULL,NULL,1,6,189,1,381702.69,'2016-10-05 00:00:00','5032549','Disponibilidad sujeta a venta previa','CHAVELLY II','A18060','18060','8L23/30',0.18,'USD',NULL,NULL,NULL,NULL,65,NULL,NULL,'Validez de la oferta : 30 días\\nTérminos de pago   : Factura a 30 días\\nLugar de entrega     : Lima Callao\\nTiempo de entrega : 2 Semanas posterior a la Conformidad de la Orden de Compra',5,'2000266',NULL,NULL,NULL,NULL,NULL,NULL,NULL,NULL),(94,NULL,17,'PE 16/2000267-0','4500137021','2016-10-05 17:24:43','23140483',59427.97,35508.32,330155.41000000003,294647.09,NULL,'2016-10-06 10:20:55','2016-10-05 00:00:00',38,'2016-10-05 17:24:43',38,NULL,NULL,1,6,191,0.8924,389583.38,'2016-10-05 00:00:00','5032549','Disponibilidad sujeta a venta previa','MARILIN II','L9130078','18059','8L23/30',0.18,'USD',NULL,NULL,NULL,NULL,70,NULL,NULL,'Validez de la oferta : 30 días\\nTérminos de pago   : Factura a 30 días\\nLugar de entrega     : Lima Callao\\nTiempo de entrega : 2 Semanas posterior a la Conformidad de la Orden de Compra',5,'2000267',NULL,NULL,NULL,NULL,NULL,NULL,NULL,NULL),(95,NULL,17,'PE 16/2000268-0','4500137027','2016-10-05 20:08:37','23140483',62373.41,37269.52,346518.93,309249.41,NULL,'2016-10-06 10:20:37','2016-10-05 00:00:00',38,'2016-10-05 20:08:37',38,NULL,NULL,1,6,193,0.8924,408892.34,'2016-10-05 00:00:00','5032549','Disponibilidad sujeta a venta previa','BAMAR II','9130743','18062','8L23/30',0.18,'USD',NULL,NULL,NULL,NULL,69,'.',NULL,'Validez de la oferta : 30 días\\nTérminos de pago   : Factura a 30 días\\nLugar de entrega     : Lima Callao\\nTiempo de entrega : 2 Semanas posterior a la Conformidad de la Orden de Compra',5,'2000268',NULL,NULL,NULL,NULL,NULL,NULL,NULL,NULL),(96,NULL,28,'PE 16/2000269-0','123456','2016-10-06 12:16:59','162000190',3169.48,0,17608.25,17608.25,NULL,'2016-10-06 12:40:23','2016-10-14 00:00:00',42,'2016-10-06 12:16:59',42,NULL,NULL,2,6,197,0,20777.73,'2016-06-02 00:00:00',NULL,NULL,'acquamarina','D2842 LE403',NULL,NULL,0.18,'USD',NULL,NULL,NULL,NULL,NULL,NULL,NULL,'30 Días',5,'2000269','Callao','2016-07-13','2016-08-31','30 Días','30 Días','Mantenimiento preventivo',NULL,NULL),(97,NULL,31,'PE 16/2000270-0',NULL,'2016-10-06 13:30:02',NULL,265.5,0,1475,1475,NULL,'2016-10-06 14:26:25',NULL,38,'2016-10-06 13:30:02',38,NULL,NULL,2,4,199,0,1740.5,'2016-10-06 00:00:00',NULL,NULL,'JPO Capricornus','.',NULL,NULL,0.18,'USD',NULL,NULL,NULL,NULL,NULL,NULL,NULL,'30 Days',5,'2000270','CALLAO','2016-10-17','2016-10-22','7 Days','10 Days','Overhaul',NULL,NULL),(98,NULL,20,'PE 16/2000271-0','5500507619','2016-10-06 17:44:20','23197282',109.3,220,607.23,387.23,NULL,'2016-10-07 15:48:22','2016-10-14 00:00:00',38,'2016-10-06 17:44:20',38,NULL,NULL,1,6,200,0.6377,716.53,'2016-10-06 00:00:00','5013263','Disponibilidad sujeta a venta previa','TASA 41','9058191','18020','6L23/30',0.18,'USD',NULL,NULL,NULL,NULL,93,'',NULL,'Validez de la oferta : 30 días\\nTérminos de pago   : Factura a 30 días\\nLugar de entrega     : Lima Callao\\nTiempo de entrega : 2 Semanas posterior a la Conformidad de la Orden de Compra',5,'2000271',NULL,NULL,NULL,NULL,NULL,NULL,NULL,NULL),(99,NULL,15,'PE 16/2000272-1',NULL,'2016-10-06 18:12:33','23197283',5154.25,4109.185024,28634.745024000003,24525.56,NULL,'2016-10-20 10:33:16',NULL,38,'2016-10-06 18:12:33',38,NULL,NULL,1,4,221,0.8565,33789,'2016-10-06 00:00:00','5013263','Disponibilidad sujeta a venta previa','SAN FERNANDO','L9157844','18068','6L23/30',0.18,'USD',NULL,NULL,NULL,NULL,NULL,NULL,NULL,'Validez de la oferta : 30 días\\nTérminos de pago   : 40% de anticipo - Factura a 30 días\\nLugar de entrega     : Lima Callao\\nTiempo de entrega : 3 Semanas posterior a la Conformidad de la Orden de Compra',5,'2000272',NULL,NULL,NULL,NULL,NULL,NULL,NULL,NULL),(100,NULL,15,'PE 16/2000273-1','4500032243','2016-10-07 15:58:55','23197928',7017.51,4900,38986.18,34086.18,NULL,'2016-11-29 11:14:34','2016-11-30 00:00:00',38,'2016-10-07 15:58:55',38,NULL,NULL,1,6,259,0.8743,46003.69,'2016-10-07 00:00:00','5013263','Disponibilidad sujeta a venta previa','INCAMAR 1','A21124','E21124-01-31','VBS740ODG',0.18,'USD',NULL,NULL,NULL,NULL,275,NULL,NULL,'Validez de la oferta : 30 días\\nTérminos de pago   : 40% de adelanto, la diferencia factura a 15 días\\nLugar de entrega     : Lima Callao\\nTiempo de entrega : 4 Semanas posterior a la Conformidad de la Orden de Compra',5,'2000273',NULL,NULL,NULL,NULL,NULL,NULL,NULL,NULL),(101,NULL,15,'PE 16/2000274-0',NULL,'2016-10-07 18:23:16','23197754',376.15,529.6192,2089.7392,1560.12,NULL,'2016-10-12 10:26:31',NULL,38,'2016-10-07 18:23:16',38,NULL,NULL,1,4,202,0.7466,2465.89,'2016-10-07 00:00:00','.','Disponibilidad sujeta a venta previa','MATTY','A18107','18107','6L23/30',0.18,'USD',NULL,NULL,NULL,NULL,NULL,NULL,NULL,'Validez de la oferta : 30 días\\nTérminos de pago   : Factura a 7 días\\nLugar de entrega     : Lima Callao\\nTiempo de entrega : 3 Semanas posterior a la Conformidad de la Orden de Compra',5,'2000274',NULL,NULL,NULL,NULL,NULL,NULL,NULL,NULL),(102,NULL,15,'PE 16/2000275-0',NULL,'2016-10-07 18:30:04','23197755',452.2,519.8798,2512.2398,1992.36,NULL,'2016-10-12 10:27:14',NULL,38,'2016-10-07 18:30:04',38,NULL,NULL,1,4,203,0.7931,2964.44,'2016-10-07 00:00:00','.','Disponibilidad sujeta a venta previa','BRUNELLA','A18078','18078','6L23/30',0.18,'USD',NULL,NULL,NULL,NULL,NULL,NULL,NULL,'Validez de la oferta : 30 días\\nTérminos de pago   : Factura a 7 días\\nLugar de entrega     : Lima Callao\\nTiempo de entrega : 3 Semanas posterior a la Conformidad de la Orden de Compra',5,'2000275',NULL,NULL,NULL,NULL,NULL,NULL,NULL,NULL),(103,NULL,15,'PE 16/2000276-5','4500026855','2016-10-12 17:40:07','23191228',2535.15,2436,14084.17,11648.17,NULL,'2016-10-20 15:43:29','2016-10-21 00:00:00',38,'2016-10-12 17:40:07',38,NULL,NULL,1,6,223,0.827,16619.32,'2016-10-12 00:00:00','5013263','Disponibilidad sujeta a venta previa','SAN FERNANDO','L9157844','20004380','39KV8',0.18,'USD',NULL,NULL,NULL,NULL,172,NULL,NULL,'Validez de la oferta : 30 días\\nTérminos de pago   : 40% Anticipo - 60% a 30 Días\\nLugar de entrega     : Lima Callao\\nTiempo de entrega : 2 semanas posterior a la conformidad a la orden de compra.',5,'2000276',NULL,NULL,NULL,NULL,NULL,NULL,NULL,NULL),(104,NULL,17,'PE 16/2000277-2','4500140151','2016-10-13 11:08:05','23199992',696.67,1263.12,3870.4,2607.28,NULL,'2016-10-20 15:42:38','2016-10-18 00:00:00',38,'2016-10-13 11:08:05',38,NULL,NULL,1,6,224,0.6736,4567.07,'2016-10-13 00:00:00','5032549','Disponibilidad sujeta a venta previa','MARILIN II','L9130078','18059','8L23/30',0.18,'USD',NULL,NULL,NULL,NULL,167,NULL,NULL,'Validez de la oferta : 30 días\\nTérminos de pago   : Factura a 30 días\\nLugar de entrega     : Lima Callao\\nTiempo de entrega : 2 Semanas posterior a la Conformidad de la Orden de Compra',5,'2000277',NULL,NULL,NULL,NULL,NULL,NULL,NULL,NULL),(105,NULL,32,'PE 16/2000278-0','Y12345','2016-10-13 18:08:04','0022793',1530.16,3757.68,8500.88,4743.2,NULL,'2016-10-14 12:51:36','2016-10-14 00:00:00',38,'2016-10-13 18:08:04',38,NULL,NULL,1,6,210,0.558,10031.04,'2016-10-13 00:00:00','.','Disponibilidad sujeta a venta previa','Y. BRUMA','.','D2840','LE 401',0.18,'USD',NULL,NULL,NULL,NULL,92,'.',NULL,'Validez de la oferta : 30 días\\nTérminos de pago   : : 50% con la Orden de Compra / Saldo Factura 30 días.\\nLugar de entrega     : Lima Callao\\nTiempo de entrega : 2 Semanas posterior a la Conformidad de la Orden de Compra',5,'2000278',NULL,NULL,NULL,NULL,NULL,NULL,NULL,NULL),(106,NULL,15,'PE 16/2000279-0',NULL,'2016-10-14 10:13:09','23169712',7168.21,12867.78,39823.39,26955.61,NULL,'2016-10-14 12:51:54',NULL,38,'2016-10-14 10:13:09',38,NULL,NULL,1,4,211,0.6769,46991.6,'2016-10-14 00:00:00','.','Disponibilidad sujeta a venta previa','BRUNELLA','A18078','18078','6L23/30',0.18,'USD',NULL,NULL,NULL,NULL,NULL,NULL,NULL,'Validez de la oferta : 30 días\\nTérminos de pago   : Factura a 7 días\\nLugar de entrega     : Lima Callao\\nTiempo de entrega : 2 Semanas posterior a la Conformidad de la Orden de Compra\\nPos 110 : 6 Semanas posterior a la Conformidad de la Orden de Compra',5,'2000279',NULL,NULL,NULL,NULL,NULL,NULL,NULL,NULL),(107,NULL,15,'PE 16/2000280-0',NULL,'2016-10-18 12:00:37',NULL,0,0,0,0,NULL,NULL,NULL,42,'2016-10-18 12:00:37',NULL,NULL,NULL,2,1,NULL,0,0,'2016-10-17 00:00:00',NULL,NULL,'INCAMAR 3','A21123',NULL,NULL,0.18,'USD',NULL,NULL,NULL,NULL,NULL,NULL,NULL,'7 Días',5,'2000280','Chimbote','2016-10-18','2016-10-18','30 Días','2 Días','Revisión de sistema de alarmas',NULL,NULL),(108,NULL,15,'PE 16/2000281-0',NULL,'2016-10-18 12:08:22',NULL,0,0,0,0,NULL,NULL,NULL,42,'2016-10-18 12:08:22',NULL,NULL,NULL,2,1,NULL,0,0,'2016-09-29 00:00:00',NULL,NULL,'INCAMAR 2','A21125',NULL,NULL,0.18,'USD',NULL,NULL,NULL,NULL,NULL,NULL,NULL,'7 Días',5,'2000281','Chimbote','2016-10-06','2016-10-07','30 Días','2 Días','Falla en el sistema de embrague',NULL,NULL),(109,NULL,15,'PE 16/2000282-0','gonzalo triveño','2016-10-18 12:22:04',NULL,0,0,0,0,NULL,'2016-10-25 12:06:54','2016-10-25 00:00:00',42,'2016-10-18 12:22:04',NULL,NULL,NULL,2,6,230,0,0,'2016-09-29 00:00:00',NULL,NULL,'INCAMAR 1','A21124',NULL,NULL,0.18,'USD',NULL,NULL,NULL,NULL,NULL,NULL,NULL,'7 Días',5,'2000282','Chimbote','2016-10-03','2016-10-15','30 Días','14 Días','Supervisión de montaje de aspas',NULL,NULL),(110,NULL,15,'PE 16/2000283-0',NULL,'2016-10-18 12:26:15',NULL,0,0,0,0,NULL,NULL,NULL,42,'2016-10-18 12:26:15',NULL,NULL,NULL,2,1,NULL,0,0,'2016-10-17 00:00:00',NULL,NULL,'INCAMAR 1','A21124',NULL,NULL,0.18,'USD',NULL,NULL,NULL,NULL,NULL,NULL,NULL,'7 Días',5,'2000283','Chimbote','2016-10-27','2016-10-29','30 Días','3 Días','Cambio de toberas y prueba de navegación',NULL,NULL),(111,NULL,20,'PE 16/2000284-0',NULL,'2016-10-18 17:43:31','23201746',958.36,726,5324.21,4598.21,NULL,'2016-10-20 15:42:12',NULL,38,'2016-10-18 17:43:31',38,NULL,NULL,1,4,225,0.8636,6282.57,'2016-10-18 00:00:00','.','Disponibilidad sujeta a venta previa','TASA 43','L9319284','18118','6L23/30',0.18,'USD',NULL,NULL,NULL,NULL,NULL,NULL,NULL,'Validez de la oferta : 30 días\\nTérminos de pago   : Factura a 30 días\\nLugar de entrega     : Lima Callao\\nTiempo de entrega : 2 Semanas posterior a la Conformidad de la Orden de Compra',5,'2000284',NULL,NULL,NULL,NULL,NULL,NULL,NULL,NULL),(112,NULL,15,'PE 16/2000285-0','4500028068','2016-10-26 14:13:48','23174180',48882.64,25630.08,271570.23,245940.15,NULL,'2016-11-25 09:06:32','2016-11-25 00:00:00',42,'2016-10-26 14:13:48',42,NULL,NULL,1,6,251,0.9056,320452.87,'2016-10-26 00:00:00','5032549','Disponibilidad sujeta a venta previa','CRISTINA','A18104','18104','6L23/30',0.18,'USD',NULL,NULL,NULL,NULL,259,NULL,NULL,'Validez de la oferta : 30 días\\nTérminos de pago   : Factura a 30 días\\nLugar de entrega     : Lima Callao\\nTiempo de entrega : 50% adelanto 2Semanas posterior a la Conformidad de la Orden de Compra',5,'2000285',NULL,NULL,NULL,NULL,NULL,NULL,NULL,NULL),(113,NULL,15,'PE 16/2000286-0','4500027242','2016-10-27 11:02:13','23197283',4315.63,3590.1485399999997,23975.73854,20385.59,NULL,'2016-10-27 11:33:58','2016-10-27 00:00:00',38,'2016-10-27 11:02:13',38,NULL,NULL,1,6,231,0.8503,28291.37,'2016-10-27 00:00:00','5032549','Disponibilidad sujeta a venta previa','SAN FERNANDO','L9157844','18068','6L23/30',0.18,'USD',NULL,NULL,NULL,NULL,215,NULL,NULL,'Validez de la oferta : 30 días\\nTérminos de pago   : 30% de adelanto - diferencia a 30 dias. \\nLugar de entrega     : Lima Callao\\nTiempo de entrega : 2 Semanas posterior a la Conformidad de la Orden de Compra - Pos 80 entrega en 3 Semanas',5,'2000286',NULL,NULL,NULL,NULL,NULL,NULL,NULL,NULL),(114,NULL,17,'PE 16/2000287-0',NULL,'2016-10-27 17:00:28','23205421',106.91,260.898,593.9680000000001,333.07,NULL,'2016-11-04 12:11:44',NULL,38,'2016-10-27 17:00:28',38,NULL,NULL,1,4,237,0.5608,700.88,'2016-10-27 00:00:00','.','Disponibilidad sujeta a venta previa','MARILIN II','L9130078','40005251','ALPHATRONIC 2A',0.18,'USD',NULL,NULL,NULL,NULL,NULL,NULL,NULL,'Validez de la oferta : 30 días\\nTérminos de pago   : Factura a 7 días\\nLugar de entrega     : Lima Callao\\nTiempo de entrega : 2 Semanas posterior a la Conformidad de la Orden de Compra',5,'2000287',NULL,NULL,NULL,NULL,NULL,NULL,NULL,NULL),(115,NULL,15,'PE 16/2000288-1','4500028068','2016-11-02 15:29:22','23207308',195.77,347.534,1087.614,740.08,NULL,'2016-11-25 09:02:28','2016-11-25 00:00:00',38,'2016-11-02 15:29:22',38,NULL,NULL,1,6,252,0.6805,1283.38,'2016-11-02 00:00:00','.','Disponibilidad sujeta a venta previa','CHRISTINA','A18104','18104','6L23/30',0.18,'USD',NULL,NULL,NULL,NULL,261,NULL,NULL,'Validez de la oferta : 30 días\\nTérminos de pago   : 7 Días \\nLugar de entrega     : Lima Callao\\nTiempo de entrega : 2 Semanas posterior a la Conformidad de la Orden de Compra - Pos- 50 8 semanas y Pos. 60 3 semanas.',5,'2000288',NULL,NULL,NULL,NULL,NULL,NULL,NULL,NULL),(116,NULL,29,'PE 16/2000289-0',NULL,'2016-11-03 17:32:20','16 20000033',2735.1,0,15195,15195,NULL,'2016-11-04 16:50:56',NULL,38,'2016-11-03 17:32:20',38,NULL,NULL,2,4,238,0,17930.1,'2016-11-03 00:00:00',NULL,NULL,'Liebherr','.',NULL,NULL,0.18,'USD',NULL,NULL,NULL,NULL,NULL,'.',NULL,'30 Días',5,'2000289','Callao','2016-11-08','2016-11-30','7 Days','10 Days','Servicio técnico por Mantenimiento Correctivo y Preventivo correspondiente a 8000 hrs',NULL,NULL),(117,NULL,20,'PE 16/2000290-0',NULL,'2016-11-04 11:11:41',NULL,0,0,0,0,NULL,NULL,NULL,38,'2016-11-04 11:11:41',NULL,NULL,NULL,1,9,NULL,NULL,0,'2016-11-04 00:00:00',NULL,NULL,NULL,NULL,NULL,NULL,0.18,'USD',NULL,NULL,NULL,NULL,NULL,NULL,NULL,'Validez de la oferta : 30 días\\nTérminos de pago   : Factura a 30 días\\nLugar de entrega     : Lima Callao\\nTiempo de entrega : 2 Semanas posterior a la Conformidad de la Orden de Compra',5,'2000290',NULL,NULL,NULL,NULL,NULL,NULL,NULL,NULL),(118,NULL,17,'PE 16/2000291-0',NULL,'2016-11-04 14:05:44',NULL,0,0,0,0,NULL,NULL,NULL,38,'2016-11-04 14:05:44',NULL,NULL,NULL,1,9,NULL,NULL,0,'2016-11-04 00:00:00',NULL,NULL,NULL,NULL,NULL,NULL,0.18,'USD',NULL,NULL,NULL,NULL,NULL,NULL,NULL,'Validez de la oferta : 30 días\\nTérminos de pago   : Factura a 30 días\\nLugar de entrega     : Lima Callao\\nTiempo de entrega : 2 Semanas posterior a la Conformidad de la Orden de Compra',5,'2000291',NULL,NULL,NULL,NULL,NULL,NULL,NULL,NULL),(119,NULL,15,'PE 16/2000292-0','4500027018','2016-11-04 14:37:56','23208220',1096.89,1969.08,6093.84,4124.76,NULL,'2016-11-04 16:45:22','2016-11-04 00:00:00',38,'2016-11-04 14:37:56',38,NULL,NULL,1,6,239,0.6769,7190.73,'2016-11-04 00:00:00','5032549','Disponibilidad sujeta a venta previa','MATTY','A18107','18107','6L23/30',0.18,'USD',NULL,NULL,NULL,NULL,218,'.',NULL,'Validez de la oferta : 30 días\\nTérminos de pago   : Factura a 30 días\\nLugar de entrega     : Lima Callao\\nTiempo de entrega : 2 Semanas posterior a la Conformidad de la Orden de Compra',5,'2000292',NULL,NULL,NULL,NULL,NULL,NULL,NULL,NULL),(120,NULL,15,'PE 16/2000293-0','4500027018','2016-11-04 14:51:56','23208223',2288.07,4107.39,12711.52,8604.13,NULL,'2016-11-04 16:47:22','2016-11-04 00:00:00',38,'2016-11-04 14:51:56',38,NULL,NULL,1,6,240,0.6769,14999.59,'2016-11-04 00:00:00','5032549','Disponibilidad sujeta a venta previa','SAN FERNANDO','L9157844','18068','6L23/30',0.18,'USD',NULL,NULL,NULL,NULL,219,NULL,NULL,'Validez de la oferta : 30 días\\nTérminos de pago   : Factura a 30 días\\nLugar de entrega     : Lima Callao\\nTiempo de entrega : 2 Semanas posterior a la Conformidad de la Orden de Compra',5,'2000293',NULL,NULL,NULL,NULL,NULL,NULL,NULL,NULL),(121,NULL,15,'PE 16/2000294-0','4500027018','2016-11-04 15:35:44','20929588',1367.76,1090.44,7598.6900000000005,6508.25,NULL,'2016-11-04 16:46:52','2016-11-04 00:00:00',38,'2016-11-04 15:35:44',38,NULL,NULL,1,6,241,0.8565,8966.45,'2016-11-04 00:00:00','5032549','Disponibilidad sujeta a venta previa','SAN FERNANDO','L9157844','4216321','NR20/R 188',0.18,'USD',NULL,NULL,NULL,NULL,220,NULL,NULL,'Validez de la oferta : 30 días\\nTérminos de pago   : Factura a 30 días\\nLugar de entrega     : Lima Callao\\nTiempo de entrega : 2 Semanas posterior a la Conformidad de la Orden de Compra',5,'2000294',NULL,NULL,NULL,NULL,NULL,NULL,NULL,NULL),(122,NULL,15,'PE 16/2000295-0','4500029174','2016-11-14 13:54:57','23212869',140.13,307.68,778.48,470.8,NULL,'2016-11-25 09:01:58','2016-11-25 00:00:00',38,'2016-11-14 13:54:57',38,NULL,NULL,1,6,250,0.6048,918.61,'2016-11-14 00:00:00','5032549','Disponibilidad sujeta a venta previa','SAN FERNANDO','L9157844','18068','6L23/30',0.18,'USD',NULL,NULL,NULL,NULL,271,NULL,NULL,'Validez de la oferta : 30 días\\nTérminos de pago   : Factura a 30 días\\nLugar de entrega     : Lima Callao\\nTiempo de entrega : 2 Semanas posterior a la Conformidad de la Orden de Compra',5,'2000295',NULL,NULL,NULL,NULL,NULL,NULL,NULL,NULL),(123,NULL,17,'PE 16/2000296-0','4500143876','2016-11-14 13:55:18','23216108',1895,723.8439999999999,10527.774,9803.93,NULL,'2016-11-28 11:34:59','2016-11-30 00:00:00',38,'2016-11-14 13:55:18',38,NULL,NULL,1,6,254,0.9312,12422.77,'2016-11-14 00:00:00','5032549','Disponibilidad sujeta a venta previa','KIARA-B','L9292644','18105','8L23/30',0.18,'USD',NULL,NULL,NULL,NULL,274,NULL,NULL,'Validez de la oferta : 15 días\\nTérminos de pago   : Factura a 15 días\\nLugar de entrega     : Lima Callao\\nTiempo de entrega : 2 Semanas posterior a la Conformidad de la Orden de Compra - POS 090- 49 weeks from order',5,'2000296',NULL,NULL,NULL,NULL,NULL,NULL,NULL,NULL),(124,NULL,20,'PE 16/2000297-0','5500513891','2016-11-14 13:55:33','23212962',1618.04,1856.95,8989.09,7132.14,NULL,'2017-01-06 18:21:09','2017-01-02 00:00:00',38,'2016-11-14 13:55:33',38,NULL,NULL,1,6,314,0.7934,10607.13,'2016-11-14 00:00:00','5013263','Disponibilidad sujeta a venta previa','TASA 41','9383053','9383053','L23/30',0.18,'USD',NULL,NULL,NULL,NULL,491,'.',NULL,'Validez de la oferta : 30 días\\nTérminos de pago   : Factura a 30 días\\nLugar de entrega     : Lima Callao\\nTiempo de entrega : 2 Semanas posterior a la Conformidad de la Orden de Compra',5,'2000297',NULL,NULL,NULL,NULL,NULL,NULL,NULL,NULL),(125,NULL,17,'PE 16/2000298-0','4500143876','2016-11-24 10:22:43','23216110',686.9,577.5,3816.09,3238.59,NULL,'2016-11-28 11:34:43','2016-11-30 00:00:00',38,'2016-11-24 10:22:43',38,NULL,NULL,1,6,255,0.8487,4502.99,'2016-11-24 00:00:00','5032549','Disponibilidad sujeta a venta previa','MARILIN II','L9130078','18059','8L23/30',0.18,'USD',NULL,NULL,NULL,NULL,273,NULL,NULL,'Validez de la oferta : 30 días\\nTérminos de pago   : Factura a 15 días\\nLugar de entrega     : Lima Callao\\nTiempo de entrega : 2 Semanas posterior a la Conformidad de la Orden de Compra',5,'2000298',NULL,NULL,NULL,NULL,NULL,NULL,NULL,NULL),(126,NULL,20,'PE 16/2000299-0','5500513891','2016-11-24 10:28:01','Q 23212991',168.46,193.35000000000014,935.8900000000001,742.54,NULL,'2017-01-09 06:45:07','2017-01-02 00:00:00',38,'2016-11-24 10:28:01',38,NULL,NULL,1,6,315,0.7934,1104.35,'2016-11-24 00:00:00','T-5013263','.','TASA 43','L9319284','18118','L23/30',0.18,'USD',NULL,NULL,NULL,NULL,492,'.',NULL,'Validez de la oferta : 30 días\\nTérminos de pago   : Factura a 30 días\\nLugar de entrega     : Lima Callao\\nTiempo de entrega : 2 Semanas posterior a la Conformidad de la Orden de Compra',5,'2000299',NULL,NULL,NULL,NULL,NULL,NULL,NULL,NULL),(127,NULL,20,'PE 16/2000300-0','5500513891','2016-11-24 10:45:26','Q 23213041',1467.92,1850.8999999999996,8155.11,6304.21,NULL,'2017-01-09 06:45:19','2017-01-02 00:00:00',38,'2016-11-24 10:45:26',38,NULL,NULL,1,6,316,0.773,9623.03,'2016-11-24 00:00:00','T-5013263','.','TASA 55','L9348039','20711','L23/30',0.18,'USD',NULL,NULL,NULL,NULL,493,'.',NULL,'Validez de la oferta : 30 días\\nTérminos de pago   : Factura a 30 días\\nLugar de entrega     : Lima Callao\\nTiempo de entrega : 2 Semanas posterior a la Conformidad de la Orden de Compra',5,'2000300',NULL,NULL,NULL,NULL,NULL,NULL,NULL,NULL),(128,NULL,20,'PE 16/2000301-0','5500513891','2016-11-24 10:53:38','Q 23216117',2389.2,2741.730000000003,13273.340000000004,10531.61,NULL,'2017-01-09 06:45:34','2017-01-02 00:00:00',38,'2016-11-24 10:53:38',38,NULL,NULL,1,6,317,0.7934,15662.54,'2016-11-24 00:00:00','T-5013263','.','TASA 59','A18170','18170','L23/30',0.18,'USD',NULL,NULL,NULL,NULL,494,'.',NULL,'Validez de la oferta : 30 días\\nTérminos de pago   : Factura a 30 días\\nLugar de entrega     : Lima Callao\\nTiempo de entrega : 2 Semanas posterior a la Conformidad de la Orden de Compra',5,'2000301',NULL,NULL,NULL,NULL,NULL,NULL,NULL,NULL),(129,NULL,17,'PE 16/2000302-0','4500143876','2016-11-24 10:53:56','23216113',1241.17,539,6895.38,6356.38,NULL,'2016-11-28 11:34:10','2016-11-30 00:00:00',38,'2016-11-24 10:53:56',38,NULL,NULL,1,6,256,0.9218,8136.55,'2016-11-24 00:00:00','5032549','Disponibilidad sujeta a venta previa','CHAVELI','L9088897','40005149','ALPHATRONIC 2A',0.18,'USD',NULL,NULL,NULL,NULL,272,NULL,NULL,'Validez de la oferta : 30 días\\nTérminos de pago   : Factura a 15 días\\nLugar de entrega     : Lima Callao\\nTiempo de entrega : 2 Semanas posterior a la Conformidad de la Orden de Compra',5,'2000302',NULL,NULL,NULL,NULL,NULL,NULL,NULL,NULL),(130,NULL,17,'PE 16/2000303-0',NULL,'2016-11-29 13:21:16',NULL,0,0,0,0,NULL,NULL,NULL,38,'2016-11-29 13:21:16',38,NULL,NULL,1,9,NULL,NULL,0,'2016-11-29 00:00:00',NULL,NULL,NULL,NULL,NULL,NULL,0.18,'PEN',NULL,NULL,NULL,NULL,NULL,NULL,NULL,'Validez de la oferta : 30 días\\nTérminos de pago   : Factura a 30 días\\nLugar de entrega     : Lima Callao\\nTiempo de entrega : 2 Semanas posterior a la Conformidad de la Orden de Compra',5,'2000303',NULL,NULL,NULL,NULL,NULL,NULL,NULL,NULL),(131,NULL,17,'PE 16/2000304-0',NULL,'2016-11-30 13:01:18',NULL,0,0,0,0,NULL,NULL,NULL,38,'2016-11-30 13:01:18',NULL,NULL,NULL,1,9,NULL,NULL,0,'2016-11-30 00:00:00',NULL,NULL,NULL,NULL,NULL,NULL,0.18,'PEN',NULL,NULL,NULL,NULL,NULL,NULL,NULL,'Validez de la oferta : 30 días\\nTérminos de pago   : Factura a 30 días\\nLugar de entrega     : Lima Callao\\nTiempo de entrega : 2 Semanas posterior a la Conformidad de la Orden de Compra',5,'2000304',NULL,NULL,NULL,NULL,NULL,NULL,NULL,NULL),(132,NULL,20,'PE 16/2000305-0','5500513891','2016-12-01 10:50:57','Q 23218692',432.03,490.17,2400.18,1910.01,NULL,'2017-01-06 04:48:20','2017-01-02 00:00:00',45,'2016-12-01 10:50:57',45,NULL,NULL,1,6,304,0.7958,2832.21,'2016-12-01 00:00:00','5013263','.','TASA 59','A18170','18170','L23/30',0.18,'USD',NULL,NULL,NULL,NULL,495,'.',NULL,'Validez de la oferta : 30 días\\nTérminos de pago   : Factura a 30 días\\nLugar de entrega     : Lima Callao\\nTiempo de entrega : 2 Semanas posterior a la Conformidad de la Orden de Compra',5,'2000305',NULL,NULL,NULL,NULL,NULL,NULL,NULL,NULL),(133,NULL,17,'PE 16/2000306-2','4500147908','2016-12-05 16:14:34','PE 16/2000306-0',2576.61,2124.6,14314.48,12189.88,NULL,'2017-01-06 18:30:28','2017-01-02 00:00:00',38,'2016-12-05 16:14:34',38,NULL,NULL,1,6,311,0.8516,16891.09,'2016-12-05 00:00:00','5','Venta sujeta a disponibilidad','IVANA','L9118032','20004358','31KV11',0.18,'USD',NULL,NULL,NULL,NULL,496,NULL,NULL,'Validez de la oferta : 15 días\\nTérminos de pago   : Factura a 30 días\\nLugar de entrega     : Lima Callao\\nTiempo de entrega : 2 Semanas posterior a la Conformidad de la Orden de Compra',5,'2000306',NULL,NULL,NULL,NULL,NULL,NULL,NULL,NULL),(134,NULL,15,'PE 16/2000307-0',NULL,'2016-12-05 16:17:23',NULL,0,0,0,0,NULL,NULL,NULL,38,'2016-12-05 16:17:23',NULL,NULL,NULL,1,9,NULL,NULL,0,'2016-12-05 00:00:00',NULL,NULL,NULL,NULL,NULL,NULL,0.18,'PEN',NULL,NULL,NULL,NULL,NULL,NULL,NULL,'Validez de la oferta : 30 días\\nTérminos de pago   : Factura a 30 días\\nLugar de entrega     : Lima Callao\\nTiempo de entrega : 2 Semanas posterior a la Conformidad de la Orden de Compra',5,'2000307',NULL,NULL,NULL,NULL,NULL,NULL,NULL,NULL),(136,NULL,26,'PE 16/2000308-0','10274007','2016-12-06 17:37:45','Q 23220317',5504.53,5716.29,30580.71,24864.42,NULL,'2016-12-14 12:41:45','2016-12-14 00:00:00',45,'2016-12-06 17:37:45',45,NULL,NULL,1,6,271,0.8131,36085.24,'2016-12-06 00:00:00','20159473148','Venta según disponibilidad','MARIA JOSE','5368',NULL,NULL,0.18,'USD',NULL,NULL,NULL,NULL,296,NULL,NULL,'Validez de la oferta : 30 días\\nTérminos de pago   : Factura a 30 días\\nLugar de entrega     : Lima Callao\\nTiempo de entrega : 3 Semanas posterior a la Conformidad de la Orden de Compra',5,'2000308',NULL,NULL,NULL,NULL,NULL,NULL,NULL,NULL),(137,NULL,20,'PE 16/2000309-0','5500516650','2016-12-06 18:50:49','Q 23220358',7419.43,8054.2996,41219.0596,33164.76,NULL,'2017-01-06 04:46:47','2017-01-02 00:00:00',45,'2016-12-06 18:50:49',45,NULL,NULL,1,6,305,0.8046,48638.49,'2016-12-06 00:00:00','5013263','.','TASA 56','L9133604','P20710-01-11','L23/30',0.18,'USD',NULL,NULL,NULL,NULL,492,NULL,NULL,'Validez de la oferta : 30 días\\nTérminos de pago   : Factura a 30 días\\nLugar de entrega     : Lima Callao\\nTiempo de entrega : 4 Semanas posterior a la Conformidad de la Orden de Compra',5,'2000309',NULL,NULL,NULL,NULL,NULL,NULL,NULL,NULL),(138,NULL,17,'PE 16/2000310-0',NULL,'2016-12-07 08:46:31','23220740',400.07,1050,2222.59,1172.59,NULL,'2016-12-15 11:46:29',NULL,38,'2016-12-07 08:46:31',38,NULL,NULL,1,3,265,0.5276,2622.66,'2016-12-07 00:00:00','5032549','Disponibilidad sujeta a venta previa','JADRANKA','L9118020','18051','8L23/30',0.18,'USD','Solicitud de Rosa',NULL,NULL,NULL,NULL,NULL,NULL,'Validez de la oferta : 30 días\\nTérminos de pago   : Factura a 30 días\\nLugar de entrega     : Lima Callao\\nTiempo de entrega : 2 Semanas posterior a la Conformidad de la Orden de Compra',5,'2000310',NULL,NULL,NULL,NULL,NULL,NULL,NULL,NULL),(139,NULL,20,'PE 16/2000311-0',NULL,'2016-12-12 17:05:47',NULL,0,0,0,0,NULL,NULL,NULL,45,'2016-12-12 17:05:47',NULL,NULL,NULL,1,9,NULL,NULL,0,'2016-12-12 00:00:00',NULL,NULL,'TASA 41',NULL,NULL,NULL,0.18,'USD',NULL,NULL,NULL,NULL,NULL,NULL,NULL,'Validez de la oferta : 30 días\\nTérminos de pago   : Factura a 30 días\\nLugar de entrega     : Lima Callao\\nTiempo de entrega : 2 Semanas posterior a la Conformidad de la Orden de Compra',5,'2000311',NULL,NULL,NULL,NULL,NULL,NULL,NULL,NULL),(140,NULL,17,'PE 16/2000312-0',NULL,'2016-12-14 09:57:32','23223218',1383.32,1339.9,7685.1,6345.2,NULL,'2016-12-23 10:45:11',NULL,45,'2016-12-14 09:57:32',45,NULL,NULL,1,4,290,0.8256,9068.42,'2016-12-14 00:00:00','.','.','YAGODA B','9130092','VB640','VB640',0.18,'USD',NULL,NULL,NULL,NULL,NULL,'.',NULL,'Validez de la oferta : 30 días\\nTérminos de pago   : Factura a 30 días\\nLugar de entrega     : Lima Callao\\nTiempo de entrega : 4 Semanas posterior a la Conformidad de la Orden de Compra',5,'2000312',NULL,NULL,NULL,NULL,NULL,NULL,NULL,NULL),(141,NULL,20,'PE 16/2000313-1','5500516523','2016-12-14 10:26:56','Q 23223233',2722.78,2963.47,15126.56,12163.09,NULL,'2016-12-14 16:37:00','2016-12-14 00:00:00',45,'2016-12-14 10:26:56',45,NULL,NULL,1,6,273,0.8041,17849.34,'2016-12-14 00:00:00','5013263','Disponibilidad Sujeta a Venta','TASA 41','9058191',NULL,'6L 23/30',0.18,'USD',NULL,NULL,NULL,NULL,297,NULL,NULL,'Validez de la oferta : 30 días\\nTérminos de pago   : Factura a 30 días\\nLugar de entrega     : Lima Callao\\nTiempo de entrega : 2 Semanas posterior a la Conformidad de la Orden de Compra',5,'2000313',NULL,NULL,NULL,NULL,NULL,NULL,NULL,NULL),(142,NULL,17,'PE 16/2000314-1','4500146721','2016-12-15 09:13:38','Q 23223723',1882.52,979.46,10458.439999999999,9478.98,NULL,'2016-12-15 15:11:37','2016-12-16 00:00:00',45,'2016-12-15 09:13:38',45,NULL,NULL,1,6,277,0.9063,12340.96,'2016-12-15 00:00:00','5032549','Alpha','KIARA B','9292644','ALPHA','ALPHATRONIC 2A',0.18,'USD',NULL,NULL,NULL,NULL,301,NULL,NULL,'Validez de la oferta : 30 días\\nTérminos de pago   : Factura a 30 días\\nLugar de entrega     : Lima Callao\\nTiempo de entrega : 2 Semanas posterior a la Conformidad de la Orden de Compra',5,'2000314',NULL,NULL,NULL,NULL,NULL,NULL,NULL,NULL),(143,NULL,15,'PE 16/2000315-0','4500038018','2016-12-15 11:46:37','23223724',3020.93,2184,16782.95,14598.95,NULL,'2016-12-15 15:11:14','2016-12-26 00:00:00',38,'2016-12-15 11:46:37',38,NULL,NULL,1,6,278,0.8699,19803.88,'2016-12-15 00:00:00','5','La disponibilidad está sujeta a venta previa','SAN FERNANDO','L9157844','18068','6L23/30',0.18,'USD',NULL,NULL,NULL,NULL,501,NULL,NULL,'Validez de la oferta : 30 días\\nTérminos de pago   : Factura a 30 días\\nLugar de entrega     : Lima Callao\\nTiempo de entrega : 2 Semanas posterior a la Conformidad de la Orden de Compra',5,'2000315',NULL,NULL,NULL,NULL,NULL,NULL,NULL,NULL),(144,NULL,15,'PE 16/2000316-0',NULL,'2016-12-15 15:26:31','Q 23223737',2984.43,2527.22,16580.170000000002,14052.95,NULL,'2016-12-16 06:51:10',NULL,45,'2016-12-15 15:26:31',45,NULL,NULL,1,4,279,0.8476,19564.6,'2016-12-15 00:00:00','C-5012876','.','CRISTINA','A18104','18104','6L23/30A-K',0.18,'USD',NULL,NULL,NULL,NULL,NULL,NULL,NULL,'Validez de la oferta : 30 días\\nTérminos de pago   : Factura a 30 días\\nLugar de entrega     : Lima Callao\\nTiempo de entrega : 2 Semanas posterior a la Conformidad de la Orden de Compra',5,'2000316',NULL,NULL,NULL,NULL,NULL,NULL,NULL,NULL),(145,NULL,17,'PE 16/2000317-1',NULL,'2016-12-15 22:35:41','Q 23223768',2075.36,2519.88,11529.779999999999,9009.9,NULL,'2016-12-26 18:39:16',NULL,45,'2016-12-15 22:35:41',45,NULL,NULL,1,4,295,0.7814,13605.14,'2016-12-15 00:00:00','5032549','CCW','BAMAR I','9130731','GEARBOX','AMG11',0.18,'USD',NULL,NULL,NULL,NULL,NULL,NULL,NULL,'Validez de la oferta : 30 días\\nTérminos de pago   : Factura a 30 días\\nLugar de entrega     : Lima Callao\\nTiempo de entrega : 4 Semanas posterior a la Conformidad de la Orden de Compra',5,'2000317',NULL,NULL,NULL,NULL,NULL,NULL,NULL,NULL),(146,NULL,17,'PE 16/2000318-0','OC','2016-12-18 22:21:15','Q 23224311',8320.77,7920,46226.52,38306.52,NULL,'2016-12-19 16:12:35','2016-12-19 00:00:00',45,'2016-12-18 22:21:15',45,NULL,NULL,1,6,283,0.8287,54547.29,'2016-12-18 00:00:00','5032549','PROPULSION','IVANA B','9118032',NULL,'VB640',0.18,'USD',NULL,NULL,NULL,NULL,300,NULL,NULL,'Validez de la oferta : 7 días\\nTérminos de pago   : Factura a 30 días\\nLugar de entrega     : Lima Callao\\nTiempo de entrega : 2 Semanas posterior a la Conformidad de la Orden de Compra\\nPos 10.40,50,80,90,130,150 : 4 Semanas',5,'2000318',NULL,NULL,NULL,NULL,NULL,NULL,NULL,NULL),(147,NULL,17,'PE 16/2000319-1','4500148023','2016-12-18 22:42:47','Q 23227502',401.14,358.4,2228.56,1870.16,NULL,'2017-01-06 14:40:46','2017-01-02 00:00:00',45,'2016-12-18 22:42:47',45,NULL,NULL,1,6,306,0.8392,2629.7,'2016-12-18 00:00:00','H-5032549','Mail Harold 09.12','KIARA B','9292644',NULL,'ALPHA',0.18,'USD',NULL,NULL,NULL,NULL,487,NULL,NULL,'Validez de la oferta : 30 días\\nTérminos de pago   : Factura a 30 días\\nLugar de entrega     : Lima Callao\\nTiempo de entrega : 2 Semanas posterior a la Conformidad de la Orden de Compra\\nPos 20 - 4 Semanas',5,'2000319',NULL,NULL,NULL,NULL,NULL,NULL,NULL,NULL),(148,NULL,17,'PE 16/2000320-0','4500147211','2016-12-22 02:16:04','Q 23225991',621.25,1129.38,3451.37,2321.99,NULL,'2016-12-26 18:15:17','2016-12-23 00:00:00',45,'2016-12-22 02:16:04',45,NULL,NULL,1,6,294,0.6728,4072.62,'2016-12-22 00:00:00','.','CON PO 16-235','IVANA B','9118032','VB640',NULL,0.18,'USD',NULL,NULL,NULL,NULL,483,NULL,NULL,'Validez de la oferta : 30 días\\nTérminos de pago   : Factura a 30 días\\nLugar de entrega     : Lima Callao\\nTiempo de entrega : 2 Semanas posterior a la Conformidad de la Orden de Compra',5,'2000320',NULL,NULL,NULL,NULL,NULL,NULL,NULL,NULL),(149,NULL,20,'PE 16/2000321-1','5500518916','2016-12-22 03:08:13','Q 23226024',1985.44,4165.849999999998,11030.209999999997,6864.36,NULL,'2017-01-12 18:10:52','2017-01-12 00:00:00',45,'2016-12-22 03:08:13',45,NULL,NULL,1,6,339,0.8584,13015.65,'2016-12-22 00:00:00','5013263','Mail 20.12','TASA 54','9453004','L23/30',NULL,0.18,'USD',NULL,NULL,NULL,NULL,504,NULL,NULL,'Validez de la oferta : 30 días\\nTérminos de pago   : Factura a 30 días\\nLugar de entrega     : Lima Callao\\nTiempo de entrega : 2 Semanas posterior a la Conformidad de la Orden de Compra\\nPos 70 10 Semanas posterior a la Conformidad de la Orden de Compra',5,'2000321',NULL,NULL,NULL,NULL,NULL,NULL,NULL,NULL),(150,NULL,17,'PE 16/2000322-1',NULL,'2016-12-27 17:11:38','Q 23225888',925.16,1160.8,5139.79,3978.99,NULL,'2016-12-28 14:05:15',NULL,45,'2016-12-27 17:11:38',45,NULL,NULL,1,4,297,0.7742,6064.95,'2016-12-27 00:00:00','5032549','.','IVANA B / MARYLIN II','9118032',NULL,'L23/30',0.18,'USD',NULL,NULL,NULL,NULL,NULL,'.',NULL,'Validez de la oferta : 30 días\\nTérminos de pago   : Factura a 30 días\\nLugar de entrega     : Lima Callao\\nTiempo de entrega : 2 Semanas posterior a la Conformidad de la Orden de Compra',5,'2000322',NULL,NULL,NULL,NULL,NULL,NULL,NULL,NULL),(151,NULL,17,'PE 16/2000323-0',NULL,'2016-12-28 16:28:42','Q 23227506',105.06,0,583.68,583.68,NULL,NULL,NULL,45,'2016-12-28 16:28:42',45,NULL,NULL,1,9,NULL,1,688.74,'2016-12-28 00:00:00','5032549','.','MARIANA B','9151618',NULL,'VB560',0.18,'USD',NULL,NULL,NULL,NULL,NULL,'.',NULL,'Validez de la oferta : 30 días\\nTérminos de pago   : Factura a 30 días\\nLugar de entrega     : Lima Callao\\nTiempo de entrega : 2 Semanas posterior a la Conformidad de la Orden de Compra',5,'2000323',NULL,NULL,NULL,NULL,NULL,NULL,NULL,NULL),(152,NULL,15,'PE 16/2000324-0',NULL,'2016-12-29 15:23:32','Q 23227869',6146.36,6662.42,34146.44,27484.02,NULL,'2016-12-30 13:57:19',NULL,45,'2016-12-29 15:23:32',45,NULL,NULL,1,4,300,0.8049,40292.8,'2016-12-29 00:00:00','.','.','INCAMAR II','A21125',NULL,'6L21/31',0.18,'USD',NULL,NULL,NULL,NULL,NULL,'.',NULL,'Validez de la oferta : 30 días\\nTérminos de pago   : Factura a 30 días\\nLugar de entrega     : Lima Callao\\nTiempo de entrega : 2 Semanas posterior a la Conformidad de la Orden de Compra\\n                                     POS 50 - 60 : 4 Semanas',5,'2000324',NULL,NULL,NULL,NULL,NULL,NULL,NULL,NULL),(153,NULL,17,'PE 16/2000325-1','4500148023','2016-12-30 12:54:56','23228072',2658.64,1418.87,14770.240000000002,13351.37,NULL,'2017-01-06 04:48:51','2017-01-02 00:00:00',45,'2016-12-30 12:54:56',45,NULL,NULL,1,6,303,0.9039,17428.88,'2016-12-30 00:00:00','H-5032549','.','IVANA B','9118032','.','L23/30',0.18,'USD',NULL,NULL,NULL,NULL,488,'.',NULL,'Validez de la oferta : 30 días\\nTérminos de pago   : Factura a 30 días\\nLugar de entrega     : Lima Callao\\nTiempo de entrega : 2 Semanas posterior a la Conformidad de la Orden de Compra\\nPos 50-110-120 : 4 Semanas',5,'2000325',NULL,NULL,NULL,NULL,NULL,NULL,NULL,NULL),(154,NULL,28,'PE 17/2000001-0','MAIL 10.01.2017','2017-01-04 09:12:06','Q 0023193',393.79,582.31,2187.7200000000003,1605.41,NULL,'2017-01-04 18:41:13','2017-01-11 00:00:00',45,'2017-01-04 09:12:06',45,NULL,NULL,1,6,302,0.7338,2581.51,'2017-01-04 00:00:00','.','.','Y. ACQUAMARINA','D2840 LE403','.','.',0.18,'USD',NULL,NULL,NULL,NULL,NULL,'.',NULL,'Validez de la oferta : 10 días\\nTérminos de pago   : Adelanto 100%\\nLugar de entrega     : Lima Callao\\nTiempo de entrega : 1 Semanas posterior a la Conformidad de la Orden de Compra',5,'2000001',NULL,NULL,NULL,NULL,NULL,NULL,NULL,NULL),(155,NULL,15,'PE 17/2000002-0','4500042047','2017-01-04 20:06:38','Q 23229398',3055.53,2641.2899999999954,16975.159999999996,14333.87,NULL,'2017-01-11 21:05:43','2017-01-13 00:00:00',45,'2017-01-04 20:06:38',45,NULL,NULL,1,6,336,0.8444,20030.69,'2017-01-04 00:00:00','5012876','Mail 03.01','CHIMBOTE 1','9157856','18069','L23/30',0.18,'USD',NULL,NULL,NULL,NULL,506,'.',NULL,'Validez de la oferta : 30 días\\nTérminos de pago   : Factura a 30 días\\nLugar de entrega     : Lima Callao\\nTiempo de entrega : 2 Semanas posterior a la Conformidad de la Orden de Compra',5,'2000002',NULL,NULL,NULL,NULL,NULL,NULL,NULL,NULL),(156,NULL,15,'PE 17/2000003-0','OC 4500041933','2017-01-05 15:22:34','Q 23229400',1187.94,1574.9499999999998,6599.65,5024.7,NULL,'2017-01-11 21:06:02','2017-01-13 00:00:00',45,'2017-01-05 15:22:34',45,NULL,NULL,1,6,337,0.7614,7787.59,'2017-01-04 00:00:00','5012876','.','INCAMAR IIi','21123','L21/31',NULL,0.18,'USD',NULL,NULL,NULL,NULL,507,'.',NULL,'Validez de la oferta : 30 días\\nTérminos de pago   : Factura a 30 días\\nLugar de entrega     : Lima Callao\\nTiempo de entrega : 2 Semanas posterior a la Conformidad de la Orden de Compra',5,'2000003',NULL,NULL,NULL,NULL,NULL,NULL,NULL,NULL),(157,NULL,15,'PE 17/2000004-0',NULL,'2017-01-06 14:13:52','Q 23230079',920.41,847.6399999999985,5113.399999999999,4265.76,NULL,'2017-01-24 04:37:19',NULL,45,'2017-01-06 14:13:52',45,NULL,NULL,1,4,353,0.8342,6033.81,'2017-01-06 00:00:00','.','.','INCAMAR II','A21125','E21125','6L21/31',0.18,'USD',NULL,NULL,NULL,NULL,NULL,'.',NULL,'Validez de la oferta : 10 días\\nTérminos de pago   : Factura a 30 días\\nLugar de entrega     : Lima Callao\\nTiempo de entrega : 10 dias útiles posterior a la Conformidad de la Orden de Compra\\nPos 20 : 6 Semanas',5,'2000004',NULL,NULL,NULL,NULL,NULL,NULL,NULL,NULL),(158,NULL,20,'PE 17/2000005-0','5500520300','2017-01-06 14:24:19','\'Q 23230331',2302.28,1923.04,12790.43,10867.39,NULL,'2017-01-06 14:39:48','2017-01-09 00:00:00',45,'2017-01-06 14:24:19',45,NULL,NULL,1,6,310,0.8497,15092.71,'2017-01-06 00:00:00','T-5013263','.','TASA 41','9383053','9383053','L23/30',0.18,'USD',NULL,NULL,NULL,NULL,499,'.',NULL,'Validez de la oferta : 30 días\\nTérminos de pago   : Factura a 30 días\\nLugar de entrega     : Lima Callao\\nTiempo de entrega : 2 semanas posterior a la Conformidad de la Orden de Compra',5,'2000005',NULL,NULL,NULL,NULL,NULL,NULL,NULL,NULL),(159,NULL,33,'PE 17/2000006-0',NULL,'2017-01-10 10:47:38','Q 21099146',0,0,0,0,NULL,NULL,NULL,45,'2017-01-10 10:47:38',45,NULL,NULL,1,9,NULL,NULL,0,'2017-01-10 00:00:00','E-5028441','GGEE MOLLENDO','MB1','Z1011931','ESN 7156.01','16MB430',0.18,'USD',NULL,NULL,NULL,NULL,NULL,'.',NULL,'Validez de la oferta : 30 días\\nTérminos de pago   : Factura a 30 días\\nLugar de entrega     : Lima Callao\\nTiempo de entrega : 2 Semanas posterior a la Conformidad de la Orden de Compra',5,'2000006',NULL,NULL,NULL,NULL,NULL,NULL,NULL,NULL),(160,NULL,20,'PE 17/2000007-0',NULL,'2017-01-10 10:55:05','OT 17-2/007',245.7,0,1365,1365,NULL,NULL,NULL,45,'2017-01-10 10:55:05',45,NULL,NULL,2,2,341,0,1610.7,'2017-01-04 00:00:00',NULL,NULL,'TASA 54','9453004',NULL,NULL,0.18,'USD',NULL,NULL,NULL,NULL,NULL,'.',NULL,'Factura a 30 dias',5,'2000007','Samanco','2017-01-04','2017-01-05','.',NULL,'Rev. sistema Alpha',NULL,NULL),(161,NULL,15,'PE 17/2000008-0',NULL,'2017-01-10 10:58:13','OT 17-00301',0,0,0,0,NULL,NULL,NULL,45,'2017-01-10 10:58:13',NULL,NULL,NULL,2,9,NULL,0,0,'2017-01-10 00:00:00',NULL,NULL,'INCAMAR II','A21125',NULL,NULL,0.18,'USD',NULL,NULL,NULL,NULL,NULL,'.',NULL,'Factura a 30 dias',5,'2000008','Chimbote','2017-01-10','2017-01-10',NULL,NULL,'Rev. por fuga de agua',NULL,NULL),(162,NULL,15,'PE 17/2000009-0',NULL,'2017-01-10 10:59:48','OT 17-00302',135,0,750,750,NULL,NULL,NULL,45,'2017-01-10 10:59:48',45,NULL,NULL,2,2,342,0,885,'2017-01-10 00:00:00',NULL,NULL,'BRUNELLA II','A18078',NULL,NULL,0.18,'USD',NULL,NULL,NULL,NULL,NULL,'.',NULL,'Factura a 30 dias',5,'2000009',NULL,'2017-01-10','2017-01-10','.','.','Rev. Por baja presion aceite caja',NULL,NULL),(163,NULL,17,'PE 17/2000010-0',NULL,'2017-01-10 11:01:24','OT 17-00303',225,0,1250,1250,NULL,NULL,NULL,45,'2017-01-10 11:01:24',45,NULL,NULL,2,2,343,0,1475,'2017-01-10 00:00:00',NULL,NULL,'MARIANA B','9151618',NULL,NULL,0.18,'USD',NULL,NULL,NULL,NULL,NULL,'.',NULL,'Factura a 30 dias',5,'2000010','Chimbote','2017-01-08','2017-01-08','.','.','Rev. Sistema de Carga',NULL,NULL),(164,NULL,20,'PE 17/2000011-0',NULL,'2017-01-10 11:05:53','Q 23231666 / Q 23236867',1162.56,1639.5999999999995,6458.65,4819.05,NULL,'2017-01-24 04:39:38',NULL,45,'2017-01-10 11:05:53',45,NULL,NULL,1,4,349,0.7461,7621.21,'2017-01-10 00:00:00','T-5013263','Filtros','Tasa 45','9319301','9319301','L23/30',0.18,'USD',NULL,NULL,NULL,NULL,NULL,'.',NULL,'Validez de la oferta : 30 días\\nTérminos de pago   : Factura a 30 días\\nLugar de entrega     : Lima Callao\\nTiempo de entrega : 2 Semanas posterior a la Conformidad de la Orden de Compra',5,'2000011',NULL,NULL,NULL,NULL,NULL,NULL,NULL,NULL),(165,NULL,20,'PE 17/2000012-0',NULL,'2017-01-10 15:26:52','Q',0,0,0,0,NULL,NULL,NULL,45,'2017-01-10 15:26:52',NULL,NULL,NULL,1,9,NULL,NULL,0,'2017-01-10 00:00:00','T-5013263','.','TASA 111','TASA 111','HP',NULL,0.18,'USD',NULL,NULL,NULL,NULL,NULL,'.',NULL,'Validez de la oferta : 30 días\\nTérminos de pago   : Factura a 30 días\\nLugar de entrega     : Lima Callao\\nTiempo de entrega : 2 Semanas posterior a la Conformidad de la Orden de Compra',5,'2000012',NULL,NULL,NULL,NULL,NULL,NULL,NULL,NULL),(166,NULL,15,'PE 17/2000013-0',NULL,'2017-01-12 18:02:51','Q 23232733',8141.95,5838.139999999992,45233.049999999996,39394.91,NULL,'2017-01-24 04:41:53',NULL,45,'2017-01-12 18:02:51',45,NULL,NULL,1,4,350,0.8709,53375,'2017-01-12 00:00:00','C-5012876','.','SAN FERNANDO','9157844','5293','AMG8',0.18,'USD',NULL,NULL,NULL,NULL,NULL,'.',NULL,'Validez de la oferta : 30 días\\nTérminos de pago   : Factura a 30 días\\nLugar de entrega     : Lima Callao\\nTiempo de entrega : 2 Semanas posterior a la Conformidad de la Orden de Compra\\nPos 10 y 20  : 16 semanas',5,'2000013',NULL,NULL,NULL,NULL,NULL,NULL,NULL,NULL),(167,NULL,34,'PE 17/2000014-0',NULL,'2017-01-16 14:06:47','20952581',3969.81,2506.9199999999983,22054.519999999997,19547.6,NULL,NULL,NULL,45,'2017-01-16 14:06:47',45,NULL,NULL,1,9,NULL,0.8863,26024.33,'2017-01-16 00:00:00','.','.','BAP TACNA','9052903','12V20/27','.',0.18,'PEN',NULL,NULL,NULL,NULL,NULL,'.',NULL,'Validez de la oferta : 30 días\\nTérminos de pago   : Factura a 30 días\\nLugar de entrega     : Lima Callao\\nTiempo de entrega : 2 Semanas posterior a la Conformidad de la Orden de Compra',5,'2000014',NULL,NULL,NULL,NULL,NULL,NULL,NULL,NULL),(168,NULL,15,'PE 17/2000015-0',NULL,'2017-01-16 21:26:51','Q 23234110',6817.03,4907.43,37872.37,32964.94,NULL,'2017-01-24 04:42:24',NULL,45,'2017-01-16 21:26:51',45,NULL,NULL,1,4,351,0.8704,44689.4,'2017-01-16 00:00:00','.','.','BRUNELLA II','A18078','5367','VB560',0.18,'USD',NULL,NULL,NULL,NULL,NULL,'Mail OT 13.01.17',NULL,'Validez de la oferta : 30 días\\nTérminos de pago   : Factura a 30 días\\nLugar de entrega     : Lima Callao\\nTiempo de entrega : 2 Semanas posterior a la Conformidad de la Orden de Compra\\nPos 50 y 100 Por definir',5,'2000015',NULL,NULL,NULL,NULL,NULL,NULL,NULL,NULL),(169,NULL,15,'PE 17/2000016-0',NULL,'2017-01-16 21:40:51','Q 23234121',6486.86,5771.659999999996,36038.13,30266.47,NULL,NULL,NULL,45,'2017-01-16 21:40:51',45,NULL,NULL,1,2,352,0.8398,42524.99,'2017-01-16 00:00:00','Mail OT 16.01.17','.','INCAMAR II','A21125','A21125','L21/31',0.18,'USD',NULL,NULL,NULL,NULL,NULL,'.',NULL,'Validez de la oferta : 30 días\\nTérminos de pago   : Factura a 30 días\\nLugar de entrega     : Lima Callao\\nTiempo de entrega : 2 Semanas posterior a la Conformidad de la Orden de Compra\\nPos 90 y Pos 100 : Por definir',5,'2000016',NULL,NULL,NULL,NULL,NULL,NULL,NULL,NULL),(170,NULL,26,'PE 17/2000017-0',NULL,'2017-01-23 21:50:57',NULL,0,0,0,0,NULL,NULL,NULL,45,'2017-01-23 21:50:57',NULL,NULL,NULL,1,9,NULL,NULL,0,'2017-01-23 00:00:00','.','.','MARIA JOSE','A18079','18079','L23/30',0.18,'USD',NULL,NULL,NULL,NULL,NULL,'.',NULL,'Validez de la oferta : 30 días\\nTérminos de pago   : Factura a 30 días\\nLugar de entrega     : Lima Callao\\nTiempo de entrega : 2 Semanas posterior a la Conformidad de la Orden de Compra',5,'2000017',NULL,NULL,NULL,NULL,NULL,NULL,NULL,NULL),(171,NULL,15,'PE 17/2000018-0',NULL,'2017-01-24 01:29:10','Q',0,0,0,0,NULL,NULL,NULL,45,'2017-01-24 01:29:10',NULL,NULL,NULL,1,9,NULL,NULL,0,'2017-01-24 00:00:00','FILTROS','.','SAN FERNANDO','9157844','5293','L23/30',0.18,'USD',NULL,NULL,NULL,NULL,NULL,'.',NULL,'Validez de la oferta : 30 días\\nTérminos de pago   : Factura a 30 días\\nLugar de entrega     : Lima Callao\\nTiempo de entrega : 2 Semanas posterior a la Conformidad de la Orden de Compra',5,'2000018',NULL,NULL,NULL,NULL,NULL,NULL,NULL,NULL),(172,NULL,15,'PE 17/2000019-0',NULL,'2017-01-24 01:30:57','Q',0,0,0,0,NULL,NULL,NULL,45,'2017-01-24 01:30:57',NULL,NULL,NULL,1,9,NULL,NULL,0,'2017-01-24 00:00:00','FILTROS','.','RODGA','A','A','A',0.18,'USD',NULL,NULL,NULL,NULL,NULL,'.',NULL,'Validez de la oferta : 30 días\\nTérminos de pago   : Factura a 30 días\\nLugar de entrega     : Lima Callao\\nTiempo de entrega : 2 Semanas posterior a la Conformidad de la Orden de Compra',5,'2000019',NULL,NULL,NULL,NULL,NULL,NULL,NULL,NULL),(173,NULL,17,'PE 17/2000020-0',NULL,'2017-01-24 01:37:43','Q',0,0,0,0,NULL,NULL,NULL,45,'2017-01-24 01:37:43',NULL,NULL,NULL,1,9,NULL,NULL,0,'2017-01-24 00:00:00','.','.','BAMAR I','.',NULL,NULL,0.18,'USD',NULL,NULL,NULL,NULL,NULL,'.',NULL,'Validez de la oferta : 30 días\\nTérminos de pago   : Factura a 30 días\\nLugar de entrega     : Lima Callao\\nTiempo de entrega : 2 Semanas posterior a la Conformidad de la Orden de Compra',5,'2000020',NULL,NULL,NULL,NULL,NULL,NULL,NULL,NULL);
/*!40000 ALTER TABLE `cotizacion` ENABLE KEYS */;
UNLOCK TABLES;

--
-- Table structure for table `cotizacion_archivos`
--

DROP TABLE IF EXISTS `cotizacion_archivos`;
/*!40101 SET @saved_cs_client     = @@character_set_client */;
/*!40101 SET character_set_client = utf8 */;
CREATE TABLE `cotizacion_archivos` (
  `id` int(11) NOT NULL AUTO_INCREMENT,
  `cotizacion_id` int(11) DEFAULT NULL,
  `url_archivo` varchar(255) DEFAULT NULL COMMENT 'Link (publico) para acceder al archivo.',
  `url_local` varchar(255) DEFAULT NULL COMMENT 'Dirección local del archivo. Por ejemplo: “C:/MAN/cot/010101.pdf”.',
  `cotizacion_archivoscol` varchar(45) DEFAULT NULL,
  PRIMARY KEY (`id`)
) ENGINE=InnoDB DEFAULT CHARSET=utf8;
/*!40101 SET character_set_client = @saved_cs_client */;

--
-- Dumping data for table `cotizacion_archivos`
--

LOCK TABLES `cotizacion_archivos` WRITE;
/*!40000 ALTER TABLE `cotizacion_archivos` DISABLE KEYS */;
/*!40000 ALTER TABLE `cotizacion_archivos` ENABLE KEYS */;
UNLOCK TABLES;

--
-- Table structure for table `cotizacion_detalle`
--

DROP TABLE IF EXISTS `cotizacion_detalle`;
/*!40101 SET @saved_cs_client     = @@character_set_client */;
/*!40101 SET character_set_client = utf8 */;
CREATE TABLE `cotizacion_detalle` (
  `id` int(11) NOT NULL AUTO_INCREMENT,
  `cotizacion_id` int(11) DEFAULT NULL,
  `posicion` int(11) DEFAULT NULL,
  `articulo_id` int(11) DEFAULT NULL,
  `cantidad` int(11) DEFAULT NULL,
  `precio_unitario` double DEFAULT NULL,
  `sub_total` double DEFAULT NULL,
  `fecha_entrega` datetime DEFAULT NULL COMMENT 'Un usuario de cotización podrá identificar, a nivel de la linea de una cotización, la fecha de llegada aproximada de una parte. Esto con el objetivo de dejar claro cuando corresponda que si recién llegaría en 5 semanas el cliente lo sepa de antemano.',
  `estado_aceptacion` int(1) DEFAULT '0',
  `precio_unitario_factor` double DEFAULT NULL,
  `sub_total_factor` double DEFAULT NULL,
  `descripcion_servicio` varchar(500) DEFAULT NULL,
  `bloqueado` int(11) DEFAULT '0',
  PRIMARY KEY (`id`)
) ENGINE=InnoDB AUTO_INCREMENT=9034 DEFAULT CHARSET=utf8;
/*!40101 SET character_set_client = @saved_cs_client */;

--
-- Dumping data for table `cotizacion_detalle`
--

LOCK TABLES `cotizacion_detalle` WRITE;
/*!40000 ALTER TABLE `cotizacion_detalle` DISABLE KEYS */;
INSERT INTO `cotizacion_detalle` VALUES (112,54,0,3441,1,1644.46,1644.46,NULL,NULL,2408.86,2408.86,NULL,0),(131,55,0,3442,16,2.71,43.36,NULL,NULL,3.23,51.68,NULL,0),(132,55,1,3153,1,909.97,909.97,NULL,NULL,1085.95,1085.95,NULL,0),(133,55,2,2829,1,41.57,41.57,NULL,NULL,49.61,49.61,NULL,0),(134,55,3,2821,30,2.71,81.3,NULL,NULL,3.23,96.9,NULL,0),(135,55,4,2828,10,116.6,1166,NULL,NULL,139.15,1391.5,NULL,0),(136,55,5,2818,8,54.54,436.32,NULL,NULL,65.09,520.72,NULL,0),(137,55,6,2817,8,245.43,1963.44,NULL,NULL,292.89,2343.12,NULL,0),(150,65,0,2960,12,18.23,218.76,NULL,NULL,22.54,270.48,NULL,0),(151,65,1,3443,1,8319.24,8319.24,NULL,NULL,10285.82,10285.82,NULL,0),(156,67,0,3449,1,250.82,250.82,NULL,NULL,250.82,250.82,NULL,0),(181,74,0,3450,2,781.22,1562.44,NULL,NULL,945.43,1890.86,NULL,0),(190,73,0,3015,2,233.11,466.22,NULL,NULL,353.69,707.38,NULL,0),(191,73,1,3019,1,2.71,2.71,NULL,NULL,4.11,4.11,NULL,0),(192,73,2,3020,4,2.71,10.84,NULL,NULL,4.11,16.44,NULL,0),(193,73,3,3021,2,2.71,5.42,NULL,NULL,4.11,8.22,NULL,0),(344,77,10,NULL,NULL,NULL,47250,NULL,NULL,NULL,NULL,'Servicio de Rectificado In-situ de puño de biela de ciegueñal de la unidad N°2 del motor MAN ',0),(345,76,10,NULL,NULL,NULL,27200,NULL,NULL,NULL,NULL,'Mantenimiento correspondiente a 18000 Hrs.',0),(346,78,10,NULL,NULL,NULL,49980,NULL,NULL,NULL,NULL,'Servicio de Mantenimiento Correspondiente a 72000 Hrs.',0),(347,79,10,NULL,NULL,NULL,20706.05,NULL,NULL,NULL,NULL,'Servicio de Mantenimiento de 12000 Hrs.',0),(348,80,10,NULL,NULL,NULL,20706.05,NULL,NULL,NULL,NULL,'Servicio de Mantenimiento 12000 Hrs.',0),(413,81,0,3523,14,92.5,1295,NULL,NULL,92.5,1295,NULL,0),(414,81,1,3524,10,76.61,766.1,NULL,NULL,76.61,766.1,NULL,0),(415,81,2,3525,10,3.03,30.299999999999997,NULL,NULL,3.03,30.3,NULL,0),(416,81,3,3526,4,182.88,731.52,NULL,NULL,182.88,731.52,NULL,0),(417,81,4,3527,80,3.03,242.39999999999998,NULL,NULL,3.03,242.4,NULL,0),(418,81,5,3528,10,37.39,373.9,NULL,NULL,37.39,373.9,NULL,0),(419,81,6,3529,10,97.5,975,NULL,NULL,97.5,975,NULL,0),(420,81,7,3530,10,275.99,2759.9,NULL,NULL,275.99,2759.9,NULL,0),(421,81,8,3531,20,6.21,124.2,NULL,NULL,6.21,124.2,NULL,0),(422,81,9,3532,20,16.05,321,NULL,NULL,16.05,321,NULL,0),(423,81,10,3533,20,161.08,3221.6000000000004,NULL,NULL,161.08,3221.6,NULL,0),(424,81,11,3534,20,465.99,9319.8,NULL,NULL,465.99,9319.8,NULL,0),(425,81,12,3535,80,3.03,242.39999999999998,NULL,NULL,3.03,242.4,NULL,0),(426,81,13,3536,10,3.03,30.299999999999997,NULL,NULL,3.03,30.3,NULL,0),(427,81,14,3537,5,5.6,28,NULL,NULL,5.6,28,NULL,0),(428,81,15,3538,5,12.41,62.05,NULL,NULL,12.41,62.05,NULL,0),(429,81,16,3539,5,118.09,590.45,NULL,NULL,118.09,590.45,NULL,0),(430,81,17,3540,10,21.95,219.5,NULL,NULL,21.95,219.5,NULL,0),(431,81,18,3541,5,954.69,4773.450000000001,NULL,NULL,954.69,4773.45,NULL,0),(432,81,19,3542,5,277.96,1389.8,NULL,NULL,277.96,1389.8,NULL,0),(433,81,20,3543,30,3.03,90.89999999999999,NULL,NULL,3.03,90.9,NULL,0),(434,81,21,3544,10,3.03,30.299999999999997,NULL,NULL,3.03,30.3,NULL,0),(435,81,22,3545,10,267.82,2678.2,NULL,NULL,267.82,2678.2,NULL,0),(436,81,23,3546,10,34.21,342.1,NULL,NULL,34.21,342.1,NULL,0),(437,81,24,3547,10,28.76,287.6,NULL,NULL,28.76,287.6,NULL,0),(438,81,25,3548,10,3.03,30.299999999999997,NULL,NULL,3.03,30.3,NULL,0),(439,81,26,3549,5,3.03,15.149999999999999,NULL,NULL,3.03,15.15,NULL,0),(440,81,27,3550,10,5,50,NULL,NULL,5,50,NULL,0),(441,81,28,3551,10,3.03,30.299999999999997,NULL,NULL,3.03,30.3,NULL,0),(442,81,29,3552,10,3.03,30.299999999999997,NULL,NULL,3.03,30.3,NULL,0),(443,81,30,3553,10,3.03,30.299999999999997,NULL,NULL,3.03,30.3,NULL,0),(444,81,31,3554,5,21.5,107.5,NULL,NULL,21.5,107.5,NULL,0),(461,83,0,3461,2,517.03,1034.06,'2016-10-13 00:00:00',1,545.29,1090.58,NULL,0),(464,75,10,NULL,NULL,NULL,45600,NULL,NULL,NULL,NULL,'Servicio de mantenimiento general de caja reductora 39KV8',0),(477,84,0,3561,12,12.63,151.56,'2016-10-12 00:00:00',1,22.27,267.24,NULL,0),(478,84,1,3562,12,4.85,58.199999999999996,'2016-10-12 00:00:00',1,8.55,102.6,NULL,0),(479,84,2,3563,2,12.55,25.1,'2016-11-23 00:00:00',1,22.13,44.26,NULL,0),(508,85,0,2894,8,47.64,381.12,NULL,NULL,58.39,467.12,NULL,0),(509,85,1,2890,4,32.46,129.84,NULL,NULL,39.78,159.12,NULL,0),(510,85,2,3564,1,109.77,109.77,NULL,NULL,134.53,134.53,NULL,0),(511,85,3,2863,8,4.89,39.12,NULL,NULL,5.99,47.92,NULL,0),(512,85,4,2893,8,26.37,210.96,NULL,NULL,32.32,258.56,NULL,0),(513,85,5,2873,8,6.26,50.08,NULL,NULL,7.67,61.36,NULL,0),(514,85,6,2906,1,22.49,22.49,NULL,NULL,27.56,27.56,NULL,0),(516,86,0,3571,1,4757.23,4757.23,NULL,NULL,5451.26,5451.26,NULL,0),(543,72,0,2959,2,4.85,9.7,'2016-10-13 00:00:00',1,5.62,11.24,NULL,0),(544,72,1,2766,1,8.55,8.55,'2016-10-13 00:00:00',1,9.9,9.9,NULL,0),(545,72,2,2960,2,18.23,36.46,'2016-10-13 00:00:00',1,21.11,42.22,NULL,0),(546,72,3,3208,16,3.08,49.28,'2016-10-13 00:00:00',1,3.57,57.12,NULL,0),(547,72,4,3209,8,8.55,68.4,'2016-10-13 00:00:00',1,9.9,79.2,NULL,0),(548,72,5,3572,2,124.82,249.64,'2016-10-13 00:00:00',1,144.56,289.12,NULL,0),(549,82,0,3559,2,90.53,181.06,'2016-10-13 00:00:00',1,112.96,225.92,NULL,0),(550,82,1,3560,1,90.53,90.53,'2016-10-13 00:00:00',1,112.96,112.96,NULL,0),(558,88,0,2947,5,11.43,57.15,'2016-10-13 00:00:00',1,12.89,64.45,NULL,0),(559,88,1,2890,10,18.72,187.2,'2016-10-13 00:00:00',1,21.11,211.1,NULL,0),(560,88,2,2839,5,37.46,187.3,'2016-10-13 00:00:00',1,42.23,211.15,NULL,0),(569,89,0,3573,1,164000,164000,NULL,NULL,164000,164000,NULL,0),(577,87,0,3574,2,10375.51,20751.02,NULL,NULL,10375.51,20751.02,NULL,0),(578,87,1,3575,1,923.76,923.76,NULL,NULL,923.76,923.76,NULL,0),(975,66,0,3581,1,3.08,3.08,'2016-10-21 00:00:00',1,3.39279584048897,3.39279584048897,NULL,0),(976,66,1,3582,1,3.08,3.08,'2016-10-21 00:00:00',1,3.39279584048897,3.39279584048897,NULL,0),(977,66,2,3583,1,1092.51,1092.51,'2016-10-21 00:00:00',1,1203.4621375625338,1203.4621375625338,NULL,0),(978,66,3,3584,1,3.08,3.08,'2016-10-21 00:00:00',1,3.39279584048897,3.39279584048897,NULL,0),(979,66,4,3585,1,904.53,904.53,'2016-12-05 00:00:00',1,996.3914355836,996.3914355836,NULL,0),(980,66,5,3487,8,12.31,98.48,'2016-10-21 00:00:00',1,13.560167791045203,108.48134232836162,NULL,0),(981,66,6,3488,1,6507.09,6507.09,'2016-10-21 00:00:00',1,7167.931131716679,7167.931131716679,NULL,0),(982,66,7,3489,1,2395.16,2395.16,'2016-10-21 00:00:00',1,2638.4054822420653,2638.4054822420653,NULL,0),(983,66,8,3490,3,65.39,196.17000000000002,'2016-10-21 00:00:00',1,72.03081818492655,216.09245455477964,NULL,0),(984,66,9,3491,1,48.13,48.13,'2016-10-21 00:00:00',1,53.0179427930955,53.0179427930955,NULL,0),(985,66,10,3492,1,204.6,204.6,'2016-10-21 00:00:00',1,225.37858083248156,225.37858083248156,NULL,0),(986,66,11,3493,8,3.08,24.64,'2016-10-21 00:00:00',1,3.39279584048897,27.14236672391176,NULL,0),(987,66,12,3494,1,142.26,142.26,'2016-10-21 00:00:00',1,156.70751177531196,156.70751177531196,NULL,0),(988,66,13,3495,1,66.72,66.72,'2016-10-21 00:00:00',1,73.49588911604678,73.49588911604678,NULL,0),(989,66,14,3496,1,86.7,86.7,'2016-10-21 00:00:00',1,95.50499979558238,95.50499979558238,NULL,0),(990,66,15,3497,2,517.03,1034.06,'2016-10-21 00:00:00',1,569.5380627948091,1139.0761255896182,NULL,0),(991,66,16,3498,8,45.63,365.04,'2016-11-11 00:00:00',1,50.26405006542588,402.112400523407,NULL,0),(992,66,17,3499,12,6.26,75.12,'2016-10-21 00:00:00',1,6.895747390084725,82.74896868101669,NULL,0),(993,66,18,3500,1,1266.34,1266.34,'2016-10-21 00:00:00',1,1394.9458067028577,1394.9458067028577,NULL,0),(994,66,19,3501,12,55.3,663.5999999999999,'2016-10-21 00:00:00',1,60.916107136051956,730.9932856326235,NULL,0),(995,66,20,3502,1,36.23,36.23,'2016-10-21 00:00:00',1,39.90941340938811,39.90941340938811,NULL,0),(996,66,21,3503,10,10.88,108.80000000000001,'2016-10-21 00:00:00',1,11.98494115081818,119.8494115081818,NULL,0),(997,66,22,3504,10,32.74,327.40000000000003,'2016-10-21 00:00:00',1,36.064979161561325,360.64979161561325,NULL,0),(998,66,23,3505,28,472.26,13223.279999999999,'2016-10-21 00:00:00',1,520.2213518277016,14566.197851175644,NULL,0),(999,66,24,3506,4,127.7,510.8,'2016-10-21 00:00:00',1,140.6688405293641,562.6753621174564,NULL,0),(1000,66,25,3507,4,219.52,878.08,'2016-10-21 00:00:00',1,241.81381263121386,967.2552505248555,NULL,0),(1001,66,26,3508,1,36.23,36.23,'2016-10-21 00:00:00',1,39.90941340938811,39.90941340938811,NULL,0),(1002,66,27,3509,4,94.55,378.2,'2016-10-21 00:00:00',1,104.15222296046497,416.6088918418599,NULL,0),(1003,66,28,3510,12,13.14,157.68,'2016-10-21 00:00:00',1,14.474460176631515,173.69352211957818,NULL,0),(1004,66,29,3511,1,178.91,178.91,'2016-10-21 00:00:00',1,197.07957916294856,197.07957916294856,NULL,0),(1005,66,30,3512,8,47.18,377.44,'2016-10-21 00:00:00',1,51.97146355658104,415.77170845264834,NULL,0),(1006,66,31,3514,1,3.08,3.08,'2016-10-21 00:00:00',1,3.39279584048897,3.39279584048897,NULL,0),(1007,66,32,3515,1,14.11,14.11,'2016-10-21 00:00:00',1,15.542970554967326,15.542970554967326,NULL,0),(1008,66,33,3516,6,3.08,18.48,'2016-10-21 00:00:00',1,3.39279584048897,20.35677504293382,NULL,0),(1009,66,34,3517,1,16.48,16.48,'2016-10-21 00:00:00',1,18.153660860798126,18.153660860798126,NULL,0),(1010,66,35,3518,1,3.08,3.08,'2016-10-21 00:00:00',1,3.39279584048897,3.39279584048897,NULL,0),(1011,66,36,3519,1,607.94,607.94,'2016-10-21 00:00:00',1,669.6806179437872,669.6806179437872,NULL,0),(1012,66,37,3520,4,5.75,23,'2016-10-21 00:00:00',1,6.333953273640122,25.33581309456049,NULL,0),(1013,66,38,3521,4,112.57,450.28,'2016-10-21 00:00:00',1,124.00228174150757,496.0091269660303,NULL,0),(1014,66,39,3522,3,517.03,1551.09,'2016-10-21 00:00:00',1,569.5380627948091,1708.6141883844273,NULL,0),(1015,66,40,2761,6,10.08,60.480000000000004,'2016-10-21 00:00:00',1,11.103695477963901,66.6221728677834,NULL,0),(1016,66,41,2765,6,13.98,83.88,'2016-10-21 00:00:00',1,15.399768133128507,92.39860879877105,NULL,0),(1017,66,42,2763,6,9.65,57.900000000000006,'2016-10-21 00:00:00',1,10.630025928804727,63.78015557282836,NULL,0),(1018,66,43,2766,1,8.55,8.55,'2016-10-21 00:00:00',1,9.418313128630096,9.418313128630096,NULL,0),(1019,66,44,2768,6,13.98,83.88,'2016-10-21 00:00:00',1,15.399768133128507,92.39860879877105,NULL,0),(1020,66,45,2811,6,7.31,43.86,'2016-10-21 00:00:00',1,8.052382335705964,48.314294014235784,NULL,0),(1021,66,46,2812,6,7.31,43.86,'2016-10-21 00:00:00',1,8.052382335705964,48.314294014235784,NULL,0),(1022,66,47,2813,6,7.31,43.86,'2016-10-21 00:00:00',1,8.052382335705964,48.314294014235784,NULL,0),(1023,66,48,2814,6,7.31,43.86,'2016-10-21 00:00:00',1,8.052382335705964,48.314294014235784,NULL,0),(1024,66,49,2815,6,7.31,43.86,'2016-10-21 00:00:00',1,8.052382335705964,48.314294014235784,NULL,0),(1025,66,50,2816,6,7.31,43.86,'2016-10-21 00:00:00',1,8.052382335705964,48.314294014235784,NULL,0),(1026,66,51,2821,24,3.08,73.92,'2016-10-21 00:00:00',1,3.39279584048897,81.42710017173528,NULL,0),(1027,66,52,2837,6,308.43,1850.58,'2016-10-21 00:00:00',1,339.7532535980562,2038.519521588337,NULL,0),(1028,66,53,2838,12,25.69,308.28000000000003,'2016-10-21 00:00:00',1,28.299001669533002,339.58802003439604,NULL,0),(1029,66,54,2842,6,37.46,224.76,'2016-10-21 00:00:00',1,41.26432863140156,247.58597178840938,NULL,0),(1030,66,55,2847,24,117.7,2824.8,'2016-10-21 00:00:00',1,129.65326961868564,3111.6784708484556,NULL,0),(1031,66,56,2851,6,105.67,634.02,'2016-10-21 00:00:00',1,116.40153781313944,698.4092268788366,NULL,0),(1032,66,57,2852,6,91.25,547.5,'2016-10-21 00:00:00',1,100.51708455994107,603.1025073596464,NULL,0),(1033,66,58,2853,6,143.89,863.3399999999999,'2016-10-21 00:00:00',1,158.50304983375256,951.0182990025153,NULL,0),(1034,66,59,2854,6,123.83,742.98,'2016-10-21 00:00:00',1,136.40581458693154,818.4348875215892,NULL,0),(1035,66,60,2862,24,74.39,1785.3600000000001,'2016-10-21 00:00:00',1,81.94483200453716,1966.675968108892,NULL,0),(1036,66,61,2863,24,4.89,117.35999999999999,'2016-10-21 00:00:00',1,5.386614175321774,129.27874020772256,NULL,0),(1037,66,62,2876,12,4.85,58.199999999999996,'2016-10-21 00:00:00',1,5.34255189167906,64.11062270014872,NULL,0),(1038,66,63,2878,12,123.91,1486.92,NULL,0,136.49393915421697,1637.9272698506038,NULL,0),(1039,66,64,2873,24,6.26,150.24,NULL,0,6.895747390084725,165.49793736203338,NULL,0),(1040,66,65,2874,12,197.67,2372.04,NULL,0,217.74479019138138,2612.9374822965765,NULL,0),(1041,66,66,2880,24,82.5,1980,NULL,0,90.87846001309741,2181.0830403143377,NULL,0),(1042,66,67,2881,24,3.08,73.92,NULL,0,3.39279584048897,81.42710017173528,NULL,0),(1043,66,68,2890,12,32.46,389.52,NULL,0,35.75654317606233,429.07851811274793,NULL,0),(1044,66,69,2897,24,228.75,5490,NULL,0,251.9811845817701,6047.548429962482,NULL,0),(1045,66,70,2896,24,129.22,3101.2799999999997,NULL,0,142.34320730778722,3416.2369753868934,NULL,0),(1046,66,71,2898,48,4.85,232.79999999999998,NULL,0,5.34255189167906,256.4424908005949,NULL,0),(1047,66,72,2901,12,3.08,36.96,NULL,0,3.39279584048897,40.71355008586764,NULL,0),(1048,66,73,2902,6,3.08,18.48,NULL,0,3.39279584048897,20.35677504293382,NULL,0),(1049,66,74,2911,18,7.37,132.66,NULL,0,8.118475761170036,146.13256370106063,NULL,0),(1050,66,75,2912,6,14.98,89.88,NULL,0,16.501325224196354,99.00795134517813,NULL,0),(1051,66,76,2906,6,22.49,134.94,NULL,0,24.774018978115887,148.6441138686953,NULL,0),(1052,66,77,2916,1,71.29,71.29,NULL,0,78.53000502222685,78.53000502222685,NULL,0),(1053,66,78,2919,1,81.22,81.22,NULL,0,89.46846693653056,89.46846693653056,NULL,0),(1054,66,79,2923,1,124.65,124.65,NULL,0,137.3090914016072,137.3090914016072,NULL,0),(1055,66,80,2924,1,106.01,106.01,NULL,0,116.7760672241025,116.7760672241025,NULL,0),(1056,66,81,2926,1,94.25,94.25,NULL,0,103.82175583314462,103.82175583314462,NULL,0),(1057,66,82,2948,16,30.46,487.36,NULL,0,33.55342899392663,536.8548639028261,NULL,0),(1058,66,83,2960,6,18.23,109.38,NULL,0,20.081385770166857,120.48831462100114,NULL,0),(1059,66,84,2961,1,30.4,30.4,NULL,0,33.48733556846256,33.48733556846256,NULL,0),(1060,66,85,2962,1,51.63,51.63,NULL,0,56.87339261183296,56.87339261183296,NULL,0),(1061,66,86,2985,4,23.86,95.44,NULL,0,26.283152192878838,105.13260877151535,NULL,0),(1062,66,87,2987,2,3.08,6.16,NULL,0,3.39279584048897,6.78559168097794,NULL,0),(1063,66,88,2978,1,301.82,301.82,NULL,0,332.4719612260977,332.4719612260977,NULL,0),(1064,66,89,2980,3,4.65,13.950000000000001,NULL,0,5.1222404734654905,15.366721420396471,NULL,0),(1065,66,90,2981,1,128.28,128.28,NULL,0,141.30774364218345,141.30774364218345,NULL,0),(1066,66,91,2991,2,44.93,89.86,NULL,0,49.492960101678385,98.98592020335677,NULL,0),(1067,66,92,2992,2,12.25,24.5,NULL,0,13.494074365581131,26.988148731162262,NULL,0),(1068,66,93,3001,6,4.85,29.099999999999998,NULL,0,5.34255189167906,32.05531135007436,NULL,0),(1069,66,94,3002,6,4.85,29.099999999999998,NULL,0,5.34255189167906,32.05531135007436,NULL,0),(1070,66,95,3005,12,3.08,36.96,NULL,0,3.39279584048897,40.71355008586764,NULL,0),(1071,66,96,3008,6,4.85,29.099999999999998,NULL,0,5.34255189167906,32.05531135007436,NULL,0),(1072,66,97,3009,6,4.85,29.099999999999998,NULL,0,5.34255189167906,32.05531135007436,NULL,0),(1073,66,98,3024,12,4.89,58.67999999999999,NULL,0,5.386614175321774,64.63937010386128,NULL,0),(1074,66,99,3027,12,3.08,36.96,NULL,0,3.39279584048897,40.71355008586764,NULL,0),(1075,66,100,3028,12,4.85,58.199999999999996,NULL,0,5.34255189167906,64.11062270014872,NULL,0),(1076,66,101,3040,2,3.08,6.16,NULL,0,3.39279584048897,6.78559168097794,NULL,0),(1077,66,102,3576,1,3.08,3.08,NULL,0,3.39279584048897,3.39279584048897,NULL,0),(1078,66,103,3055,1,43.78,43.78,NULL,0,48.22616944695036,48.22616944695036,NULL,0),(1079,66,104,3064,1,3.08,3.08,NULL,0,3.39279584048897,3.39279584048897,NULL,0),(1080,66,105,3047,2,3.08,6.16,NULL,0,3.39279584048897,6.78559168097794,NULL,0),(1081,66,106,3048,1,22.09,22.09,NULL,0,24.33339614168875,24.33339614168875,NULL,0),(1082,66,107,3049,1,22.09,22.09,NULL,0,24.33339614168875,24.33339614168875,NULL,0),(1083,66,108,3050,1,28.61,28.61,NULL,0,31.515548375451115,31.515548375451115,NULL,0),(1084,66,109,3051,1,4.85,4.85,NULL,0,5.34255189167906,5.34255189167906,NULL,0),(1085,66,110,3056,2,3.08,6.16,NULL,0,3.39279584048897,6.78559168097794,NULL,0),(1086,66,111,3073,1,4.85,4.85,NULL,0,5.34255189167906,5.34255189167906,NULL,0),(1087,66,112,3069,1,46.61,46.61,NULL,0,51.343576014672365,51.343576014672365,NULL,0),(1088,66,113,3081,6,3.08,18.48,NULL,0,3.39279584048897,20.35677504293382,NULL,0),(1089,66,114,3084,6,3.08,18.48,NULL,0,3.39279584048897,20.35677504293382,NULL,0),(1090,66,115,3098,4,29.81,119.24,NULL,0,32.83741688473253,131.3496675389301,NULL,0),(1091,66,116,3093,3,6.85,20.549999999999997,NULL,0,7.545666073814754,22.636998221444262,NULL,0),(1092,66,117,3094,1,330.28,330.28,NULL,0,363.8222760378886,363.8222760378886,NULL,0),(1093,66,118,3095,1,51.92,51.92,NULL,0,57.19284416824264,57.19284416824264,NULL,0),(1094,66,119,3096,1,93.67,93.67,NULL,0,103.18285272032527,103.18285272032527,NULL,0),(1095,66,120,3097,2,19.88,39.76,NULL,0,21.898954970428804,43.79790994085761,NULL,0),(1096,66,121,3107,6,17.26,103.56,NULL,0,19.01287539183105,114.0772523509863,NULL,0),(1097,66,122,3108,2,4.85,9.7,NULL,0,5.34255189167906,10.68510378335812,NULL,0),(1098,66,123,3110,4,26.6,106.4,NULL,0,29.301418622404743,117.20567448961897,NULL,0),(1099,66,124,3122,2,15.03,30.06,NULL,0,16.556403078749746,33.11280615749949,NULL,0),(1100,66,125,3127,1,13.18,13.18,NULL,0,14.518522460274228,14.518522460274228,NULL,0),(1101,66,126,3128,2,330.28,660.56,NULL,0,363.8222760378886,727.6445520757773,NULL,0),(1102,66,127,3129,2,8.81,17.62,NULL,0,9.704717972307735,19.40943594461547,NULL,0),(1103,66,128,3159,1,3.08,3.08,NULL,0,3.39279584048897,3.39279584048897,NULL,0),(1104,66,129,3156,3,4.85,14.549999999999999,NULL,0,5.34255189167906,16.02765567503718,NULL,0),(1105,66,130,3157,4,4.85,19.4,NULL,0,5.34255189167906,21.37020756671624,NULL,0),(1106,66,131,3158,4,4.85,19.4,NULL,0,5.34255189167906,21.37020756671624,NULL,0),(1107,66,132,3186,1,35.87,35.87,NULL,0,39.512852856603686,39.512852856603686,NULL,0),(1108,66,133,3188,1,6.97,6.97,NULL,0,7.677852924742896,7.677852924742896,NULL,0),(1109,66,134,3192,1,8.34,8.34,NULL,0,9.186986139505848,9.186986139505848,NULL,0),(1110,66,135,3169,1,8.34,8.34,NULL,0,9.186986139505848,9.186986139505848,NULL,0),(1111,66,136,3170,1,9.29,9.29,NULL,0,10.233465376020302,10.233465376020302,NULL,0),(1112,66,137,3171,1,286.13,286.13,NULL,0,315.18853046724314,315.18853046724314,NULL,0),(1113,66,138,3174,1,39.61,39.61,NULL,0,43.632676377197434,43.632676377197434,NULL,0),(1114,66,139,3176,1,7.8,7.8,NULL,0,8.59214531032921,8.59214531032921,NULL,0),(1115,66,140,3179,1,45.32,45.32,NULL,0,49.922567367194844,49.922567367194844,NULL,0),(1116,66,141,3182,1,1104.82,1104.82,NULL,0,1217.022305353579,1217.022305353579,NULL,0),(1117,66,142,3183,1,33.77,33.77,NULL,0,37.19958296536121,37.19958296536121,NULL,0),(1118,66,143,3194,2,330.28,660.56,NULL,0,363.8222760378886,727.6445520757773,NULL,0),(1119,66,144,3196,2,8.81,17.62,NULL,0,9.704717972307735,19.40943594461547,NULL,0),(1120,66,145,3250,2,3.08,6.16,NULL,0,3.39279584048897,6.78559168097794,NULL,0),(1121,66,146,3224,1,12.25,12.25,NULL,0,13.494074365581131,13.494074365581131,NULL,0),(1122,66,147,3225,1,35.87,35.87,NULL,0,39.512852856603686,39.512852856603686,NULL,0),(1123,66,148,3228,2,3.08,6.16,NULL,0,3.39279584048897,6.78559168097794,NULL,0),(1124,66,149,3229,1,238.29,238.29,NULL,0,262.49003923055733,262.49003923055733,NULL,0),(1125,66,150,3232,1,22.58,22.58,NULL,0,24.873159116311992,24.873159116311992,NULL,0),(1126,66,151,3234,1,6.97,6.97,NULL,0,7.677852924742896,7.677852924742896,NULL,0),(1127,66,152,3236,1,9.29,9.29,NULL,0,10.233465376020302,10.233465376020302,NULL,0),(1128,66,153,3237,1,286.13,286.13,NULL,0,315.18853046724314,315.18853046724314,NULL,0),(1129,66,154,3238,1,39.61,39.61,NULL,0,43.632676377197434,43.632676377197434,NULL,0),(1130,66,155,3239,1,7.8,7.8,NULL,0,8.59214531032921,8.59214531032921,NULL,0),(1131,66,156,3240,1,45.32,45.32,NULL,0,49.922567367194844,49.922567367194844,NULL,0),(1132,66,157,3243,1,1104.82,1104.82,NULL,0,1217.022305353579,1217.022305353579,NULL,0),(1133,66,158,3244,1,33.77,33.77,NULL,0,37.19958296536121,37.19958296536121,NULL,0),(1134,66,159,3251,1,13.18,13.18,NULL,0,14.518522460274228,14.518522460274228,NULL,0),(1135,66,160,3254,2,8.81,17.62,NULL,0,9.704717972307735,19.40943594461547,NULL,0),(1136,66,161,3577,2,17.26,34.52,NULL,0,19.01287539183105,38.0257507836621,NULL,0),(1137,66,162,3578,2,26.6,53.2,NULL,0,29.301418622404743,58.602837244809486,NULL,0),(1138,66,163,3579,2,3.08,6.16,NULL,0,3.39279584048897,6.78559168097794,NULL,0),(1139,66,164,3580,2,4.85,9.7,NULL,0,5.34255189167906,10.68510378335812,NULL,0),(1158,91,10,NULL,NULL,NULL,22240,NULL,NULL,NULL,NULL,'MANTENIMIENTO DE 12000 HRS Y REPARACIÓN DE FUGA DE ACEITE ',0),(3325,93,0,2951,160,3.45,552,'2016-11-21 00:00:00',1,3.45,552,NULL,0),(3326,93,1,2924,1,118.78,118.78,'2016-11-21 00:00:00',1,118.78,118.78,NULL,0),(3327,93,2,2781,12,3.45,41.400000000000006,'2016-11-21 00:00:00',1,3.45,41.4,NULL,0),(3328,93,3,3178,2,36.08,72.16,'2016-11-21 00:00:00',1,36.08,72.16,NULL,0),(3329,93,4,3586,160,3.45,552,'2016-11-21 00:00:00',1,3.45,552,NULL,0),(3330,93,5,3235,1,189.94,189.94,'2016-11-21 00:00:00',1,189.94,189.94,NULL,0),(3331,93,6,2923,1,139.67,139.67,'2016-11-21 00:00:00',1,139.67,139.67,NULL,0),(3332,93,7,3272,3,3.45,10.350000000000001,'2016-11-21 00:00:00',1,3.45,10.35,NULL,0),(3333,93,8,3240,1,50.78,50.78,'2016-11-21 00:00:00',1,50.78,50.78,NULL,0),(3334,93,9,3110,4,29.8,119.2,'2016-11-21 00:00:00',1,29.8,119.2,NULL,0),(3335,93,10,2901,16,3.45,55.2,'2016-11-21 00:00:00',1,3.45,55.2,NULL,0),(3336,93,11,3084,8,3.45,27.6,'2016-11-21 00:00:00',1,3.45,27.6,NULL,0),(3337,93,12,3587,1,189.94,189.94,'2016-11-21 00:00:00',1,189.94,189.94,NULL,0),(3338,93,13,3122,2,16.84,33.68,'2016-11-21 00:00:00',1,16.84,33.68,NULL,0),(3339,93,14,3588,8,840.14,6721.12,'2016-11-21 00:00:00',1,840.14,6721.12,NULL,0),(3340,93,15,3589,16,28.78,460.48,'2016-11-21 00:00:00',1,28.78,460.48,NULL,0),(3341,93,16,2863,32,5.47,175.04,'2016-11-21 00:00:00',1,5.47,175.04,NULL,0),(3342,93,17,3590,1,3.45,3.45,'2016-11-21 00:00:00',1,3.45,3.45,NULL,0),(3343,93,18,3591,1,3.45,3.45,'2016-11-21 00:00:00',1,3.45,3.45,NULL,0),(3344,93,19,3089,8,3.45,27.6,'2016-11-21 00:00:00',1,3.45,27.6,NULL,0),(3345,93,20,3232,1,18.54,18.54,'2016-11-21 00:00:00',1,18.54,18.54,NULL,0),(3346,93,21,3592,17,101.44,1724.48,'2016-11-21 00:00:00',1,101.44,1724.48,NULL,0),(3347,93,22,3593,2,9.87,19.74,'2016-11-21 00:00:00',1,9.87,19.74,NULL,0),(3348,93,23,2836,8,1640.81,13126.48,'2016-11-21 00:00:00',1,1640.81,13126.48,NULL,0),(3349,93,24,3594,1,50.78,50.78,'2016-11-21 00:00:00',1,50.78,50.78,NULL,0),(3350,93,25,3595,1,28.21,28.21,'2016-11-21 00:00:00',1,28.21,28.21,NULL,0),(3351,93,26,3596,1,52.23,52.23,'2016-11-21 00:00:00',1,52.23,52.23,NULL,0),(3352,93,27,3597,1,44.38,44.38,'2016-11-21 00:00:00',1,44.38,44.38,NULL,0),(3353,93,28,3598,2,3.45,6.9,'2016-11-21 00:00:00',1,3.45,6.9,NULL,0),(3354,93,29,3056,2,3.45,6.9,'2016-11-21 00:00:00',1,3.45,6.9,NULL,0),(3355,93,30,2960,24,20.43,490.32,'2016-11-21 00:00:00',1,20.43,490.32,NULL,0),(3356,93,31,3170,1,10.41,10.41,'2016-11-21 00:00:00',1,10.41,10.41,NULL,0),(3357,93,32,2758,1,280.62,280.62,'2016-11-21 00:00:00',1,280.62,280.62,NULL,0),(3358,93,33,3153,1,1158.68,1158.68,'2016-11-21 00:00:00',1,1158.68,1158.68,NULL,0),(3359,93,34,3205,2,7.49,14.98,'2016-11-21 00:00:00',1,7.49,14.98,NULL,0),(3360,93,35,3599,8,3.45,27.6,'2016-11-21 00:00:00',1,3.45,27.6,NULL,0),(3361,93,36,3600,16,3.45,55.2,'2016-11-21 00:00:00',1,3.45,55.2,NULL,0),(3362,93,37,3601,16,3.45,55.2,'2016-11-21 00:00:00',1,3.45,55.2,NULL,0),(3363,93,38,3209,8,3.45,27.6,'2016-11-21 00:00:00',1,3.45,27.6,NULL,0),(3364,93,39,3602,1,10.41,10.41,'2016-11-21 00:00:00',1,10.41,10.41,NULL,0),(3365,93,40,3603,2,3.45,6.9,'2016-11-21 00:00:00',1,3.45,6.9,NULL,0),(3366,93,41,3604,8,966.66,7733.28,'2016-11-21 00:00:00',1,966.66,7733.28,NULL,0),(3367,93,42,3605,1,42.42,42.42,'2016-11-21 00:00:00',1,42.42,42.42,NULL,0),(3368,93,43,3606,1,3.45,3.45,'2016-11-21 00:00:00',1,3.45,3.45,NULL,0),(3369,93,44,2880,32,92.44,2958.08,'2016-11-21 00:00:00',1,92.44,2958.08,NULL,0),(3370,93,45,3607,8,47.52,380.16,'2016-11-21 00:00:00',1,47.52,380.16,NULL,0),(3371,93,46,3608,8,41.97,335.76,'2016-11-21 00:00:00',1,41.97,335.76,NULL,0),(3372,93,47,3609,1,24.75,24.75,'2016-11-21 00:00:00',1,24.75,24.75,NULL,0),(3373,93,48,3610,4,6.36,25.44,'2016-11-21 00:00:00',1,6.36,25.44,NULL,0),(3374,93,49,3611,2,3.45,6.9,'2016-11-21 00:00:00',1,3.45,6.9,NULL,0),(3375,93,50,3081,8,3.45,27.6,'2016-11-21 00:00:00',1,3.45,27.6,NULL,0),(3376,93,51,3612,2,1994.34,3988.68,'2016-11-21 00:00:00',1,1994.34,3988.68,NULL,0),(3377,93,52,3613,2,3.45,6.9,'2016-11-21 00:00:00',1,3.45,6.9,NULL,0),(3378,93,53,3614,1,40.19,40.19,'2016-11-21 00:00:00',1,40.19,40.19,NULL,0),(3379,93,54,2763,8,10.81,86.48,'2016-11-21 00:00:00',1,10.81,86.48,NULL,0),(3380,93,55,3615,3,7.67,23.009999999999998,'2016-11-21 00:00:00',1,7.67,23.01,NULL,0),(3381,93,56,3239,1,8.74,8.74,'2016-11-21 00:00:00',1,8.74,8.74,NULL,0),(3382,93,57,3088,8,5.43,43.44,'2016-11-21 00:00:00',1,5.43,43.44,NULL,0),(3383,93,58,2926,1,105.61,105.61,'2016-11-21 00:00:00',1,105.61,105.61,NULL,0),(3384,93,59,3201,17,101.44,1724.48,'2016-11-21 00:00:00',1,101.44,1724.48,NULL,0),(3385,93,60,2906,8,25.2,201.6,'2016-11-21 00:00:00',1,25.2,201.6,NULL,0),(3386,93,61,3616,1,14.76,14.76,'2016-11-21 00:00:00',1,14.76,14.76,NULL,0),(3387,93,62,3216,2,3.45,6.9,'2016-11-21 00:00:00',1,3.45,6.9,NULL,0),(3388,93,63,2900,8,176.68,1413.44,'2016-11-21 00:00:00',1,176.68,1413.44,NULL,0),(3389,93,64,3238,1,44.38,44.38,'2016-11-21 00:00:00',1,44.38,44.38,NULL,0),(3390,93,65,2916,1,79.88,79.88,'2016-11-21 00:00:00',1,79.88,79.88,NULL,0),(3391,93,66,3617,4,3.45,13.8,'2016-11-21 00:00:00',1,3.45,13.8,NULL,0),(3392,93,67,3244,1,37.83,37.83,'2016-11-21 00:00:00',1,37.83,37.83,NULL,0),(3393,93,68,2919,1,91.01,91.01,'2016-11-21 00:00:00',1,91.01,91.01,NULL,0),(3394,93,69,3176,1,8.74,8.74,'2016-11-21 00:00:00',1,8.74,8.74,NULL,0),(3395,93,70,2947,8,12.8,102.4,'2016-11-21 00:00:00',1,12.8,102.4,NULL,0),(3396,93,71,3224,1,13.72,13.72,'2016-11-21 00:00:00',1,13.72,13.72,NULL,0),(3397,93,72,3192,1,9.34,9.34,'2016-11-21 00:00:00',1,9.34,9.34,NULL,0),(3398,93,73,2783,2,183.75,367.5,'2016-11-21 00:00:00',1,183.75,367.5,NULL,0),(3399,93,74,2878,16,138.84,2221.44,'2016-11-21 00:00:00',1,138.84,2221.44,NULL,0),(3400,93,75,3234,1,7.8,7.8,'2016-11-21 00:00:00',1,7.8,7.8,NULL,0),(3401,93,76,3107,6,19.33,115.97999999999999,'2016-11-21 00:00:00',1,19.33,115.98,NULL,0),(3402,93,77,3169,1,9.34,9.34,'2016-11-21 00:00:00',1,9.34,9.34,NULL,0),(3403,93,78,3182,1,1237.97,1237.97,'2016-11-21 00:00:00',1,1237.97,1237.97,NULL,0),(3404,93,79,3618,32,3.45,110.4,'2016-11-21 00:00:00',1,3.45,110.4,NULL,0),(3405,93,80,2890,16,36.37,581.92,'2016-11-21 00:00:00',1,36.37,581.92,NULL,0),(3406,93,81,3196,2,9.87,19.74,'2016-11-21 00:00:00',1,9.87,19.74,NULL,0),(3407,93,82,2898,64,5.43,347.52,'2016-11-21 00:00:00',1,5.43,347.52,NULL,0),(3408,93,83,3619,8,5771,46168,'2016-11-21 00:00:00',1,5771,46168,NULL,0),(3409,93,84,3218,4,410.08,1640.32,'2016-11-21 00:00:00',1,410.08,1640.32,NULL,0),(3410,93,85,3620,16,221.49,3543.84,'2016-11-21 00:00:00',1,221.49,3543.84,NULL,0),(3411,93,86,3621,1,42.42,42.42,'2016-11-21 00:00:00',1,42.42,42.42,NULL,0),(3412,93,87,3051,1,5.43,5.43,'2016-11-21 00:00:00',1,5.43,5.43,NULL,0),(3413,93,88,3243,1,1237.97,1237.97,'2016-11-21 00:00:00',1,1237.97,1237.97,NULL,0),(3414,93,89,3186,1,40.19,40.19,'2016-11-21 00:00:00',1,40.19,40.19,NULL,0),(3415,93,90,3145,1,15.28,15.28,'2016-11-21 00:00:00',1,15.28,15.28,NULL,0),(3416,93,91,3622,1,3211.28,3211.28,'2016-11-21 00:00:00',1,3211.28,3211.28,NULL,0),(3417,93,92,2761,8,11.29,90.32,'2016-11-21 00:00:00',1,11.29,90.32,NULL,0),(3418,93,93,3580,2,5.43,10.86,'2016-11-21 00:00:00',1,5.43,10.86,NULL,0),(3419,93,94,3064,1,3.45,3.45,'2016-11-21 00:00:00',1,3.45,3.45,NULL,0),(3420,93,95,2897,32,256.32,8202.24,'2016-11-21 00:00:00',1,256.32,8202.24,NULL,0),(3421,93,96,3188,1,7.8,7.8,'2016-11-21 00:00:00',1,7.8,7.8,NULL,0),(3422,93,97,2896,32,176.68,5653.76,'2016-11-21 00:00:00',1,176.68,5653.76,NULL,0),(3423,93,98,3623,1,435.57,435.57,'2016-11-21 00:00:00',1,435.57,435.57,NULL,0),(3424,93,99,3262,2,410.08,820.16,'2016-11-21 00:00:00',1,410.08,820.16,NULL,0),(3425,93,100,3251,1,14.76,14.76,'2016-11-21 00:00:00',1,14.76,14.76,NULL,0),(3426,93,101,3073,1,5.43,5.43,'2016-11-21 00:00:00',1,5.43,5.43,NULL,0),(3427,93,102,3577,2,19.34,38.68,'2016-11-21 00:00:00',1,19.34,38.68,NULL,0),(3428,93,103,2912,8,16.78,134.24,'2016-11-21 00:00:00',1,16.78,134.24,NULL,0),(3429,93,104,2911,24,8.25,198,'2016-11-21 00:00:00',1,8.25,198,NULL,0),(3430,93,105,2959,16,5.43,86.88,'2016-11-21 00:00:00',1,5.43,86.88,NULL,0),(3431,93,106,3048,1,24.75,24.75,'2016-11-21 00:00:00',1,24.75,24.75,NULL,0),(3432,93,107,3159,2,3.45,6.9,'2016-11-21 00:00:00',1,3.45,6.9,NULL,0),(3433,93,108,2752,1,441.43,441.43,'2016-11-21 00:00:00',1,441.43,441.43,NULL,0),(3434,93,109,3229,1,207.19,207.19,'2016-11-21 00:00:00',1,207.19,207.19,NULL,0),(3435,93,110,2786,66,3.45,227.70000000000002,'2016-11-21 00:00:00',1,3.45,227.7,NULL,0),(3436,93,111,2792,1,4130.02,4130.02,'2016-11-21 00:00:00',1,4130.02,4130.02,NULL,0),(3437,93,112,3028,16,5.43,86.88,'2016-11-21 00:00:00',1,5.43,86.88,NULL,0),(3438,93,113,3183,1,37.83,37.83,'2016-11-21 00:00:00',1,37.83,37.83,NULL,0),(3439,93,114,3271,10,3.45,34.5,'2016-11-21 00:00:00',1,3.45,34.5,NULL,0),(3440,93,115,3127,1,14.76,14.76,'2016-11-21 00:00:00',1,14.76,14.76,NULL,0),(3441,93,116,3237,1,320.61,320.61,'2016-11-21 00:00:00',1,320.61,320.61,NULL,0),(3442,93,117,3270,2,5.43,10.86,'2016-11-21 00:00:00',1,5.43,10.86,NULL,0),(3443,93,118,2768,8,15.66,125.28,'2016-11-21 00:00:00',1,15.66,125.28,NULL,0),(3444,93,119,3119,32,101.44,3246.08,'2016-11-21 00:00:00',1,101.44,3246.08,NULL,0),(3445,93,120,3118,30,101.44,3043.2,'2016-11-21 00:00:00',1,101.44,3043.2,NULL,0),(3446,93,121,2815,4,8.19,32.76,'2016-11-21 00:00:00',1,8.19,32.76,NULL,0),(3447,93,122,2750,8,149.18,1193.44,'2016-11-21 00:00:00',1,149.18,1193.44,NULL,0),(3448,93,123,3023,8,676.39,5411.12,'2016-11-21 00:00:00',1,676.39,5411.12,NULL,0),(3449,93,124,2902,16,3.45,55.2,'2016-11-21 00:00:00',1,3.45,55.2,NULL,0),(3450,93,125,2948,18,34.06,613.08,'2016-11-21 00:00:00',1,34.06,613.08,NULL,0),(3451,93,126,3097,2,22.28,44.56,'2016-11-21 00:00:00',1,22.28,44.56,NULL,0),(3452,93,127,3148,9,5.43,48.87,'2016-11-21 00:00:00',1,5.43,48.87,NULL,0),(3453,93,128,3098,5,33.4,167,'2016-11-21 00:00:00',1,33.4,167,NULL,0),(3454,93,129,3067,1,43.36,43.36,'2016-11-21 00:00:00',1,43.36,43.36,NULL,0),(3455,93,130,2751,9,636.05,5724.45,'2016-11-21 00:00:00',1,636.05,5724.45,NULL,0),(3456,93,131,3171,1,320.61,320.61,'2016-11-21 00:00:00',1,320.61,320.61,NULL,0),(3457,93,132,2766,1,9.58,9.58,'2016-11-21 00:00:00',1,9.58,9.58,NULL,0),(3458,93,133,3154,3,25.28,75.84,'2016-11-21 00:00:00',1,25.28,75.84,NULL,0),(3459,93,134,2873,32,7.01,224.32,'2016-11-21 00:00:00',1,7.01,224.32,NULL,0),(3460,93,135,2876,8,5.43,43.44,'2016-11-21 00:00:00',1,5.43,43.44,NULL,0),(3461,93,136,3027,16,3.45,55.2,'2016-11-21 00:00:00',1,3.45,55.2,NULL,0),(3462,93,137,2859,8,102.24,817.92,'2016-11-21 00:00:00',1,102.24,817.92,NULL,0),(3463,93,138,2860,8,161.23,1289.84,'2016-11-21 00:00:00',1,161.23,1289.84,NULL,0),(3464,93,139,2858,8,207.7,1661.6,'2016-11-21 00:00:00',1,207.7,1661.6,NULL,0),(3465,93,140,2765,8,15.66,125.28,'2016-11-21 00:00:00',1,15.66,125.28,NULL,0),(3466,93,141,3155,1,25.28,25.28,'2016-11-21 00:00:00',1,25.28,25.28,NULL,0),(3467,93,142,2837,8,345.6,2764.8,'2016-11-21 00:00:00',1,345.6,2764.8,NULL,0),(3468,93,143,3273,8,50.2,401.6,'2016-11-21 00:00:00',1,50.2,401.6,NULL,0),(3469,93,144,3194,2,370.09,740.18,'2016-11-21 00:00:00',1,370.09,740.18,NULL,0),(3470,93,145,3128,2,370.09,740.18,'2016-11-21 00:00:00',1,370.09,740.18,NULL,0),(3471,93,146,3254,2,9.87,19.74,'2016-11-21 00:00:00',1,9.87,19.74,NULL,0),(3472,93,147,2861,8,138.75,1110,'2016-11-21 00:00:00',1,138.75,1110,NULL,0),(3473,93,148,2941,1,178.92,178.92,'2016-11-21 00:00:00',1,178.92,178.92,NULL,0),(3474,93,149,3152,1,163.2,163.2,'2016-11-21 00:00:00',1,163.2,163.2,NULL,0),(3475,93,150,2811,4,8.19,32.76,'2016-11-21 00:00:00',1,8.19,32.76,NULL,0),(3476,93,151,2862,32,83.35,2667.2,'2016-11-21 00:00:00',1,83.35,2667.2,NULL,0),(3477,93,152,2814,4,8.19,32.76,'2016-11-21 00:00:00',1,8.19,32.76,NULL,0),(3478,93,153,2812,4,8.19,32.76,'2016-11-21 00:00:00',1,8.19,32.76,NULL,0),(3479,93,154,3099,1,3.45,3.45,'2016-11-21 00:00:00',1,3.45,3.45,NULL,0),(3480,93,155,2813,4,8.19,32.76,'2016-11-21 00:00:00',1,8.19,32.76,NULL,0),(3481,93,156,2857,16,3.45,55.2,'2016-11-21 00:00:00',1,3.45,55.2,NULL,0),(3482,93,157,2798,9,82,738,'2016-11-21 00:00:00',1,82,738,NULL,0),(3483,93,158,3095,1,57.16,57.16,'2016-11-21 00:00:00',1,57.16,57.16,NULL,0),(3484,93,159,3096,1,104.96,104.96,'2016-11-21 00:00:00',1,104.96,104.96,NULL,0),(3485,93,160,3094,1,370.08,370.08,'2016-11-21 00:00:00',1,370.08,370.08,NULL,0),(3486,93,161,2943,1,3.45,3.45,'2016-11-21 00:00:00',1,3.45,3.45,NULL,0),(3487,93,162,2881,32,3.45,110.4,'2016-11-21 00:00:00',1,3.45,110.4,NULL,0),(3488,93,163,2827,16,730,11680,'2016-11-21 00:00:00',1,730,11680,NULL,0),(3489,93,164,2805,8,22.31,178.48,'2016-11-21 00:00:00',1,22.31,178.48,NULL,0),(3490,93,165,2819,16,143.58,2297.28,'2016-11-21 00:00:00',1,143.58,2297.28,NULL,0),(3491,93,166,3625,8,3562.93,28503.44,'2016-11-21 00:00:00',1,3562.93,28503.44,NULL,0),(3492,93,167,3022,8,1475.68,11805.44,'2016-11-21 00:00:00',1,1475.68,11805.44,NULL,0),(3493,93,168,2816,4,8.19,32.76,'2016-11-21 00:00:00',1,8.19,32.76,NULL,0),(3494,93,169,3223,3,7.84,23.52,'2016-11-21 00:00:00',1,7.84,23.52,NULL,0),(3495,93,170,3113,2,3.45,6.9,'2016-11-21 00:00:00',1,3.45,6.9,NULL,0),(3496,93,171,3233,1,3840.44,3840.44,'2016-11-21 00:00:00',1,3840.44,3840.44,NULL,0),(3497,93,172,3627,9,366.63,3299.67,'2016-11-21 00:00:00',1,366.63,3299.67,NULL,0),(3498,93,173,2754,8,486.26,3890.08,'2016-11-21 00:00:00',1,486.26,3890.08,NULL,0),(3499,93,174,3628,1,4928.11,4928.11,'2016-11-21 00:00:00',1,4928.11,4928.11,NULL,0),(3500,93,175,3629,1,6053.7,6053.7,'2017-05-08 00:00:00',1,6053.7,6053.7,NULL,0),(3501,93,176,2787,1,4130.02,4130.02,NULL,0,4130.02,4130.02,NULL,0),(3502,93,177,3630,1,2463.19,2463.19,'2016-11-21 00:00:00',1,2463.19,2463.19,NULL,0),(3503,93,178,3631,1,824.62,824.62,'2016-11-21 00:00:00',1,824.62,824.62,NULL,0),(3504,93,179,3632,1,2227.04,2227.04,'2016-11-21 00:00:00',1,2227.04,2227.04,NULL,0),(3505,93,180,3633,56,3.45,193.20000000000002,'2016-11-21 00:00:00',1,3.45,193.2,NULL,0),(3506,93,181,2889,8,925.29,7402.32,'2016-11-21 00:00:00',1,925.29,7402.32,NULL,0),(3507,93,182,3634,6,3.45,20.700000000000003,'2016-11-21 00:00:00',1,3.45,20.7,NULL,0),(3508,93,183,2790,6,4130.02,24780.120000000003,'2017-03-13 00:00:00',1,4130.02,24780.12,NULL,0),(3509,93,184,3168,1,12236.68,12236.68,NULL,0,12236.68,12236.68,NULL,0),(3510,93,185,3222,1,19874.47,19874.47,'2016-11-21 00:00:00',1,19874.47,19874.47,NULL,0),(3511,93,186,2875,8,268.56,2148.48,'2016-11-21 00:00:00',1,268.56,2148.48,NULL,0),(3512,93,187,3635,8,579.51,4636.08,'2016-12-19 00:00:00',1,579.51,4636.08,NULL,0),(3513,93,188,3636,1,3.45,3.45,'2016-11-21 00:00:00',1,3.45,3.45,NULL,0),(3514,93,189,3637,1,3.45,3.45,'2016-11-21 00:00:00',1,3.45,3.45,NULL,0),(3515,93,190,3638,2,193.63,387.26,'2016-11-21 00:00:00',1,193.63,387.26,NULL,0),(3516,93,191,3639,3,192.88,578.64,'2016-11-21 00:00:00',1,192.88,578.64,NULL,0),(3517,93,192,3282,2,192.88,385.76,'2016-11-21 00:00:00',1,192.88,385.76,NULL,0),(3518,93,193,3284,2,193.4,386.8,'2016-11-21 00:00:00',1,193.4,386.8,NULL,0),(3519,93,194,3640,2,192.88,385.76,'2016-11-21 00:00:00',1,192.88,385.76,NULL,0),(3520,93,195,3641,1,192.88,192.88,'2016-11-21 00:00:00',1,192.88,192.88,NULL,0),(3521,93,196,3287,2,192.88,385.76,'2016-11-21 00:00:00',1,192.88,385.76,NULL,0),(3923,94,0,2951,160,3.08,492.8,'2016-11-21 00:00:00',1,3.45,552,NULL,0),(3924,94,1,2924,1,106.01,106.01,'2016-11-21 00:00:00',1,118.79,118.79,NULL,0),(3925,94,2,2781,12,3.08,36.96,'2016-11-21 00:00:00',1,3.45,41.4,NULL,0),(3926,94,3,3178,2,32.2,64.4,'2016-11-29 00:00:00',1,36.08,72.16,NULL,0),(3927,94,4,2886,8,140.29,1122.32,'2016-11-21 00:00:00',1,157.2,1257.6,NULL,0),(3928,94,5,3586,160,3.08,492.8,'2016-11-21 00:00:00',1,3.45,552,NULL,0),(3929,94,6,3235,1,169.52,169.52,'2016-11-21 00:00:00',1,189.95,189.95,NULL,0),(3930,94,7,2923,1,124.65,124.65,'2016-11-21 00:00:00',1,139.67,139.67,NULL,0),(3931,94,8,2885,8,140.29,1122.32,'2016-11-21 00:00:00',1,157.2,1257.6,NULL,0),(3932,94,9,3272,3,3.08,9.24,'2016-11-21 00:00:00',1,3.45,10.35,NULL,0),(3933,94,10,3240,1,45.32,45.32,'2016-11-21 00:00:00',1,50.78,50.78,NULL,0),(3934,94,11,3110,4,26.6,106.4,'2016-11-21 00:00:00',1,29.81,119.24,NULL,0),(3935,94,12,2901,16,3.08,49.28,'2016-11-21 00:00:00',1,3.45,55.2,NULL,0),(3936,94,13,3084,8,3.08,24.64,'2016-11-21 00:00:00',1,3.45,27.6,NULL,0),(3937,94,14,3587,1,169.52,169.52,'2016-11-21 00:00:00',1,189.95,189.95,NULL,0),(3938,94,15,3122,2,15.03,30.06,'2016-11-21 00:00:00',1,16.84,33.68,NULL,0),(3939,94,16,3588,8,749.78,5998.24,'2016-11-21 00:00:00',1,840.14,6721.12,NULL,0),(3940,94,17,3589,16,25.69,411.04,'2016-11-21 00:00:00',1,28.79,460.64,NULL,0),(3941,94,18,2863,32,4.89,156.48,'2016-11-21 00:00:00',1,5.48,175.36,NULL,0),(3942,94,19,3590,1,3.08,3.08,'2016-11-21 00:00:00',1,3.45,3.45,NULL,0),(3943,94,20,3591,1,3.08,3.08,'2016-11-21 00:00:00',1,3.45,3.45,NULL,0),(3944,94,21,3089,8,3.08,24.64,'2016-11-21 00:00:00',1,3.45,27.6,NULL,0),(3945,94,22,3232,1,16.55,16.55,'2016-11-21 00:00:00',1,18.54,18.54,NULL,0),(3946,94,23,3592,17,90.53,1539.01,'2016-11-21 00:00:00',1,101.44,1724.48,NULL,0),(3947,94,24,3593,2,8.81,17.62,'2016-11-21 00:00:00',1,9.87,19.74,NULL,0),(3948,94,25,2836,8,1464.33,11714.64,'2016-11-21 00:00:00',1,1640.8,13126.4,NULL,0),(3949,94,26,3594,1,45.32,45.32,'2016-11-21 00:00:00',1,50.78,50.78,NULL,0),(3950,94,27,3595,1,25.18,25.18,'2016-11-21 00:00:00',1,28.21,28.21,NULL,0),(3951,94,28,3596,1,46.61,46.61,'2016-11-21 00:00:00',1,52.23,52.23,NULL,0),(3952,94,29,3597,1,39.61,39.61,'2016-11-21 00:00:00',1,44.38,44.38,NULL,0),(3953,94,30,3598,2,3.08,6.16,'2016-11-21 00:00:00',1,3.45,6.9,NULL,0),(3954,94,31,3056,2,3.08,6.16,'2016-11-21 00:00:00',1,3.45,6.9,NULL,0),(3955,94,32,2960,24,18.23,437.52,'2016-11-21 00:00:00',1,20.43,490.32,NULL,0),(3956,94,33,3170,1,9.29,9.29,'2016-11-21 00:00:00',1,10.41,10.41,NULL,0),(3957,94,34,2758,1,250.44,250.44,'2016-11-21 00:00:00',1,280.62,280.62,NULL,0),(3958,94,35,3153,1,1034.06,1034.06,'2016-11-21 00:00:00',1,1158.68,1158.68,NULL,0),(3959,94,36,3205,2,6.68,13.36,'2016-11-21 00:00:00',1,7.49,14.98,NULL,0),(3960,94,37,3599,8,3.08,24.64,'2016-11-21 00:00:00',1,3.45,27.6,NULL,0),(3961,94,38,3600,16,3.08,49.28,'2016-11-21 00:00:00',1,3.45,55.2,NULL,0),(3962,94,39,3601,16,3.08,49.28,'2016-11-21 00:00:00',1,3.45,55.2,NULL,0),(3963,94,40,3209,8,3.08,24.64,'2016-11-21 00:00:00',1,3.45,27.6,NULL,0),(3964,94,41,3602,1,9.29,9.29,'2016-11-21 00:00:00',1,10.41,10.41,NULL,0),(3965,94,42,3603,2,3.08,6.16,'2016-11-21 00:00:00',1,3.45,6.9,NULL,0),(3966,94,43,3604,8,862.69,6901.52,'2016-11-21 00:00:00',1,966.65,7733.2,NULL,0),(3967,94,44,3605,1,37.86,37.86,'2016-11-21 00:00:00',1,42.42,42.42,NULL,0),(3968,94,45,3606,1,3.08,3.08,'2016-11-21 00:00:00',1,3.45,3.45,NULL,0),(3969,94,46,2880,32,82.5,2640,'2016-11-21 00:00:00',1,92.44,2958.08,NULL,0),(3970,94,47,3607,8,42.41,339.28,'2016-11-21 00:00:00',1,47.52,380.16,NULL,0),(3971,94,48,3608,8,37.46,299.68,'2016-11-21 00:00:00',1,41.97,335.76,NULL,0),(3972,94,49,3609,1,22.09,22.09,'2016-11-21 00:00:00',1,24.75,24.75,NULL,0),(3973,94,50,3610,4,5.68,22.72,'2016-11-21 00:00:00',1,6.36,25.44,NULL,0),(3974,94,51,3611,2,3.08,6.16,'2016-11-21 00:00:00',1,3.45,6.9,NULL,0),(3975,94,52,3081,8,3.08,24.64,'2016-11-21 00:00:00',1,3.45,27.6,NULL,0),(3976,94,53,3612,2,1779.84,3559.68,'2016-11-21 00:00:00',1,1994.33,3988.66,NULL,0),(3977,94,54,3613,2,3.08,6.16,'2016-11-21 00:00:00',1,3.45,6.9,NULL,0),(3978,94,55,3614,1,35.87,35.87,'2016-11-21 00:00:00',1,40.19,40.19,NULL,0),(3979,94,56,2763,8,9.65,77.2,'2016-11-21 00:00:00',1,10.81,86.48,NULL,0),(3980,94,57,3615,3,6.85,20.549999999999997,'2016-11-21 00:00:00',1,7.68,23.04,NULL,0),(3981,94,58,3239,1,7.8,7.8,'2016-11-21 00:00:00',1,8.74,8.74,NULL,0),(3982,94,59,3088,8,4.85,38.8,'2016-11-21 00:00:00',1,5.43,43.44,NULL,0),(3983,94,60,2926,1,94.25,94.25,'2016-11-21 00:00:00',1,105.61,105.61,NULL,0),(3984,94,61,3201,17,90.53,1539.01,'2016-11-21 00:00:00',1,101.44,1724.48,NULL,0),(3985,94,62,2906,8,22.49,179.92,'2016-11-21 00:00:00',1,25.2,201.6,NULL,0),(3986,94,63,3616,1,13.18,13.18,'2016-11-21 00:00:00',1,14.77,14.77,NULL,0),(3987,94,64,3216,2,3.08,6.16,'2016-11-21 00:00:00',1,3.45,6.9,NULL,0),(3988,94,65,2900,8,157.68,1261.44,'2016-11-21 00:00:00',1,176.68,1413.44,NULL,0),(3989,94,66,3238,1,39.61,39.61,'2016-11-21 00:00:00',1,44.38,44.38,NULL,0),(3990,94,67,2916,1,71.29,71.29,'2016-11-21 00:00:00',1,79.88,79.88,NULL,0),(3991,94,68,3617,4,3.08,12.32,'2016-11-21 00:00:00',1,3.45,13.8,NULL,0),(3992,94,69,2840,1,3681.2,3681.2,'2016-11-21 00:00:00',1,4124.83,4124.83,NULL,0),(3993,94,70,3244,1,33.77,33.77,'2016-11-21 00:00:00',1,37.84,37.84,NULL,0),(3994,94,71,2919,1,81.22,81.22,'2016-11-21 00:00:00',1,91.01,91.01,NULL,0),(3995,94,72,3176,1,7.8,7.8,'2016-11-21 00:00:00',1,8.74,8.74,NULL,0),(3996,94,73,2947,8,11.43,91.44,'2016-11-21 00:00:00',1,12.81,102.48,NULL,0),(3997,94,74,3224,1,12.25,12.25,'2016-11-21 00:00:00',1,13.73,13.73,NULL,0),(3998,94,75,3192,1,8.34,8.34,'2016-11-21 00:00:00',1,9.35,9.35,NULL,0),(3999,94,76,2783,2,163.98,327.96,'2016-11-21 00:00:00',1,183.74,367.48,NULL,0),(4000,94,77,2878,16,123.91,1982.56,'2016-11-21 00:00:00',1,138.84,2221.44,NULL,0),(4001,94,78,3234,1,6.97,6.97,'2016-11-21 00:00:00',1,7.81,7.81,NULL,0),(4002,94,79,3107,8,17.26,138.08,'2016-11-21 00:00:00',1,19.34,154.72,NULL,0),(4003,94,80,3169,1,8.34,8.34,'2016-11-21 00:00:00',1,9.35,9.35,NULL,0),(4004,94,81,3182,1,1104.82,1104.82,'2016-11-21 00:00:00',1,1237.96,1237.96,NULL,0),(4005,94,82,3618,32,3.08,98.56,'2016-11-21 00:00:00',1,3.45,110.4,NULL,0),(4006,94,83,2890,16,32.46,519.36,'2016-11-21 00:00:00',1,36.37,581.92,NULL,0),(4007,94,84,3196,2,8.81,17.62,'2016-11-21 00:00:00',1,9.87,19.74,NULL,0),(4008,94,85,2898,64,4.85,310.4,'2016-11-21 00:00:00',1,5.43,347.52,NULL,0),(4009,94,86,3619,8,5150.29,41202.32,'2016-11-21 00:00:00',1,5770.96,46167.68,NULL,0),(4010,94,87,3218,4,365.97,1463.88,'2016-11-21 00:00:00',1,410.07,1640.28,NULL,0),(4011,94,88,3620,16,197.67,3162.72,'2016-11-21 00:00:00',1,221.49,3543.84,NULL,0),(4012,94,89,3621,1,37.86,37.86,'2016-11-21 00:00:00',1,42.42,42.42,NULL,0),(4013,94,90,3051,1,4.85,4.85,'2016-11-21 00:00:00',1,5.43,5.43,NULL,0),(4014,94,91,3243,1,1104.82,1104.82,'2016-11-21 00:00:00',1,1237.96,1237.96,NULL,0),(4015,94,92,3186,1,35.87,35.87,'2016-11-21 00:00:00',1,40.19,40.19,NULL,0),(4016,94,93,3145,1,13.64,13.64,'2016-11-21 00:00:00',1,15.28,15.28,NULL,0),(4017,94,94,3622,1,2865.89,2865.89,'2016-11-21 00:00:00',1,3211.26,3211.26,NULL,0),(4018,94,95,2761,8,10.08,80.64,'2016-11-21 00:00:00',1,11.29,90.32,NULL,0),(4019,94,96,3580,2,4.85,9.7,'2016-11-21 00:00:00',1,5.43,10.86,NULL,0),(4020,94,97,3064,1,3.08,3.08,'2016-11-21 00:00:00',1,3.45,3.45,NULL,0),(4021,94,98,2897,32,228.75,7320,'2016-11-21 00:00:00',1,256.32,8202.24,NULL,0),(4022,94,99,3188,1,6.97,6.97,'2016-11-21 00:00:00',1,7.81,7.81,NULL,0),(4023,94,100,2896,32,157.68,5045.76,'2016-11-21 00:00:00',1,176.68,5653.76,NULL,0),(4024,94,101,3623,1,388.73,388.73,'2016-11-21 00:00:00',1,435.58,435.58,NULL,0),(4025,94,102,3262,2,365.97,731.94,'2016-12-08 00:00:00',1,410.07,820.14,NULL,0),(4026,94,103,3251,1,13.18,13.18,'2016-11-21 00:00:00',1,14.77,14.77,NULL,0),(4027,94,104,3073,1,4.85,4.85,'2016-11-21 00:00:00',1,5.43,5.43,NULL,0),(4028,94,105,3577,2,17.26,34.52,'2016-11-21 00:00:00',1,19.34,38.68,NULL,0),(4029,94,106,2912,8,14.98,119.84,'2016-11-21 00:00:00',1,16.79,134.32,NULL,0),(4030,94,107,2911,24,7.37,176.88,'2016-11-21 00:00:00',1,8.26,198.24,NULL,0),(4031,94,108,2959,16,4.85,77.6,'2016-11-21 00:00:00',1,5.43,86.88,NULL,0),(4032,94,109,3048,1,22.09,22.09,'2016-11-21 00:00:00',1,24.75,24.75,NULL,0),(4033,94,110,3159,2,3.08,6.16,'2016-11-21 00:00:00',1,3.45,6.9,NULL,0),(4034,94,111,2752,1,393.96,393.96,'2016-11-21 00:00:00',1,441.44,441.44,NULL,0),(4035,94,112,3229,1,184.91,184.91,'2016-11-21 00:00:00',1,207.19,207.19,NULL,0),(4036,94,113,2786,66,3.08,203.28,'2016-11-21 00:00:00',1,3.45,227.7,NULL,0),(4037,94,114,2792,1,3685.81,3685.81,'2017-03-09 00:00:00',1,4129.99,4129.99,NULL,0),(4038,94,115,3028,16,4.85,77.6,'2016-11-21 00:00:00',1,5.43,86.88,NULL,0),(4039,94,116,3183,1,33.77,33.77,'2016-11-21 00:00:00',1,37.84,37.84,NULL,0),(4040,94,117,3271,10,3.08,30.8,'2016-11-21 00:00:00',1,3.45,34.5,NULL,0),(4041,94,118,3127,1,13.18,13.18,'2016-11-21 00:00:00',1,14.77,14.77,NULL,0),(4042,94,119,3237,1,286.13,286.13,'2016-11-21 00:00:00',1,320.61,320.61,NULL,0),(4043,94,120,3270,2,4.85,9.7,'2016-11-21 00:00:00',1,5.43,10.86,NULL,0),(4044,94,121,2768,8,13.98,111.84,'2016-11-21 00:00:00',1,15.66,125.28,NULL,0),(4045,94,122,3119,32,90.53,2896.96,'2016-11-21 00:00:00',1,101.44,3246.08,NULL,0),(4046,94,123,3118,30,90.53,2715.9,'2016-11-21 00:00:00',1,101.44,3043.2,NULL,0),(4047,94,124,2815,4,7.31,29.24,'2016-11-21 00:00:00',1,8.19,32.76,NULL,0),(4048,94,125,2750,8,133.14,1065.12,'2016-11-21 00:00:00',1,149.18,1193.44,NULL,0),(4049,94,126,3023,8,603.64,4829.12,'2016-11-21 00:00:00',1,676.39,5411.12,NULL,0),(4050,94,127,2902,16,3.08,49.28,'2016-11-21 00:00:00',1,3.45,55.2,NULL,0),(4051,94,128,2948,18,30.4,547.1999999999999,'2016-11-21 00:00:00',1,34.06,613.08,NULL,0),(4052,94,129,3097,2,19.88,39.76,'2016-11-21 00:00:00',1,22.28,44.56,NULL,0),(4053,94,130,3148,9,4.85,43.65,'2016-11-21 00:00:00',1,5.43,48.87,NULL,0),(4054,94,131,3098,5,29.81,149.04999999999998,'2016-11-21 00:00:00',1,33.4,167,NULL,0),(4055,94,132,3067,1,38.7,38.7,'2016-11-21 00:00:00',1,43.36,43.36,NULL,0),(4056,94,133,2751,9,567.64,5108.76,'2016-11-21 00:00:00',1,636.05,5724.45,NULL,0),(4057,94,134,3171,1,286.13,286.13,'2016-11-21 00:00:00',1,320.61,320.61,NULL,0),(4058,94,135,2766,1,8.55,8.55,'2016-11-21 00:00:00',1,9.58,9.58,NULL,0),(4059,94,136,3154,3,22.57,67.71000000000001,'2016-11-21 00:00:00',1,25.29,75.87,NULL,0),(4060,94,137,2873,32,6.26,200.32,'2016-11-21 00:00:00',1,7.01,224.32,NULL,0),(4061,94,138,2876,8,4.85,38.8,'2016-11-21 00:00:00',1,5.43,43.44,NULL,0),(4062,94,139,3027,16,3.08,49.28,'2016-11-21 00:00:00',1,3.45,55.2,NULL,0),(4063,94,140,2859,8,91.25,730,'2016-11-21 00:00:00',1,102.25,818,NULL,0),(4064,94,141,2860,8,143.89,1151.12,'2016-11-21 00:00:00',1,161.23,1289.84,NULL,0),(4065,94,142,2858,8,185.37,1482.96,'2016-11-21 00:00:00',1,207.71,1661.68,NULL,0),(4066,94,143,2765,8,13.98,111.84,'2016-11-21 00:00:00',1,15.66,125.28,NULL,0),(4067,94,144,3155,1,22.57,22.57,'2016-11-21 00:00:00',1,25.29,25.29,NULL,0),(4068,94,145,2837,8,308.43,2467.44,'2016-11-21 00:00:00',1,345.6,2764.8,NULL,0),(4069,94,146,3273,8,44.8,358.4,'2016-11-21 00:00:00',1,50.2,401.6,NULL,0),(4070,94,147,3194,2,330.28,660.56,'2016-11-21 00:00:00',1,370.08,740.16,NULL,0),(4071,94,148,3128,2,330.28,660.56,'2016-11-21 00:00:00',1,370.08,740.16,NULL,0),(4072,94,149,3254,2,8.81,17.62,'2016-11-21 00:00:00',1,9.87,19.74,NULL,0),(4073,94,150,2861,8,123.83,990.64,'2016-11-21 00:00:00',1,138.75,1110,NULL,0),(4074,94,151,2941,1,159.68,159.68,'2016-11-21 00:00:00',1,178.92,178.92,NULL,0),(4075,94,152,3152,1,145.65,145.65,'2016-11-21 00:00:00',1,163.2,163.2,NULL,0),(4076,94,153,2811,4,7.31,29.24,'2016-11-21 00:00:00',1,8.19,32.76,NULL,0),(4077,94,154,2862,32,74.39,2380.48,'2016-11-21 00:00:00',1,83.35,2667.2,NULL,0),(4078,94,155,2814,4,7.31,29.24,'2016-11-21 00:00:00',1,8.19,32.76,NULL,0),(4079,94,156,2812,4,7.31,29.24,'2016-11-21 00:00:00',1,8.19,32.76,NULL,0),(4080,94,157,3099,1,3.08,3.08,'2016-11-21 00:00:00',1,3.45,3.45,NULL,0),(4081,94,158,2813,4,7.31,29.24,'2016-11-21 00:00:00',1,8.19,32.76,NULL,0),(4082,94,159,2857,16,3.08,49.28,'2016-11-21 00:00:00',1,3.45,55.2,NULL,0),(4083,94,160,2798,9,73.18,658.6200000000001,'2016-11-21 00:00:00',1,82,738,NULL,0),(4084,94,161,3095,1,51.02,51.02,'2016-11-21 00:00:00',1,57.17,57.17,NULL,0),(4085,94,162,3096,1,93.67,93.67,'2016-11-21 00:00:00',1,104.96,104.96,NULL,0),(4086,94,163,3094,1,330.28,330.28,'2016-11-21 00:00:00',1,370.08,370.08,NULL,0),(4087,94,164,2943,1,3.08,3.08,'2016-11-21 00:00:00',1,3.45,3.45,NULL,0),(4088,94,165,2881,32,3.08,98.56,'2016-11-21 00:00:00',1,3.45,110.4,NULL,0),(4089,94,166,2827,16,651.48,10423.68,'2017-01-31 00:00:00',1,729.99,11679.84,NULL,0),(4090,94,167,2805,8,19.91,159.28,'2016-11-21 00:00:00',1,22.31,178.48,NULL,0),(4091,94,168,2819,16,128.14,2050.24,'2016-11-21 00:00:00',1,143.58,2297.28,NULL,0),(4092,94,169,3625,8,3179.71,25437.68,'2016-11-21 00:00:00',1,3562.9,28503.2,NULL,0),(4093,94,170,3022,8,1316.96,10535.68,'2016-11-21 00:00:00',1,1475.67,11805.36,NULL,0),(4094,94,171,2816,4,7.31,29.24,'2016-11-21 00:00:00',1,8.19,32.76,NULL,0),(4095,94,172,3223,3,7,21,'2016-11-21 00:00:00',1,7.84,23.52,NULL,0),(4096,94,173,3113,2,3.08,6.16,'2016-11-21 00:00:00',1,3.45,6.9,NULL,0),(4097,94,174,3233,1,3427.38,3427.38,'2016-11-21 00:00:00',1,3840.42,3840.42,NULL,0),(4098,94,175,3627,9,327.2,2944.7999999999997,'2016-11-21 00:00:00',1,366.63,3299.67,NULL,0),(4099,94,176,2754,8,433.96,3471.68,'2016-11-21 00:00:00',1,486.26,3890.08,NULL,0),(4100,94,177,3628,1,4398.06,4398.06,'2018-10-15 00:00:00',1,4928.08,4928.08,NULL,0),(4101,94,178,3629,1,5402.58,5402.58,'2017-05-08 00:00:00',1,6053.65,6053.65,NULL,0),(4102,94,179,2787,1,3685.81,3685.81,'2016-11-21 00:00:00',1,4129.99,4129.99,NULL,0),(4103,94,180,3630,1,2198.26,2198.26,'2016-11-21 00:00:00',1,2463.18,2463.18,NULL,0),(4104,94,181,3631,1,735.93,735.93,'2016-11-21 00:00:00',1,824.62,824.62,NULL,0),(4105,94,182,3632,1,1987.51,1987.51,'2016-11-21 00:00:00',1,2227.03,2227.03,NULL,0),(4106,94,183,3633,56,3.08,172.48000000000002,'2016-11-21 00:00:00',1,3.45,193.2,NULL,0),(4107,94,184,2889,8,825.77,6606.16,'2016-11-21 00:00:00',1,925.28,7402.24,NULL,0),(4108,94,185,3634,6,3.08,18.48,'2016-11-21 00:00:00',1,3.45,20.7,NULL,0),(4109,94,186,2790,6,3685.81,22114.86,'2017-03-13 00:00:00',1,4129.99,24779.94,NULL,0),(4110,94,187,3168,1,10920.53,10920.53,NULL,0,12236.58,12236.58,NULL,0),(4111,94,188,3222,1,17736.82,17736.82,'2016-11-21 00:00:00',1,19874.31,19874.31,NULL,0),(4112,94,189,2875,8,239.67,1917.36,'2016-11-21 00:00:00',1,268.55,2148.4,NULL,0),(4113,94,190,3635,8,517.18,4137.44,'2016-11-21 00:00:00',1,579.51,4636.08,NULL,0),(4114,94,191,3636,1,3.08,3.08,'2016-11-21 00:00:00',1,3.45,3.45,NULL,0),(4115,94,192,3637,1,3.08,3.08,'2016-11-21 00:00:00',1,3.45,3.45,NULL,0),(4116,94,193,3638,2,172.14,344.28,'2016-11-21 00:00:00',1,192.88,385.76,NULL,0),(4117,94,194,3639,3,172.14,516.42,'2016-11-21 00:00:00',1,192.88,578.64,NULL,0),(4118,94,195,3282,2,172.14,344.28,'2016-11-21 00:00:00',1,192.88,385.76,NULL,0),(4119,94,196,3284,2,172.6,345.2,'2016-11-21 00:00:00',1,193.4,386.8,NULL,0),(4120,94,197,3640,2,172.14,344.28,'2016-11-21 00:00:00',1,192.88,385.76,NULL,0),(4121,94,198,3641,1,172.14,172.14,'2016-11-21 00:00:00',1,192.88,192.88,NULL,0),(4122,94,199,3287,2,172.14,344.28,'2016-11-21 00:00:00',1,192.88,385.76,NULL,0),(4318,95,0,2951,160,3.08,492.8,'2016-11-21 00:00:00',1,3.45,552,NULL,0),(4319,95,1,2924,1,106.01,106.01,'2016-11-21 00:00:00',1,118.79,118.79,NULL,0),(4320,95,2,2781,12,3.08,36.96,'2016-11-21 00:00:00',1,3.45,41.4,NULL,0),(4321,95,3,3178,2,32.2,64.4,'2016-11-29 00:00:00',1,36.08,72.16,NULL,0),(4322,95,4,3586,160,3.08,492.8,'2016-11-21 00:00:00',1,3.45,552,NULL,0),(4323,95,5,3235,1,169.52,169.52,'2016-11-21 00:00:00',1,189.95,189.95,NULL,0),(4324,95,6,2923,1,124.65,124.65,'2016-11-21 00:00:00',1,139.67,139.67,NULL,0),(4325,95,7,3272,3,3.08,9.24,'2016-11-21 00:00:00',1,3.45,10.35,NULL,0),(4326,95,8,3240,1,45.32,45.32,'2016-11-21 00:00:00',1,50.78,50.78,NULL,0),(4327,95,9,3110,4,26.6,106.4,'2016-11-21 00:00:00',1,29.81,119.24,NULL,0),(4328,95,10,2901,16,3.08,49.28,'2016-11-21 00:00:00',1,3.45,55.2,NULL,0),(4329,95,11,3084,8,3.08,24.64,'2016-11-21 00:00:00',1,3.45,27.6,NULL,0),(4330,95,12,3587,1,169.52,169.52,'2016-11-21 00:00:00',1,189.95,189.95,NULL,0),(4331,95,13,3122,2,15.03,30.06,'2016-11-21 00:00:00',1,16.84,33.68,NULL,0),(4332,95,14,3588,8,749.78,5998.24,NULL,0,840.14,6721.12,NULL,0),(4333,95,15,3589,16,25.69,411.04,'2016-11-21 00:00:00',1,28.79,460.64,NULL,0),(4334,95,16,2863,32,4.89,156.48,'2016-11-21 00:00:00',1,5.48,175.36,NULL,0),(4335,95,17,3590,1,3.08,3.08,'2016-11-21 00:00:00',1,3.45,3.45,NULL,0),(4336,95,18,3591,1,3.08,3.08,'2016-11-21 00:00:00',1,3.45,3.45,NULL,0),(4337,95,19,3089,8,3.08,24.64,'2016-11-21 00:00:00',1,3.45,27.6,NULL,0),(4338,95,20,3592,17,90.53,1539.01,'2016-11-21 00:00:00',1,101.44,1724.48,NULL,0),(4339,95,21,3593,2,8.81,17.62,'2016-11-21 00:00:00',1,9.87,19.74,NULL,0),(4340,95,22,2836,8,1464.33,11714.64,'2016-11-21 00:00:00',1,1640.81,13126.48,NULL,0),(4341,95,23,3594,1,45.32,45.32,'2016-11-21 00:00:00',1,50.78,50.78,NULL,0),(4342,95,24,3595,1,25.18,25.18,'2016-11-21 00:00:00',1,28.21,28.21,NULL,0),(4343,95,25,3596,1,46.61,46.61,'2016-11-21 00:00:00',1,52.23,52.23,NULL,0),(4344,95,26,3597,1,39.61,39.61,'2016-11-21 00:00:00',1,44.38,44.38,NULL,0),(4345,95,27,3598,2,3.08,6.16,'2016-11-21 00:00:00',1,3.45,6.9,NULL,0),(4346,95,28,3056,2,3.08,6.16,'2016-11-21 00:00:00',1,3.45,6.9,NULL,0),(4347,95,29,2960,24,18.23,437.52,'2016-11-21 00:00:00',1,20.43,490.32,NULL,0),(4348,95,30,3170,1,9.29,9.29,'2016-11-21 00:00:00',1,10.41,10.41,NULL,0),(4349,95,31,2758,1,250.44,250.44,'2016-11-21 00:00:00',1,280.62,280.62,NULL,0),(4350,95,32,3153,1,1034.06,1034.06,'2016-11-21 00:00:00',1,1158.68,1158.68,NULL,0),(4351,95,33,3205,2,6.68,13.36,'2016-11-21 00:00:00',1,7.49,14.98,NULL,0),(4352,95,34,3599,8,3.08,24.64,'2016-11-21 00:00:00',1,3.45,27.6,NULL,0),(4353,95,35,3600,16,3.08,49.28,'2016-11-21 00:00:00',1,3.45,55.2,NULL,0),(4354,95,36,3601,16,3.08,49.28,'2016-11-21 00:00:00',1,3.45,55.2,NULL,0),(4355,95,37,3209,8,3.08,24.64,'2016-11-21 00:00:00',1,3.45,27.6,NULL,0),(4356,95,38,3602,1,9.29,9.29,'2016-11-21 00:00:00',1,10.41,10.41,NULL,0),(4357,95,39,3603,2,3.08,6.16,'2016-11-21 00:00:00',1,3.45,6.9,NULL,0),(4358,95,40,3604,8,862.69,6901.52,'2016-11-21 00:00:00',1,966.66,7733.28,NULL,0),(4359,95,41,3605,1,37.86,37.86,'2016-11-21 00:00:00',1,42.42,42.42,NULL,0),(4360,95,42,3606,1,3.08,3.08,'2016-11-21 00:00:00',1,3.45,3.45,NULL,0),(4361,95,43,2880,32,82.5,2640,'2016-11-21 00:00:00',1,92.44,2958.08,NULL,0),(4362,95,44,3607,8,42.41,339.28,'2016-11-21 00:00:00',1,47.52,380.16,NULL,0),(4363,95,45,3608,8,37.46,299.68,'2016-11-21 00:00:00',1,41.97,335.76,NULL,0),(4364,95,46,3609,1,22.09,22.09,'2016-11-21 00:00:00',1,24.75,24.75,NULL,0),(4365,95,47,3610,4,5.68,22.72,'2016-11-21 00:00:00',1,6.36,25.44,NULL,0),(4366,95,48,3611,2,3.08,6.16,'2016-11-21 00:00:00',1,3.45,6.9,NULL,0),(4367,95,49,3081,8,3.08,24.64,'2016-11-21 00:00:00',1,3.45,27.6,NULL,0),(4368,95,50,3613,2,3.08,6.16,'2016-11-21 00:00:00',1,3.45,6.9,NULL,0),(4369,95,51,3614,1,35.87,35.87,'2016-11-21 00:00:00',1,40.19,40.19,NULL,0),(4370,95,52,2763,8,9.65,77.2,'2016-11-21 00:00:00',1,10.81,86.48,NULL,0),(4371,95,53,3615,3,6.85,20.549999999999997,'2016-11-21 00:00:00',1,7.68,23.04,NULL,0),(4372,95,54,3239,1,7.8,7.8,'2016-11-21 00:00:00',1,8.74,8.74,NULL,0),(4373,95,55,3088,8,4.85,38.8,'2016-11-21 00:00:00',1,5.43,43.44,NULL,0),(4374,95,56,2926,1,94.25,94.25,'2016-11-21 00:00:00',1,105.61,105.61,NULL,0),(4375,95,57,3201,17,90.53,1539.01,'2016-11-21 00:00:00',1,101.44,1724.48,NULL,0),(4376,95,58,2906,8,22.49,179.92,'2016-11-21 00:00:00',1,25.2,201.6,NULL,0),(4377,95,59,3616,1,13.18,13.18,'2016-11-21 00:00:00',1,14.77,14.77,NULL,0),(4378,95,60,3216,2,3.08,6.16,'2016-11-21 00:00:00',1,3.45,6.9,NULL,0),(4379,95,61,2900,8,157.68,1261.44,'2016-11-21 00:00:00',1,176.68,1413.44,NULL,0),(4380,95,62,3238,1,39.61,39.61,'2016-11-21 00:00:00',1,44.38,44.38,NULL,0),(4381,95,63,2916,1,71.29,71.29,'2016-11-21 00:00:00',1,79.88,79.88,NULL,0),(4382,95,64,3617,4,3.08,12.32,'2016-11-21 00:00:00',1,3.45,13.8,NULL,0),(4383,95,65,2840,8,3681.2,29449.6,'2016-11-21 00:00:00',1,4124.84,32998.72,NULL,0),(4384,95,66,3244,1,33.77,33.77,'2016-11-21 00:00:00',1,37.84,37.84,NULL,0),(4385,95,67,2919,1,81.22,81.22,'2016-11-21 00:00:00',1,91.01,91.01,NULL,0),(4386,95,68,3176,1,7.8,7.8,'2016-11-21 00:00:00',1,8.74,8.74,NULL,0),(4387,95,69,2947,8,11.43,91.44,'2016-11-21 00:00:00',1,12.81,102.48,NULL,0),(4388,95,70,3224,1,12.25,12.25,'2016-11-21 00:00:00',1,13.73,13.73,NULL,0),(4389,95,71,2783,2,163.98,327.96,'2016-11-21 00:00:00',1,183.74,367.48,NULL,0),(4390,95,72,2878,16,123.91,1982.56,'2016-11-21 00:00:00',1,138.84,2221.44,NULL,0),(4391,95,73,3234,1,6.97,6.97,'2016-11-21 00:00:00',1,7.81,7.81,NULL,0),(4392,95,74,3169,1,8.34,8.34,'2016-11-21 00:00:00',1,9.35,9.35,NULL,0),(4393,95,75,3182,1,1104.82,1104.82,'2016-11-21 00:00:00',1,1237.97,1237.97,NULL,0),(4394,95,76,3618,32,3.08,98.56,'2016-11-21 00:00:00',1,3.45,110.4,NULL,0),(4395,95,77,2890,16,32.46,519.36,'2016-11-21 00:00:00',1,36.37,581.92,NULL,0),(4396,95,78,3196,2,8.81,17.62,'2016-11-21 00:00:00',1,9.87,19.74,NULL,0),(4397,95,79,2898,64,4.85,310.4,'2016-11-21 00:00:00',1,5.43,347.52,NULL,0),(4398,95,80,3619,7,5150.29,36052.03,'2016-11-21 00:00:00',1,5770.98,40396.86,NULL,0),(4399,95,81,3218,4,365.97,1463.88,NULL,0,410.08,1640.32,NULL,0),(4400,95,82,3620,16,197.67,3162.72,'2016-11-21 00:00:00',1,221.49,3543.84,NULL,0),(4401,95,83,3621,1,37.86,37.86,'2016-11-21 00:00:00',1,42.42,42.42,NULL,0),(4402,95,84,3051,1,4.85,4.85,'2016-11-21 00:00:00',1,5.43,5.43,NULL,0),(4403,95,85,3243,1,1104.82,1104.82,'2016-11-21 00:00:00',1,1237.97,1237.97,NULL,0),(4404,95,86,3186,1,35.87,35.87,'2016-11-21 00:00:00',1,40.19,40.19,NULL,0),(4405,95,87,3145,1,13.64,13.64,'2016-11-21 00:00:00',1,15.28,15.28,NULL,0),(4406,95,88,3622,1,2865.89,2865.89,'2016-11-21 00:00:00',1,3211.28,3211.28,NULL,0),(4407,95,89,2761,8,10.08,80.64,'2016-11-21 00:00:00',1,11.29,90.32,NULL,0),(4408,95,90,3580,2,4.85,9.7,'2016-11-21 00:00:00',1,5.43,10.86,NULL,0),(4409,95,91,3064,1,3.08,3.08,'2016-11-21 00:00:00',1,3.45,3.45,NULL,0),(4410,95,92,2897,32,228.75,7320,'2016-11-21 00:00:00',1,256.32,8202.24,NULL,0),(4411,95,93,3188,1,6.97,6.97,'2016-11-21 00:00:00',1,7.81,7.81,NULL,0),(4412,95,94,2896,32,157.68,5045.76,'2016-11-21 00:00:00',1,176.68,5653.76,NULL,0),(4413,95,95,3623,1,388.73,388.73,'2016-11-21 00:00:00',1,435.58,435.58,NULL,0),(4414,95,96,3262,2,365.97,731.94,NULL,0,410.08,820.16,NULL,0),(4415,95,97,3251,1,13.18,13.18,'2016-11-21 00:00:00',1,14.77,14.77,NULL,0),(4416,95,98,3073,1,4.85,4.85,'2016-11-21 00:00:00',1,5.43,5.43,NULL,0),(4417,95,99,3577,2,17.26,34.52,'2016-11-21 00:00:00',1,19.34,38.68,NULL,0),(4418,95,100,2912,8,14.98,119.84,'2016-11-21 00:00:00',1,16.79,134.32,NULL,0),(4419,95,101,2911,24,7.37,176.88,'2016-11-21 00:00:00',1,8.26,198.24,NULL,0),(4420,95,102,2959,16,4.85,77.6,'2016-11-21 00:00:00',1,5.43,86.88,NULL,0),(4421,95,103,3048,1,22.09,22.09,'2016-11-21 00:00:00',1,24.75,24.75,NULL,0),(4422,95,104,3159,2,3.08,6.16,'2016-11-21 00:00:00',1,3.45,6.9,NULL,0),(4423,95,105,2752,1,393.96,393.96,'2016-11-21 00:00:00',1,441.44,441.44,NULL,0),(4424,95,106,3229,1,184.91,184.91,'2016-11-21 00:00:00',1,207.19,207.19,NULL,0),(4425,95,107,2786,66,3.08,203.28,'2016-11-21 00:00:00',1,3.45,227.7,NULL,0),(4426,95,108,2792,1,3685.81,3685.81,'2016-11-21 00:00:00',1,4130.01,4130.01,NULL,0),(4427,95,109,3028,16,4.85,77.6,'2016-11-21 00:00:00',1,5.43,86.88,NULL,0),(4428,95,110,3183,1,33.77,33.77,'2016-11-21 00:00:00',1,37.84,37.84,NULL,0),(4429,95,111,3271,10,3.08,30.8,'2016-11-21 00:00:00',1,3.45,34.5,NULL,0),(4430,95,112,3127,1,13.18,13.18,'2016-11-21 00:00:00',1,14.77,14.77,NULL,0),(4431,95,113,3237,1,286.13,286.13,'2016-11-21 00:00:00',1,320.61,320.61,NULL,0),(4432,95,114,3270,2,4.85,9.7,'2016-11-21 00:00:00',1,5.43,10.86,NULL,0),(4433,95,115,2768,8,13.98,111.84,'2016-11-21 00:00:00',1,15.66,125.28,NULL,0),(4434,95,116,3119,32,90.53,2896.96,'2016-11-21 00:00:00',1,101.44,3246.08,NULL,0),(4435,95,117,3118,30,90.53,2715.9,'2016-11-21 00:00:00',1,101.44,3043.2,NULL,0),(4436,95,118,2815,4,7.31,29.24,'2016-11-21 00:00:00',1,8.19,32.76,NULL,0),(4437,95,119,2750,8,133.14,1065.12,'2016-11-21 00:00:00',1,149.19,1193.52,NULL,0),(4438,95,120,3023,8,603.64,4829.12,'2016-11-21 00:00:00',1,676.39,5411.12,NULL,0),(4439,95,121,2902,16,3.08,49.28,'2016-11-21 00:00:00',1,3.45,55.2,NULL,0),(4440,95,122,2948,18,30.4,547.1999999999999,'2016-11-21 00:00:00',1,34.06,613.08,NULL,0),(4441,95,123,3097,2,19.88,39.76,'2016-11-21 00:00:00',1,22.28,44.56,NULL,0),(4442,95,124,3148,9,4.85,43.65,'2016-11-21 00:00:00',1,5.43,48.87,NULL,0),(4443,95,125,3098,5,29.81,149.04999999999998,'2016-11-21 00:00:00',1,33.4,167,NULL,0),(4444,95,126,3067,1,38.7,38.7,'2016-11-21 00:00:00',1,43.36,43.36,NULL,0),(4445,95,127,2751,9,567.64,5108.76,'2016-11-21 00:00:00',1,636.05,5724.45,NULL,0),(4446,95,128,3171,1,286.13,286.13,'2016-11-21 00:00:00',1,320.61,320.61,NULL,0),(4447,95,129,2766,1,8.55,8.55,'2016-11-21 00:00:00',1,9.58,9.58,NULL,0),(4448,95,130,3154,3,22.57,67.71000000000001,'2016-11-21 00:00:00',1,25.29,75.87,NULL,0),(4449,95,131,2873,32,6.26,200.32,'2016-11-21 00:00:00',1,7.01,224.32,NULL,0),(4450,95,132,2876,8,4.85,38.8,'2016-11-21 00:00:00',1,5.43,43.44,NULL,0),(4451,95,133,3027,16,3.08,49.28,'2016-11-21 00:00:00',1,3.45,55.2,NULL,0),(4452,95,134,2859,8,91.25,730,'2016-11-21 00:00:00',1,102.25,818,NULL,0),(4453,95,135,2860,8,143.89,1151.12,'2016-11-21 00:00:00',1,161.23,1289.84,NULL,0),(4454,95,136,2858,8,185.37,1482.96,'2016-11-21 00:00:00',1,207.71,1661.68,NULL,0),(4455,95,137,2765,4,13.98,55.92,'2016-11-21 00:00:00',1,15.66,62.64,NULL,0),(4456,95,138,3155,1,22.57,22.57,'2016-11-21 00:00:00',1,25.29,25.29,NULL,0),(4457,95,139,2837,8,308.43,2467.44,'2016-11-21 00:00:00',1,345.6,2764.8,NULL,0),(4458,95,140,3273,8,44.8,358.4,'2016-11-21 00:00:00',1,50.2,401.6,NULL,0),(4459,95,141,3194,2,330.28,660.56,'2016-11-21 00:00:00',1,370.08,740.16,NULL,0),(4460,95,142,3128,2,330.28,660.56,'2016-11-21 00:00:00',1,370.08,740.16,NULL,0),(4461,95,143,3254,2,8.81,17.62,'2016-11-21 00:00:00',1,9.87,19.74,NULL,0),(4462,95,144,2861,8,123.83,990.64,'2016-11-21 00:00:00',1,138.75,1110,NULL,0),(4463,95,145,2941,1,159.68,159.68,'2016-11-21 00:00:00',1,178.92,178.92,NULL,0),(4464,95,146,3152,1,145.65,145.65,'2016-11-21 00:00:00',1,163.2,163.2,NULL,0),(4465,95,147,2811,4,7.31,29.24,'2016-11-21 00:00:00',1,8.19,32.76,NULL,0),(4466,95,148,2862,32,74.39,2380.48,'2016-11-21 00:00:00',1,83.36,2667.52,NULL,0),(4467,95,149,2814,4,7.31,29.24,'2016-11-21 00:00:00',1,8.19,32.76,NULL,0),(4468,95,150,2812,4,7.31,29.24,'2016-11-21 00:00:00',1,8.19,32.76,NULL,0),(4469,95,151,3099,1,3.08,3.08,'2016-11-21 00:00:00',1,3.45,3.45,NULL,0),(4470,95,152,2813,4,7.31,29.24,'2016-11-21 00:00:00',1,8.19,32.76,NULL,0),(4471,95,153,2857,16,3.08,49.28,'2016-11-21 00:00:00',1,3.45,55.2,NULL,0),(4472,95,154,2798,9,73.18,658.6200000000001,'2016-11-21 00:00:00',1,82,738,NULL,0),(4473,95,155,3095,1,51.02,51.02,'2016-11-21 00:00:00',1,57.17,57.17,NULL,0),(4474,95,156,3096,1,93.67,93.67,'2016-11-21 00:00:00',1,104.96,104.96,NULL,0),(4475,95,157,3094,1,330.28,330.28,'2016-11-21 00:00:00',1,370.08,370.08,NULL,0),(4476,95,158,2943,1,3.08,3.08,'2016-11-21 00:00:00',1,3.45,3.45,NULL,0),(4477,95,159,2881,32,3.08,98.56,'2016-11-21 00:00:00',1,3.45,110.4,NULL,0),(4478,95,160,2827,16,651.48,10423.68,'2016-11-21 00:00:00',1,729.99,11679.84,NULL,0),(4479,95,161,2805,8,19.91,159.28,'2016-11-21 00:00:00',1,22.31,178.48,NULL,0),(4480,95,162,2819,16,128.14,2050.24,'2016-11-21 00:00:00',1,143.58,2297.28,NULL,0),(4481,95,163,3625,8,3179.71,25437.68,'2016-11-21 00:00:00',1,3562.92,28503.36,NULL,0),(4482,95,164,3022,8,1316.96,10535.68,'2016-11-21 00:00:00',1,1475.67,11805.36,NULL,0),(4483,95,165,2816,4,7.31,29.24,'2016-11-21 00:00:00',1,8.19,32.76,NULL,0),(4484,95,166,3223,3,7,21,'2016-11-21 00:00:00',1,7.84,23.52,NULL,0),(4485,95,167,3113,2,3.08,6.16,'2016-11-21 00:00:00',1,3.45,6.9,NULL,0),(4486,95,168,3233,1,3427.38,3427.38,'2016-11-21 00:00:00',1,3840.43,3840.43,NULL,0),(4487,95,169,3627,9,327.2,2944.7999999999997,'2016-11-21 00:00:00',1,366.63,3299.67,NULL,0),(4488,95,170,2754,8,433.96,3471.68,'2016-11-21 00:00:00',1,486.26,3890.08,NULL,0),(4489,95,171,3628,1,4398.06,4398.06,'2017-10-16 00:00:00',1,4928.1,4928.1,NULL,0),(4490,95,172,3629,1,5402.58,5402.58,'2017-05-10 00:00:00',1,6053.68,6053.68,NULL,0),(4491,95,173,2787,1,3685.81,3685.81,NULL,0,4130.01,4130.01,NULL,0),(4492,95,174,3630,1,2198.26,2198.26,'2016-11-21 00:00:00',1,2463.19,2463.19,NULL,0),(4493,95,175,3631,1,735.93,735.93,'2016-12-26 00:00:00',1,824.62,824.62,NULL,0),(4494,95,176,3632,1,1987.51,1987.51,'2016-11-21 00:00:00',1,2227.04,2227.04,NULL,0),(4495,95,177,3633,56,3.08,172.48000000000002,'2016-11-21 00:00:00',1,3.45,193.2,NULL,0),(4496,95,178,2889,8,825.77,6606.16,'2016-11-21 00:00:00',1,925.29,7402.32,NULL,0),(4497,95,179,3634,6,3.08,18.48,'2016-11-21 00:00:00',1,3.45,20.7,NULL,0),(4498,95,180,2790,6,3685.81,22114.86,'2017-03-10 00:00:00',1,4130.01,24780.06,NULL,0),(4499,95,181,3168,1,10920.53,10920.53,NULL,0,12236.63,12236.63,NULL,0),(4500,95,182,3222,1,17736.82,17736.82,NULL,0,19874.39,19874.39,NULL,0),(4501,95,183,2875,8,239.67,1917.36,'2016-11-21 00:00:00',1,268.55,2148.4,NULL,0),(4502,95,184,3635,8,517.18,4137.44,'2016-12-16 00:00:00',1,579.51,4636.08,NULL,0),(4503,95,185,3636,1,3.08,3.08,'2016-11-21 00:00:00',1,3.45,3.45,NULL,0),(4504,95,186,3637,1,3.08,3.08,'2016-11-21 00:00:00',1,3.45,3.45,NULL,0),(4505,95,187,3638,2,172.14,344.28,'2016-11-21 00:00:00',1,192.89,385.78,NULL,0),(4506,95,188,3639,3,172.14,516.42,'2016-11-21 00:00:00',1,192.89,578.67,NULL,0),(4507,95,189,3282,2,172.14,344.28,'2016-11-21 00:00:00',1,192.89,385.78,NULL,0),(4508,95,190,3284,2,172.14,344.28,'2016-11-21 00:00:00',1,192.89,385.78,NULL,0),(4509,95,191,3640,2,172.14,344.28,'2016-11-21 00:00:00',1,192.89,385.78,NULL,0),(4510,95,192,3641,1,172.14,172.14,'2016-11-21 00:00:00',1,192.89,192.89,NULL,0),(4511,95,193,3287,2,172.14,344.28,'2016-11-21 00:00:00',1,192.89,385.78,NULL,0),(4512,95,194,3192,1,8.34,8.34,'2016-11-21 00:00:00',1,9.35,9.35,NULL,0),(4517,96,10,NULL,NULL,NULL,17608.25,NULL,NULL,NULL,NULL,'Mantenimiento preventivo de motores de babor y estribor',0),(4524,97,10,NULL,NULL,NULL,725,NULL,NULL,NULL,NULL,' REPAIR KIT INCLUDES, STAMPS, SEALS,  GASKETS, SEAL WASHERS, SPACERS, BEARING KIT, SPRINGS CONTROL CLAMPING BOLTS)',0),(4525,97,20,NULL,NULL,NULL,750,NULL,NULL,NULL,NULL,'OVERHAUL - WOODWARD UG8L ',0),(4544,98,0,3110,6,26.6,159.60000000000002,'2016-10-28 00:00:00',1,41.71,250.26,NULL,0),(4545,98,1,2944,5,3.08,15.4,'2016-10-28 00:00:00',1,4.83,24.15,NULL,0),(4546,98,2,2960,1,18.23,18.23,'2016-10-28 00:00:00',1,28.59,28.59,NULL,0),(4547,98,3,2898,40,4.85,194,'2016-10-28 00:00:00',1,7.61,304.4,NULL,0),(4618,90,0,3700,10,4.85,48.5,NULL,NULL,5.5,55,NULL,0),(4619,90,1,2897,4,228.75,915,NULL,NULL,259.64,1038.56,NULL,0),(4620,90,2,3005,6,3.08,18.48,NULL,NULL,3.5,21,NULL,0),(4621,90,3,3004,3,37.37,112.10999999999999,NULL,NULL,42.42,127.26,NULL,0),(4622,90,4,3242,1,3.08,3.08,NULL,NULL,3.5,3.5,NULL,0),(4623,90,5,3225,1,35.87,35.87,NULL,NULL,40.71,40.71,NULL,0),(4624,90,6,3234,1,6.97,6.97,NULL,NULL,7.91,7.91,NULL,0),(4625,90,7,3243,1,1104.82,1104.82,NULL,NULL,1253.99,1253.99,NULL,0),(4626,90,8,3229,1,238.29,238.29,NULL,NULL,270.46,270.46,NULL,0),(4627,90,9,3698,1,286.13,286.13,NULL,NULL,324.76,324.76,NULL,0),(4628,90,10,2874,2,197.67,395.34,NULL,NULL,224.36,448.72,NULL,0),(4629,90,11,2878,2,123.91,247.82,NULL,NULL,140.64,281.28,NULL,0),(4630,90,12,2896,4,129.22,516.88,NULL,NULL,146.67,586.68,NULL,0),(4631,90,13,2876,1,4.85,4.85,NULL,NULL,5.5,5.5,NULL,0),(4632,90,14,2862,4,74.39,297.56,NULL,NULL,84.43,337.72,NULL,0),(4633,90,15,2912,1,14.98,14.98,NULL,NULL,17,17,NULL,0),(4634,90,16,2821,4,3.08,12.32,NULL,NULL,3.5,14,NULL,0),(4653,101,0,3197,2,77.58,155.16,NULL,NULL,103.92,207.84,NULL,0),(4654,101,1,2890,12,32.46,389.52,NULL,NULL,43.48,521.76,NULL,0),(4655,101,2,2835,1,37.46,37.46,NULL,NULL,50.18,50.18,NULL,0),(4656,101,3,2991,2,44.93,89.86,NULL,NULL,60.18,120.36,NULL,0),(4657,101,4,2893,12,26.37,316.44,NULL,NULL,35.32,423.84,NULL,0),(4658,101,5,2894,12,47.64,571.6800000000001,NULL,NULL,63.81,765.72,NULL,0),(4671,102,0,3285,3,172.14,516.42,NULL,NULL,217.06,651.18,NULL,0),(4672,102,1,3213,1,365.97,365.97,NULL,NULL,461.46,461.46,NULL,0),(4673,102,2,3218,1,365.97,365.97,NULL,NULL,461.46,461.46,NULL,0),(4674,102,3,3212,2,44.8,89.6,NULL,NULL,56.49,112.98,NULL,0),(4675,102,4,2968,2,327.2,654.4,NULL,NULL,412.58,825.16,NULL,0),(4676,102,5,2752,0,0,0,NULL,NULL,0,0,NULL,0),(4863,105,0,3727,4,2.24,8.96,'2016-10-25 00:00:00',1,4.01,16.04,NULL,0),(4864,105,1,3728,4,18.7,74.8,'2016-10-25 00:00:00',1,33.51,134.04,NULL,0),(4865,105,2,3729,4,1.12,4.48,'2016-10-25 00:00:00',1,2.01,8.04,NULL,0),(4866,105,3,3730,8,10.36,82.88,'2016-10-25 00:00:00',1,18.57,148.56,NULL,0),(4867,105,4,3731,2,33.11,66.22,'2016-10-25 00:00:00',1,59.34,118.68,NULL,0),(4868,105,5,3732,2,33.66,67.32,'2016-10-25 00:00:00',1,60.33,120.66,NULL,0),(4869,105,6,3733,2,9.34,18.68,'2016-10-25 00:00:00',1,16.74,33.48,NULL,0),(4870,105,7,3734,12,17.13,205.56,'2016-10-25 00:00:00',1,30.7,368.4,NULL,0),(4871,105,8,3735,2,9.15,18.3,'2016-10-25 00:00:00',1,16.4,32.8,NULL,0),(4872,105,9,3737,8,21.49,171.92,'2016-10-25 00:00:00',1,38.51,308.08,NULL,0),(4873,105,10,3738,4,7.76,31.04,'2016-10-25 00:00:00',1,13.91,55.64,NULL,0),(4874,105,11,3739,4,54.96,219.84,'2016-10-25 00:00:00',1,98.5,394,NULL,0),(4875,105,12,3740,4,82.43,329.72,'2016-10-25 00:00:00',1,147.73,590.92,NULL,0),(4876,105,13,3741,4,9.15,36.6,'2016-10-25 00:00:00',1,16.4,65.6,NULL,0),(4877,105,14,3742,20,123.65,2473,'2016-10-25 00:00:00',1,221.61,4432.2,NULL,0),(4878,105,15,3743,20,5.31,106.19999999999999,'2016-10-25 00:00:00',1,9.52,190.4,NULL,0),(4879,105,16,3744,20,0.48,9.6,'2016-10-25 00:00:00',1,0.86,17.2,NULL,0),(4880,105,17,3745,20,0.42,8.4,'2016-10-25 00:00:00',1,0.75,15,NULL,0),(4881,105,18,3746,40,0.7,28,'2016-10-25 00:00:00',1,1.25,50,NULL,0),(4882,105,19,3747,4,22.7,90.8,'2016-10-25 00:00:00',1,40.68,162.72,NULL,0),(4883,105,20,3748,2,13.09,26.18,'2016-10-25 00:00:00',1,23.46,46.92,NULL,0),(4884,105,21,3749,4,12.68,50.72,'2016-10-25 00:00:00',1,22.73,90.92,NULL,0),(4885,105,22,3750,4,5.14,20.56,'2016-10-25 00:00:00',1,9.21,36.84,NULL,0),(4886,105,23,3751,20,6.27,125.39999999999999,'2016-10-25 00:00:00',1,11.24,224.8,NULL,0),(4887,105,24,3752,2,5.93,11.86,'2016-10-25 00:00:00',1,10.63,21.26,NULL,0),(4888,105,25,3753,4,4.27,17.08,'2016-10-25 00:00:00',1,7.65,30.6,NULL,0),(4889,105,26,3754,2,16.53,33.06,'2016-10-25 00:00:00',1,29.63,59.26,NULL,0),(4890,105,27,3755,4,1.12,4.48,'2016-10-25 00:00:00',1,2.01,8.04,NULL,0),(4891,105,28,3756,2,64.09,128.18,'2016-10-25 00:00:00',1,114.86,229.72,NULL,0),(4892,105,29,3736,4,68.34,273.36,'2016-10-25 00:00:00',1,122.48,489.92,NULL,0),(5054,106,0,2842,1,524.11,524.11,NULL,NULL,774.3,774.3,NULL,0),(5055,106,1,2863,8,4.89,39.12,NULL,NULL,7.22,57.76,NULL,0),(5056,106,2,2889,4,1089.74,4358.96,NULL,NULL,1609.95,6439.8,NULL,0),(5057,106,3,2890,12,32.46,389.52,NULL,NULL,47.96,575.52,NULL,0),(5058,106,4,2923,1,124.65,124.65,NULL,NULL,184.15,184.15,NULL,0),(5059,106,5,2924,1,106.01,106.01,NULL,NULL,156.62,156.62,NULL,0),(5060,106,6,2926,1,94.25,94.25,NULL,NULL,139.24,139.24,NULL,0),(5061,106,7,2934,2,1779.84,3559.68,NULL,NULL,2629.48,5258.96,NULL,0),(5062,106,8,2929,8,3.08,24.64,NULL,NULL,4.55,36.4,NULL,0),(5063,106,9,2930,8,3.08,24.64,NULL,NULL,4.55,36.4,NULL,0),(5064,106,10,2931,2,60.13,120.26,NULL,NULL,88.83,177.66,NULL,0),(5065,106,11,2932,4,3.08,12.32,NULL,NULL,4.55,18.2,NULL,0),(5066,106,12,2933,4,3.83,15.32,NULL,NULL,5.66,22.64,NULL,0),(5067,106,13,2941,1,159.68,159.68,NULL,NULL,235.91,235.91,NULL,0),(5068,106,14,2948,4,30.4,121.6,NULL,NULL,44.91,179.64,NULL,0),(5069,106,15,2958,4,18.23,72.92,NULL,NULL,26.93,107.72,NULL,0),(5070,106,16,2961,2,30.4,60.8,NULL,NULL,44.91,89.82,NULL,0),(5071,106,17,2962,1,51.63,51.63,NULL,NULL,76.28,76.28,NULL,0),(5072,106,18,2964,7,327.2,2290.4,NULL,NULL,483.4,3383.8,NULL,0),(5073,106,19,2968,3,327.2,981.5999999999999,NULL,NULL,483.4,1450.2,NULL,0),(5074,106,20,3015,22,264.9,5827.799999999999,NULL,NULL,391.36,8609.92,NULL,0),(5075,106,21,3016,18,26.98,485.64,NULL,NULL,39.86,717.48,NULL,0),(5076,106,22,3017,22,33.37,734.14,NULL,NULL,49.3,1084.6,NULL,0),(5077,106,23,3019,54,3.08,166.32,NULL,NULL,4.55,245.7,NULL,0),(5078,106,24,3020,44,3.08,135.52,NULL,NULL,4.55,200.2,NULL,0),(5079,106,25,3021,22,3.08,67.76,NULL,NULL,4.55,100.1,NULL,0),(5080,106,26,3303,1,172.14,172.14,NULL,NULL,254.31,254.31,NULL,0),(5081,106,27,3321,1,237.52,237.52,NULL,NULL,350.9,350.9,NULL,0),(5082,106,28,3324,1,684.09,684.09,NULL,NULL,1010.65,1010.65,NULL,0),(5083,106,29,3331,6,658.09,3948.54,NULL,NULL,972.24,5833.44,NULL,0),(5084,106,30,3332,1,643.79,643.79,NULL,NULL,951.12,951.12,NULL,0),(5085,106,31,3333,1,720.24,720.24,NULL,NULL,1064.06,1064.06,NULL,0),(5133,107,10,NULL,NULL,NULL,0,NULL,NULL,NULL,NULL,'Revisión de sistema de alarmas ',0),(5134,108,10,NULL,NULL,NULL,0,NULL,NULL,NULL,NULL,'Falla de embrague de transmisión ',0),(5135,109,10,NULL,NULL,NULL,0,NULL,NULL,NULL,NULL,'Supervisión de montaje de aspas ',0),(5136,110,10,NULL,NULL,NULL,0,NULL,NULL,NULL,NULL,'Cambio de toberas y prueba de navegación',0),(5342,99,0,3790,1,44.51,44.51,NULL,NULL,51.97,51.97,NULL,0),(5343,99,1,3791,1,280.03,280.03,NULL,NULL,326.95,326.95,NULL,0),(5344,99,2,3792,1,43.32,43.32,NULL,NULL,50.58,50.58,NULL,0),(5345,99,3,3793,2,8.53,17.06,NULL,NULL,9.96,19.92,NULL,0),(5346,99,4,3794,2,288.35,576.7,NULL,NULL,336.66,673.32,NULL,0),(5347,99,5,3795,1,5546.63,5546.63,NULL,NULL,6475.95,6475.95,NULL,0),(5348,99,6,2857,10,3.08,30.8,NULL,NULL,3.6,36,NULL,0),(5349,99,7,3757,12,651.48,7817.76,NULL,NULL,760.63,9127.56,NULL,0),(5350,99,8,3758,6,749.78,4498.68,NULL,NULL,875.4,5252.4,NULL,0),(5351,99,9,3764,6,308.43,1850.58,NULL,NULL,360.11,2160.66,NULL,0),(5352,99,10,3766,1,3.08,3.08,NULL,NULL,3.6,3.6,NULL,0),(5353,99,11,3767,7,4.85,33.949999999999996,NULL,NULL,5.66,39.62,NULL,0),(5354,99,12,3768,1,116.54,116.54,NULL,NULL,136.07,136.07,NULL,0),(5355,99,13,3769,1,6.28,6.28,NULL,NULL,7.33,7.33,NULL,0),(5356,99,14,3770,1,3.08,3.08,NULL,NULL,3.6,3.6,NULL,0),(5357,99,15,3771,1,3.08,3.08,NULL,NULL,3.6,3.6,NULL,0),(5358,99,16,3772,2,21.43,42.86,NULL,NULL,25.02,50.04,NULL,0),(5359,99,17,3773,3,3.08,9.24,NULL,NULL,3.6,10.8,NULL,0),(5360,99,18,3774,24,26.37,632.88,NULL,NULL,30.79,738.96,NULL,0),(5361,99,19,3775,24,47.64,1143.3600000000001,NULL,NULL,55.62,1334.88,NULL,0),(5362,99,20,3777,12,3.08,36.96,NULL,NULL,3.6,43.2,NULL,0),(5363,99,21,3778,12,3.08,36.96,NULL,NULL,3.6,43.2,NULL,0),(5364,99,22,3781,1,1420.95,1420.95,NULL,NULL,1659.03,1659.03,NULL,0),(5365,99,23,3783,48,4.85,232.79999999999998,NULL,NULL,5.66,271.68,NULL,0),(5366,99,24,3787,6,3.08,18.48,NULL,NULL,3.6,21.6,NULL,0),(5367,99,25,3788,6,11.43,68.58,NULL,NULL,13.35,80.1,NULL,0),(5368,99,26,3789,1,10.41,10.41,NULL,NULL,12.15,12.15,NULL,0),(5386,103,0,3796,4,3.08,12.32,'2016-11-04 00:00:00',1,3.72,14.88,NULL,0),(5387,103,1,3797,2,100.99,201.98,'2016-11-04 00:00:00',1,122.11,244.22,NULL,0),(5388,103,2,3798,1,619.79,619.79,'2016-11-04 00:00:00',1,749.41,749.41,NULL,0),(5389,103,3,3799,4,3.08,12.32,'2016-11-04 00:00:00',1,3.72,14.88,NULL,0),(5390,103,4,3800,1,3.08,3.08,'2016-11-04 00:00:00',1,3.72,3.72,NULL,0),(5391,103,5,3801,1,3.08,3.08,'2016-11-04 00:00:00',1,3.72,3.72,NULL,0),(5392,103,6,3716,1,3016.64,3016.64,'2016-11-04 00:00:00',1,3647.51,3647.51,NULL,0),(5393,103,7,3717,2,173.37,346.74,'2016-11-04 00:00:00',1,209.63,419.26,NULL,0),(5394,103,8,3718,1,34.52,34.52,'2016-11-04 00:00:00',1,41.74,41.74,NULL,0),(5395,103,9,3719,1,179.52,179.52,'2016-11-04 00:00:00',1,217.06,217.06,NULL,0),(5396,103,10,3720,2,1492.17,2984.34,'2016-11-04 00:00:00',1,1804.23,3608.46,NULL,0),(5397,103,11,3721,8,21.71,173.68,'2016-11-04 00:00:00',1,26.25,210,NULL,0),(5398,103,12,3722,8,3.08,24.64,'2016-11-04 00:00:00',1,3.72,29.76,NULL,0),(5399,103,13,3723,1,1001.6,1001.6,'2016-11-04 00:00:00',1,1211.07,1211.07,NULL,0),(5400,103,14,3724,2,21.71,43.42,'2016-11-04 00:00:00',1,26.25,52.5,NULL,0),(5401,103,15,3725,2,3.08,6.16,'2016-11-04 00:00:00',1,3.72,7.44,NULL,0),(5402,103,16,3726,2,1492.17,2984.34,'2016-11-04 00:00:00',1,1804.23,3608.46,NULL,0),(5403,104,0,3153,2,1034.06,2068.12,'2016-11-04 00:00:00',1,1535.02,3070.04,NULL,0),(5404,104,1,2991,12,44.93,539.16,'2016-11-04 00:00:00',1,66.7,800.4,NULL,0),(5412,111,0,3802,2,146.4,292.8,NULL,NULL,169.51,339.02,NULL,0),(5413,111,1,2960,3,18.23,54.69,NULL,NULL,21.11,63.33,NULL,0),(5414,111,2,3208,4,3.08,12.32,NULL,NULL,3.57,14.28,NULL,0),(5415,111,3,3015,16,264.9,4238.4,NULL,NULL,306.72,4907.52,NULL,0),(5429,113,0,2889,5,1142.54,5712.7,'2016-11-14 00:00:00',1,1343.76,6718.8,NULL,0),(5430,113,1,2842,6,524.11,3144.66,'2016-11-14 00:00:00',1,616.41,3698.46,NULL,0),(5431,113,2,2847,4,117.7,470.8,'2016-11-14 00:00:00',1,138.43,553.72,NULL,0),(5432,113,3,2791,3,3685.81,11057.43,'2016-11-14 00:00:00',1,4334.93,13004.79,NULL,0),(5441,115,0,3803,8,3.08,24.64,'2016-12-13 00:00:00',1,4.53,36.24,NULL,0),(5442,115,1,3218,1,365.97,365.97,'2016-12-13 00:00:00',1,537.83,537.83,NULL,0),(5443,115,2,3197,2,77.58,155.16,'2016-12-13 00:00:00',1,114.01,228.02,NULL,0),(5444,115,3,3193,1,13.18,13.18,'2016-12-13 00:00:00',1,19.37,19.37,NULL,0),(5445,115,4,3130,2,77.58,155.16,'2016-12-13 00:00:00',1,114.01,228.02,NULL,0),(5446,115,5,2935,1,25.97,25.97,'2016-12-13 00:00:00',1,38.17,38.17,NULL,0),(5468,114,0,3804,5,4.85,24.25,NULL,NULL,8.65,43.25,NULL,0),(5469,114,1,3805,1,171.52,171.52,NULL,NULL,305.87,305.87,NULL,0),(5470,114,2,3806,1,12.77,12.77,NULL,NULL,22.77,22.77,NULL,0),(5471,114,3,3807,1,3.08,3.08,NULL,NULL,5.49,5.49,NULL,0),(5472,114,4,3808,1,3.08,3.08,NULL,NULL,5.49,5.49,NULL,0),(5473,114,5,3809,1,102.56,102.56,NULL,NULL,182.9,182.9,NULL,0),(5474,114,6,3810,1,15.81,15.81,NULL,NULL,28.19,28.19,NULL,0),(5479,116,10,NULL,NULL,NULL,15195,NULL,NULL,NULL,NULL,'Servicio técnico por Mantenimiento Correctivo y Preventivo correspondiente a 8000 hrs de dos motores MAN instalados en gruas Liebherr – Adicional',0),(5480,117,0,2747,0,0,0,NULL,NULL,0,0,NULL,0),(5481,118,0,2746,0,0,0,NULL,NULL,0,0,NULL,0),(5490,119,0,3016,12,26.98,323.76,'2016-11-21 00:00:00',1,39.86,478.32,NULL,0),(5491,119,1,3017,12,33.37,400.43999999999994,'2016-11-21 00:00:00',1,49.3,591.6,NULL,0),(5492,119,2,3015,12,264.9,3178.7999999999997,'2016-11-21 00:00:00',1,391.36,4696.32,NULL,0),(5493,119,3,3021,12,3.08,36.96,'2016-11-21 00:00:00',1,4.55,54.6,NULL,0),(5494,119,4,3020,24,3.08,73.92,'2016-11-21 00:00:00',1,4.55,109.2,NULL,0),(5495,119,5,3019,36,3.08,110.88,'2016-11-21 00:00:00',1,4.55,163.8,NULL,0),(5507,120,0,2863,8,4.89,39.12,'2016-11-21 00:00:00',1,7.22,57.76,NULL,0),(5508,120,1,2890,12,32.46,389.52,'2016-11-21 00:00:00',1,47.96,575.52,NULL,0),(5509,120,2,2889,4,1089.74,4358.96,'2016-11-21 00:00:00',1,1609.95,6439.8,NULL,0),(5510,120,3,3016,6,26.98,161.88,'2016-11-21 00:00:00',1,39.86,239.16,NULL,0),(5511,120,4,3019,18,3.08,55.44,'2016-11-21 00:00:00',1,4.55,81.9,NULL,0),(5512,120,5,3017,10,33.37,333.7,'2016-11-21 00:00:00',1,49.3,493,NULL,0),(5513,120,6,3020,20,3.08,61.6,'2016-11-21 00:00:00',1,4.55,91,NULL,0),(5514,120,7,3021,10,3.08,30.8,'2016-11-21 00:00:00',1,4.55,45.5,NULL,0),(5515,120,8,3015,10,264.9,2649,'2016-11-21 00:00:00',1,391.36,3913.6,NULL,0),(5516,120,9,2842,1,524.11,524.11,'2016-11-21 00:00:00',1,774.31,774.31,NULL,0),(5535,121,0,3811,1,5546.63,5546.63,'2016-11-21 00:00:00',1,6475.95,6475.95,NULL,0),(5536,121,1,3812,2,288.35,576.7,'2016-11-21 00:00:00',1,336.66,673.32,NULL,0),(5537,121,2,3813,2,8.53,17.06,'2016-11-21 00:00:00',1,9.96,19.92,NULL,0),(5538,121,3,3814,1,43.32,43.32,'2016-11-21 00:00:00',1,50.58,50.58,NULL,0),(5539,121,4,3815,1,280.03,280.03,'2016-11-21 00:00:00',1,326.95,326.95,NULL,0),(5540,121,5,3816,1,44.51,44.51,'2016-11-21 00:00:00',1,51.97,51.97,NULL,0),(5545,122,0,2847,4,117.7,470.8,'2016-12-13 00:00:00',1,194.62,778.48,NULL,0),(6402,112,0,3818,1,126406.02,126406.02,NULL,NULL,139579.13,139579.13,NULL,0),(6403,112,1,3819,1,8.83,8.83,NULL,NULL,9.75,9.75,NULL,0),(6404,112,2,3820,2,13.69,27.38,NULL,NULL,15.12,30.24,NULL,0),(6405,112,3,3821,4,30.78,123.12,NULL,NULL,33.99,135.96,NULL,0),(6406,112,4,3822,6,133.14,798.8399999999999,NULL,NULL,147.01,882.06,NULL,0),(6407,112,5,3823,7,567.64,3973.48,NULL,NULL,626.8,4387.6,NULL,0),(6408,112,6,3824,2,393.96,787.92,NULL,NULL,435.02,870.04,NULL,0),(6409,112,7,3825,6,433.96,2603.7599999999998,NULL,NULL,479.18,2875.08,NULL,0),(6410,112,8,3826,1,250.44,250.44,NULL,NULL,276.54,276.54,NULL,0),(6411,112,9,3827,6,10.08,60.480000000000004,NULL,NULL,11.13,66.78,NULL,0),(6412,112,10,3828,6,13.98,83.88,NULL,NULL,15.44,92.64,NULL,0),(6413,112,11,3829,6,9.65,57.900000000000006,NULL,NULL,10.66,63.96,NULL,0),(6414,112,12,3830,1,8.55,8.55,NULL,NULL,9.44,9.44,NULL,0),(6415,112,13,3831,6,13.98,83.88,NULL,NULL,15.44,92.64,NULL,0),(6416,112,14,3832,1,1630.62,1630.62,NULL,NULL,1800.55,1800.55,NULL,0),(6417,112,15,3833,1,9.92,9.92,NULL,NULL,10.95,10.95,NULL,0),(6418,112,16,3834,1,3901.18,3901.18,NULL,NULL,4307.73,4307.73,NULL,0),(6419,112,17,3835,1,1870.6,1870.6,NULL,NULL,2065.54,2065.54,NULL,0),(6420,112,18,3836,8,3.08,24.64,NULL,NULL,3.4,27.2,NULL,0),(6421,112,19,3837,1,4781.1,4781.1,NULL,NULL,5279.35,5279.35,NULL,0),(6422,112,20,3838,1,401.19,401.19,NULL,NULL,443,443,NULL,0),(6423,112,21,3839,8,3.08,24.64,NULL,NULL,3.4,27.2,NULL,0),(6424,112,22,3840,8,3.08,24.64,NULL,NULL,3.4,27.2,NULL,0),(6425,112,23,3841,1,18.08,18.08,NULL,NULL,19.96,19.96,NULL,0),(6426,112,24,3842,1,1113.28,1113.28,NULL,NULL,1229.3,1229.3,NULL,0),(6427,112,25,3843,1,1113.28,1113.28,NULL,NULL,1229.3,1229.3,NULL,0),(6428,112,26,3844,1,1113.28,1113.28,NULL,NULL,1229.3,1229.3,NULL,0),(6429,112,27,3845,24,3.08,73.92,NULL,NULL,3.4,81.6,NULL,0),(6430,112,28,3846,6,308.43,1850.58,NULL,NULL,340.57,2043.42,NULL,0),(6431,112,29,3847,12,25.69,308.28000000000003,NULL,NULL,28.37,340.44,NULL,0),(6432,112,30,3848,6,37.46,224.76,NULL,NULL,41.36,248.16,NULL,0),(6433,112,31,3849,6,524.11,3144.66,NULL,NULL,578.73,3472.38,NULL,0),(6434,112,32,3850,6,465.65,2793.8999999999996,NULL,NULL,514.18,3085.08,NULL,0),(6435,112,33,3851,6,517.18,3103.08,NULL,NULL,571.08,3426.48,NULL,0),(6436,112,34,3852,12,3.08,36.96,NULL,NULL,3.4,40.8,NULL,0),(6437,112,35,3853,6,185.37,1112.22,NULL,NULL,204.69,1228.14,NULL,0),(6438,112,36,3854,6,91.25,547.5,NULL,NULL,100.76,604.56,NULL,0),(6439,112,37,3855,6,143.89,863.3399999999999,NULL,NULL,158.89,953.34,NULL,0),(6440,112,38,3856,6,123.83,742.98,NULL,NULL,136.73,820.38,NULL,0),(6441,112,39,3857,24,74.39,1785.3600000000001,NULL,NULL,82.14,1971.36,NULL,0),(6442,112,40,3858,24,4.89,117.35999999999999,NULL,NULL,5.4,129.6,NULL,0),(6443,112,41,3859,6,239.67,1438.02,NULL,NULL,264.65,1587.9,NULL,0),(6444,112,42,3860,12,4.85,58.199999999999996,NULL,NULL,5.36,64.32,NULL,0),(6445,112,43,3861,6,5.25,31.5,NULL,NULL,5.8,34.8,NULL,0),(6446,112,44,3862,12,123.91,1486.92,NULL,NULL,136.82,1641.84,NULL,0),(6447,112,45,3863,24,6.26,150.24,NULL,NULL,6.91,165.84,NULL,0),(6448,112,46,3864,12,197.67,2372.04,NULL,NULL,218.27,2619.24,NULL,0),(6449,112,47,3865,12,32.46,389.52,NULL,NULL,35.84,430.08,NULL,0),(6450,112,48,3866,24,228.75,5490,NULL,NULL,252.59,6062.16,NULL,0),(6451,112,49,3867,48,4.85,232.79999999999998,NULL,NULL,5.36,257.28,NULL,0),(6452,112,50,3868,24,26.37,632.88,NULL,NULL,29.12,698.88,NULL,0),(6453,112,51,3869,24,47.64,1143.3600000000001,NULL,NULL,52.6,1262.4,NULL,0),(6454,112,52,3870,24,28.43,682.3199999999999,NULL,NULL,31.39,753.36,NULL,0),(6455,112,53,3871,24,129.22,3101.2799999999997,NULL,NULL,142.69,3424.56,NULL,0),(6456,112,54,3872,12,3.08,36.96,NULL,NULL,3.4,40.8,NULL,0),(6457,112,55,3873,6,3.08,18.48,NULL,NULL,3.4,20.4,NULL,0),(6458,112,56,3874,6,14.98,89.88,NULL,NULL,16.54,99.24,NULL,0),(6459,112,57,3875,6,22.49,134.94,NULL,NULL,24.83,148.98,NULL,0),(6460,112,58,3876,1,71.29,71.29,NULL,NULL,78.72,78.72,NULL,0),(6461,112,59,3877,1,81.22,81.22,NULL,NULL,89.68,89.68,NULL,0),(6462,112,60,3878,1,124.65,124.65,NULL,NULL,137.64,137.64,NULL,0),(6463,112,61,3879,1,106.01,106.01,NULL,NULL,117.06,117.06,NULL,0),(6464,112,62,3880,1,94.25,94.25,NULL,NULL,104.07,104.07,NULL,0),(6465,112,63,3881,2,1779.84,3559.68,NULL,NULL,1965.32,3930.64,NULL,0),(6466,112,64,3882,1,159.68,159.68,NULL,NULL,176.32,176.32,NULL,0),(6467,112,65,3883,6,3.08,18.48,NULL,NULL,3.4,20.4,NULL,0),(6468,112,66,3884,6,11.43,68.58,NULL,NULL,12.62,75.72,NULL,0),(6469,112,67,3885,12,30.4,364.79999999999995,NULL,NULL,33.57,402.84,NULL,0),(6470,112,68,3886,120,3.08,369.6,NULL,NULL,3.4,408,NULL,0),(6471,112,69,3887,120,3.08,369.6,NULL,NULL,3.4,408,NULL,0),(6472,112,70,3888,12,4.85,58.199999999999996,NULL,NULL,5.36,64.32,NULL,0),(6473,112,71,3889,6,18.23,109.38,NULL,NULL,20.13,120.78,NULL,0),(6474,112,72,3890,1,30.4,30.4,NULL,NULL,33.57,33.57,NULL,0),(6475,112,73,3891,1,51.63,51.63,NULL,NULL,57.01,57.01,NULL,0),(6476,112,74,3892,4,23.86,95.44,NULL,NULL,26.35,105.4,NULL,0),(6477,112,75,3893,24,19.09,458.15999999999997,NULL,NULL,21.08,505.92,NULL,0),(6478,112,76,3894,10,8.89,88.9,NULL,NULL,9.82,98.2,NULL,0),(6479,112,77,3895,1,2398.24,2398.24,NULL,NULL,2648.17,2648.17,NULL,0),(6480,112,78,3896,6,114.22,685.3199999999999,NULL,NULL,126.12,756.72,NULL,0),(6481,112,79,3897,6,3.08,18.48,NULL,NULL,3.4,20.4,NULL,0),(6482,112,80,3898,7,73.18,512.26,NULL,NULL,80.81,565.67,NULL,0),(6483,112,81,3899,6,42.41,254.45999999999998,NULL,NULL,46.83,280.98,NULL,0),(6484,112,82,3900,6,7.31,43.86,NULL,NULL,8.07,48.42,NULL,0),(6485,112,83,3901,6,7.31,43.86,NULL,NULL,8.07,48.42,NULL,0),(6486,112,84,3902,6,7.31,43.86,NULL,NULL,8.07,48.42,NULL,0),(6487,112,85,3903,6,7.31,43.86,NULL,NULL,8.07,48.42,NULL,0),(6488,112,86,3904,6,7.31,43.86,NULL,NULL,8.07,48.42,NULL,0),(6489,112,87,3905,6,7.31,43.86,NULL,NULL,8.07,48.42,NULL,0),(6490,112,88,3906,18,278.9,5020.2,NULL,NULL,307.96,5543.28,NULL,0),(6491,112,89,3907,18,61.98,1115.6399999999999,NULL,NULL,68.44,1231.92,NULL,0),(6492,112,90,3908,18,47.24,850.32,NULL,NULL,52.16,938.88,NULL,0),(6493,112,91,3909,25,82.5,2062.5,NULL,NULL,91.1,2277.5,NULL,0),(6494,112,92,3910,24,3.08,73.92,NULL,NULL,3.4,81.6,NULL,0),(6495,112,93,3911,6,825.77,4954.62,NULL,NULL,911.83,5470.98,NULL,0),(6496,112,94,3912,18,7.37,132.66,NULL,NULL,8.14,146.52,NULL,0),(6497,112,95,3913,6,20.78,124.68,NULL,NULL,22.95,137.7,NULL,0),(6498,112,96,3914,8,3.08,24.64,NULL,NULL,3.4,27.2,NULL,0),(6499,112,97,3915,6,327.2,1963.1999999999998,NULL,NULL,361.3,2167.8,NULL,0),(6500,112,98,3916,1,327.2,327.2,NULL,NULL,361.3,361.3,NULL,0),(6501,112,99,3917,1,301.82,301.82,NULL,NULL,333.27,333.27,NULL,0),(6502,112,100,3918,3,4.65,13.950000000000001,NULL,NULL,5.13,15.39,NULL,0),(6503,112,101,3919,1,128.28,128.28,NULL,NULL,141.65,141.65,NULL,0),(6504,112,102,3920,1,276.28,276.28,NULL,NULL,305.07,305.07,NULL,0),(6505,112,103,3921,2,3.08,6.16,NULL,NULL,3.4,6.8,NULL,0),(6506,112,104,3922,2,44.93,89.86,NULL,NULL,49.61,99.22,NULL,0),(6507,112,105,3923,2,12.25,24.5,NULL,NULL,13.53,27.06,NULL,0),(6508,112,106,3924,6,4.85,29.099999999999998,NULL,NULL,5.36,32.16,NULL,0),(6509,112,107,3925,6,4.85,29.099999999999998,NULL,NULL,5.36,32.16,NULL,0),(6510,112,108,3926,6,4.85,29.099999999999998,NULL,NULL,5.36,32.16,NULL,0),(6511,112,109,3927,12,37.37,448.43999999999994,NULL,NULL,41.26,495.12,NULL,0),(6512,112,110,3928,12,3.08,36.96,NULL,NULL,3.4,40.8,NULL,0),(6513,112,111,3929,6,10.68,64.08,NULL,NULL,11.79,70.74,NULL,0),(6514,112,112,3930,6,4.85,29.099999999999998,NULL,NULL,5.36,32.16,NULL,0),(6515,112,113,3931,6,4.85,29.099999999999998,NULL,NULL,5.36,32.16,NULL,0),(6516,112,114,3932,6,3.08,18.48,NULL,NULL,3.4,20.4,NULL,0),(6517,112,115,3933,6,1622.93,9737.58,NULL,NULL,1792.06,10752.36,NULL,0),(6518,112,116,3934,18,3.08,55.44,NULL,NULL,3.4,61.2,NULL,0),(6519,112,117,3935,12,3.08,36.96,NULL,NULL,3.4,40.8,NULL,0),(6520,112,118,3936,6,3.08,18.48,NULL,NULL,3.4,20.4,NULL,0),(6521,112,119,3937,12,3.08,36.96,NULL,NULL,3.4,40.8,NULL,0),(6522,112,120,3938,6,264.9,1589.3999999999999,NULL,NULL,292.51,1755.06,NULL,0),(6523,112,121,3939,6,26.98,161.88,NULL,NULL,29.79,178.74,NULL,0),(6524,112,122,3940,6,33.37,200.21999999999997,NULL,NULL,36.85,221.1,NULL,0),(6525,112,123,3941,12,4.89,58.67999999999999,NULL,NULL,5.4,64.8,NULL,0),(6526,112,124,3942,12,3.08,36.96,NULL,NULL,3.4,40.8,NULL,0),(6527,112,125,3943,12,4.85,58.199999999999996,NULL,NULL,5.36,64.32,NULL,0),(6528,112,126,3944,2,3.08,6.16,NULL,NULL,3.4,6.8,NULL,0),(6529,112,127,3945,1,514.11,514.11,NULL,NULL,567.69,567.69,NULL,0),(6530,112,128,3946,1,3.08,3.08,NULL,NULL,3.4,3.4,NULL,0),(6531,112,129,3947,2,3.08,6.16,NULL,NULL,3.4,6.8,NULL,0),(6532,112,130,3948,1,22.09,22.09,NULL,NULL,24.39,24.39,NULL,0),(6533,112,131,3949,1,22.09,22.09,NULL,NULL,24.39,24.39,NULL,0),(6534,112,132,3950,1,28.61,28.61,NULL,NULL,31.59,31.59,NULL,0),(6535,112,133,3951,1,4.85,4.85,NULL,NULL,5.36,5.36,NULL,0),(6536,112,134,3952,1,43.78,43.78,NULL,NULL,48.34,48.34,NULL,0),(6537,112,135,3953,2,3.08,6.16,NULL,NULL,3.4,6.8,NULL,0),(6538,112,136,3954,1,3.08,3.08,NULL,NULL,3.4,3.4,NULL,0),(6539,112,137,3955,1,3.08,3.08,NULL,NULL,3.4,3.4,NULL,0),(6540,112,138,3956,1,46.61,46.61,NULL,NULL,51.47,51.47,NULL,0),(6541,112,139,3957,1,4.85,4.85,NULL,NULL,5.36,5.36,NULL,0),(6542,112,140,3958,6,3.08,18.48,NULL,NULL,3.4,20.4,NULL,0),(6543,112,141,3959,6,3.08,18.48,NULL,NULL,3.4,20.4,NULL,0),(6544,112,142,3960,6,4.85,29.099999999999998,NULL,NULL,5.36,32.16,NULL,0),(6545,112,143,3961,6,3.08,18.48,NULL,NULL,3.4,20.4,NULL,0),(6546,112,144,3962,3,6.85,20.549999999999997,NULL,NULL,7.56,22.68,NULL,0),(6547,112,145,3963,1,330.28,330.28,NULL,NULL,364.7,364.7,NULL,0),(6548,112,146,3964,1,51.92,51.92,NULL,NULL,57.33,57.33,NULL,0),(6549,112,147,3965,1,93.67,93.67,NULL,NULL,103.43,103.43,NULL,0),(6550,112,148,3966,2,19.88,39.76,NULL,NULL,21.95,43.9,NULL,0),(6551,112,149,3967,5,29.81,149.04999999999998,NULL,NULL,32.92,164.6,NULL,0),(6552,112,150,3968,4,26.6,106.4,NULL,NULL,29.37,117.48,NULL,0),(6553,112,151,3969,6,17.26,103.56,NULL,NULL,19.06,114.36,NULL,0),(6554,112,152,3970,2,4.85,9.7,NULL,NULL,5.36,10.72,NULL,0),(6555,112,153,3971,29,90.53,2625.37,NULL,NULL,99.96,2898.84,NULL,0),(6556,112,154,3972,30,90.53,2715.9,NULL,NULL,99.96,2998.8,NULL,0),(6557,112,155,3973,2,247.82,495.64,NULL,NULL,273.65,547.3,NULL,0),(6558,112,156,3974,1,13.18,13.18,NULL,NULL,14.55,14.55,NULL,0),(6559,112,157,3975,2,330.28,660.56,NULL,NULL,364.7,729.4,NULL,0),(6560,112,158,3976,2,8.81,17.62,NULL,NULL,9.73,19.46,NULL,0),(6561,112,159,3977,1,13.64,13.64,NULL,NULL,15.06,15.06,NULL,0),(6562,112,160,3978,12,3.08,36.96,NULL,NULL,3.4,40.8,NULL,0),(6563,112,161,3979,7,4.85,33.949999999999996,NULL,NULL,5.36,37.52,NULL,0),(6564,112,162,3980,4,3.08,12.32,NULL,NULL,3.4,13.6,NULL,0),(6565,112,163,3981,1,2456.7,2456.7,NULL,NULL,2712.72,2712.72,NULL,0),(6566,112,164,3982,3,87.56,262.68,NULL,NULL,96.68,290.04,NULL,0),(6567,112,165,3983,4,3.08,12.32,NULL,NULL,3.4,13.6,NULL,0),(6568,112,166,3984,1,8.34,8.34,NULL,NULL,9.21,9.21,NULL,0),(6569,112,167,3985,1,9.29,9.29,NULL,NULL,10.26,10.26,NULL,0),(6570,112,168,3986,1,286.13,286.13,NULL,NULL,315.95,315.95,NULL,0),(6571,112,169,3987,1,39.61,39.61,NULL,NULL,43.74,43.74,NULL,0),(6572,112,170,3988,1,7.8,7.8,NULL,NULL,8.61,8.61,NULL,0),(6573,112,171,3989,1,45.32,45.32,NULL,NULL,50.04,50.04,NULL,0),(6574,112,172,3990,1,1104.82,1104.82,NULL,NULL,1219.96,1219.96,NULL,0),(6575,112,173,3991,1,33.77,33.77,NULL,NULL,37.29,37.29,NULL,0),(6576,112,174,3992,1,35.87,35.87,NULL,NULL,39.61,39.61,NULL,0),(6577,112,175,3993,1,6.97,6.97,NULL,NULL,7.7,7.7,NULL,0),(6578,112,176,3994,1,8.34,8.34,NULL,NULL,9.21,9.21,NULL,0),(6579,112,177,3995,2,330.28,660.56,NULL,NULL,364.7,729.4,NULL,0),(6580,112,178,3996,2,8.81,17.62,NULL,NULL,9.73,19.46,NULL,0),(6581,112,179,3997,11,90.53,995.83,NULL,NULL,99.96,1099.56,NULL,0),(6582,112,180,3998,12,90.53,1086.3600000000001,NULL,NULL,99.96,1199.52,NULL,0),(6583,112,181,3999,2,6.68,13.36,NULL,NULL,7.38,14.76,NULL,0),(6584,112,182,4000,1,3.08,3.08,NULL,NULL,3.4,3.4,NULL,0),(6585,112,183,4001,12,3.08,36.96,NULL,NULL,3.4,40.8,NULL,0),(6586,112,184,4002,6,3.08,18.48,NULL,NULL,3.4,20.4,NULL,0),(6587,112,185,4003,2,3.08,6.16,NULL,NULL,3.4,6.8,NULL,0),(6588,112,186,4004,1,12.25,12.25,NULL,NULL,13.53,13.53,NULL,0),(6589,112,187,4005,1,35.87,35.87,NULL,NULL,39.61,39.61,NULL,0),(6590,112,188,4006,2,3.08,6.16,NULL,NULL,3.4,6.8,NULL,0),(6591,112,189,4007,1,238.29,238.29,NULL,NULL,263.12,263.12,NULL,0),(6592,112,190,4008,1,22.58,22.58,NULL,NULL,24.93,24.93,NULL,0),(6593,112,191,4009,1,6.97,6.97,NULL,NULL,7.7,7.7,NULL,0),(6594,112,192,4010,1,9.29,9.29,NULL,NULL,10.26,10.26,NULL,0),(6595,112,193,4011,1,286.13,286.13,NULL,NULL,315.95,315.95,NULL,0),(6596,112,194,4012,1,39.61,39.61,NULL,NULL,43.74,43.74,NULL,0),(6597,112,195,4013,1,7.8,7.8,NULL,NULL,8.61,8.61,NULL,0),(6598,112,196,4014,1,45.32,45.32,NULL,NULL,50.04,50.04,NULL,0),(6599,112,197,4015,1,1104.82,1104.82,NULL,NULL,1219.96,1219.96,NULL,0),(6600,112,198,4016,1,33.77,33.77,NULL,NULL,37.29,37.29,NULL,0),(6601,112,199,4017,2,3.08,6.16,NULL,NULL,3.4,6.8,NULL,0),(6602,112,200,4018,1,13.18,13.18,NULL,NULL,14.55,14.55,NULL,0),(6603,112,201,4019,2,565.33,1130.66,NULL,NULL,624.24,1248.48,NULL,0),(6604,112,202,4020,2,8.81,17.62,NULL,NULL,9.73,19.46,NULL,0),(6605,112,203,4021,1,3.08,3.08,NULL,NULL,3.4,3.4,NULL,0),(6606,112,204,4022,2,3.08,6.16,NULL,NULL,3.4,6.8,NULL,0),(6607,112,205,4023,4,4.85,19.4,NULL,NULL,5.36,21.44,NULL,0),(6608,112,206,4024,2,3.08,6.16,NULL,NULL,3.4,6.8,NULL,0),(6609,112,207,4025,3,3.08,9.24,NULL,NULL,3.4,10.2,NULL,0),(6610,112,208,3794,2,284.65,569.3,NULL,NULL,314.31,628.62,NULL,0),(6611,112,209,3791,1,276.44,276.44,NULL,NULL,305.25,305.25,NULL,0),(6612,112,210,4026,1,72.45,72.45,NULL,NULL,80,80,NULL,0),(6613,112,211,3792,1,42.76,42.76,NULL,NULL,47.22,47.22,NULL,0),(6614,112,212,4027,1,287.4,287.4,NULL,NULL,317.35,317.35,NULL,0),(6615,112,213,3790,1,43.94,43.94,NULL,NULL,48.52,48.52,NULL,0),(6659,123,0,3450,2,887.76,1775.52,'2016-12-13 00:00:00',1,953.31,1906.62,NULL,0),(6660,123,1,2906,1,22.49,22.49,'2016-12-13 00:00:00',1,24.15,24.15,NULL,0),(6661,123,2,2894,12,47.64,571.6800000000001,'2016-12-13 00:00:00',1,51.16,613.92,NULL,0),(6662,123,3,2878,6,123.91,743.46,'2016-12-13 00:00:00',1,133.06,798.36,NULL,0),(6663,123,4,2874,6,197.67,1186.02,'2016-12-13 00:00:00',1,212.26,1273.56,NULL,0),(6664,123,5,2897,12,228.75,2745,'2016-12-13 00:00:00',1,245.64,2947.68,NULL,0),(6665,123,6,2896,12,129.22,1550.6399999999999,'2016-12-13 00:00:00',1,138.76,1665.12,NULL,0),(6666,123,7,2862,12,74.39,892.6800000000001,'2016-12-13 00:00:00',1,79.88,958.56,NULL,0),(6667,123,8,2893,12,26.37,316.44,'2016-12-13 00:00:00',1,28.32,339.84,NULL,0),(6704,125,0,4029,1,15.81,15.81,'2016-12-13 00:00:00',1,18.63,18.63,NULL,0),(6705,125,1,4030,1,3.08,3.08,'2016-12-13 00:00:00',1,3.63,3.63,NULL,0),(6706,125,2,4031,1,3.08,3.08,'2016-12-13 00:00:00',1,3.63,3.63,NULL,0),(6707,125,3,4032,1,12.77,12.77,'2016-12-13 00:00:00',1,15.05,15.05,NULL,0),(6708,125,4,4033,1,102.56,102.56,'2016-12-13 00:00:00',1,120.85,120.85,NULL,0),(6709,125,5,4034,1,171.52,171.52,'2016-12-13 00:00:00',1,202.11,202.11,NULL,0),(6710,125,6,4035,10,4.85,48.5,'2016-12-13 00:00:00',1,5.71,57.1,NULL,0),(6711,125,7,4036,1,2881.27,2881.27,'2016-12-13 00:00:00',1,3395.05,3395.05,NULL,0),(6712,125,8,2747,0,NULL,0,'2016-12-13 00:00:00',1,0,0,NULL,0),(6723,129,0,4037,1,134.19,134.19,'2016-12-13 00:00:00',1,145.57,145.57,NULL,0),(6724,129,1,4038,1,250.13,250.13,'2016-12-13 00:00:00',1,271.34,271.34,NULL,0),(6725,129,2,4039,1,357.2,357.2,'2016-12-13 00:00:00',1,387.49,387.49,NULL,0),(6726,129,3,4040,1,2733.59,2733.59,'2016-12-13 00:00:00',1,2965.39,2965.39,NULL,0),(6727,129,4,4041,1,2881.27,2881.27,'2016-12-13 00:00:00',1,3125.59,3125.59,NULL,0),(6934,100,0,4067,8,3.08,24.64,'2016-12-13 00:00:00',1,3.52,28.16,NULL,0),(6935,100,1,4068,1,3.08,3.08,'2016-12-13 00:00:00',1,3.52,3.52,NULL,0),(6936,100,2,4069,1,6730.15,6730.15,'2016-12-13 00:00:00',1,7697.63,7697.63,NULL,0),(6937,100,3,4070,2,175.52,351.04,'2016-12-13 00:00:00',1,200.75,401.5,NULL,0),(6938,100,4,4071,1,3676.59,3676.59,'2016-12-13 00:00:00',1,4205.11,4205.11,NULL,0),(6939,100,5,4072,28,424.23,11878.44,'2016-12-13 00:00:00',1,485.21,13585.88,NULL,0),(6940,100,6,4042,1,4.85,4.85,'2016-12-13 00:00:00',1,5.55,5.55,NULL,0),(6941,100,7,4043,1,27.37,27.37,'2016-12-13 00:00:00',1,31.3,31.3,NULL,0),(6942,100,8,4044,1,54.9,54.9,'2016-12-13 00:00:00',1,62.79,62.79,NULL,0),(6943,100,9,4045,1,14.95,14.95,'2016-12-13 00:00:00',1,17.1,17.1,NULL,0),(6944,100,10,4046,1,4.85,4.85,'2016-12-13 00:00:00',1,5.55,5.55,NULL,0),(6945,100,11,4047,1,295.51,295.51,'2016-12-13 00:00:00',1,337.99,337.99,NULL,0),(6946,100,12,4048,2,27.06,54.12,'2016-12-13 00:00:00',1,30.95,61.9,NULL,0),(6947,100,13,4049,1,45.13,45.13,'2016-12-13 00:00:00',1,51.62,51.62,NULL,0),(6948,100,14,4050,1,51.61,51.61,'2016-12-13 00:00:00',1,59.03,59.03,NULL,0),(6949,100,15,4051,4,220.75,883,'2016-12-13 00:00:00',1,252.48,1009.92,NULL,0),(6950,100,16,4052,4,192.9,771.6,'2016-12-13 00:00:00',1,220.63,882.52,NULL,0),(6951,100,17,4053,1,59.24,59.24,'2016-12-13 00:00:00',1,67.76,67.76,NULL,0),(6952,100,18,4054,1,532.57,532.57,'2016-12-13 00:00:00',1,609.13,609.13,NULL,0),(6953,100,19,4055,1,42.4,42.4,'2016-12-13 00:00:00',1,48.5,48.5,NULL,0),(6954,100,20,4056,1,109.31,109.31,'2016-12-13 00:00:00',1,125.02,125.02,NULL,0),(6955,100,21,4057,1,68.64,68.64,'2016-12-13 00:00:00',1,78.51,78.51,NULL,0),(6956,100,22,4058,1,4.85,4.85,'2016-12-13 00:00:00',1,5.55,5.55,NULL,0),(6957,100,23,4059,2,873.01,1746.02,'2016-12-13 00:00:00',1,998.51,1997.02,NULL,0),(6958,100,24,4060,1,873.01,873.01,'2016-12-13 00:00:00',1,998.51,998.51,NULL,0),(6959,100,25,4061,1,177.2,177.2,'2016-12-13 00:00:00',1,202.67,202.67,NULL,0),(6960,100,26,4062,1,177.2,177.2,'2016-12-13 00:00:00',1,202.67,202.67,NULL,0),(6961,100,27,4063,1,3280.28,3280.28,'2016-12-13 00:00:00',1,3751.83,3751.83,NULL,0),(6962,100,28,4064,2,873.01,1746.02,'2016-12-13 00:00:00',1,998.51,1997.02,NULL,0),(6963,100,29,4065,1,220.41,220.41,'2016-12-13 00:00:00',1,252.09,252.09,NULL,0),(6964,100,30,4066,1,177.2,177.2,'2016-12-13 00:00:00',1,202.67,202.67,NULL,0),(6966,130,0,2746,0,0,0,NULL,NULL,0,0,NULL,0),(6967,131,0,2757,0,0,0,NULL,NULL,0,0,NULL,0),(6991,134,0,2749,0,0,0,NULL,NULL,0,0,NULL,0),(6992,135,0,2746,0,0,0,NULL,NULL,0,0,NULL,0),(7011,139,0,2746,0,0,0,NULL,NULL,0,0,NULL,0),(7444,136,0,2846,6,453.07,2718.42,NULL,NULL,557.23,3343.38,NULL,0),(7445,136,1,2849,6,503.21,3019.2599999999998,NULL,NULL,618.9,3713.4,NULL,0),(7446,136,2,2850,12,2.99,35.88,NULL,NULL,3.68,44.16,NULL,0),(7447,136,3,2944,6,2.99,17.94,NULL,NULL,3.68,22.08,NULL,0),(7448,136,4,2947,6,11.12,66.72,NULL,NULL,13.68,82.08,NULL,0),(7449,136,5,2959,12,4.71,56.519999999999996,NULL,NULL,5.79,69.48,NULL,0),(7450,136,6,3011,6,1579.08,9474.48,NULL,NULL,1942.11,11652.66,NULL,0),(7451,136,7,3014,6,2.99,17.94,NULL,NULL,3.68,22.08,NULL,0),(7452,136,8,3015,6,257.74,1546.44,NULL,NULL,316.99,1901.94,NULL,0),(7453,136,9,3016,6,26.25,157.5,NULL,NULL,32.28,193.68,NULL,0),(7454,136,10,3017,6,32.46,194.76,NULL,NULL,39.92,239.52,NULL,0),(7455,136,11,3019,18,2.99,53.82000000000001,NULL,NULL,3.68,66.24,NULL,0),(7456,136,12,3021,6,2.99,17.94,NULL,NULL,3.68,22.08,NULL,0),(7457,136,13,3118,25,88.08,2202,NULL,NULL,108.33,2708.25,NULL,0),(7458,136,14,3119,26,88.08,2290.08,NULL,NULL,108.33,2816.58,NULL,0),(7459,136,15,3200,17,88.08,1497.36,NULL,NULL,108.33,1841.61,NULL,0),(7460,136,16,3201,17,88.08,1497.36,NULL,NULL,108.33,1841.61,NULL,0),(7461,141,0,2897,16,222.57,3561.12,NULL,NULL,276.8,4428.8,NULL,0),(7462,141,1,2890,12,31.58,378.96,NULL,NULL,39.27,471.24,NULL,0),(7463,141,2,2863,16,4.76,76.16,NULL,NULL,5.92,94.72,NULL,0),(7464,141,3,2862,24,72.38,1737.12,NULL,NULL,90.01,2160.24,NULL,0),(7465,141,4,2874,16,192.33,3077.28,NULL,NULL,239.19,3827.04,NULL,0),(7466,141,5,2873,32,6.09,194.88,NULL,NULL,7.57,242.24,NULL,0),(7467,141,6,2878,16,120.56,1928.96,NULL,NULL,149.93,2398.88,NULL,0),(7468,141,7,2898,48,4.71,226.07999999999998,NULL,NULL,5.86,281.28,NULL,0),(7469,141,8,2902,8,2.99,23.92,NULL,NULL,3.72,29.76,NULL,0),(7470,141,9,2960,8,17.74,141.92,NULL,NULL,22.06,176.48,NULL,0),(7471,141,10,3084,4,2.99,11.96,NULL,NULL,3.72,14.88,NULL,0),(7472,141,11,2835,4,36.45,145.8,NULL,NULL,45.33,181.32,NULL,0),(7473,141,12,3208,16,2.99,47.84,NULL,NULL,3.72,59.52,NULL,0),(7474,141,13,2944,6,2.99,17.94,NULL,NULL,3.72,22.32,NULL,0),(7475,141,14,2947,6,11.12,66.72,NULL,NULL,13.83,82.98,NULL,0),(7476,141,15,2906,6,21.88,131.28,NULL,NULL,27.21,163.26,NULL,0),(7477,141,16,2919,5,79.03,395.15,NULL,NULL,98.29,491.45,NULL,0),(7501,142,0,4085,1,5689.18,5689.18,NULL,NULL,6277.04,6277.04,NULL,0),(7502,142,1,3313,1,3789.8,3789.8,NULL,NULL,4181.4,4181.4,NULL,0),(7503,138,0,3153,1,1006.12,1006.12,NULL,NULL,1907.05,1907.05,NULL,0),(7504,138,1,2919,1,79.03,79.03,NULL,NULL,149.8,149.8,NULL,0),(7505,138,2,2991,2,43.72,87.44,NULL,NULL,82.87,165.74,NULL,0),(7548,143,0,3165,3,2500,7500,NULL,NULL,2874,8622,NULL,0),(7549,143,1,2919,5,79.03,395.15,NULL,NULL,90.85,454.25,NULL,0),(7550,143,2,3153,4,1006.12,4024.48,NULL,NULL,1156.64,4626.56,NULL,0),(7551,143,3,3110,10,25.88,258.8,NULL,NULL,29.75,297.5,NULL,0),(7552,143,4,2991,18,43.72,786.96,NULL,NULL,50.26,904.68,NULL,0),(7553,143,5,3109,6,272.26,1633.56,NULL,NULL,312.99,1877.94,NULL,0),(7571,144,0,3116,1,241.13,241.13,NULL,NULL,284.49,284.49,NULL,0),(7572,144,1,3117,25,181.11,4527.75,NULL,NULL,213.68,5342,NULL,0),(7573,144,2,3121,25,181.11,4527.75,NULL,NULL,213.68,5342,NULL,0),(7574,144,3,3118,27,88.08,2378.16,NULL,NULL,103.92,2805.84,NULL,0),(7575,144,4,3119,27,88.08,2378.16,NULL,NULL,103.92,2805.84,NULL,0),(7757,146,0,4088,32,23.24,743.68,NULL,NULL,28.04,897.28,NULL,0),(7758,146,1,4089,8,12.78,102.24,NULL,NULL,15.42,123.36,NULL,0),(7759,146,2,4090,4,15.1,60.4,NULL,NULL,18.22,72.88,NULL,0),(7760,146,3,4091,12,51.83,621.96,NULL,NULL,62.55,750.6,NULL,0),(7761,146,4,4092,4,29.73,118.92,NULL,NULL,35.88,143.52,NULL,0),(7762,146,5,4093,4,103.25,413,NULL,NULL,124.6,498.4,NULL,0),(7763,146,6,4094,4,29.95,119.8,NULL,NULL,36.14,144.56,NULL,0),(7764,146,7,4095,4,86.23,344.92,NULL,NULL,104.06,416.24,NULL,0),(7765,146,8,4116,4,29.73,118.92,NULL,NULL,35.88,143.52,NULL,0),(7766,146,9,4096,40,17.96,718.4000000000001,NULL,NULL,21.67,866.8,NULL,0),(7767,146,10,4097,8,469.38,3755.04,NULL,NULL,566.43,4531.44,NULL,0),(7768,146,11,4098,4,2426.25,9705,NULL,NULL,2927.89,11711.56,NULL,0),(7769,146,12,4099,48,53.78,2581.44,NULL,NULL,64.9,3115.2,NULL,0),(7770,146,13,4100,4,83.67,334.68,NULL,NULL,100.97,403.88,NULL,0),(7771,146,14,4101,32,57.76,1848.32,NULL,NULL,69.7,2230.4,NULL,0),(7772,146,15,4102,64,2.99,191.36,NULL,NULL,3.61,231.04,NULL,0),(7773,146,16,4103,32,75.59,2418.88,NULL,NULL,91.22,2919.04,NULL,0),(7774,146,17,4104,16,142.45,2279.2,NULL,NULL,171.9,2750.4,NULL,0),(7775,146,18,4105,16,251.9,4030.4,NULL,NULL,303.98,4863.68,NULL,0),(7776,146,19,4106,4,81.62,326.48,NULL,NULL,98.5,394,NULL,0),(7777,146,20,4107,48,11.3,542.4000000000001,NULL,NULL,13.64,654.72,NULL,0),(7778,146,21,4108,4,18.78,75.12,NULL,NULL,22.66,90.64,NULL,0),(7779,146,22,4109,32,12.78,408.96,NULL,NULL,15.42,493.44,NULL,0),(7780,146,23,4110,32,2.99,95.68,NULL,NULL,3.61,115.52,NULL,0),(7781,146,24,4111,4,2.99,11.96,NULL,NULL,3.61,14.44,NULL,0),(7782,146,25,4112,4,26.37,105.48,NULL,NULL,31.82,127.28,NULL,0),(7783,146,26,4113,4,19.44,77.76,NULL,NULL,23.46,93.84,NULL,0),(7784,146,27,4114,4,4.71,18.84,NULL,NULL,5.68,22.72,NULL,0),(7785,146,28,4115,12,511.44,6137.28,NULL,NULL,617.18,7406.16,NULL,0),(7810,140,0,4084,1,3872.12,3872.12,NULL,NULL,4689.79,4689.79,NULL,0),(7811,140,1,4119,2,469.38,938.76,NULL,NULL,568.5,1137,NULL,0),(7812,140,2,4120,3,511.44,1534.32,NULL,NULL,619.44,1858.32,NULL,0),(7969,148,0,4132,1,44.81,44.81,NULL,NULL,66.6,66.6,NULL,0),(7970,148,1,4133,4,288.87,1155.48,NULL,NULL,429.37,1717.48,NULL,0),(7971,148,2,4134,6,186.95,1121.6999999999998,NULL,NULL,277.88,1667.28,NULL,0),(7972,145,0,4086,1,2233.17,2233.17,NULL,NULL,2857.74,2857.74,NULL,0),(7973,145,1,4087,1,6776.73,6776.73,NULL,NULL,8672.04,8672.04,NULL,0),(7981,150,0,3153,1,1006.12,1006.12,NULL,NULL,1299.64,1299.64,NULL,0),(7982,150,1,2906,4,21.88,87.52,NULL,NULL,28.26,113.04,NULL,0),(7983,150,2,2839,3,36.45,109.35000000000001,NULL,NULL,47.08,141.24,NULL,0),(7984,150,3,3084,3,2.99,8.97,NULL,NULL,3.86,11.58,NULL,0),(7985,150,4,3792,1,45.26,45.26,NULL,NULL,58.46,58.46,NULL,0),(7986,150,5,3300,1,167.49,167.49,NULL,NULL,216.35,216.35,NULL,0),(7987,150,6,3299,1,167.49,167.49,NULL,NULL,216.35,216.35,NULL,0),(7988,150,7,2876,2,4.71,9.42,NULL,NULL,6.08,12.16,NULL,0),(7989,150,8,2873,8,6.09,48.72,NULL,NULL,7.87,62.96,NULL,0),(7990,150,9,2890,8,31.58,252.64,NULL,NULL,40.79,326.32,NULL,0),(7991,150,10,2863,12,4.76,57.12,NULL,NULL,6.15,73.8,NULL,0),(7992,150,11,2912,3,14.58,43.74,NULL,NULL,18.83,56.49,NULL,0),(7993,150,12,2898,24,4.71,113.03999999999999,NULL,NULL,6.08,145.92,NULL,0),(7994,150,13,2944,2,2.99,5.98,NULL,NULL,3.86,7.72,NULL,0),(7995,150,14,3171,1,278.4,278.4,NULL,NULL,359.62,359.62,NULL,0),(7996,150,15,3182,1,1074.97,1074.97,NULL,NULL,1388.57,1388.57,NULL,0),(7997,150,16,3170,1,9.04,9.04,NULL,NULL,11.68,11.68,NULL,0),(7998,150,17,2947,2,11.12,22.24,NULL,NULL,14.36,28.72,NULL,0),(7999,150,18,3190,1,164.94,164.94,NULL,NULL,213.06,213.06,NULL,0),(8000,150,19,3185,1,36.84,36.84,NULL,NULL,47.59,47.59,NULL,0),(8001,150,20,3280,1,167.49,167.49,NULL,NULL,216.35,216.35,NULL,0),(8002,150,21,2916,1,69.36,69.36,NULL,NULL,89.59,89.59,NULL,0),(8003,150,22,3183,1,32.85,32.85,NULL,NULL,42.43,42.43,NULL,0),(8015,151,0,4138,4,145.92,583.68,NULL,NULL,145.92,583.68,NULL,0),(8084,152,0,4142,2,1133.95,2267.9,NULL,NULL,1408.83,2817.66,NULL,0),(8085,152,1,4143,2,664.56,1329.12,NULL,NULL,825.66,1651.32,NULL,0),(8086,152,2,4144,1,15889.6,15889.6,NULL,NULL,19741.41,19741.41,NULL,0),(8087,152,3,4145,6,73.82,442.91999999999996,NULL,NULL,91.71,550.26,NULL,0),(8088,152,4,4146,6,403.68,2422.08,NULL,NULL,501.54,3009.24,NULL,0),(8089,152,5,4147,3,1710.8,5132.4,NULL,NULL,2125.52,6376.56,NULL,0),(8105,154,0,4148,1,122.91,122.91,NULL,NULL,167.49,167.49,NULL,0),(8106,154,1,4149,2,19.2,38.4,NULL,NULL,26.16,52.32,NULL,0),(8107,154,2,4150,3,17.66,52.980000000000004,NULL,NULL,24.07,72.21,NULL,0),(8108,154,3,3751,2,6.4,12.8,NULL,NULL,8.72,17.44,NULL,0),(8109,154,4,4151,2,3.71,7.42,NULL,NULL,5.06,10.12,NULL,0),(8110,154,5,4152,2,2.62,5.24,NULL,NULL,3.57,7.14,NULL,0),(8111,154,6,4153,2,12.1,24.2,NULL,NULL,16.49,32.98,NULL,0),(8112,154,7,4154,4,224.22,896.88,NULL,NULL,305.55,1222.2,NULL,0),(8113,154,8,4155,4,13.75,55,NULL,NULL,18.74,74.96,NULL,0),(8114,154,9,4156,4,84.07,336.28,NULL,NULL,114.56,458.24,NULL,0),(8115,154,10,4157,2,20.95,41.9,NULL,NULL,28.55,57.1,NULL,0),(8116,154,11,4158,1,8.83,8.83,NULL,NULL,12.03,12.03,NULL,0),(8117,154,12,4159,1,2.57,2.57,NULL,NULL,3.5,3.5,NULL,0),(8123,147,0,4135,10,4.71,47.1,NULL,NULL,5.61,56.1,NULL,0),(8124,147,1,4136,2,911.53,1823.06,NULL,NULL,1086.22,2172.44,NULL,0),(8125,153,0,3022,4,1281.38,5125.52,NULL,NULL,1417.55,5670.2,NULL,0),(8126,153,1,2944,1,2.99,2.99,NULL,NULL,3.31,3.31,NULL,0),(8127,153,2,2898,8,4.71,37.68,NULL,NULL,5.21,41.68,NULL,0),(8128,153,3,3153,2,1006.12,2012.24,NULL,NULL,1113.04,2226.08,NULL,0),(8129,153,4,4086,1,2233.17,2233.17,NULL,NULL,2470.49,2470.49,NULL,0),(8130,153,5,4139,6,111.13,666.78,NULL,NULL,122.94,737.64,NULL,0),(8131,153,6,2947,1,11.12,11.12,NULL,NULL,12.3,12.3,NULL,0),(8132,153,7,2906,1,21.88,21.88,NULL,NULL,24.21,24.21,NULL,0),(8133,153,8,3019,12,2.99,35.88,NULL,NULL,3.31,39.72,NULL,0),(8134,153,9,3015,6,257.74,1546.44,NULL,NULL,285.13,1710.78,NULL,0),(8135,153,10,4140,1,732.07,732.07,NULL,NULL,809.87,809.87,NULL,0),(8136,153,11,4141,1,925.6,925.6,NULL,NULL,1023.96,1023.96,NULL,0),(8148,132,0,2960,13,17.74,230.61999999999998,NULL,NULL,22.29,289.77,NULL,0),(8149,132,1,2947,7,11.12,77.83999999999999,NULL,NULL,13.97,97.79,NULL,0),(8150,132,2,2821,30,2.99,89.7,NULL,NULL,3.76,112.8,NULL,0),(8151,132,3,2839,7,36.45,255.15000000000003,NULL,NULL,45.8,320.6,NULL,0),(8152,132,4,2890,14,31.58,442.12,NULL,NULL,39.68,555.52,NULL,0),(8153,132,5,2898,56,4.71,263.76,NULL,NULL,5.92,331.52,NULL,0),(8154,132,6,2944,7,2.99,20.93,NULL,NULL,3.76,26.32,NULL,0),(8155,132,7,3208,12,2.99,35.88,NULL,NULL,3.76,45.12,NULL,0),(8156,132,8,3209,5,2.99,14.950000000000001,NULL,NULL,3.76,18.8,NULL,0),(8157,132,9,3020,14,2.99,41.86,NULL,NULL,3.76,52.64,NULL,0),(8158,132,10,2991,10,43.72,437.2,NULL,NULL,54.94,549.4,NULL,0),(8429,137,0,3015,8,257.74,2061.92,NULL,NULL,320.33,2562.64,NULL,0),(8430,137,1,3019,24,2.99,71.76,NULL,NULL,3.72,89.28,NULL,0),(8431,137,2,2978,1,293.66,293.66,NULL,NULL,364.98,364.98,NULL,0),(8432,137,3,2924,1,103.14,103.14,NULL,NULL,128.19,128.19,NULL,0),(8433,137,4,2926,1,91.71,91.71,NULL,NULL,113.98,113.98,NULL,0),(8434,137,5,2923,1,121.28,121.28,NULL,NULL,150.73,150.73,NULL,0),(8435,137,6,2916,1,69.36,69.36,NULL,NULL,86.2,86.2,NULL,0),(8436,137,7,2906,8,21.88,175.04,NULL,NULL,27.19,217.52,NULL,0),(8437,137,8,2912,8,14.58,116.64,NULL,NULL,18.12,144.96,NULL,0),(8438,137,9,2911,24,2.99,71.76,NULL,NULL,3.72,89.28,NULL,0),(8439,137,10,2902,8,2.99,23.92,NULL,NULL,3.72,29.76,NULL,0),(8440,137,11,2876,16,4.71,75.36,NULL,NULL,5.85,93.6,NULL,0),(8441,137,12,2874,16,192.33,3077.28,NULL,NULL,239.04,3824.64,NULL,0),(8442,137,13,2873,32,6.09,194.88,NULL,NULL,7.57,242.24,NULL,0),(8443,137,14,2878,16,120.56,1928.96,NULL,NULL,149.84,2397.44,NULL,0),(8444,137,15,2863,32,4.76,152.32,NULL,NULL,5.92,189.44,NULL,0),(8445,137,16,2861,8,120.49,963.92,NULL,NULL,149.75,1198,NULL,0),(8446,137,17,2860,8,140.01,1120.08,NULL,NULL,174.01,1392.08,NULL,0),(8447,137,18,2859,8,88.79,710.32,NULL,NULL,110.35,882.8,NULL,0),(8448,137,19,2858,8,180.36,1442.88,NULL,NULL,224.16,1793.28,NULL,0),(8449,137,20,2896,32,125.73,4023.36,NULL,NULL,156.26,5000.32,NULL,0),(8450,137,21,2765,16,13.61,217.76,NULL,NULL,16.92,270.72,NULL,0),(8451,137,22,2761,8,9.8,78.4,NULL,NULL,12.18,97.44,NULL,0),(8452,137,23,2763,8,9.38,75.04,NULL,NULL,11.66,93.28,NULL,0),(8453,137,24,2766,1,8.32,8.32,NULL,NULL,10.34,10.34,NULL,0),(8454,137,25,2959,16,4.71,75.36,NULL,NULL,5.85,93.6,NULL,0),(8455,137,26,2980,2,4.52,9.04,NULL,NULL,5.62,11.24,NULL,0),(8456,137,27,3021,8,2.99,23.92,NULL,NULL,3.72,29.76,NULL,0),(8457,137,28,3207,1,2.99,2.99,NULL,NULL,3.72,3.72,NULL,0),(8458,137,29,3200,16,88.08,1409.28,NULL,NULL,109.47,1751.52,NULL,0),(8459,137,30,3183,2,32.85,65.7,NULL,NULL,40.83,81.66,NULL,0),(8460,137,31,3176,1,7.59,7.59,NULL,NULL,9.43,9.43,NULL,0),(8461,137,32,3186,1,34.9,34.9,NULL,NULL,43.38,43.38,NULL,0),(8462,137,33,3017,8,32.46,259.68,NULL,NULL,40.34,322.72,NULL,0),(8463,137,34,3024,16,4.76,76.16,NULL,NULL,5.92,94.72,NULL,0),(8464,137,35,3027,16,2.99,47.84,NULL,NULL,3.72,59.52,NULL,0),(8465,137,36,3028,16,4.71,75.36,NULL,NULL,5.85,93.6,NULL,0),(8466,137,37,3064,1,2.99,2.99,NULL,NULL,3.72,3.72,NULL,0),(8467,137,38,3047,2,2.99,5.98,NULL,NULL,3.72,7.44,NULL,0),(8468,137,39,3048,1,21.49,21.49,NULL,NULL,26.71,26.71,NULL,0),(8469,137,40,3049,1,21.49,21.49,NULL,NULL,26.71,26.71,NULL,0),(8470,137,41,3051,1,4.71,4.71,NULL,NULL,5.85,5.85,NULL,0),(8471,137,42,3056,2,2.99,5.98,NULL,NULL,3.72,7.44,NULL,0),(8472,137,43,3073,1,4.71,4.71,NULL,NULL,5.85,5.85,NULL,0),(8473,137,44,3069,1,45.35,45.35,NULL,NULL,56.36,56.36,NULL,0),(8474,137,45,3084,8,2.99,23.92,NULL,NULL,3.72,29.76,NULL,0),(8475,137,46,3087,1,3.68,3.68,NULL,NULL,4.57,4.57,NULL,0),(8476,137,47,3088,8,4.71,37.68,NULL,NULL,5.85,46.8,NULL,0),(8477,137,48,3089,8,2.99,23.92,NULL,NULL,3.72,29.76,NULL,0),(8478,137,49,3118,25,88.08,2202,NULL,NULL,109.47,2736.75,NULL,0),(8479,137,50,3119,25,88.08,2202,NULL,NULL,109.47,2736.75,NULL,0),(8480,137,51,3127,1,12.83,12.83,NULL,NULL,15.95,15.95,NULL,0),(8481,137,52,3170,1,9.04,9.04,NULL,NULL,11.24,11.24,NULL,0),(8482,137,53,3169,1,8.11,8.11,NULL,NULL,10.08,10.08,NULL,0),(8483,137,54,3171,1,278.4,278.4,NULL,NULL,346.01,346.01,NULL,0),(8484,137,55,3174,1,38.54,38.54,NULL,NULL,47.9,47.9,NULL,0),(8485,137,56,3179,1,44.09,44.09,NULL,NULL,54.8,54.8,NULL,0),(8486,137,57,3201,16,88.08,1409.28,NULL,NULL,109.47,1751.52,NULL,0),(8487,137,58,3205,2,6.5,13,NULL,NULL,8.08,16.16,NULL,0),(8488,137,59,4078,1,443.49,443.49,NULL,NULL,551.19,551.19,NULL,0),(8489,137,60,4079,1,265.38,265.38,NULL,NULL,329.83,329.83,NULL,0),(8490,137,61,3579,2,2.99,5.98,NULL,NULL,3.72,7.44,NULL,0),(8491,137,62,4027,1,304.25,304.25,NULL,NULL,378.14,378.14,NULL,0),(8492,137,63,3224,1,11.91,11.91,NULL,NULL,14.8,14.8,NULL,0),(8493,137,64,3225,1,34.9,34.9,NULL,NULL,43.38,43.38,NULL,0),(8494,137,65,3228,1,2.99,2.99,NULL,NULL,3.72,3.72,NULL,0),(8495,137,66,3229,1,231.85,231.85,NULL,NULL,288.16,288.16,NULL,0),(8496,137,67,3232,1,21.97,21.97,NULL,NULL,27.31,27.31,NULL,0),(8497,137,68,3237,1,278.4,278.4,NULL,NULL,346.01,346.01,NULL,0),(8498,137,69,3239,1,7.59,7.59,NULL,NULL,9.43,9.43,NULL,0),(8499,137,70,3240,1,44.09,44.09,NULL,NULL,54.8,54.8,NULL,0),(8500,137,71,3244,1,32.85,32.85,NULL,NULL,40.83,40.83,NULL,0),(8501,137,72,3251,1,12.83,12.83,NULL,NULL,15.95,15.95,NULL,0),(8502,137,73,3254,2,8.58,17.16,NULL,NULL,10.66,21.32,NULL,0),(8503,137,74,4080,1,2.99,2.99,NULL,NULL,3.72,3.72,NULL,0),(8504,137,75,3260,2,2.99,5.98,NULL,NULL,3.72,7.44,NULL,0),(8505,137,76,3270,4,4.71,18.84,NULL,NULL,5.85,23.4,NULL,0),(8506,137,77,3280,1,167.49,167.49,NULL,NULL,208.17,208.17,NULL,0),(8507,137,78,3281,1,167.49,167.49,NULL,NULL,208.17,208.17,NULL,0),(8508,137,79,3303,1,167.49,167.49,NULL,NULL,208.17,208.17,NULL,0),(8509,137,80,3304,1,167.49,167.49,NULL,NULL,208.17,208.17,NULL,0),(8510,137,81,3277,1,38.98,38.98,NULL,NULL,48.45,48.45,NULL,0),(8511,137,82,4081,1,2709.13,2709.13,NULL,NULL,3367.06,3367.06,NULL,0),(8512,137,83,4082,1,14.12,14.12,NULL,NULL,17.55,17.55,NULL,0),(8513,137,84,3792,1,45.26,45.26,NULL,NULL,56.25,56.25,NULL,0),(8514,137,85,3578,2,25.88,51.76,NULL,NULL,32.17,64.34,NULL,0),(8515,137,86,3580,2,4.71,9.42,NULL,NULL,5.85,11.7,NULL,0),(8516,137,87,4083,2,21.3,42.6,NULL,NULL,26.47,52.94,NULL,0),(8517,137,88,3110,2,25.88,51.76,NULL,NULL,32.17,64.34,NULL,0),(8518,137,89,3153,2,1006.12,2012.24,NULL,NULL,1250.46,2500.92,NULL,0),(8550,158,0,3439,1,2706.32,2706.32,NULL,NULL,3185.22,3185.22,NULL,0),(8551,158,1,4160,1,2853.4,2853.4,NULL,NULL,3358.32,3358.32,NULL,0),(8552,158,2,3110,4,26.33,105.32,NULL,NULL,30.99,123.96,NULL,0),(8553,158,3,3336,1,611.86,611.86,NULL,NULL,720.13,720.13,NULL,0),(8554,158,4,4161,1,611.86,611.86,NULL,NULL,720.13,720.13,NULL,0),(8555,158,5,3313,1,3794.73,3794.73,NULL,NULL,4466.23,4466.23,NULL,0),(8556,158,6,2898,24,4.85,116.39999999999999,NULL,NULL,5.71,137.04,NULL,0),(8557,158,7,2959,3,4.85,14.549999999999999,NULL,NULL,5.71,17.13,NULL,0),(8558,158,8,2912,3,14.71,44.13,NULL,NULL,17.31,51.93,NULL,0),(8559,158,9,2944,3,2.94,8.82,NULL,NULL,3.46,10.38,NULL,0),(8560,133,0,4125,4,987.71,3950.84,NULL,NULL,1159.86,4639.44,NULL,0),(8561,133,1,4126,2,168.68,337.36,NULL,NULL,198.08,396.16,NULL,0),(8562,133,2,4127,4,987.71,3950.84,NULL,NULL,1159.86,4639.44,NULL,0),(8563,133,3,4128,4,987.71,3950.84,NULL,NULL,1159.86,4639.44,NULL,0),(8576,124,0,4162,3,439.81,1319.43,NULL,NULL,554.32,1662.96,NULL,0),(8577,124,1,3015,16,264.9,4238.4,NULL,NULL,333.87,5341.92,NULL,0),(8578,124,2,2839,2,37.46,74.92,NULL,NULL,47.21,94.42,NULL,0),(8579,124,3,3153,1,1499.39,1499.39,NULL,NULL,1889.78,1889.78,NULL,0),(8590,126,0,2991,8,44.93,359.44,NULL,NULL,56.63,453.04,NULL,0),(8591,126,1,4163,3,127.7,383.1,NULL,NULL,160.95,482.85,NULL,0),(8600,127,0,3208,4,3.08,12.32,NULL,0,3.98,15.92,NULL,0),(8601,127,1,2960,2,18.23,36.46,NULL,0,23.58,47.16,NULL,0),(8602,127,2,3299,1,172.14,172.14,NULL,0,222.68,222.68,NULL,0),(8603,127,3,3300,2,172.14,344.28,NULL,0,222.68,445.36,NULL,0),(8604,127,4,3303,1,172.14,172.14,NULL,0,222.68,222.68,NULL,0),(8605,127,5,3304,2,172.14,344.28,NULL,0,222.68,445.36,NULL,0),(8606,127,6,4164,1,5222.59,5222.59,NULL,0,6755.95,6755.95,NULL,0),(8635,128,0,3019,36,3.08,110.88,NULL,NULL,3.88,139.68,NULL,0),(8636,128,1,2926,1,94.25,94.25,NULL,NULL,118.79,118.79,NULL,0),(8637,128,2,3021,6,3.08,18.48,NULL,NULL,3.88,23.28,NULL,0),(8638,128,3,3027,6,3.08,18.48,NULL,NULL,3.88,23.28,NULL,0),(8639,128,4,3028,12,4.85,58.199999999999996,NULL,NULL,6.11,73.32,NULL,0),(8640,128,5,2916,1,71.29,71.29,NULL,NULL,89.85,89.85,NULL,0),(8641,128,6,2923,1,124.65,124.65,NULL,NULL,157.1,157.1,NULL,0),(8642,128,7,2924,1,106.01,106.01,NULL,NULL,133.61,133.61,NULL,0),(8643,128,8,3015,6,264.9,1589.3999999999999,NULL,NULL,333.86,2003.16,NULL,0),(8644,128,9,3024,12,4.89,58.67999999999999,NULL,NULL,6.16,73.92,NULL,0),(8645,128,10,3118,25,90.53,2263.25,NULL,NULL,114.1,2852.5,NULL,0),(8646,128,11,3119,25,90.53,2263.25,NULL,NULL,114.1,2852.5,NULL,0),(8647,128,12,3171,1,286.13,286.13,NULL,NULL,360.62,360.62,NULL,0),(8648,128,13,3174,1,39.61,39.61,NULL,NULL,49.92,49.92,NULL,0),(8649,128,14,3176,1,7.8,7.8,NULL,NULL,9.83,9.83,NULL,0),(8650,128,15,3179,1,45.32,45.32,NULL,NULL,57.12,57.12,NULL,0),(8651,128,16,3183,2,33.77,67.54,NULL,NULL,42.56,85.12,NULL,0),(8652,128,17,3170,1,9.29,9.29,NULL,NULL,11.71,11.71,NULL,0),(8653,128,18,3201,16,90.53,1448.48,NULL,NULL,114.1,1825.6,NULL,0),(8654,128,19,3200,16,90.53,1448.48,NULL,NULL,114.1,1825.6,NULL,0),(8655,128,20,3237,1,286.13,286.13,NULL,NULL,360.62,360.62,NULL,0),(8656,128,21,3239,1,7.8,7.8,NULL,NULL,9.83,9.83,NULL,0),(8657,128,22,3251,1,13.18,13.18,NULL,NULL,16.61,16.61,NULL,0),(8658,128,23,3254,2,8.81,17.62,NULL,NULL,11.1,22.2,NULL,0),(8659,128,24,4082,1,14.51,14.51,NULL,NULL,18.29,18.29,NULL,0),(8660,128,25,3578,2,26.6,53.2,NULL,NULL,33.53,67.06,NULL,0),(8661,128,26,3580,2,4.85,9.7,NULL,NULL,6.11,12.22,NULL,0),(8663,159,0,2746,0,NULL,0,NULL,NULL,0,0,NULL,0),(8668,161,10,NULL,NULL,NULL,0,NULL,NULL,NULL,NULL,'Fuga de agua und 1 y entre und 3-4',NULL),(8674,165,0,2748,0,0,0,NULL,NULL,0,0,NULL,NULL),(8724,155,0,3116,1,244.16,244.16,NULL,NULL,289.15,289.15,NULL,0),(8725,155,1,3117,25,182.38,4559.5,NULL,NULL,215.99,5399.75,NULL,0),(8726,155,2,3121,25,182.38,4559.5,NULL,NULL,215.99,5399.75,NULL,0),(8727,155,3,2761,6,10,60,NULL,NULL,11.84,71.04,NULL,0),(8728,155,4,2768,1,13.68,13.68,NULL,NULL,16.2,16.2,NULL,0),(8729,155,5,2763,4,9.41,37.64,NULL,NULL,11.14,44.56,NULL,0),(8730,155,6,2838,1,25,25,NULL,NULL,29.61,29.61,NULL,0),(8731,155,7,2877,6,5.15,30.900000000000002,NULL,NULL,6.1,36.6,NULL,0),(8732,155,8,2863,8,4.85,38.8,NULL,NULL,5.74,45.92,NULL,0),(8733,155,9,2898,8,4.85,38.8,NULL,NULL,5.74,45.92,NULL,0),(8734,155,10,2893,4,25.74,102.96,NULL,NULL,30.48,121.92,NULL,0),(8735,155,11,2894,4,46.33,185.32,NULL,NULL,54.87,219.48,NULL,0),(8736,155,12,2906,6,21.92,131.52,NULL,NULL,25.96,155.76,NULL,0),(8737,155,13,2944,2,2.94,5.88,NULL,NULL,3.48,6.96,NULL,0),(8738,155,14,2947,2,11.18,22.36,NULL,NULL,13.24,26.48,NULL,0),(8739,155,15,2978,1,298.58,298.58,NULL,NULL,353.6,353.6,NULL,0),(8740,155,16,2980,1,4.71,4.71,NULL,NULL,5.58,5.58,NULL,0),(8741,155,17,3027,8,2.94,23.52,NULL,NULL,3.48,27.84,NULL,0),(8742,155,18,3028,4,4.85,19.4,NULL,NULL,5.74,22.96,NULL,0),(8743,155,19,3077,1,19.56,19.56,NULL,NULL,23.16,23.16,NULL,0),(8744,155,20,3089,5,2.94,14.7,NULL,NULL,3.48,17.4,NULL,0),(8745,155,21,3130,2,75.45,150.9,NULL,NULL,89.35,178.7,NULL,0),(8746,155,22,3126,2,14.86,29.72,NULL,NULL,17.6,35.2,NULL,0),(8747,155,23,3190,1,167.67,167.67,NULL,NULL,198.57,198.57,NULL,0),(8748,155,24,3192,3,8.24,24.72,NULL,NULL,9.76,29.28,NULL,0),(8749,155,25,3179,1,44.71,44.71,NULL,NULL,52.95,52.95,NULL,0),(8750,155,26,3182,1,1088.41,1088.41,NULL,NULL,1288.97,1288.97,NULL,0),(8751,155,27,3197,2,75.45,150.9,NULL,NULL,89.35,178.7,NULL,0),(8752,155,28,3194,2,326.52,653.04,NULL,NULL,386.69,773.38,NULL,0),(8753,155,29,4165,2,9.27,18.54,NULL,NULL,10.98,21.96,NULL,0),(8754,155,30,3201,3,88.1,264.29999999999995,NULL,NULL,104.33,312.99,NULL,0),(8755,155,31,3200,4,88.1,352.4,NULL,NULL,104.33,417.32,NULL,0),(8756,155,32,3219,2,2.94,5.88,NULL,NULL,3.48,6.96,NULL,0),(8757,155,33,3220,1,6.62,6.62,NULL,NULL,7.84,7.84,NULL,0),(8758,155,34,3205,3,6.62,19.86,NULL,NULL,7.84,23.52,NULL,0),(8759,155,35,3206,3,2.94,8.82,NULL,NULL,3.48,10.44,NULL,0),(8760,155,36,3208,8,2.94,23.52,NULL,NULL,3.48,27.84,NULL,0),(8761,155,37,3214,1,9.27,9.27,NULL,NULL,10.98,10.98,NULL,0),(8762,155,38,3217,2,9.27,18.54,NULL,NULL,10.98,21.96,NULL,0),(8763,155,39,3250,1,2.94,2.94,NULL,NULL,3.48,3.48,NULL,0),(8764,155,40,3236,1,9.27,9.27,NULL,NULL,10.98,10.98,NULL,0),(8765,155,41,3239,1,7.8,7.8,NULL,NULL,9.24,9.24,NULL,0),(8766,155,42,3251,1,13.09,13.09,NULL,NULL,15.5,15.5,NULL,0),(8767,155,43,3252,1,5.74,5.74,NULL,NULL,6.8,6.8,NULL,0),(8768,155,44,3253,2,407.42,814.84,NULL,NULL,482.5,965,NULL,0),(8769,155,45,4166,2,2.94,5.88,NULL,NULL,3.48,6.96,NULL,0),(8837,156,0,4167,24,2.94,70.56,NULL,NULL,3.86,92.64,NULL,0),(8838,156,1,4168,6,7.8,46.8,NULL,NULL,10.24,61.44,NULL,0),(8839,156,2,4169,12,4.85,58.199999999999996,NULL,NULL,6.37,76.44,NULL,0),(8840,156,3,4170,12,4.85,58.199999999999996,NULL,NULL,6.37,76.44,NULL,0),(8841,156,4,3369,1,39.42,39.42,NULL,NULL,51.78,51.78,NULL,0),(8842,156,5,3359,2,336.82,673.64,NULL,NULL,442.4,884.8,NULL,0),(8843,156,6,3348,4,579.51,2318.04,NULL,NULL,761.16,3044.64,NULL,0),(8844,156,7,4171,1,28.83,28.83,NULL,NULL,37.87,37.87,NULL,0),(8845,156,8,4172,1,523.61,523.61,NULL,NULL,687.74,687.74,NULL,0),(8846,156,9,4173,1,1178.13,1178.13,NULL,NULL,1547.42,1547.42,NULL,0),(8847,156,10,3370,1,29.27,29.27,NULL,NULL,38.44,38.44,NULL,0),(8861,149,0,2838,2,25,50,NULL,NULL,40.17,80.34,NULL,1),(8862,149,1,2923,1,121.28,121.28,NULL,NULL,194.88,194.88,NULL,1),(8863,149,2,2924,1,103.14,103.14,NULL,NULL,165.73,165.73,NULL,1),(8864,149,3,2926,1,91.71,91.71,NULL,NULL,147.37,147.37,NULL,1),(8865,149,4,2934,2,1731.75,3463.5,NULL,NULL,2782.7,5565.4,NULL,1),(8866,149,5,3165,1,2390.32,2390.32,NULL,NULL,3840.94,3840.94,NULL,1),(8867,149,6,2960,6,17.74,106.44,NULL,NULL,28.51,171.06,NULL,1),(8868,149,7,2839,2,36.45,72.9,NULL,NULL,58.57,117.14,NULL,1),(8869,149,8,2890,10,18.22,182.2,NULL,NULL,29.28,292.8,NULL,1),(8870,149,9,2898,40,4.71,188.4,NULL,NULL,7.57,302.8,NULL,1),(8871,149,10,2944,5,2.99,14.950000000000001,NULL,NULL,4.8,24,NULL,1),(8872,149,11,2947,5,11.12,55.599999999999994,NULL,NULL,17.87,89.35,NULL,1),(8873,149,12,3208,8,2.99,23.92,NULL,NULL,4.8,38.4,NULL,1),(8879,160,10,NULL,NULL,NULL,1365,NULL,NULL,NULL,NULL,'Servicio técnico por Revisión del sistema Alphatronic en su EP Tasa 54, realizado en Samanco. Ref. PD 681-A',NULL),(8880,160,20,NULL,NULL,NULL,0,NULL,NULL,NULL,NULL,'',NULL),(8882,162,10,NULL,NULL,NULL,750,NULL,NULL,NULL,NULL,'Revisión del sistema de lubricación de la caja reductora AMG8 de la EP Brunella II, realizado en Chimbote.',NULL),(8884,163,10,NULL,NULL,NULL,1250,NULL,NULL,NULL,NULL,'Revisión del sistema de Alphatronic por baja carga en motor MAN 6L 23/30 de la EP Mariana B, realizado en Chimbote',NULL),(8893,167,0,4178,1,19452.02,19452.02,NULL,NULL,21946.64,21946.64,NULL,NULL),(8894,167,1,4179,12,3.49,41.88,NULL,NULL,3.94,47.28,NULL,NULL),(8895,167,2,4176,3,3.49,10.47,NULL,NULL,3.94,11.82,NULL,NULL),(8896,167,3,4177,3,14.41,43.230000000000004,NULL,NULL,16.26,48.78,NULL,NULL),(8918,164,0,3110,48,26.33,1263.84,NULL,NULL,35.29,1693.92,NULL,0),(8919,164,1,4182,22,80.01,1760.22,NULL,NULL,107.23,2359.06,NULL,0),(8920,164,2,2991,18,43.83,788.9399999999999,NULL,NULL,58.74,1057.32,NULL,0),(8921,164,3,3153,1,1006.05,1006.05,NULL,NULL,1348.35,1348.35,NULL,0),(8922,170,0,2746,0,0,0,NULL,NULL,0,0,NULL,NULL),(8950,166,0,4183,1,13069.77,13069.77,NULL,NULL,15006.65,15006.65,NULL,0),(8951,166,1,4184,1,24689.29,24689.29,NULL,NULL,28348.13,28348.13,NULL,0),(8952,166,2,4185,1,4.85,4.85,NULL,NULL,5.57,5.57,NULL,0),(8953,166,3,4186,4,9.41,37.64,NULL,NULL,10.8,43.2,NULL,0),(8954,166,4,4187,1,107.81,107.81,NULL,NULL,123.79,123.79,NULL,0),(8955,166,5,4188,1,217.68,217.68,NULL,NULL,249.94,249.94,NULL,0),(8956,166,6,4189,1,161.79,161.79,NULL,NULL,185.77,185.77,NULL,0),(8957,166,7,3579,0,0,0,NULL,NULL,0,0,NULL,0),(8958,166,8,3109,4,276.52,1106.08,NULL,NULL,317.5,1270,NULL,0),(8975,168,0,4190,6,2.94,17.64,NULL,NULL,3.38,20.28,NULL,0),(8976,168,1,4191,16,2.94,47.04,NULL,NULL,3.38,54.08,NULL,0),(8977,168,2,4192,4,125.9,503.6,NULL,NULL,144.64,578.56,NULL,0),(8978,168,3,4193,8,967.8,7742.4,NULL,NULL,1111.87,8894.96,NULL,0),(8979,168,4,4194,4,217.68,870.72,NULL,NULL,250.09,1000.36,NULL,0),(8980,168,5,4195,7,676.58,4736.06,NULL,NULL,777.3,5441.1,NULL,0),(8981,168,6,4196,1,8.82,8.82,NULL,NULL,10.13,10.13,NULL,0),(8982,168,7,4197,3,433.89,1301.67,NULL,NULL,498.48,1495.44,NULL,0),(8983,168,8,4198,1,9377.99,9377.99,NULL,NULL,10774.07,10774.07,NULL,0),(8984,168,9,4199,1,82.81,82.81,NULL,NULL,95.14,95.14,NULL,0),(8985,168,10,4200,1,2.94,2.94,NULL,NULL,3.38,3.38,NULL,0),(8986,168,11,4201,1,35.74,35.74,NULL,NULL,41.06,41.06,NULL,0),(8987,168,12,4202,1,1248.73,1248.73,NULL,NULL,1434.63,1434.63,NULL,0),(8988,168,13,4203,1,6545.18,6545.18,NULL,NULL,7519.54,7519.54,NULL,0),(8989,168,14,2746,0,NULL,0,NULL,NULL,0,0,NULL,0),(8990,168,15,4131,4,110.9,443.6,NULL,NULL,127.41,509.64,NULL,0),(9001,169,0,4204,6,150.61,903.6600000000001,NULL,NULL,179.33,1075.98,NULL,0),(9002,169,1,4205,12,38.39,460.68,NULL,NULL,45.71,548.52,NULL,0),(9003,169,2,4206,6,44.86,269.15999999999997,NULL,NULL,53.41,320.46,NULL,0),(9004,169,3,4207,6,58.54,351.24,NULL,NULL,69.7,418.2,NULL,0),(9005,169,4,4142,2,1150.19,2300.38,NULL,NULL,1369.53,2739.06,NULL,0),(9006,169,5,4143,2,673.64,1347.28,NULL,NULL,802.1,1604.2,NULL,0),(9007,169,6,4144,1,16158.5,16158.5,NULL,NULL,19239.89,19239.89,NULL,0),(9008,169,7,4145,12,73.84,886.08,NULL,NULL,87.92,1055.04,NULL,0),(9009,169,8,4146,6,404.48,2426.88,NULL,NULL,481.61,2889.66,NULL,0),(9010,169,9,4147,3,1720.87,5162.61,NULL,NULL,2049.04,6147.12,NULL,0),(9026,157,0,4208,38,2.94,111.72,NULL,NULL,3.52,133.76,NULL,0),(9027,157,1,4146,6,404.48,2426.88,NULL,NULL,484.87,2909.22,NULL,0),(9028,157,2,4145,12,73.84,886.08,NULL,NULL,88.52,1062.24,NULL,0),(9029,157,3,4209,6,118.7,712.2,NULL,NULL,142.29,853.74,NULL,0),(9030,157,4,4210,12,10.74,128.88,NULL,NULL,12.87,154.44,NULL,0),(9031,171,0,2746,0,0,0,NULL,NULL,0,0,NULL,NULL),(9032,172,0,2748,0,0,0,NULL,NULL,0,0,NULL,NULL),(9033,173,0,2749,0,0,0,NULL,NULL,0,0,NULL,NULL);
/*!40000 ALTER TABLE `cotizacion_detalle` ENABLE KEYS */;
UNLOCK TABLES;

--
-- Table structure for table `cuenta_contable`
--

DROP TABLE IF EXISTS `cuenta_contable`;
/*!40101 SET @saved_cs_client     = @@character_set_client */;
/*!40101 SET character_set_client = utf8 */;
CREATE TABLE `cuenta_contable` (
  `id` int(11) NOT NULL AUTO_INCREMENT,
  `nombreCuenta` varchar(45) DEFAULT NULL,
  `descripcion` varchar(45) DEFAULT NULL,
  `numeroCuenta` varchar(45) DEFAULT NULL,
  `monedaCuenta` varchar(45) DEFAULT NULL,
  `bancoCuenta` varchar(45) DEFAULT NULL,
  `estado_CC` varchar(4) DEFAULT NULL,
  PRIMARY KEY (`id`)
) ENGINE=InnoDB DEFAULT CHARSET=utf8;
/*!40101 SET character_set_client = @saved_cs_client */;

--
-- Dumping data for table `cuenta_contable`
--

LOCK TABLES `cuenta_contable` WRITE;
/*!40000 ALTER TABLE `cuenta_contable` DISABLE KEYS */;
/*!40000 ALTER TABLE `cuenta_contable` ENABLE KEYS */;
UNLOCK TABLES;

--
-- Table structure for table `despacho`
--

DROP TABLE IF EXISTS `despacho`;
/*!40101 SET @saved_cs_client     = @@character_set_client */;
/*!40101 SET character_set_client = utf8 */;
CREATE TABLE `despacho` (
  `id` int(11) NOT NULL AUTO_INCREMENT,
  `codigo` varchar(50) DEFAULT NULL,
  `cotizacion_id` int(11) DEFAULT NULL,
  `cliente_id` int(11) DEFAULT NULL,
  `fecha_recepcion` datetime DEFAULT NULL,
  `fecha_creacion` datetime DEFAULT CURRENT_TIMESTAMP,
  `usuario_creacion` int(11) DEFAULT NULL,
  `fecha_modificacion` datetime DEFAULT NULL,
  `usuario_modificacion` int(11) DEFAULT NULL,
  `estado_id` int(11) DEFAULT NULL,
  `lote_id` int(11) DEFAULT NULL,
  `centro_costo_id` int(11) DEFAULT NULL,
  PRIMARY KEY (`id`),
  KEY `cliente_despacho_fk` (`cliente_id`),
  KEY `estado_despacho_fk` (`estado_id`),
  KEY `lote_despacho_fk` (`lote_id`),
  CONSTRAINT `cliente_despacho_fk` FOREIGN KEY (`cliente_id`) REFERENCES `cliente` (`id`) ON DELETE NO ACTION ON UPDATE NO ACTION,
  CONSTRAINT `estado_despacho_fk` FOREIGN KEY (`estado_id`) REFERENCES `estado_despacho` (`id`) ON DELETE NO ACTION ON UPDATE NO ACTION,
  CONSTRAINT `lote_despacho_fk` FOREIGN KEY (`lote_id`) REFERENCES `lote_facturas` (`id`) ON DELETE NO ACTION ON UPDATE NO ACTION
) ENGINE=InnoDB AUTO_INCREMENT=49 DEFAULT CHARSET=utf8;
/*!40101 SET character_set_client = @saved_cs_client */;

--
-- Dumping data for table `despacho`
--

LOCK TABLES `despacho` WRITE;
/*!40000 ALTER TABLE `despacho` DISABLE KEYS */;
INSERT INTO `despacho` VALUES (35,'D-10172016-00001',72,20,'2016-10-17 00:00:00','2016-10-17 09:39:31',38,'2016-10-17 09:49:57',38,3,NULL,24),(36,'D-10182016-00002',65,20,'2016-10-18 00:00:00','2016-10-18 13:29:11',38,'2016-10-18 13:31:42',38,3,NULL,17),(37,'D-1142016-00003',103,15,'2016-11-04 00:00:00','2016-11-04 09:16:21',38,'2016-11-04 09:17:34',38,3,NULL,39),(38,'D-1142016-00004',104,17,'2016-11-04 00:00:00','2016-11-04 09:24:12',38,'2016-11-04 09:24:36',38,3,NULL,38),(39,'D-11112016-00005',113,15,'2016-11-11 00:00:00','2016-11-11 08:15:45',38,'2016-11-11 08:16:51',38,3,NULL,41),(40,'D-11112016-00006',84,17,'2016-11-11 00:00:00','2016-11-11 08:22:06',38,'2016-11-11 08:23:35',38,3,NULL,21),(41,'D-11112016-00007',65,20,'2016-10-18 00:00:00','2016-11-11 14:44:42',38,'2016-11-11 14:45:05',38,3,NULL,17),(42,'D-11142016-00008',120,15,'2016-11-16 00:00:00','2016-11-14 10:49:00',38,'2016-11-16 08:53:18',38,4,NULL,44),(43,'D-11242016-00009',119,15,'2016-11-24 00:00:00','2016-11-24 10:02:48',38,'2016-11-24 10:04:11',38,3,NULL,45),(44,'D-11282016-00010',121,15,'2016-11-16 00:00:00','2016-11-28 15:27:28',38,'2016-11-28 15:29:34',38,3,NULL,43),(46,'D-12152016-00012',125,17,'2016-12-15 00:00:00','2016-12-15 10:09:23',38,'2016-12-15 10:10:10',38,3,NULL,50),(47,'D-12202016-00013',129,17,'2016-12-20 00:00:00','2016-12-20 13:53:08',38,'2016-12-20 13:53:45',38,4,NULL,49),(48,'D-12202016-00014',122,15,'2016-12-15 00:00:00','2016-12-20 14:38:28',38,'2016-12-20 14:39:11',38,4,NULL,48);
/*!40000 ALTER TABLE `despacho` ENABLE KEYS */;
UNLOCK TABLES;

--
-- Table structure for table `despacho_detalle`
--

DROP TABLE IF EXISTS `despacho_detalle`;
/*!40101 SET @saved_cs_client     = @@character_set_client */;
/*!40101 SET character_set_client = utf8 */;
CREATE TABLE `despacho_detalle` (
  `id` int(11) NOT NULL AUTO_INCREMENT,
  `despacho_id` int(11) DEFAULT NULL,
  `cantidad` int(11) DEFAULT NULL,
  `articulo_id` int(11) DEFAULT NULL,
  `cotizacion_detalle_id` int(11) DEFAULT NULL,
  PRIMARY KEY (`id`),
  KEY `despacho_detalle_fk` (`despacho_id`),
  KEY `articulo_despacho_detalle_fk` (`articulo_id`),
  KEY `cotizacion_detalle_despacho_detalle_fk` (`cotizacion_detalle_id`),
  CONSTRAINT `articulo_despacho_detalle_fk` FOREIGN KEY (`articulo_id`) REFERENCES `articulo` (`id`) ON DELETE NO ACTION ON UPDATE NO ACTION,
  CONSTRAINT `cotizacion_detalle_despacho_detalle_fk` FOREIGN KEY (`cotizacion_detalle_id`) REFERENCES `cotizacion_detalle` (`id`) ON DELETE NO ACTION ON UPDATE NO ACTION,
  CONSTRAINT `despacho_detalle_fk` FOREIGN KEY (`despacho_id`) REFERENCES `despacho` (`id`) ON DELETE NO ACTION ON UPDATE NO ACTION
) ENGINE=InnoDB AUTO_INCREMENT=145 DEFAULT CHARSET=utf8;
/*!40101 SET character_set_client = @saved_cs_client */;

--
-- Dumping data for table `despacho_detalle`
--

LOCK TABLES `despacho_detalle` WRITE;
/*!40000 ALTER TABLE `despacho_detalle` DISABLE KEYS */;
INSERT INTO `despacho_detalle` VALUES (42,35,1,2766,NULL),(43,35,2,2959,NULL),(44,35,2,2960,NULL),(45,35,16,3208,NULL),(46,35,8,3209,NULL),(47,35,2,3572,NULL),(48,36,12,2960,150),(49,36,1,3443,151),(50,37,1,3716,5392),(51,37,2,3717,5393),(52,37,1,3718,5394),(53,37,1,3719,5395),(54,37,2,3720,5396),(55,37,8,3721,5397),(56,37,8,3722,5398),(57,37,1,3723,5399),(58,37,2,3724,5400),(59,37,2,3725,5401),(60,37,2,3726,5402),(61,37,4,3796,5386),(62,37,2,3797,5387),(63,37,1,3798,5388),(64,37,4,3799,5389),(65,37,1,3800,5390),(66,37,1,3801,5391),(67,38,12,2991,5404),(68,38,2,3153,5403),(69,39,3,2791,5432),(70,39,6,2842,5430),(71,39,4,2847,5431),(72,39,5,2889,5429),(76,40,12,3561,NULL),(77,40,12,3562,NULL),(78,40,2,3563,NULL),(79,41,12,2960,150),(80,41,1,3443,151),(81,42,1,2842,5516),(82,42,8,2863,5507),(83,42,4,2889,5509),(84,42,12,2890,5508),(85,42,10,3015,5515),(86,42,6,3016,5510),(87,42,10,3017,5512),(88,42,18,3019,5511),(89,42,20,3020,5513),(90,42,10,3021,5514),(97,43,12,3015,5492),(98,43,12,3016,5490),(99,43,12,3017,5491),(100,43,36,3019,5495),(101,43,24,3020,5494),(102,43,12,3021,5493),(109,44,1,3811,NULL),(110,44,2,3812,NULL),(111,44,2,3813,NULL),(112,44,1,3814,NULL),(113,44,1,3815,NULL),(114,44,1,3816,NULL),(131,46,1,4029,6704),(132,46,1,4030,6705),(133,46,1,4031,6706),(134,46,1,4032,6707),(135,46,1,4033,6708),(136,46,1,4034,6709),(137,46,10,4035,6710),(138,46,1,4036,6711),(139,47,1,4037,6723),(140,47,1,4038,6724),(141,47,1,4039,6725),(142,47,1,4040,6726),(143,47,1,4041,6727),(144,48,4,2847,5545);
/*!40000 ALTER TABLE `despacho_detalle` ENABLE KEYS */;
UNLOCK TABLES;

--
-- Table structure for table `documento_anulado`
--

DROP TABLE IF EXISTS `documento_anulado`;
/*!40101 SET @saved_cs_client     = @@character_set_client */;
/*!40101 SET character_set_client = utf8 */;
CREATE TABLE `documento_anulado` (
  `id` int(11) NOT NULL AUTO_INCREMENT,
  `numero` varchar(45) DEFAULT NULL,
  `serie` varchar(5) DEFAULT NULL,
  `fecha` datetime DEFAULT CURRENT_TIMESTAMP,
  `usuario_id` int(11) DEFAULT NULL,
  `causa` varchar(200) DEFAULT NULL,
  `tipo_documento` varchar(45) DEFAULT NULL,
  PRIMARY KEY (`id`)
) ENGINE=InnoDB AUTO_INCREMENT=3 DEFAULT CHARSET=utf8;
/*!40101 SET character_set_client = @saved_cs_client */;

--
-- Dumping data for table `documento_anulado`
--

LOCK TABLES `documento_anulado` WRITE;
/*!40000 ALTER TABLE `documento_anulado` DISABLE KEYS */;
INSERT INTO `documento_anulado` VALUES (1,'801','001','2016-11-22 11:52:25',38,'','Factura'),(2,'805','001','2016-11-24 11:22:54',38,'','Factura');
/*!40000 ALTER TABLE `documento_anulado` ENABLE KEYS */;
UNLOCK TABLES;

--
-- Table structure for table `estado_carpeta_importacion`
--

DROP TABLE IF EXISTS `estado_carpeta_importacion`;
/*!40101 SET @saved_cs_client     = @@character_set_client */;
/*!40101 SET character_set_client = utf8 */;
CREATE TABLE `estado_carpeta_importacion` (
  `id` int(11) NOT NULL AUTO_INCREMENT,
  `nombre` varchar(30) DEFAULT NULL,
  PRIMARY KEY (`id`)
) ENGINE=InnoDB AUTO_INCREMENT=5 DEFAULT CHARSET=utf8;
/*!40101 SET character_set_client = @saved_cs_client */;

--
-- Dumping data for table `estado_carpeta_importacion`
--

LOCK TABLES `estado_carpeta_importacion` WRITE;
/*!40000 ALTER TABLE `estado_carpeta_importacion` DISABLE KEYS */;
INSERT INTO `estado_carpeta_importacion` VALUES (1,'Registro de Facturas'),(2,'DUA'),(3,'Preliminar'),(4,'Cerrada');
/*!40000 ALTER TABLE `estado_carpeta_importacion` ENABLE KEYS */;
UNLOCK TABLES;

--
-- Table structure for table `estado_cliente`
--

DROP TABLE IF EXISTS `estado_cliente`;
/*!40101 SET @saved_cs_client     = @@character_set_client */;
/*!40101 SET character_set_client = utf8 */;
CREATE TABLE `estado_cliente` (
  `id` int(11) NOT NULL AUTO_INCREMENT,
  `estado` varchar(45) DEFAULT NULL,
  PRIMARY KEY (`id`)
) ENGINE=InnoDB AUTO_INCREMENT=5 DEFAULT CHARSET=utf8;
/*!40101 SET character_set_client = @saved_cs_client */;

--
-- Dumping data for table `estado_cliente`
--

LOCK TABLES `estado_cliente` WRITE;
/*!40000 ALTER TABLE `estado_cliente` DISABLE KEYS */;
INSERT INTO `estado_cliente` VALUES (1,'En progreso'),(2,'Pendiente de aprobacion'),(3,'Rechazado'),(4,'Aprobado');
/*!40000 ALTER TABLE `estado_cliente` ENABLE KEYS */;
UNLOCK TABLES;

--
-- Table structure for table `estado_cotizacion`
--

DROP TABLE IF EXISTS `estado_cotizacion`;
/*!40101 SET @saved_cs_client     = @@character_set_client */;
/*!40101 SET character_set_client = utf8 */;
CREATE TABLE `estado_cotizacion` (
  `id` int(11) NOT NULL AUTO_INCREMENT,
  `nombre` varchar(45) DEFAULT NULL,
  PRIMARY KEY (`id`)
) ENGINE=InnoDB AUTO_INCREMENT=11 DEFAULT CHARSET=utf8;
/*!40101 SET character_set_client = @saved_cs_client */;

--
-- Dumping data for table `estado_cotizacion`
--

LOCK TABLES `estado_cotizacion` WRITE;
/*!40000 ALTER TABLE `estado_cotizacion` DISABLE KEYS */;
INSERT INTO `estado_cotizacion` VALUES (1,'Creada'),(2,'Pendiente de aprobacion'),(3,'Rechazada por grupo de aprobacion'),(4,'Aprobada'),(5,'Rechazada por cliente'),(6,'Aceptada por cliente'),(7,'Confirmada'),(8,'Anulado'),(9,'En progreso'),(10,'Proceso de Liquidacion');
/*!40000 ALTER TABLE `estado_cotizacion` ENABLE KEYS */;
UNLOCK TABLES;

--
-- Table structure for table `estado_despacho`
--

DROP TABLE IF EXISTS `estado_despacho`;
/*!40101 SET @saved_cs_client     = @@character_set_client */;
/*!40101 SET character_set_client = utf8 */;
CREATE TABLE `estado_despacho` (
  `id` int(11) NOT NULL AUTO_INCREMENT,
  `estado` varchar(45) DEFAULT NULL,
  PRIMARY KEY (`id`)
) ENGINE=InnoDB AUTO_INCREMENT=5 DEFAULT CHARSET=utf8;
/*!40101 SET character_set_client = @saved_cs_client */;

--
-- Dumping data for table `estado_despacho`
--

LOCK TABLES `estado_despacho` WRITE;
/*!40000 ALTER TABLE `estado_despacho` DISABLE KEYS */;
INSERT INTO `estado_despacho` VALUES (1,'Registrado'),(2,'Recibido'),(3,'Despachado'),(4,'Cerrado');
/*!40000 ALTER TABLE `estado_despacho` ENABLE KEYS */;
UNLOCK TABLES;

--
-- Table structure for table `estado_factura`
--

DROP TABLE IF EXISTS `estado_factura`;
/*!40101 SET @saved_cs_client     = @@character_set_client */;
/*!40101 SET character_set_client = utf8 */;
CREATE TABLE `estado_factura` (
  `id` int(11) NOT NULL AUTO_INCREMENT,
  `estado` varchar(45) DEFAULT NULL,
  PRIMARY KEY (`id`)
) ENGINE=InnoDB AUTO_INCREMENT=6 DEFAULT CHARSET=utf8;
/*!40101 SET character_set_client = @saved_cs_client */;

--
-- Dumping data for table `estado_factura`
--

LOCK TABLES `estado_factura` WRITE;
/*!40000 ALTER TABLE `estado_factura` DISABLE KEYS */;
INSERT INTO `estado_factura` VALUES (1,'En progreso'),(2,'Emitida'),(3,'Impresa'),(4,'Pagada'),(5,'Anulada');
/*!40000 ALTER TABLE `estado_factura` ENABLE KEYS */;
UNLOCK TABLES;

--
-- Table structure for table `estado_orden_compra`
--

DROP TABLE IF EXISTS `estado_orden_compra`;
/*!40101 SET @saved_cs_client     = @@character_set_client */;
/*!40101 SET character_set_client = utf8 */;
CREATE TABLE `estado_orden_compra` (
  `id` int(11) NOT NULL AUTO_INCREMENT,
  `nombre` varchar(50) DEFAULT NULL,
  PRIMARY KEY (`id`)
) ENGINE=InnoDB AUTO_INCREMENT=9 DEFAULT CHARSET=utf8;
/*!40101 SET character_set_client = @saved_cs_client */;

--
-- Dumping data for table `estado_orden_compra`
--

LOCK TABLES `estado_orden_compra` WRITE;
/*!40000 ALTER TABLE `estado_orden_compra` DISABLE KEYS */;
INSERT INTO `estado_orden_compra` VALUES (1,'En progreso'),(2,'Creada'),(3,'Pendiente de aprobacion'),(4,'Rechazada por grupo de aprobacion'),(5,'Aprobada'),(6,'OC Creada'),(8,'Cancelada');
/*!40000 ALTER TABLE `estado_orden_compra` ENABLE KEYS */;
UNLOCK TABLES;

--
-- Table structure for table `estado_req_compra`
--

DROP TABLE IF EXISTS `estado_req_compra`;
/*!40101 SET @saved_cs_client     = @@character_set_client */;
/*!40101 SET character_set_client = utf8 */;
CREATE TABLE `estado_req_compra` (
  `id` int(11) NOT NULL DEFAULT '0',
  `nombre` varchar(50) CHARACTER SET utf8 DEFAULT NULL
) ENGINE=InnoDB DEFAULT CHARSET=latin1;
/*!40101 SET character_set_client = @saved_cs_client */;

--
-- Dumping data for table `estado_req_compra`
--

LOCK TABLES `estado_req_compra` WRITE;
/*!40000 ALTER TABLE `estado_req_compra` DISABLE KEYS */;
INSERT INTO `estado_req_compra` VALUES (1,'En progreso'),(2,'Creada'),(3,'Pendiente de aprobacion'),(4,'Rechazada por grupo de aprobacion'),(5,'Aprobada'),(6,'Entrega Confirmada'),(7,'Confirmada'),(8,'Cancelada');
/*!40000 ALTER TABLE `estado_req_compra` ENABLE KEYS */;
UNLOCK TABLES;

--
-- Table structure for table `estado_solicitud`
--

DROP TABLE IF EXISTS `estado_solicitud`;
/*!40101 SET @saved_cs_client     = @@character_set_client */;
/*!40101 SET character_set_client = utf8 */;
CREATE TABLE `estado_solicitud` (
  `id` int(11) NOT NULL AUTO_INCREMENT,
  `nombre` varchar(45) DEFAULT NULL,
  PRIMARY KEY (`id`)
) ENGINE=InnoDB AUTO_INCREMENT=4 DEFAULT CHARSET=utf8;
/*!40101 SET character_set_client = @saved_cs_client */;

--
-- Dumping data for table `estado_solicitud`
--

LOCK TABLES `estado_solicitud` WRITE;
/*!40000 ALTER TABLE `estado_solicitud` DISABLE KEYS */;
INSERT INTO `estado_solicitud` VALUES (1,'Pendiente de aprobacion'),(2,'Aprobada'),(3,'Rechazada');
/*!40000 ALTER TABLE `estado_solicitud` ENABLE KEYS */;
UNLOCK TABLES;

--
-- Table structure for table `factura`
--

DROP TABLE IF EXISTS `factura`;
/*!40101 SET @saved_cs_client     = @@character_set_client */;
/*!40101 SET character_set_client = utf8 */;
CREATE TABLE `factura` (
  `id` int(11) NOT NULL AUTO_INCREMENT,
  `num_factura` varchar(45) DEFAULT NULL,
  `fecha_emision` datetime DEFAULT NULL,
  `fecha_recepcion` datetime DEFAULT NULL,
  `cliente_id` int(11) DEFAULT NULL,
  `orden_compra` varchar(20) DEFAULT NULL,
  `guia_remision_id` int(11) DEFAULT NULL,
  `despacho_id` int(11) DEFAULT NULL,
  `lote_id` int(11) DEFAULT NULL,
  `condicion_venta` varchar(45) DEFAULT NULL,
  `fecha_vencimiento` datetime DEFAULT NULL,
  `moneda` varchar(45) DEFAULT NULL,
  `referencia` varchar(45) DEFAULT NULL,
  `sub_total` double DEFAULT NULL,
  `igv` double DEFAULT NULL,
  `total_factura` double DEFAULT NULL,
  `fecha_pago` datetime DEFAULT NULL,
  `fecha_creacion` datetime DEFAULT CURRENT_TIMESTAMP,
  `usuario_creacion` int(11) DEFAULT NULL,
  `fecha_modificacion` datetime DEFAULT NULL,
  `usuario_modificacion` int(11) DEFAULT NULL,
  `estado_factura_id` int(11) NOT NULL,
  `tipo_factura_id` int(11) NOT NULL,
  `cuenta_detraccion` varchar(45) DEFAULT NULL,
  `centro_costo_id` int(11) DEFAULT NULL,
  `tipo_documento` varchar(50) DEFAULT 'Factura',
  `centro_costo` varchar(45) DEFAULT NULL COMMENT 'Spare Parts, Comisiones, Tech Service Others son centro de costos para los clientes, (la tabla centro de costo es "Proyecto" )',
  `serie` varchar(5) DEFAULT NULL,
  `impuesto_id` int(11) DEFAULT NULL,
  `impuesto_valor` double DEFAULT NULL,
  PRIMARY KEY (`id`),
  UNIQUE KEY `unique_index` (`num_factura`,`serie`,`tipo_documento`),
  KEY `cliente_factura_fk` (`cliente_id`),
  KEY `guia_factura_fk` (`guia_remision_id`),
  KEY `despacho_factura_fk` (`despacho_id`),
  KEY `lote_factura_fk` (`lote_id`),
  KEY `estado_factura_fk` (`estado_factura_id`),
  KEY `tipo_factura_fk` (`tipo_factura_id`),
  KEY `centro_costo_fk` (`centro_costo_id`),
  CONSTRAINT `centro_costo_fk` FOREIGN KEY (`centro_costo_id`) REFERENCES `centro_costo` (`id`) ON DELETE NO ACTION ON UPDATE NO ACTION,
  CONSTRAINT `cliente_factura_fk` FOREIGN KEY (`cliente_id`) REFERENCES `cliente` (`id`) ON DELETE NO ACTION ON UPDATE NO ACTION,
  CONSTRAINT `despacho_factura_fk` FOREIGN KEY (`despacho_id`) REFERENCES `despacho` (`id`) ON DELETE NO ACTION ON UPDATE NO ACTION,
  CONSTRAINT `estado_factura_fk` FOREIGN KEY (`estado_factura_id`) REFERENCES `estado_factura` (`id`) ON DELETE NO ACTION ON UPDATE NO ACTION,
  CONSTRAINT `guia_factura_fk` FOREIGN KEY (`guia_remision_id`) REFERENCES `guia_remision` (`id`) ON DELETE NO ACTION ON UPDATE NO ACTION,
  CONSTRAINT `lote_factura_fk` FOREIGN KEY (`lote_id`) REFERENCES `lote_facturas` (`id`) ON DELETE NO ACTION ON UPDATE NO ACTION,
  CONSTRAINT `tipo_factura_fk` FOREIGN KEY (`tipo_factura_id`) REFERENCES `tipo_factura` (`id`) ON DELETE NO ACTION ON UPDATE NO ACTION
) ENGINE=InnoDB AUTO_INCREMENT=59 DEFAULT CHARSET=utf8;
/*!40101 SET character_set_client = @saved_cs_client */;

--
-- Dumping data for table `factura`
--

LOCK TABLES `factura` WRITE;
/*!40000 ALTER TABLE `factura` DISABLE KEYS */;
INSERT INTO `factura` VALUES (32,'794','2016-11-11 00:00:00',NULL,15,'4500027242',16,39,32,'30 Días','2016-12-11 00:00:00','USD',NULL,23975.77,4315.64,28291.41,NULL,NULL,NULL,'2016-11-11 11:59:21',38,2,1,NULL,41,'Factura','8','001',5,0.18),(33,'0000795','2016-11-14 00:00:00',NULL,15,'4500026855',14,37,33,'30 Dias','2016-12-14 00:00:00','USD',NULL,14084.089999999998,2535.14,16619.23,NULL,NULL,NULL,'2016-11-14 14:42:28',38,2,1,NULL,39,'Factura','8','0001',5,0.18),(34,'0000798','2016-11-14 00:00:00',NULL,17,'4500140151',15,38,34,'30 DIAS','2016-12-14 00:00:00','USD',NULL,3870.44,696.68,4567.12,NULL,NULL,NULL,'2016-11-14 15:18:14',38,2,1,NULL,38,'Factura','8','001',5,0.18),(35,'799','2016-11-14 00:00:00',NULL,20,'PE 16/5000176-2',NULL,NULL,NULL,'30 DIAS','2016-12-14 00:00:00','USD',NULL,10556.3,1900.13,12456.43,NULL,'2016-11-14 15:26:25',38,'2016-11-14 15:26:34',38,2,2,NULL,NULL,'Factura','8','001',5,0.18),(36,'800','2016-11-14 00:00:00',NULL,20,'PE 16/5000203-1',NULL,NULL,NULL,'30 DIAS','2016-12-14 00:00:00','USD',NULL,607.3999999999999,109.33,716.73,NULL,'2016-11-14 15:33:21',38,'2016-11-14 15:33:28',38,2,2,NULL,NULL,'Factura','8','001',5,0.18),(37,'802','2016-11-22 00:00:00',NULL,15,'',NULL,NULL,NULL,'Contra Entrega','2016-11-29 00:00:00','USD','PO 220 -219',136328.82,24539.19,160868.01,NULL,'2016-11-22 11:52:25',38,'2016-11-22 11:53:15',38,2,2,NULL,NULL,'Factura','8','001',5,0.18),(38,'803','2016-11-23 00:00:00',NULL,17,'PE 16/5000209-0',NULL,NULL,NULL,'30 DIAS','2016-11-26 00:00:00','USD',NULL,62320,11217.6,73537.6,NULL,'2016-11-23 17:39:03',38,'2016-11-23 17:39:08',38,2,2,NULL,NULL,'Factura','8','001',5,0.18),(39,'804','2016-11-24 00:00:00',NULL,17,'PE 16/5000201-0',NULL,NULL,NULL,'Adelanto','2016-11-25 00:00:00','USD',NULL,117371.11,21126.8,138497.91,NULL,'2016-11-24 11:11:51',38,NULL,NULL,2,2,NULL,NULL,'Factura','8','001',5,0.18),(40,'0000805','2016-11-24 00:00:00',NULL,17,'PE 16/5000200-0',NULL,NULL,NULL,'ADELANTO DEL 40%','2016-11-25 00:00:00','USD','Rptos. MAN E/P. Bamar II',115966.7,20874.01,136840.71,NULL,'2016-11-24 11:15:30',38,'2016-11-24 11:15:33',38,3,2,NULL,NULL,'Factura','8',NULL,5,0.18),(41,'806','2016-11-24 00:00:00',NULL,17,'PE 16/5000198-0',NULL,NULL,NULL,'ADELANTO DEL 40%','2016-11-25 00:00:00','USD',NULL,113047.69,20348.58,133396.27,NULL,'2016-11-24 11:22:54',38,'2016-11-24 11:22:59',38,2,2,NULL,NULL,'Factura','8','001',5,0.18),(42,'0000807','2016-11-28 00:00:00',NULL,15,'4500027018',21,44,35,'Pre- Pagada','2016-11-28 00:00:00','USD',NULL,NULL,0,0,NULL,NULL,NULL,NULL,NULL,1,1,NULL,43,'Factura','8','001',5,0.18),(44,'811','2016-11-28 00:00:00',NULL,15,'PE 16/5000219-0',NULL,NULL,NULL,'ADELANTO DEL 25%','2016-11-28 00:00:00','USD','ADELANTO DEL 25%',68164.41,12269.59,80434,NULL,'2016-11-28 17:33:04',38,'2016-11-28 17:34:01',38,2,2,NULL,NULL,'Factura','8','001',5,0.18),(45,'0000808','2016-11-28 00:00:00',NULL,15,'4500027018',20,43,37,'7 Días','2016-12-28 00:00:00','USD',NULL,6093.84,1096.89,7190.7300000000005,NULL,NULL,NULL,NULL,NULL,1,1,NULL,45,'Factura','8','001',5,0.18),(46,'812','2016-11-30 00:00:00',NULL,15,'PE 16/5000219-0',NULL,NULL,NULL,'ADELANTO DEL 25%','2016-11-30 00:00:00','USD',NULL,68164.41,12269.59,80434,NULL,'2016-11-30 14:57:22',45,'2016-11-30 14:59:20',45,2,2,NULL,NULL,'Factura','8','001',5,0.18),(47,'814','2016-11-30 00:00:00',NULL,17,'PE 16/5000189-0',NULL,NULL,NULL,'30 DIAS','2016-12-30 00:00:00','USD','PO 189',22.13,3.98,26.11,NULL,'2016-11-30 15:45:52',45,'2016-11-30 15:46:34',45,2,2,NULL,NULL,'Factura','8','001',5,0.18),(48,'815','2016-11-30 00:00:00',NULL,17,'PE 16/5000189-0',NULL,NULL,NULL,'30 DIAS','2016-12-30 00:00:00','USD','PO 189',22.13,3.98,26.11,NULL,'2016-11-30 15:48:20',45,'2016-11-30 15:48:46',45,2,2,NULL,NULL,'Factura','8','001',5,0.18),(49,'816','2016-12-12 00:00:00',NULL,20,'5500498046',NULL,NULL,NULL,'30 DIAS','2017-01-12 00:00:00','USD','PE 162000250',13465,2423.7,15888.7,NULL,'2016-12-12 10:20:29',38,'2016-12-12 10:20:35',38,2,2,'00-046-162005',NULL,'Factura','8','001',5,0.18),(50,'817','2016-12-12 00:00:00',NULL,20,'5500498046',NULL,NULL,NULL,'30 DIAS','2017-01-12 00:00:00','USD','PE 162000252',43483,7826.94,51309.94,NULL,'2016-12-12 10:33:08',38,'2016-12-12 10:33:12',38,2,2,NULL,NULL,'Factura','10','001',5,0.18),(51,'11','2016-12-12 00:00:00',NULL,15,'4500027018',NULL,NULL,NULL,'30 DIAS','2017-01-12 00:00:00','USD','PE165000213',-61.32,-11.04,-72.36,NULL,'2016-12-12 11:00:49',38,'2016-12-12 11:01:27',38,2,2,NULL,NULL,'NotaCredito','8','001',5,0.18),(52,'818','2016-12-12 00:00:00',NULL,17,'4500134924',NULL,NULL,NULL,'30 DIAS','2017-01-12 00:00:00','USD','PE 16 5000159',1816.65,327,2143.65,NULL,'2016-12-12 13:26:13',38,'2016-12-12 13:26:49',38,2,2,NULL,NULL,'Factura','8','001',5,0.18),(53,'819','2016-12-20 00:00:00',NULL,17,'4500140764',NULL,NULL,NULL,'PRE PAGO','2016-12-20 00:00:00','USD','PO REFERENCE PE 16 5000209',93480,16826.4,110306.4,NULL,'2016-12-20 10:42:50',38,'2016-12-20 10:42:57',38,3,2,NULL,NULL,'Factura','8','001',5,0.18),(54,'820','2016-12-20 00:00:00',NULL,17,'4500143876',NULL,NULL,NULL,'30 DIAS','2017-01-20 00:00:00','USD','PE 16 5000224',3816.0500000000006,686.89,4502.94,NULL,'2016-12-20 13:47:32',38,'2016-12-20 13:47:41',38,3,2,NULL,NULL,'Factura','8','001',5,0.18),(55,'0000822','2016-12-20 00:00:00',NULL,17,'4500143876',24,47,38,'30 DIAS','2017-01-19 00:00:00','USD',NULL,6895.38,1241.17,8136.55,NULL,NULL,NULL,'2016-12-20 13:57:02',38,2,1,NULL,49,'Factura','8','001',5,0.18),(56,'823','2016-12-20 00:00:00',NULL,17,'4500143876',NULL,NULL,NULL,'30 DIAS','2017-01-19 00:00:00','USD','PO PE 16 5000225',6482.999999999999,1166.94,7649.94,NULL,'2016-12-20 14:06:10',38,'2016-12-20 14:06:16',38,2,2,NULL,NULL,'Factura','8','001',5,0.18),(57,'0000824','2016-12-20 00:00:00',NULL,15,'4500029174',25,48,39,'30 DIAS','2017-01-19 00:00:00','USD',NULL,778.48,140.13,918.61,NULL,NULL,NULL,'2016-12-20 14:41:10',38,2,1,NULL,48,'Factura','8','001',5,0.18),(58,'0000005','2016-12-26 00:00:00',NULL,26,'100010269533',NULL,NULL,NULL,NULL,'2017-01-26 00:00:00','USD','OC 100010269533 - FACTURA 001-0000777',-1708.62,-307.55,-2016.17,NULL,'2016-12-26 13:01:02',38,'2016-12-26 13:01:04',38,2,2,NULL,NULL,'NotaCredito','8','001',5,0.18);
/*!40000 ALTER TABLE `factura` ENABLE KEYS */;
UNLOCK TABLES;

--
-- Table structure for table `factura_detalle`
--

DROP TABLE IF EXISTS `factura_detalle`;
/*!40101 SET @saved_cs_client     = @@character_set_client */;
/*!40101 SET character_set_client = utf8 */;
CREATE TABLE `factura_detalle` (
  `id` int(11) NOT NULL AUTO_INCREMENT,
  `factura_id` int(11) DEFAULT NULL,
  `cantidad` int(11) DEFAULT NULL,
  `detalle` varchar(200) DEFAULT NULL COMMENT 'Columna usada en caso de que el tipo de la factura sea de servicio.',
  `articulo_id` int(11) DEFAULT NULL COMMENT 'Columna en caso la factura sea de productos.',
  `precio_unitario` double DEFAULT NULL,
  `total` double DEFAULT NULL,
  PRIMARY KEY (`id`),
  KEY `factura_detalle_fk` (`factura_id`),
  CONSTRAINT `factura_detalle_fk` FOREIGN KEY (`factura_id`) REFERENCES `factura` (`id`) ON DELETE NO ACTION ON UPDATE NO ACTION
) ENGINE=InnoDB AUTO_INCREMENT=230 DEFAULT CHARSET=utf8;
/*!40101 SET character_set_client = @saved_cs_client */;

--
-- Dumping data for table `factura_detalle`
--

LOCK TABLES `factura_detalle` WRITE;
/*!40000 ALTER TABLE `factura_detalle` DISABLE KEYS */;
INSERT INTO `factura_detalle` VALUES (65,32,3,'Camshaft Intermediate Clockwise (6L)',2791,4334.93,13004.79),(66,32,6,'Connecting Rod Bearing',2842,616.41,3698.46),(67,32,4,'Connecting Rod Screw',2847,138.43,553.72),(68,32,5,'Cooling Jacket',2889,1343.76,6718.8),(100,33,1,'OIL SLEEVE',3716,3647.51,3647.51),(101,33,2,'PISTON RING',3717,209.63,419.26),(102,33,1,'PISTON RING',3718,41.74,41.74),(103,33,1,'PISTON RING',3719,217.06,217.06),(104,33,2,'JOURNAL BEARING',3720,1804.23,3608.46),(105,33,8,'SECURING WASHER',3721,26.25,210),(106,33,8,'HEX. SOCKET COUNTERSUNK HEAD SCREW',3722,3.72,29.76),(107,33,1,'SUPPORTING BEARING',3723,1211.07,1211.07),(108,33,2,'SECURING WASHER',3724,26.25,52.5),(109,33,2,'HEX. SOCKET COUNTERSUNK HEAD SCREW',3725,3.72,7.44),(110,33,2,'JOURNAL BEARING',3726,1804.23,3608.46),(111,33,4,'Sealing ring',3796,3.72,14.88),(112,33,2,'HIGH-PRESSURE HOSE',3797,122.11,244.22),(113,33,1,'Bm-tacho sensor',3798,749.41,749.41),(114,33,4,'SEALING RING',3799,3.72,14.88),(115,33,1,'Sealing ring',3800,3.72,3.72),(116,33,1,'SEALING RING',3801,3.72,3.72),(122,34,12,'Filter Cartridge, MDO',2991,66.7,800.4000000000001),(123,34,2,'Filter Cartridge Pack',3153,1535.02,3070.04),(126,35,12,'GASKET',NULL,22.54,0),(127,35,1,'HIGH TEMPERATURE COOLER',NULL,10285.82,0),(136,36,6,'OIL FILTER',NULL,41.71,0),(137,36,5,'SEALING RING ',NULL,4.83,0),(138,36,1,'GASKET',NULL,28.59,0),(139,36,40,'ORING',NULL,7.61,0),(142,37,1,'ADELANTO DEL 50% RESPECTO A LA OC 4500028068',NULL,136328.82,0),(144,38,1,'ADELANTO DEL 40% POR LA OC 4500140764',NULL,62320,0),(145,39,1,'ADELANTO DEL 40%  Rptos. MAN E/P. Marylin II ',NULL,117371.11,0),(147,40,1,'ADELANTO DEL 40% RESPECTO A  LA O. Compra: 4500137027 ',NULL,115966.7,0),(149,41,1,'ADELANTO DEL 40% Rptos. MAN E/P. Chavelli ii',NULL,113047.69,0),(152,44,1,'ADELANTO 25% 4500028068',NULL,68164.41,0),(153,45,12,'Fuel Nozzle MDO',3015,391.36,4696.32),(154,45,12,'Thrust Spindle for Fuel Injector',3016,39.86,478.32),(155,45,12,'Spring for Fuel Injector',3017,49.3,591.6),(156,45,36,'O-Ring Viton  Ø 4.0*60.0 mm.',3019,4.55,163.8),(157,45,24,'Copper Gasket',3020,4.55,109.2),(158,45,12,'O-Ring Viton  Ø 2.0*10.0 mm.',3021,4.55,54.6),(161,46,1,'ADELANTO DEL 25% OC 45000280068',NULL,68164.41,0),(164,47,1,'INCANDECENT BULB P43010-05 30 ',NULL,22.13,0),(166,48,1,'INCANDECENT BULB P43010-05 30 ',NULL,22.13,0),(169,49,1,'MANTTO. MOTORES CAJA REDUCTORES ',NULL,13465,0),(171,50,1,'MANTTO- MOTORES Y CAJAS REDUCTORAS',NULL,43483,0),(174,51,1,'JUNTA TORICA 540-015 ',NULL,61.32,0),(177,52,1,'ZINC ANODE 3-1505-01-3 POS 410',NULL,1816.65,0),(179,53,1,'PAGO DEL 60% DEL TOTAL DE LA OC 4500140764',NULL,93480,0),(196,54,10,'LAMP P4-3010-01-10',NULL,5.71,0),(197,54,1,'BUZZER P4-31012-05-31',NULL,202.11,0),(198,54,1,'DIMMER P4-1012-03-25',NULL,120.85,0),(199,54,1,'AUTOSTOP P4-1510-01-C1',NULL,3395.05,0),(200,54,1,'KNOBBLACK P4-1012-03-22',NULL,15.05,0),(201,54,1,'CAP BLACK P4-1012-03-23',NULL,3.63,0),(202,54,1,'NUT COVER P4-1012-03-24',NULL,3.63,0),(203,54,1,'STUFFING BOX P4-1012-03-26',NULL,18.63,0),(211,55,1,'RELAY SOCKET, 16 POLES',4037,145.57,145.57),(212,55,1,'SPARE PART',4038,271.34,271.34),(213,55,1,'LATCH RELAY , RHK-412B',4039,387.49,387.49),(214,55,1,'TACHO UNIT L/V23/30A INCL. SIGN',4040,2965.39,2965.39),(215,55,1,'AUTOSTOP UNIT',4041,3125.59,3125.59),(221,56,6,'VALVE SEAT 1-1616-01-B7 ',NULL,133.06,0),(222,56,12,'VALVE SPINDLE 1-1616-01-H6',NULL,245.64,0),(223,56,12,'VALVE ROTATION 1-1616-01-H14',NULL,138.76,0),(224,56,12,'VALVE SPINDLE 1-1616-01-21',NULL,79.88,0),(225,56,4,'VALVE SPRING 1616-01-H11',NULL,28.32,0),(227,57,4,'Connecting Rod Screw',2847,194.62,778.48),(229,58,3,'SEALING RING P31505-5630-198',NULL,569.54,0);
/*!40000 ALTER TABLE `factura_detalle` ENABLE KEYS */;
UNLOCK TABLES;

--
-- Table structure for table `factura_proveedores`
--

DROP TABLE IF EXISTS `factura_proveedores`;
/*!40101 SET @saved_cs_client     = @@character_set_client */;
/*!40101 SET character_set_client = utf8 */;
CREATE TABLE `factura_proveedores` (
  `id` int(11) NOT NULL AUTO_INCREMENT,
  `num_factura` varchar(45) DEFAULT NULL,
  `fecha_emision` datetime DEFAULT NULL,
  `proveedor_id` int(11) DEFAULT NULL,
  `orden_compra` int(11) DEFAULT NULL,
  `moneda` varchar(45) DEFAULT NULL,
  `sub_total` double DEFAULT NULL,
  `total_factura` double DEFAULT NULL,
  `fecha_creacion` datetime DEFAULT NULL,
  `usuario_creacion` int(11) DEFAULT NULL,
  `fecha_modificacion` datetime DEFAULT NULL,
  `usuario_modificacion` int(11) DEFAULT NULL,
  `tipo_documento` varchar(50) DEFAULT NULL,
  `igv` double DEFAULT NULL,
  `valor_igv` double DEFAULT NULL,
  `centro_costo` int(11) DEFAULT NULL,
  `impuesto_id` int(11) DEFAULT NULL,
  `fecha_registro` datetime DEFAULT NULL,
  PRIMARY KEY (`id`),
  UNIQUE KEY `num_factura_UNIQUE` (`num_factura`)
) ENGINE=InnoDB AUTO_INCREMENT=493 DEFAULT CHARSET=utf8;
/*!40101 SET character_set_client = @saved_cs_client */;

--
-- Dumping data for table `factura_proveedores`
--

LOCK TABLES `factura_proveedores` WRITE;
/*!40000 ALTER TABLE `factura_proveedores` DISABLE KEYS */;
INSERT INTO `factura_proveedores` VALUES (15,'123','2016-08-25 00:00:00',3,25,'USD',3132.7796610169494,3696.68,'2016-08-25 17:14:52',36,NULL,NULL,'Factura',0.18,563.9003389830505,13,5,'2016-08-25 17:14:52'),(16,'95441638','2016-08-26 00:00:00',3,26,'USD',1336.8728813559323,1577.51,'2016-08-26 16:21:00',36,NULL,NULL,'Factura',0.18,240.63711864406764,14,5,'2016-08-26 16:21:00'),(17,'001-0000350','2016-09-01 00:00:00',4,27,'USD',2469.56779661017,2914.09,'2016-09-05 12:05:57',38,NULL,NULL,'Factura',0.18,444.52220338983034,15,5,'2016-09-05 12:05:57'),(18,'025-0023478','2016-09-01 00:00:00',6,31,'PEN',27.118644067796613,32,'2016-09-19 16:34:46',40,NULL,NULL,'Factura',0.18,4.8813559322033875,NULL,5,'2016-09-19 16:34:46'),(19,'001-004292','2016-09-23 00:00:00',15,49,'PEN',390,460.2,'2016-10-05 16:53:36',40,NULL,NULL,'Factura',0.18,70.19999999999999,20,5,'2016-10-05 16:53:36'),(20,'002-013550','2016-09-23 00:00:00',14,51,'PEN',873.4915254237288,1030.72,'2016-10-05 16:56:22',40,NULL,NULL,'Factura',0.18,157.2284745762712,20,5,'2016-10-05 16:56:22'),(21,'0001-003971','2016-09-23 00:00:00',13,50,'PEN',640.9576271186442,756.33,'2016-10-05 17:01:46',40,NULL,NULL,'Factura',0.18,115.37237288135589,20,5,'2016-10-05 17:01:46'),(22,'567-000650569','2016-09-19 00:00:00',27,66,'USD',3015.2542372881358,3558,'2016-10-11 16:08:21',40,NULL,NULL,'Factura',0.18,542.7457627118642,NULL,5,'2016-10-11 16:08:21'),(23,'001-0013611','2016-09-20 00:00:00',26,64,'PEN',10.000000000000002,11.8,'2016-10-11 16:09:39',40,NULL,NULL,'Factura',0.18,1.799999999999999,NULL,5,'2016-10-11 16:09:39'),(24,'0001-006045','2016-09-21 00:00:00',24,63,'USD',2091.669491525424,2468.17,'2016-10-11 16:10:30',40,NULL,NULL,'Factura',0.18,376.50050847457624,NULL,5,'2016-10-11 16:10:30'),(25,'0001-006041','2016-09-21 00:00:00',24,62,'USD',1190,1404.2,'2016-10-11 16:11:05',40,NULL,NULL,'Factura',0.18,214.20000000000005,NULL,5,'2016-10-11 16:11:05'),(26,'011-0055150','2016-09-26 00:00:00',6,61,'PEN',27.118644067796613,32,'2016-10-11 16:12:14',40,NULL,NULL,'Factura',0.18,4.8813559322033875,NULL,5,'2016-10-11 16:12:14'),(27,'014-0610832','2016-09-26 00:00:00',23,59,'PEN',1895.271186440678,2236.42,'2016-10-11 16:12:55',40,NULL,NULL,'Factura',0.18,341.148813559322,NULL,5,'2016-10-11 16:12:55'),(28,'031-0004308144','2016-09-30 00:00:00',22,58,'USD',1663.6525423728813,1963.11,'2016-10-11 16:13:54',40,NULL,NULL,'Factura',0.18,299.45745762711863,NULL,5,'2016-10-11 16:13:54'),(29,'001-001290','2016-09-16 00:00:00',7,71,'PEN',83.38983050847459,98.4,'2016-10-11 17:26:12',40,NULL,NULL,'Factura',0.18,15.010169491525417,NULL,5,'2016-10-11 17:26:12'),(30,'0001-000798','2016-09-16 00:00:00',8,72,'PEN',351,351,'2016-10-11 17:29:31',40,NULL,NULL,'Factura',0,0,NULL,7,'2016-10-11 17:29:31'),(31,'001-128224094','2016-09-15 00:00:00',30,73,'PEN',4250.466101694916,5015.55,'2016-10-11 17:32:07',40,NULL,NULL,'Factura',0.18,765.0838983050844,NULL,5,'2016-10-11 17:32:07'),(32,'01-0000663','2016-09-15 00:00:00',31,74,'PEN',49.152542372881356,58,'2016-10-12 12:23:40',40,NULL,NULL,'Factura',0.18,8.847457627118644,NULL,5,'2016-10-12 12:23:40'),(33,'001-041198','2016-09-15 00:00:00',17,48,'PEN',1195,1410.1,'2016-10-12 12:27:00',40,NULL,NULL,'Factura',0.18,215.0999999999999,20,5,'2016-10-12 12:27:00'),(34,'131-00008236','2016-09-15 00:00:00',32,75,'PEN',119.53389830508476,141.05,'2016-10-12 12:32:06',40,NULL,NULL,'Factura',0.18,21.51610169491525,NULL,5,'2016-10-12 12:32:06'),(35,'002-0040868','2016-09-28 00:00:00',16,53,'USD',952,1123.36,'2016-10-12 12:35:17',40,NULL,NULL,'Factura',0.18,171.3599999999999,20,5,'2016-10-12 12:35:17'),(36,'195-00037126','2016-09-19 00:00:00',28,77,'PEN',27.118644067796613,32,'2016-10-12 12:43:12',40,NULL,NULL,'Factura',0.18,4.8813559322033875,20,5,'2016-10-12 12:43:12'),(37,'002-0040827','2016-09-17 00:00:00',16,47,'USD',2132.0000000000005,2515.76,'2016-10-12 12:45:10',40,NULL,NULL,'Factura',0.18,383.75999999999976,19,5,'2016-10-12 12:45:10'),(38,'002-0040828','2016-09-17 00:00:00',16,46,'USD',1032,1217.76,'2016-10-12 12:46:29',40,NULL,NULL,'Factura',0.18,185.76,26,5,'2016-10-12 12:46:29'),(39,'129-00016785','2016-09-15 00:00:00',32,78,'PEN',141.53389830508473,167.01,'2016-10-12 16:39:57',40,NULL,NULL,'Factura',0.18,25.476101694915258,20,5,'2016-10-12 16:39:57'),(40,'001-0044253','2016-09-15 00:00:00',10,79,'PEN',234.28813559322035,276.46,'2016-10-12 16:42:36',40,NULL,NULL,'Factura',0.18,42.17186440677963,NULL,5,'2016-10-12 16:42:36'),(41,'001-0001759','2016-09-14 00:00:00',33,80,'USD',274.9491525423729,324.44,'2016-10-12 16:49:44',40,NULL,NULL,'Factura',0.18,49.490847457627126,NULL,5,'2016-10-12 16:49:44'),(42,'001-0044214','2016-09-14 00:00:00',10,81,'PEN',95.72033898305085,112.95,'2016-10-12 16:52:56',40,NULL,NULL,'Factura',0.18,17.22966101694915,NULL,5,'2016-10-12 16:52:56'),(43,'0001-002421','2016-09-13 00:00:00',34,82,'PEN',84.74576271186442,100,'2016-10-12 16:58:59',40,NULL,NULL,'Factura',0.18,15.254237288135585,NULL,5,'2016-10-12 16:58:59'),(44,'195-00036633','2016-09-13 00:00:00',28,83,'PEN',110.07627118644068,129.89,'2016-10-12 17:01:14',40,NULL,NULL,'Factura',0.18,19.813728813559308,NULL,5,'2016-10-12 17:01:14'),(45,'4100525200','2016-09-10 00:00:00',35,84,'PEN',308.85593220338984,364.45,'2016-10-12 17:07:43',40,NULL,NULL,'ServiciosPublicos',0.18,55.59406779661015,NULL,5,'2016-10-12 17:07:43'),(46,'001-0044069','2016-09-08 00:00:00',10,85,'PEN',1000.3220338983052,1180.38,'2016-10-12 17:11:57',40,NULL,NULL,'Factura',0.18,180.0579661016949,NULL,5,'2016-10-12 17:11:57'),(47,'001-44','2016-09-08 00:00:00',25,86,'PEN',666.9406779661017,786.99,'2016-10-12 17:17:21',40,NULL,NULL,'Factura',0.18,120.0493220338983,NULL,5,'2016-10-12 17:17:21'),(48,'0002-0005579','2016-09-08 00:00:00',36,87,'PEN',144.8813559322034,170.96,'2016-10-12 17:28:32',40,NULL,NULL,'Factura',0.18,26.078644067796603,NULL,5,'2016-10-12 17:28:32'),(49,'139086','2016-09-07 00:00:00',37,88,'PEN',42.37288135593221,50,'2016-10-12 17:34:28',40,NULL,NULL,'Factura',0.18,7.627118644067792,NULL,5,'2016-10-12 17:34:28'),(50,'001-947','2016-09-06 00:00:00',39,89,'USD',83,97.94,'2016-10-12 17:46:47',40,NULL,NULL,'Factura',0.18,14.939999999999998,NULL,5,'2016-10-12 17:46:47'),(51,'190035282','2016-09-06 00:00:00',11,90,'PEN',168.72881355932205,199.1,'2016-10-12 17:53:55',40,NULL,NULL,'ServiciosPublicos',0.18,30.371186440677945,NULL,5,'2016-10-12 17:53:55'),(52,'001-85','2016-09-05 00:00:00',40,91,'USD',1550,1829,'2016-10-12 17:59:05',40,NULL,NULL,'Factura',0.18,279,NULL,5,'2016-10-12 17:59:05'),(53,'95453638','2016-10-10 00:00:00',5,41,'USD',166.52,166.52,'2016-10-13 17:13:51',38,NULL,NULL,'Factura',0,0,21,7,'2016-10-13 17:13:51'),(54,'95453642','2016-10-10 00:00:00',5,42,'USD',348.68,348.68,'2016-10-17 09:25:56',38,NULL,NULL,'Factura',0,0,24,7,'2016-10-17 09:25:56'),(55,'002-15885','2016-09-05 00:00:00',41,94,'PEN',21.220338983050848,25.04,'2016-10-17 17:33:41',40,NULL,NULL,'Factura',0.18,3.8196610169491514,19,5,'2016-10-17 17:33:41'),(56,'002-949018','2016-09-03 00:00:00',42,95,'PEN',42.37288135593221,50,'2016-10-17 17:49:55',40,NULL,NULL,'Factura',0.18,7.627118644067792,19,5,'2016-10-17 17:49:55'),(57,'0001-023004','2016-09-02 00:00:00',44,98,'PEN',27.6271186440678,32.6,'2016-10-18 14:05:01',40,NULL,NULL,'Factura',0.18,4.972881355932202,19,5,'2016-10-18 14:05:01'),(58,'0001-022985','2016-09-01 00:00:00',44,99,'PEN',9.661016949152543,11.4,'2016-10-18 14:13:25',40,NULL,NULL,'Factura',0.18,1.738983050847457,19,5,'2016-10-18 14:13:25'),(59,'20-00002245','2016-09-01 00:00:00',46,100,'PEN',134.74576271186442,159,'2016-10-18 14:25:27',40,NULL,NULL,'Factura',0.18,24.254237288135585,NULL,5,'2016-10-18 14:25:27'),(113,'0001-002401','2016-09-01 00:00:00',34,103,'PEN',42.37288135593221,50,'2016-10-18 14:54:37',40,NULL,NULL,'Factura',0.18,7.627118644067792,NULL,5,'2016-10-18 14:54:37'),(114,'1100539624','2016-09-10 00:00:00',35,104,'PEN',3.2203389830508473,3.8,'2016-10-18 14:58:49',40,NULL,NULL,'ServiciosPublicos',0.18,0.5796610169491525,NULL,5,'2016-10-18 14:58:49'),(115,'0001-000783','2016-08-31 00:00:00',8,105,'PEN',425,425,'2016-10-18 15:01:09',40,NULL,NULL,'Factura',0,0,NULL,7,'2016-10-18 15:01:09'),(116,'001-001273','2016-08-31 00:00:00',7,106,'PEN',250.16949152542372,295.2,'2016-10-18 15:05:40',40,NULL,NULL,'Factura',0.18,45.030508474576266,NULL,5,'2016-10-18 15:05:40'),(122,'131-00007813','2016-08-30 00:00:00',32,107,'PEN',42.37288135593221,50,'2016-10-18 16:06:24',40,NULL,NULL,'Ticket',0.18,7.627118644067792,19,5,'2016-10-18 16:06:24'),(123,'001-0055987','2016-08-29 00:00:00',47,108,'USD',25,29.5,'2016-10-18 16:12:57',40,NULL,NULL,'Factura',0.18,4.5,NULL,5,'2016-10-18 16:12:57'),(124,'530-9158876165','2016-08-29 00:00:00',48,109,'USD',476.5847457627119,562.37,'2016-10-18 16:24:38',40,NULL,NULL,'TransporteAereo',0.18,85.78525423728809,NULL,5,'2016-10-18 16:24:38'),(125,'0003-008962','2016-08-29 00:00:00',49,110,'PEN',19.491525423728813,23,'2016-10-18 16:40:56',40,NULL,NULL,'Factura',0.18,3.508474576271187,35,5,'2016-10-18 16:40:56'),(126,'0013-101511','2016-08-29 00:00:00',50,111,'PEN',140.26271186440678,165.51,'2016-10-18 16:46:10',40,NULL,NULL,'Factura',0.18,25.24728813559321,35,5,'2016-10-18 16:46:10'),(127,'002-014281','2016-08-29 00:00:00',51,112,'PEN',12.711864406779661,15,'2016-10-18 16:51:21',40,NULL,NULL,'Factura',0.18,2.288135593220339,35,5,'2016-10-18 16:51:21'),(128,'0001-0041649','2016-08-29 00:00:00',52,113,'PEN',6.779661016949153,8,'2016-10-18 17:10:02',40,NULL,NULL,'Factura',0.18,1.2203389830508469,35,5,'2016-10-18 17:10:02'),(129,'156-921118','2016-08-29 00:00:00',53,114,'PEN',4.237288135593221,5,'2016-10-18 17:17:15',40,NULL,NULL,'Ticket',0.18,0.7627118644067794,35,5,'2016-10-18 17:17:15'),(130,'263-370049','2016-08-29 00:00:00',53,115,'PEN',4.237288135593221,5,'2016-10-18 17:19:01',40,NULL,NULL,'Ticket',0.18,0.7627118644067794,35,5,'2016-10-18 17:19:01'),(133,'001-0251153','2016-08-29 00:00:00',54,116,'PEN',360.00000000000006,424.8,'2016-10-18 17:36:10',40,NULL,NULL,'Factura',0.18,64.79999999999995,35,5,'2016-10-18 17:36:10'),(134,'001-144794','2016-08-24 00:00:00',55,117,'PEN',135.59322033898306,160,'2016-10-18 17:41:35',40,NULL,NULL,'Factura',0.18,24.40677966101694,NULL,5,'2016-10-18 17:41:35'),(135,'0002-0011909','2016-08-24 00:00:00',52,118,'PEN',37.28813559322034,44,'2016-10-18 17:44:02',40,NULL,NULL,'Factura',0.18,6.711864406779661,19,5,'2016-10-18 17:44:02'),(136,'0002-0011908','2016-08-24 00:00:00',52,119,'PEN',13.559322033898306,16,'2016-10-18 17:46:03',40,NULL,NULL,'Factura',0.18,2.4406779661016937,19,5,'2016-10-18 17:46:03'),(139,'515-00023779','2016-08-22 00:00:00',56,120,'PEN',127.11864406779662,150,'2016-10-19 11:49:36',40,NULL,NULL,'Factura',0.18,22.881355932203377,35,5,'2016-10-19 11:49:36'),(140,'0001-02137','2016-08-20 00:00:00',57,121,'PEN',300,354,'2016-10-19 11:57:41',40,NULL,NULL,'Factura',0.18,54,35,5,'2016-10-19 11:57:41'),(141,'520-00014058','2016-08-16 00:00:00',56,122,'PEN',144.96610169491527,171.06,'2016-10-19 12:04:38',40,NULL,NULL,'Factura',0.18,26.093898305084736,26,5,'2016-10-19 12:04:38'),(142,'001-0005793','2016-08-10 00:00:00',59,123,'PEN',703.6440677966102,830.3,'2016-10-19 12:10:34',40,NULL,NULL,'Factura',0.18,126.65593220338974,26,5,'2016-10-19 12:10:34'),(143,'305-00021939','2016-08-10 00:00:00',28,124,'PEN',52.118644067796616,61.5,'2016-10-19 12:14:41',40,NULL,NULL,'Factura',0.18,9.381355932203384,26,5,'2016-10-19 12:14:41'),(144,'002-0081440','2016-08-05 00:00:00',60,125,'PEN',22.033898305084747,26,'2016-10-19 12:18:11',40,NULL,NULL,'Factura',0.18,3.9661016949152526,NULL,5,'2016-10-19 12:18:11'),(145,'132-00279817','2016-08-05 00:00:00',61,126,'PEN',6.271186440677967,7.4,'2016-10-19 12:24:17',40,NULL,NULL,'Factura',0.18,1.1288135593220332,NULL,5,'2016-10-19 12:24:17'),(146,'331-00200213','2016-08-05 00:00:00',61,127,'PEN',6.271186440677967,7.4,'2016-10-19 12:28:38',40,NULL,NULL,'Ticket',0.18,1.1288135593220332,NULL,5,'2016-10-19 12:28:38'),(147,'0001-083876','2016-08-04 00:00:00',62,128,'PEN',152.54237288135593,180,'2016-10-19 12:32:41',40,NULL,NULL,'Factura',0.18,27.45762711864407,NULL,5,'2016-10-19 12:32:41'),(148,'046-00076376','2016-08-04 00:00:00',63,129,'PEN',6.533898305084746,7.71,'2016-10-19 12:35:56',40,NULL,NULL,'Ticket',0.18,1.1761016949152543,NULL,5,'2016-10-19 12:35:56'),(149,'057-00491574','2016-08-04 00:00:00',63,130,'PEN',6.3559322033898304,7.5,'2016-10-19 12:37:31',40,NULL,NULL,'Ticket',0.18,1.1440677966101696,NULL,5,'2016-10-19 12:37:31'),(150,'004-039167','2016-08-03 00:00:00',58,131,'PEN',83.05084745762713,98,'2016-10-19 12:42:09',40,NULL,NULL,'Factura',0.18,14.949152542372872,NULL,5,'2016-10-19 12:42:09'),(151,'001-024009','2016-08-03 00:00:00',58,132,'PEN',31.610169491525422,37.3,'2016-10-19 12:46:28',40,NULL,NULL,'Factura',0.18,5.689830508474575,NULL,5,'2016-10-19 12:46:28'),(152,'021-01772360','2016-08-03 00:00:00',63,133,'PEN',8.559322033898304,10.1,'2016-10-19 12:50:36',40,NULL,NULL,'Ticket',0.18,1.5406779661016952,NULL,5,'2016-10-19 12:50:36'),(153,'052-00498309','2016-08-03 00:00:00',63,134,'PEN',6.3559322033898304,7.5,'2016-10-19 12:53:03',40,NULL,NULL,'Factura',0.18,1.1440677966101696,NULL,5,'2016-10-19 12:53:03'),(154,'041-01398472','2016-08-03 00:00:00',63,136,'PEN',6.533898305084746,7.71,'2016-10-19 12:54:47',40,NULL,NULL,'Ticket',0.18,1.1761016949152543,NULL,5,'2016-10-19 12:54:47'),(155,'335-00139923','2016-08-03 00:00:00',61,137,'PEN',6.271186440677967,7.4,'2016-10-19 12:56:41',40,NULL,NULL,'Ticket',0.18,1.1288135593220332,NULL,5,'2016-10-19 12:56:41'),(156,'135-00359840','2016-10-19 00:00:00',61,138,'PEN',6.271186440677967,7.4,'2016-10-19 12:58:23',40,NULL,NULL,'Ticket',0.18,1.1288135593220332,NULL,5,'2016-10-19 12:58:23'),(157,'002-0048573','2016-08-25 00:00:00',20,139,'PEN',41.118644067796616,48.52,'2016-10-19 13:05:09',40,NULL,NULL,'NotaCredito',0.18,7.401355932203387,NULL,5,'2016-10-19 13:05:09'),(164,'001-8','2016-09-14 00:00:00',65,141,'PEN',4037.4,4037.4,'2016-10-19 13:20:37',40,NULL,NULL,'Honorarios',0,0,NULL,7,'2016-10-19 13:20:37'),(165,'001-4','2016-09-12 00:00:00',66,142,'PEN',106.67,106.67,'2016-10-19 13:23:59',40,NULL,NULL,'Honorarios',0,0,NULL,7,'2016-10-19 13:23:59'),(166,'001-70','2016-09-01 00:00:00',67,143,'PEN',200,200,'2016-10-19 13:27:46',40,NULL,NULL,'Honorarios',0,0,NULL,7,'2016-10-19 13:27:46'),(167,'001-5','2016-09-01 00:00:00',68,144,'PEN',200,200,'2016-10-19 13:37:42',40,NULL,NULL,'Honorarios',0,0,NULL,7,'2016-10-19 13:37:42'),(170,'001-0017120','2016-10-03 00:00:00',70,147,'USD',1016.949152542373,1200,'2016-10-19 16:10:00',40,NULL,NULL,'Factura',0.18,183.05084745762701,NULL,5,'2016-10-19 16:10:00'),(171,'001-0001829','2016-10-18 00:00:00',33,148,'USD',291.8983050847458,344.44,'2016-10-19 16:12:30',40,NULL,NULL,'Factura',0.18,52.5416949152542,NULL,5,'2016-10-19 16:12:30'),(172,'012-0082707','2016-10-13 00:00:00',23,149,'PEN',224,264.32,'2016-10-19 16:15:28',40,NULL,NULL,'FinanzasySeguros',0.18,40.31999999999999,NULL,5,'2016-10-19 16:15:28'),(173,'001-97','2016-10-18 00:00:00',40,150,'USD',1550,1829,'2016-10-19 16:20:58',40,NULL,NULL,'Factura',0.18,279,NULL,5,'2016-10-19 16:20:58'),(174,'0001-000093799','2016-10-17 00:00:00',71,151,'PEN',59.32203389830509,70,'2016-10-19 16:25:58',40,NULL,NULL,'Ticket',0.18,10.677966101694913,NULL,5,'2016-10-19 16:25:58'),(175,'300-0036947','2016-10-14 00:00:00',73,152,'PEN',331.8305084745763,391.56,'2016-10-19 16:37:59',40,NULL,NULL,'Factura',0.18,59.729491525423725,NULL,5,'2016-10-19 16:37:59'),(176,'011-0055493','2016-10-12 00:00:00',6,153,'PEN',27.118644067796613,32,'2016-10-19 16:40:12',40,NULL,NULL,'Factura',0.18,4.8813559322033875,NULL,5,'2016-10-19 16:40:12'),(177,'410-0531251','2016-10-10 00:00:00',35,154,'PEN',2006.906779661017,2368.15,'2016-10-19 16:43:06',40,NULL,NULL,'ServiciosPublicos',0.18,361.24322033898306,NULL,5,'2016-10-19 16:43:06'),(178,'001-000145','2016-10-10 00:00:00',18,52,'PEN',322.0338983050848,380,'2016-10-19 17:04:14',40,NULL,NULL,'Factura',0.18,57.96610169491521,NULL,5,'2016-10-19 17:04:14'),(179,'001-0044532','2016-10-07 00:00:00',10,155,'PEN',199.4491525423729,235.35,'2016-10-19 17:07:19',40,NULL,NULL,'Factura',0.18,35.900847457627094,NULL,5,'2016-10-19 17:07:19'),(180,'001-0044569','2016-10-07 00:00:00',10,156,'PEN',104.77118644067797,123.63,'2016-10-19 17:09:29',40,NULL,NULL,'Factura',0.18,18.85881355932203,NULL,5,'2016-10-19 17:09:29'),(181,'001-0044495','2016-10-19 00:00:00',10,157,'PEN',1000.3220338983052,1180.38,'2016-10-19 17:12:27',40,NULL,NULL,'Factura',0.18,180.0579661016949,NULL,5,'2016-10-19 17:12:27'),(182,'001-959','2016-10-04 00:00:00',39,158,'PEN',4950,5841,'2016-10-20 10:35:32',40,NULL,NULL,'Factura',0.18,891,NULL,5,'2016-10-20 10:35:32'),(183,'001-960','2016-10-04 00:00:00',39,159,'USD',83,97.94,'2016-10-20 10:38:09',40,NULL,NULL,'Factura',0.18,14.939999999999998,NULL,5,'2016-10-20 10:38:09'),(184,'303-00027809','2016-10-03 00:00:00',28,160,'PEN',13.466101694915256,15.89,'2016-10-20 10:40:45',40,NULL,NULL,'Ticket',0.18,2.4238983050847445,NULL,5,'2016-10-20 10:40:45'),(185,'21-00001255','2016-10-01 00:00:00',46,161,'PEN',134.74576271186442,159,'2016-10-20 10:43:10',40,NULL,NULL,'Factura',0.18,24.254237288135585,NULL,5,'2016-10-20 10:43:10'),(186,'001-0000360','2016-10-01 00:00:00',4,162,'USD',2543.661016949153,3001.52,'2016-10-20 10:55:13',40,NULL,NULL,'Factura',0.18,457.8589830508472,NULL,5,'2016-10-20 10:55:13'),(187,'0001-000805','2016-09-30 00:00:00',8,163,'PEN',112,112,'2016-10-20 10:57:08',40,NULL,NULL,'Factura',0,0,NULL,7,'2016-10-20 10:57:08'),(188,'20-00000262','2016-09-28 00:00:00',46,164,'PEN',82.72881355932205,97.62,'2016-10-20 10:59:27',40,NULL,NULL,'Factura',0.18,14.891186440677956,NULL,5,'2016-10-20 10:59:27'),(189,'001-0377399','2016-09-05 00:00:00',74,165,'PEN',5.932203389830509,7,'2016-10-20 11:09:56',40,NULL,NULL,'Factura',0.18,1.0677966101694913,NULL,5,'2016-10-20 11:09:56'),(190,'300-0034760','2016-09-30 00:00:00',73,166,'PEN',98.43220338983052,116.15,'2016-10-20 11:23:48',40,NULL,NULL,'Factura',0.18,17.717796610169486,NULL,5,'2016-10-20 11:23:48'),(191,'031-0004320574','2016-10-17 00:00:00',22,168,'USD',261.46610169491527,308.53,'2016-10-20 16:36:02',40,NULL,NULL,'FinanzasySeguros',0.18,47.063898305084706,NULL,5,'2016-10-20 16:36:02'),(192,'031-0004320575','2016-10-17 00:00:00',22,169,'USD',261.46610169491527,308.53,'2016-10-20 16:45:48',40,NULL,NULL,'Factura',0.18,47.063898305084706,NULL,5,'2016-10-20 16:45:48'),(193,'031-0004320576','2016-10-17 00:00:00',22,170,'USD',261.46610169491527,308.53,'2016-10-20 16:47:51',40,NULL,NULL,'Factura',0.18,47.063898305084706,NULL,5,'2016-10-20 16:47:51'),(194,'031-0004320577','2016-10-17 00:00:00',22,171,'USD',261.5338983050848,308.61,'2016-10-20 16:51:03',40,NULL,NULL,'FinanzasySeguros',0.18,47.076101694915224,NULL,5,'2016-10-20 16:51:03'),(195,'004-11206','2016-10-05 00:00:00',20,56,'PEN',255.77966101694915,301.82,'2016-10-20 17:00:26',40,NULL,NULL,'Factura',0.18,46.040338983050844,NULL,5,'2016-10-20 17:00:26'),(196,'004-10913','2016-10-04 00:00:00',20,54,'PEN',165.83050847457628,195.68,'2016-10-24 09:58:53',40,NULL,NULL,'Factura',0.18,29.84949152542373,NULL,5,'2016-10-24 09:58:53'),(197,'004-11074','2016-10-04 00:00:00',20,55,'PEN',311.771186440678,367.89,'2016-10-24 10:03:48',40,NULL,NULL,'Factura',0.18,56.11881355932201,NULL,5,'2016-10-24 10:03:48'),(198,'0001-0035817','2016-10-17 00:00:00',75,176,'PEN',55.92372881355932,65.99,'2016-10-25 12:14:42',40,NULL,NULL,'Factura',0.18,10.066271186440673,29,5,'2016-10-25 12:14:42'),(199,'002-007218','2016-10-17 00:00:00',76,177,'PEN',13.559322033898306,16,'2016-10-25 15:24:16',40,NULL,NULL,'Factura',0.18,2.4406779661016937,28,5,'2016-10-25 15:24:16'),(200,'002-957320','2016-10-07 00:00:00',42,178,'PEN',84.74576271186442,100,'2016-10-25 15:42:40',40,NULL,NULL,'Factura',0.18,15.254237288135585,28,5,'2016-10-25 15:42:40'),(201,'360-00015483','2016-10-18 00:00:00',28,179,'PEN',77.28813559322035,91.2,'2016-10-25 15:46:27',40,NULL,NULL,'Factura',0.18,13.911864406779657,29,5,'2016-10-25 15:46:27'),(202,'516-00021896','2016-10-18 00:00:00',56,180,'PEN',67.79661016949153,80,'2016-10-25 15:49:20',40,NULL,NULL,'Factura',0.18,12.20338983050847,28,5,'2016-10-25 15:49:20'),(203,'14806','2016-10-11 00:00:00',77,181,'PEN',84.74576271186442,100,'2016-10-25 15:56:09',40,NULL,NULL,'Ticket',0.18,15.254237288135585,28,5,'2016-10-25 15:56:09'),(204,'003-0155402','2016-09-07 00:00:00',78,182,'PEN',42.37288135593221,50,'2016-10-25 16:05:59',40,NULL,NULL,'Factura',0.18,7.627118644067792,28,5,'2016-10-25 16:05:59'),(205,'100-0061005','2016-10-11 00:00:00',45,183,'PEN',8.466101694915254,9.99,'2016-10-25 16:22:02',40,NULL,NULL,'Factura',0.18,1.5238983050847459,28,5,'2016-10-25 16:22:02'),(207,'100-0061502','2016-10-20 00:00:00',45,184,'PEN',8.466101694915254,9.99,'2016-10-25 16:26:29',40,NULL,NULL,'Factura',0.18,1.5238983050847459,26,5,'2016-10-25 16:26:29'),(208,'001-0027382','2016-10-21 00:00:00',79,185,'PEN',46.610169491525426,55,'2016-10-25 16:38:54',40,NULL,NULL,'Factura',0.18,8.389830508474574,NULL,5,'2016-10-25 16:38:54'),(209,'001-45','2016-10-24 00:00:00',64,186,'PEN',1000,1000,'2016-10-25 16:41:27',40,NULL,NULL,'Honorarios',0,0,NULL,7,'2016-10-25 16:41:27'),(210,'535-00829158','2016-10-21 00:00:00',27,187,'USD',2179.398305084746,2571.69,'2016-10-25 17:04:46',40,NULL,NULL,'FinanzasySeguros',0.18,392.2916949152541,NULL,5,'2016-10-25 17:04:46'),(211,'192-014058','2016-10-05 00:00:00',11,188,'PEN',173.22033898305085,204.4,'2016-10-25 17:09:42',40,NULL,NULL,'ServiciosPublicos',0.18,31.179661016949154,NULL,5,'2016-10-25 17:09:42'),(212,'0003-000409','2016-10-09 00:00:00',80,189,'PEN',33.898305084745765,40,'2016-10-25 17:45:39',40,NULL,NULL,'Factura',0.18,6.101694915254235,40,5,'2016-10-25 17:45:39'),(213,'001-003968','2016-10-05 00:00:00',81,190,'PEN',16.949152542372882,20,'2016-10-25 17:49:28',40,NULL,NULL,'Factura',0.18,3.0508474576271176,40,5,'2016-10-25 17:49:28'),(214,'001-004087','2016-10-14 00:00:00',81,191,'PEN',54.237288135593225,64,'2016-10-25 17:51:12',40,NULL,NULL,'Factura',0.18,9.762711864406775,40,5,'2016-10-25 17:51:12'),(215,'0001-000065','2016-10-06 00:00:00',82,192,'PEN',25.423728813559322,30,'2016-10-25 18:01:13',40,NULL,NULL,'Factura',0.18,4.576271186440678,40,5,'2016-10-25 18:01:13'),(216,'001-010881','2016-10-10 00:00:00',83,193,'PEN',127.11864406779662,150,'2016-10-25 18:05:33',40,NULL,NULL,'Factura',0.18,22.881355932203377,40,5,'2016-10-25 18:05:33'),(217,'002-061801','2016-10-02 00:00:00',58,194,'PEN',82.6271186440678,97.5,'2016-10-25 18:07:54',40,NULL,NULL,'Factura',0.18,14.872881355932194,40,5,'2016-10-25 18:07:54'),(218,'200-0012715','2016-10-06 00:00:00',45,195,'PEN',6.779661016949153,8,'2016-10-25 18:09:37',40,NULL,NULL,'Factura',0.18,1.2203389830508469,40,5,'2016-10-25 18:09:37'),(219,'0003-000414','2016-10-12 00:00:00',80,196,'PEN',22.88135593220339,27,'2016-10-25 18:12:23',40,NULL,NULL,'Factura',0.18,4.118644067796609,40,5,'2016-10-25 18:12:23'),(220,'001-024524','2016-10-02 00:00:00',58,197,'PEN',13.135593220338984,15.5,'2016-10-25 18:14:00',40,NULL,NULL,'Factura',0.18,2.3644067796610155,40,5,'2016-10-25 18:14:00'),(221,'001-003995','2016-10-07 00:00:00',81,198,'PEN',24.576271186440678,29,'2016-10-25 18:15:48',40,NULL,NULL,'Factura',0.18,4.423728813559322,40,5,'2016-10-25 18:15:48'),(222,'0002-002143','2016-10-10 00:00:00',84,199,'PEN',55.08474576271187,65,'2016-10-26 10:36:48',40,NULL,NULL,'Factura',0.18,9.915254237288131,40,5,'2016-10-26 10:36:48'),(223,'001-009329','2016-10-12 00:00:00',85,200,'PEN',34.74576271186441,41,'2016-10-26 10:42:16',40,NULL,NULL,'Factura',0.18,6.254237288135592,40,5,'2016-10-26 10:42:16'),(224,'0001-018282','2016-10-13 00:00:00',86,201,'PEN',16.949152542372882,20,'2016-10-26 10:45:41',40,NULL,NULL,'Factura',0.18,3.0508474576271176,40,5,'2016-10-26 10:45:41'),(225,'004-004152','2016-10-13 00:00:00',87,202,'PEN',20.33898305084746,24,'2016-10-26 10:50:26',40,NULL,NULL,'Factura',0.18,3.6610169491525397,40,5,'2016-10-26 10:50:26'),(226,'002-0087822','2016-10-02 00:00:00',60,203,'PEN',30.093220338983052,35.51,'2016-10-26 10:52:51',40,NULL,NULL,'Factura',0.18,5.416779661016946,40,5,'2016-10-26 10:52:51'),(227,'655-00008611','2016-10-02 00:00:00',88,204,'PEN',28.516949152542374,33.65,'2016-10-26 11:00:11',40,NULL,NULL,'Factura',0.18,5.133050847457625,40,5,'2016-10-26 11:00:11'),(228,'022-01939195','2016-10-02 00:00:00',63,205,'PEN',8.559322033898304,10.1,'2016-10-26 11:06:47',40,NULL,NULL,'Factura',0.18,1.5406779661016952,40,5,'2016-10-26 11:06:47'),(230,'052-00533191','2016-10-02 00:00:00',63,206,'PEN',6.3559322033898304,7.5,'2016-10-26 11:08:28',40,NULL,NULL,'Factura',0.18,1.1440677966101696,40,5,'2016-10-26 11:08:28'),(231,'335-00161210','2016-10-02 00:00:00',61,207,'PEN',6.271186440677967,7.4,'2016-10-26 11:09:59',40,NULL,NULL,'Factura',0.18,1.1288135593220332,40,5,'2016-10-26 11:09:59'),(232,'135-00425075','2016-10-02 00:00:00',61,208,'PEN',6.271186440677967,7.4,'2016-10-26 11:11:50',40,NULL,NULL,'Factura',0.18,1.1288135593220332,40,5,'2016-10-26 11:11:50'),(233,'042-01113872','2016-10-02 00:00:00',61,209,'PEN',6.533898305084746,7.71,'2016-10-26 11:15:04',40,NULL,NULL,'Factura',0.18,1.1761016949152543,40,5,'2016-10-26 11:15:04'),(234,'008-0002832','2016-09-30 00:00:00',89,210,'PEN',84.74576271186442,100,'2016-10-26 11:20:46',40,NULL,NULL,'Factura',0.18,15.254237288135585,40,5,'2016-10-26 11:20:46'),(235,'0001-030564','2016-10-17 00:00:00',90,211,'PEN',28.8135593220339,34,'2016-10-26 11:34:46',40,NULL,NULL,'Factura',0.18,5.1864406779661,29,5,'2016-10-26 11:34:46'),(236,'02-7737','2016-10-04 00:00:00',91,212,'PEN',13.135593220338984,15.5,'2016-10-26 12:13:11',40,NULL,NULL,'Factura',0.18,2.3644067796610155,40,5,'2016-10-26 12:13:11'),(237,'015-0611027','2016-10-24 00:00:00',23,213,'PEN',1895.271186440678,2236.42,'2016-10-26 12:17:21',40,NULL,NULL,'Factura',0.18,341.148813559322,NULL,5,'2016-10-26 12:17:21'),(238,'011-0055746','2016-10-26 00:00:00',6,214,'PEN',27.118644067796613,32,'2016-10-27 15:08:22',40,NULL,NULL,'Factura',0.18,4.8813559322033875,NULL,5,'2016-10-27 15:08:22'),(239,'004-21441','2016-11-07 00:00:00',20,222,'PEN',179.55084745762713,211.87,'2016-11-11 15:51:08',40,NULL,NULL,'Factura',0.18,32.319152542372876,NULL,5,'2016-11-11 15:51:08'),(240,'00001-816','2016-10-31 00:00:00',8,226,'PEN',537,537,'2016-11-11 15:54:15',40,NULL,NULL,'Factura',0,0,NULL,7,'2016-11-11 15:54:15'),(241,'004-19659','2016-10-31 00:00:00',20,217,'PEN',178.3728813559322,210.48,'2016-11-11 15:55:52',40,NULL,NULL,'Factura',0.18,32.10711864406778,NULL,5,'2016-11-11 15:55:52'),(242,'0001-6228','2016-11-02 00:00:00',24,227,'USD',2060.0000000000005,2430.8,'2016-11-11 16:11:35',40,NULL,NULL,'Factura',0.18,370.7999999999997,NULL,5,'2016-11-11 16:11:35'),(243,'001-370','2016-11-02 00:00:00',4,228,'USD',2543.661016949153,3001.52,'2016-11-11 16:14:32',40,NULL,NULL,'Factura',0.18,457.8589830508472,NULL,5,'2016-11-11 16:14:32'),(244,'0003-2700','2016-10-28 00:00:00',101,229,'PEN',68.64406779661017,81,'2016-11-11 16:18:43',40,NULL,NULL,'Factura',0.18,12.355932203389827,NULL,5,'2016-11-11 16:18:43'),(245,'002-13617','2016-10-25 00:00:00',102,230,'PEN',14.40677966101695,17,'2016-11-11 16:23:15',40,NULL,NULL,'Factura',0.18,2.59322033898305,40,5,'2016-11-11 16:23:15'),(246,'220-23042','2016-10-25 00:00:00',45,231,'PEN',80,80,'2016-11-11 16:26:46',40,NULL,NULL,'Factura',0,0,40,7,'2016-11-11 16:26:46'),(247,'003-65632','2016-10-24 00:00:00',103,232,'PEN',85,85,'2016-11-11 16:33:47',40,NULL,NULL,'Factura',0,0,40,7,'2016-11-11 16:33:47'),(248,'22-1197','2016-11-01 00:00:00',46,233,'PEN',129.9915254237288,153.39,'2016-11-11 16:36:36',40,NULL,NULL,'Factura',0.18,23.398474576271184,NULL,5,'2016-11-11 16:36:36'),(249,'008-3212','2016-11-11 00:00:00',43,234,'PEN',7200,8496,'2016-11-11 17:00:44',40,NULL,NULL,'Factura',0.18,1296,NULL,5,'2016-11-11 17:00:44'),(250,'0001-982','2016-11-07 00:00:00',39,236,'USD',83,97.94,'2016-11-15 09:55:45',40,NULL,NULL,'Factura',0.18,14.939999999999998,NULL,5,'2016-11-15 09:55:45'),(251,'121-2487','2016-10-09 00:00:00',45,237,'PEN',20,20,'2016-11-15 09:58:49',40,NULL,NULL,'Factura',0,0,19,7,'2016-11-15 09:58:49'),(252,'031-58','2016-10-27 00:00:00',104,239,'PEN',163.55932203389833,193,'2016-11-15 10:12:21',40,NULL,NULL,'Factura',0.18,29.440677966101674,NULL,5,'2016-11-15 10:12:21'),(253,'001-47','2016-11-04 00:00:00',25,240,'PEN',3626.949152542373,4279.8,'2016-11-15 10:20:46',40,NULL,NULL,'Factura',0.18,652.850847457627,NULL,5,'2016-11-15 10:20:46'),(254,'001-46','2016-10-20 00:00:00',25,241,'PEN',3111.1186440677966,3671.12,'2016-11-15 10:24:25',40,NULL,NULL,'Factura',0.18,560.0013559322033,NULL,5,'2016-11-15 10:24:25'),(255,'001-43','2016-08-24 00:00:00',25,242,'PEN',211.86440677966104,250,'2016-11-15 14:11:59',40,NULL,NULL,'Factura',0.18,38.13559322033896,NULL,5,'2016-11-15 14:11:59'),(256,'220-16589','2016-10-27 00:00:00',30,243,'PEN',264.03389830508473,311.56,'2016-11-15 14:23:58',40,NULL,NULL,'Factura',0.18,47.52610169491527,NULL,5,'2016-11-15 14:23:58'),(257,'220-16588','2016-10-27 00:00:00',30,244,'PEN',362.40677966101697,427.64,'2016-11-15 14:29:18',40,NULL,NULL,'Factura',0.18,65.23322033898302,NULL,5,'2016-11-15 14:29:18'),(258,'220-16587','2016-10-27 00:00:00',30,245,'PEN',642.3728813559322,758,'2016-11-15 14:38:33',40,NULL,NULL,'Factura',0.18,115.62711864406776,NULL,5,'2016-11-15 14:38:33'),(260,'002-6291','2016-11-08 00:00:00',96,246,'PEN',360.00000000000006,424.8,'2016-11-15 14:55:37',40,NULL,NULL,'Factura',0.18,64.79999999999995,NULL,5,'2016-11-15 14:55:37'),(261,'0001-3400','2016-11-08 00:00:00',105,247,'PEN',135.59322033898306,160,'2016-11-15 15:05:35',40,NULL,NULL,'Factura',0.18,24.40677966101694,NULL,5,'2016-11-15 15:05:35'),(262,'0001-820','2016-11-08 00:00:00',8,250,'PEN',900,900,'2016-11-24 15:41:03',40,NULL,NULL,'Factura',0,0,NULL,7,'2016-11-24 15:41:03'),(263,'0002-5656','2016-11-10 00:00:00',36,249,'PEN',144.83050847457628,170.9,'2016-11-24 15:43:29',40,NULL,NULL,'Factura',0.18,26.06949152542373,NULL,5,'2016-11-24 15:43:29'),(264,'025-24339','2016-11-10 00:00:00',6,248,'PEN',27.118644067796613,32,'2016-11-24 15:45:10',40,NULL,NULL,'Factura',0.18,4.8813559322033875,NULL,5,'2016-11-24 15:45:10'),(265,'410-0537307','2016-11-10 00:00:00',35,251,'PEN',1957.5,2309.85,'2016-11-24 16:18:20',40,NULL,NULL,'Factura',0.18,352.3499999999999,NULL,5,'2016-11-24 16:18:20'),(266,'014-625492','2016-11-10 00:00:00',23,252,'PEN',1895.271186440678,2236.42,'2016-11-24 16:21:49',40,NULL,NULL,'Factura',0.18,341.148813559322,NULL,5,'2016-11-24 16:21:49'),(267,'001-1880','2016-11-15 00:00:00',33,253,'USD',234.44915254237287,276.65,'2016-11-24 16:24:46',40,NULL,NULL,'Factura',0.18,42.200847457627106,NULL,5,'2016-11-24 16:24:46'),(268,'050-504','2016-11-11 00:00:00',98,235,'PEN',1367.677966101695,1613.86,'2016-11-24 16:29:31',40,NULL,NULL,'Factura',0.18,246.182033898305,NULL,5,'2016-11-24 16:29:31'),(269,'050-484','2016-11-08 00:00:00',98,225,'PEN',599.1610169491526,707.01,'2016-11-24 16:31:11',40,NULL,NULL,'Factura',0.18,107.84898305084744,NULL,5,'2016-11-24 16:31:11'),(270,'001-6077','2016-11-01 00:00:00',106,254,'PEN',25.423728813559322,30,'2016-11-24 16:33:35',40,NULL,NULL,'Factura',0.18,4.576271186440678,29,5,'2016-11-24 16:33:35'),(271,'001-25','2016-11-06 00:00:00',107,255,'PEN',82.6271186440678,97.5,'2016-11-24 16:38:35',40,NULL,NULL,'Factura',0.18,14.872881355932194,29,5,'2016-11-24 16:38:35'),(272,'140-226','2016-10-30 00:00:00',45,256,'PEN',8.474576271186441,10,'2016-11-24 16:41:46',40,NULL,NULL,'Factura',0.18,1.5254237288135588,19,5,'2016-11-24 16:41:46'),(273,'0003-441','2016-11-01 00:00:00',80,257,'PEN',27.118644067796613,32,'2016-11-24 16:44:23',40,NULL,NULL,'Factura',0.18,4.8813559322033875,29,5,'2016-11-24 16:44:23'),(274,'0001-30710','2016-11-03 00:00:00',90,258,'PEN',23.728813559322035,28,'2016-11-24 16:56:52',40,NULL,NULL,'Factura',0.18,4.271186440677965,40,5,'2016-11-24 16:56:52'),(275,'0001-8493','2016-11-07 00:00:00',108,260,'PEN',36.440677966101696,43,'2016-11-25 13:21:28',40,NULL,NULL,'Factura',0.18,6.5593220338983045,29,5,'2016-11-25 13:21:28'),(276,'002-4654','2016-11-08 00:00:00',109,262,'PEN',46.610169491525426,55,'2016-11-25 13:30:56',40,NULL,NULL,'Factura',0.18,8.389830508474574,29,5,'2016-11-25 13:30:56'),(277,'0001-30736','2016-11-09 00:00:00',90,263,'PEN',18.64406779661017,22,'2016-11-25 13:51:31',40,NULL,NULL,'Factura',0.18,3.3559322033898304,16,5,'2016-11-25 13:51:31'),(278,'0001-4658','2016-11-07 00:00:00',110,264,'PEN',24.74576271186441,29.2,'2016-11-25 14:02:20',40,NULL,NULL,'Factura',0.18,4.454237288135591,16,5,'2016-11-25 14:02:20'),(279,'0001-4671','2016-11-08 00:00:00',110,265,'PEN',13.05084745762712,15.4,'2016-11-25 14:16:24',40,NULL,NULL,'Factura',0.18,2.349152542372881,16,5,'2016-11-25 14:16:24'),(280,'0001-19931','2016-11-04 00:00:00',111,266,'PEN',16.949152542372882,20,'2016-11-25 14:21:33',40,NULL,NULL,'Factura',0.18,3.0508474576271176,16,5,'2016-11-25 14:21:33'),(281,'100-61976','2016-11-01 00:00:00',45,267,'PEN',33.898305084745765,40,'2016-11-25 14:23:51',40,NULL,NULL,'Factura',0.18,6.101694915254235,16,5,'2016-11-25 14:23:51'),(282,'0001-81','2016-11-01 00:00:00',82,268,'PEN',25.423728813559322,30,'2016-11-25 14:50:23',40,NULL,NULL,'Factura',0.18,4.576271186440678,16,5,'2016-11-25 14:50:23'),(283,'0003-9515','2016-11-09 00:00:00',112,270,'PEN',194.0677966101695,229,'2016-11-30 09:58:07',40,NULL,NULL,'Factura',0.18,34.932203389830505,NULL,5,'2016-11-30 09:58:07'),(284,'001-29032','2016-11-29 00:00:00',115,279,'PEN',100,118,'2016-12-13 10:43:54',40,NULL,NULL,'Factura',0.18,18,NULL,5,'2016-12-13 00:00:00'),(285,'220-24177','2016-11-25 00:00:00',45,280,'PEN',70,70,'2016-12-13 11:02:40',40,'2016-12-13 15:00:44',40,'BoletosViaje',0,0,16,7,'2016-12-13 00:00:00'),(286,'016-11878','2016-11-24 00:00:00',63,283,'PEN',6.610169491525424,7.8,'2016-12-13 14:38:37',40,'2016-12-13 14:59:16',40,'Ticket',0.18,1.189830508474576,16,5,'2016-12-13 00:00:00'),(287,'013-2023275','2016-11-24 00:00:00',63,284,'PEN',6.610169491525424,7.8,'2016-12-13 14:42:23',40,'2016-12-13 14:59:02',40,'Ticket',0.18,1.189830508474576,16,5,'2016-12-13 00:00:00'),(288,'655-8920','2016-11-22 00:00:00',88,285,'PEN',46.66949152542373,55.07,'2016-12-13 14:51:36',40,'2016-12-13 14:58:36',40,'Ticket',0.18,8.40050847457627,16,5,'2016-12-13 00:00:00'),(289,'103-51915','2016-11-24 00:00:00',117,286,'PEN',8.05084745762712,9.5,'2016-12-13 14:57:39',40,NULL,NULL,'Ticket',0.18,1.4491525423728806,16,5,'2016-12-13 00:00:00'),(290,'120-34507','2016-11-21 00:00:00',45,281,'PEN',110,110,'2016-12-13 15:01:39',40,NULL,NULL,'BoletosViaje',0,0,16,7,'2016-12-13 00:00:00'),(291,'000-166752','2016-11-29 00:00:00',37,287,'PEN',172.03389830508476,203,'2016-12-13 15:14:59',40,NULL,NULL,'Ticket',0.18,30.96610169491524,NULL,5,'2016-12-13 00:00:00'),(292,'515-26305','2016-11-16 00:00:00',56,288,'PEN',132.22033898305085,156.02,'2016-12-13 15:17:47',40,NULL,NULL,'Ticket',0.18,23.79966101694916,NULL,5,'2016-12-13 00:00:00'),(293,'011-56344','2016-12-01 00:00:00',6,289,'PEN',27.118644067796613,32,'2016-12-13 15:19:57',40,NULL,NULL,'Factura',0.18,4.8813559322033875,NULL,5,'2016-12-13 00:00:00'),(294,'0001-8527','2016-11-22 00:00:00',108,290,'PEN',54.66101694915255,64.5,'2016-12-13 15:22:24',40,NULL,NULL,'Factura',0.18,9.838983050847453,16,5,'2016-12-13 00:00:00'),(295,'001-4595','2016-11-22 00:00:00',81,291,'PEN',57.6271186440678,68,'2016-12-13 15:25:16',40,NULL,NULL,'Factura',0.18,10.3728813559322,16,5,'2016-12-13 00:00:00'),(296,'002-14081','2016-11-23 00:00:00',102,292,'PEN',27.966101694915256,33,'2016-12-13 15:27:47',40,NULL,NULL,'Factura',0.18,5.033898305084744,16,5,'2016-12-13 00:00:00'),(297,'001-379','2016-12-01 00:00:00',4,293,'USD',2543.661016949153,3001.52,'2016-12-13 15:30:57',40,NULL,NULL,'Factura',0.18,457.8589830508472,NULL,5,'2016-12-13 00:00:00'),(298,'0001-837','2016-11-30 00:00:00',8,294,'PEN',72,72,'2016-12-13 15:33:18',40,NULL,NULL,'Factura',0,0,NULL,7,'2016-12-13 00:00:00'),(299,'001-134712265','2016-11-15 00:00:00',30,307,'PEN',2648.5338983050847,3125.27,'2016-12-27 15:09:04',40,NULL,NULL,'ServiciosPublicos',0.18,476.7361016949153,NULL,5,'2016-12-27 00:00:00'),(300,'014-624989','2016-11-09 00:00:00',23,308,'PEN',240,283.2,'2016-12-27 15:12:42',40,NULL,NULL,'FinanzasySeguros',0.18,43.19999999999999,NULL,5,'2016-12-27 00:00:00'),(301,'014-625015','2016-11-09 00:00:00',23,309,'PEN',276.64406779661016,326.44,'2016-12-27 15:17:04',40,NULL,NULL,'FinanzasySeguros',0.18,49.79593220338984,NULL,5,'2016-12-27 00:00:00'),(302,'001-17180','2016-12-01 00:00:00',70,310,'USD',1016.949152542373,1200,'2016-12-27 15:18:46',40,NULL,NULL,'Factura',0.18,183.05084745762701,NULL,5,'2016-12-27 00:00:00'),(303,'002-1092','2016-12-01 00:00:00',113,311,'USD',254.23728813559325,300,'2016-12-27 15:23:33',40,NULL,NULL,'Factura',0.18,45.762711864406754,NULL,5,'2016-12-27 00:00:00'),(304,'410-0543380','2016-12-10 00:00:00',35,312,'PEN',1957.5,2309.85,'2016-12-27 15:26:14',40,NULL,NULL,'ServiciosPublicos',0.18,352.3499999999999,NULL,5,'2016-12-27 00:00:00'),(305,'001-997','2016-12-12 00:00:00',39,313,'USD',83,97.94,'2016-12-27 15:28:44',40,NULL,NULL,'Factura',0.18,14.939999999999998,NULL,5,'2016-12-27 00:00:00'),(306,'025-24749','2016-12-12 00:00:00',6,314,'PEN',27.118644067796613,32,'2016-12-27 16:45:00',40,NULL,NULL,'Factura',0.18,4.8813559322033875,NULL,5,'2016-12-27 00:00:00'),(307,'001-29046','2016-12-05 00:00:00',115,315,'USD',180.00000000000003,212.4,'2016-12-27 16:47:02',40,NULL,NULL,'Factura',0.18,32.39999999999998,NULL,5,'2016-12-27 00:00:00'),(308,'004-31379','2016-12-09 00:00:00',20,316,'PEN',209.35593220338984,247.04,'2016-12-27 16:50:01',40,NULL,NULL,'Factura',0.18,37.68406779661015,NULL,5,'2016-12-27 00:00:00'),(309,'001-27596','2016-12-13 00:00:00',79,317,'PEN',63.55932203389831,75,'2016-12-27 16:51:36',40,NULL,NULL,'Factura',0.18,11.440677966101688,NULL,5,'2016-12-27 00:00:00'),(310,'930-1886','2016-12-06 00:00:00',56,318,'PEN',110.09322033898306,129.91,'2016-12-27 16:53:58',40,NULL,NULL,'Ticket',0.18,19.816779661016938,NULL,5,'2016-12-27 00:00:00'),(311,'058-865221','2016-12-06 00:00:00',63,319,'PEN',6.3559322033898304,7.5,'2016-12-27 16:56:09',40,NULL,NULL,'Ticket',0.18,1.1440677966101696,NULL,5,'2016-12-27 00:00:00'),(312,'047-146331','2016-12-06 00:00:00',63,320,'PEN',6.52542372881356,7.7,'2016-12-27 16:58:56',40,NULL,NULL,'Ticket',0.18,1.1745762711864405,NULL,5,'2016-12-27 00:00:00'),(313,'132-383221','2016-12-06 00:00:00',61,321,'PEN',6.271186440677967,7.4,'2016-12-27 17:01:39',40,NULL,NULL,'Ticket',0.18,1.1288135593220332,NULL,5,'2016-12-27 00:00:00'),(314,'027-66171','2016-12-06 00:00:00',63,322,'PEN',6.694915254237289,7.9,'2016-12-27 17:03:13',40,NULL,NULL,'Ticket',0.18,1.2050847457627114,NULL,5,'2016-12-27 00:00:00'),(315,'332-200076','2016-12-06 00:00:00',61,323,'PEN',6.271186440677967,7.4,'2016-12-27 17:04:47',40,NULL,NULL,'Ticket',0.18,1.1288135593220332,NULL,5,'2016-12-27 00:00:00'),(316,'02-8860','2016-11-22 00:00:00',91,324,'PEN',25.423728813559322,30,'2016-12-27 17:09:27',40,NULL,NULL,'Ticket',0.18,4.576271186440678,NULL,5,'2016-12-27 00:00:00'),(317,'0001-12173','2016-12-01 00:00:00',125,325,'PEN',61.440677966101696,72.5,'2016-12-27 17:13:48',40,NULL,NULL,'Factura',0.18,11.059322033898304,16,5,'2016-12-27 00:00:00'),(318,'001-4796','2016-12-05 00:00:00',81,326,'PEN',30.508474576271187,36,'2016-12-27 17:15:48',40,NULL,NULL,'Factura',0.18,5.491525423728813,16,5,'2016-12-27 00:00:00'),(319,'001-4766','2016-12-03 00:00:00',81,327,'PEN',20.33898305084746,24,'2016-12-27 17:17:20',40,NULL,NULL,'Factura',0.18,3.6610169491525397,16,5,'2016-12-27 00:00:00'),(320,'0002-2403','2016-12-02 00:00:00',84,328,'PEN',27.118644067796613,32,'2016-12-27 17:19:24',40,NULL,NULL,'Factura',0.18,4.8813559322033875,16,5,'2016-12-27 00:00:00'),(321,'001-4753','2016-12-01 00:00:00',81,329,'PEN',27.966101694915256,33,'2016-12-27 17:21:00',40,NULL,NULL,'Factura',0.18,5.033898305084744,16,5,'2016-12-27 00:00:00'),(322,'510-3620','2016-11-29 00:00:00',126,330,'PEN',10.508474576271187,12.4,'2016-12-27 17:28:22',40,NULL,NULL,'Ticket',0.18,1.8915254237288135,16,5,'2016-12-27 00:00:00'),(323,'655-5016399','2016-11-24 00:00:00',88,331,'PEN',14.271186440677967,16.84,'2016-12-27 17:31:00',40,NULL,NULL,'Ticket',0.18,2.5688135593220327,16,5,'2016-12-27 00:00:00'),(324,'031-550605','2016-11-26 00:00:00',42,332,'PEN',7.627118644067797,9,'2016-12-27 17:33:38',40,NULL,NULL,'Ticket',0.18,1.3728813559322033,16,5,'2016-12-27 00:00:00'),(325,'655-5016546','2016-11-30 00:00:00',88,333,'PEN',21.40677966101695,25.26,'2016-12-27 17:35:51',40,NULL,NULL,'Ticket',0.18,3.85322033898305,16,5,'2016-12-27 00:00:00'),(326,'0001-279','2016-11-30 00:00:00',127,334,'PEN',24.152542372881356,28.5,'2016-12-27 17:39:36',40,NULL,NULL,'Ticket',0.18,4.347457627118644,16,5,'2016-12-27 00:00:00'),(327,'930-1768','2016-11-26 00:00:00',56,335,'PEN',108.55932203389831,128.1,'2016-12-27 17:41:26',40,NULL,NULL,'Ticket',0.18,19.540677966101683,16,5,'2016-12-27 00:00:00'),(328,'930-1792','2016-11-29 00:00:00',56,336,'PEN',121.46610169491527,143.33,'2016-12-27 17:43:06',40,NULL,NULL,'Ticket',0.18,21.863898305084746,16,5,'2016-12-27 00:00:00'),(329,'011-558256','2016-11-29 00:00:00',63,337,'PEN',6.610169491525424,7.8,'2016-12-27 17:46:01',40,NULL,NULL,'Ticket',0.18,1.189830508474576,16,5,'2016-12-27 00:00:00'),(330,'017-59777','2016-11-29 00:00:00',63,339,'PEN',6.610169491525424,7.8,'2016-12-27 18:03:54',40,NULL,NULL,'Ticket',0.18,1.189830508474576,16,5,'2016-12-27 00:00:00'),(331,'336-274239','2016-11-26 00:00:00',61,341,'PEN',6.271186440677967,7.4,'2016-12-27 18:10:45',40,NULL,NULL,'Ticket',0.18,1.1288135593220332,16,5,'2016-12-27 00:00:00'),(332,'135-484406','2016-11-26 00:00:00',61,342,'PEN',6.271186440677967,7.4,'2016-12-27 18:14:13',40,NULL,NULL,'Ticket',0.18,1.1288135593220332,16,5,'2016-12-27 00:00:00'),(333,'052-565160','2016-11-26 00:00:00',63,343,'PEN',6.3559322033898304,7.5,'2016-12-27 18:17:15',40,NULL,NULL,'Ticket',0.18,1.1440677966101696,16,5,'2016-12-27 00:00:00'),(334,'103-55692','2016-11-29 00:00:00',117,345,'PEN',8.05084745762712,9.5,'2016-12-27 18:21:20',40,NULL,NULL,'Ticket',0.18,1.4491525423728806,16,5,'2016-12-27 00:00:00'),(335,'102-306146','2016-11-27 00:00:00',117,346,'PEN',8.05084745762712,9.5,'2016-12-28 09:37:30',40,NULL,NULL,'Ticket',0.18,1.4491525423728806,16,5,'2016-12-28 00:00:00'),(336,'002-14080','2016-11-23 00:00:00',102,347,'PEN',27.118644067796613,32,'2016-12-28 09:40:35',40,NULL,NULL,'Factura',0.18,4.8813559322033875,16,5,'2016-12-28 00:00:00'),(337,'001-4603','2016-11-23 00:00:00',81,348,'PEN',33.898305084745765,40,'2016-12-28 09:42:43',40,NULL,NULL,'Factura',0.18,6.101694915254235,16,5,'2016-12-28 00:00:00'),(338,'0002-16035','2016-11-28 00:00:00',128,349,'PEN',11.440677966101696,13.5,'2016-12-28 09:47:20',40,NULL,NULL,'Factura',0.18,2.0593220338983045,16,5,'2016-12-28 00:00:00'),(339,'0001-3197','2016-11-29 00:00:00',129,350,'PEN',21.186440677966104,25,'2016-12-28 09:50:08',40,NULL,NULL,'Factura',0.18,3.813559322033896,16,5,'2016-12-28 00:00:00'),(340,'0001-1333','2016-11-27 00:00:00',130,351,'PEN',67.79661016949153,80,'2016-12-28 09:53:25',40,NULL,NULL,'Factura',0.18,12.20338983050847,16,5,'2016-12-28 00:00:00'),(341,'0001-97','2016-11-28 00:00:00',82,352,'PEN',25.423728813559322,30,'2016-12-28 09:54:49',40,NULL,NULL,'Factura',0.18,4.576271186440678,16,5,'2016-12-28 00:00:00'),(342,'220-23850','2016-11-14 00:00:00',45,353,'PEN',110,110,'2016-12-28 09:56:57',40,NULL,NULL,'BoletosViaje',0,0,16,7,'2016-12-28 00:00:00'),(343,'165-4803','2016-12-15 00:00:00',131,354,'PEN',25.254237288135595,29.8,'2016-12-28 10:01:42',40,NULL,NULL,'Ticket',0.18,4.5457627118644055,NULL,5,'2016-12-28 00:00:00'),(344,'23-1921','2016-12-01 00:00:00',46,355,'PEN',134.74576271186442,159,'2016-12-28 10:03:45',40,NULL,NULL,'Factura',0.18,24.254237288135585,NULL,5,'2016-12-28 00:00:00'),(346,'007-1907','2016-12-12 00:00:00',124,304,'USD',10500,12390,'2016-12-28 10:11:26',40,NULL,NULL,'Factura',0.18,1890,NULL,5,'2016-12-28 00:00:00'),(347,'001-50','2016-12-12 00:00:00',25,357,'PEN',529.6525423728814,624.99,'2016-12-28 10:11:58',40,NULL,NULL,'Factura',0.18,95.33745762711862,NULL,5,'2016-12-28 00:00:00'),(348,'001-49','2016-12-12 00:00:00',25,358,'PEN',3473.5932203389834,4098.84,'2016-12-28 10:13:51',40,NULL,NULL,'Factura',0.18,625.2467796610167,16,5,'2016-12-28 00:00:00'),(349,'001-147537','2016-11-29 00:00:00',12,359,'PEN',177.96610169491527,210,'2016-12-28 10:16:43',40,NULL,NULL,'Factura',0.18,32.03389830508473,NULL,5,'2016-12-28 00:00:00'),(350,'0001-6359','2016-12-12 00:00:00',24,360,'USD',1200,1416,'2016-12-28 10:18:24',40,NULL,NULL,'Factura',0.18,216,NULL,5,'2016-12-28 00:00:00'),(351,'019-1690','2016-12-13 00:00:00',116,282,'PEN',614.406779661017,725,'2016-12-28 13:12:32',40,NULL,NULL,'Factura',0.18,110.59322033898297,NULL,5,'2016-12-28 00:00:00'),(352,'001-45756','2016-12-13 00:00:00',10,361,'PEN',100.67796610169492,118.8,'2016-12-28 13:15:41',40,NULL,NULL,'Factura',0.18,18.122033898305077,NULL,5,'2016-12-28 00:00:00'),(353,'001-45724','2016-12-13 00:00:00',10,362,'PEN',131.90677966101697,155.65,'2016-12-28 13:17:20',40,NULL,NULL,'Factura',0.18,23.743220338983036,NULL,5,'2016-12-28 00:00:00'),(354,'001-45507','2016-12-05 00:00:00',10,363,'PEN',1000.3220338983052,1180.38,'2016-12-28 13:19:01',40,NULL,NULL,'Factura',0.18,180.0579661016949,NULL,5,'2016-12-28 00:00:00'),(355,'531-1053','2016-11-25 00:00:00',132,365,'PEN',171.6949152542373,202.6,'2016-12-28 13:24:33',40,NULL,NULL,'Ticket',0.18,30.905084745762707,16,5,'2016-12-28 00:00:00'),(356,'057-561110','2016-11-25 00:00:00',63,366,'PEN',6.3559322033898304,7.5,'2016-12-28 13:26:51',40,NULL,NULL,'Ticket',0.18,1.1440677966101696,16,5,'2016-12-28 00:00:00'),(357,'803-222795','2016-11-25 00:00:00',133,367,'PEN',3.8135593220338984,4.5,'2016-12-28 13:30:11',40,NULL,NULL,'Ticket',0.18,0.6864406779661016,16,5,'2016-12-28 00:00:00'),(358,'047-138960','2016-11-25 00:00:00',63,368,'PEN',6.52542372881356,7.7,'2016-12-28 13:32:29',40,NULL,NULL,'Ticket',0.18,1.1745762711864405,16,5,'2016-12-28 00:00:00'),(359,'132-374724','2016-11-25 00:00:00',61,369,'PEN',6.271186440677967,7.4,'2016-12-28 13:34:33',40,NULL,NULL,'Ticket',0.18,1.1288135593220332,16,5,'2016-12-28 00:00:00'),(360,'331-256538','2016-11-25 00:00:00',61,370,'PEN',6.271186440677967,7.4,'2016-12-28 13:36:35',40,NULL,NULL,'Ticket',0.18,1.1288135593220332,16,5,'2016-12-28 00:00:00'),(361,'144-4082','2016-11-17 00:00:00',134,372,'PEN',50.66949152542373,59.79,'2016-12-28 13:42:24',40,NULL,NULL,'Ticket',0.18,9.120508474576269,16,5,'2016-12-28 00:00:00'),(362,'361-10290','2016-11-18 00:00:00',28,373,'PEN',33.55932203389831,39.6,'2016-12-28 13:50:02',40,NULL,NULL,'Ticket',0.18,6.04067796610169,16,5,'2016-12-28 00:00:00'),(363,'930-1666','2016-11-20 00:00:00',56,374,'PEN',162.11864406779662,191.3,'2016-12-28 13:52:17',40,NULL,NULL,'Ticket',0.18,29.181355932203388,16,5,'2016-12-28 00:00:00'),(364,'0001-12093','2016-11-24 00:00:00',125,375,'PEN',95.76271186440678,113,'2016-12-28 13:55:08',40,NULL,NULL,'Factura',0.18,17.237288135593218,16,5,'2016-12-28 00:00:00'),(365,'002-14079','2016-11-23 00:00:00',102,376,'PEN',27.966101694915256,33,'2016-12-28 13:56:36',40,NULL,NULL,'Factura',0.18,5.033898305084744,16,5,'2016-12-28 00:00:00'),(366,'0001-20012','2016-11-19 00:00:00',111,377,'PEN',12.711864406779661,15,'2016-12-28 13:58:31',40,NULL,NULL,'Factura',0.18,2.288135593220339,16,5,'2016-12-28 00:00:00'),(367,'0001-132805','2016-11-18 00:00:00',135,378,'PEN',26.69491525423729,31.5,'2016-12-28 14:01:58',40,NULL,NULL,'Factura',0.18,4.805084745762709,16,5,'2016-12-28 00:00:00'),(368,'052-559808','2016-11-18 00:00:00',63,379,'PEN',6.3559322033898304,7.5,'2016-12-28 14:04:46',40,NULL,NULL,'Ticket',0.18,1.1440677966101696,16,5,'2016-12-28 00:00:00'),(369,'023-980941','2016-11-18 00:00:00',63,380,'PEN',6.694915254237289,7.9,'2016-12-28 14:09:16',40,NULL,NULL,'Ticket',0.18,1.2050847457627114,16,5,'2016-12-28 00:00:00'),(370,'043-436962','2016-11-18 00:00:00',63,381,'PEN',6.52542372881356,7.7,'2016-12-28 14:27:19',40,NULL,NULL,'Ticket',0.18,1.1745762711864405,16,5,'2016-12-28 00:00:00'),(371,'135-475464','2016-11-18 00:00:00',61,382,'PEN',6.271186440677967,7.4,'2016-12-28 14:29:25',40,NULL,NULL,'Ticket',0.18,1.1288135593220332,16,5,'2016-12-28 00:00:00'),(372,'335-176841','2016-11-18 00:00:00',61,383,'PEN',6.271186440677967,7.4,'2016-12-28 14:31:20',40,NULL,NULL,'Ticket',0.18,1.1288135593220332,16,5,'2016-12-28 00:00:00'),(373,'52-3238','2016-11-14 00:00:00',136,384,'PEN',15.169491525423728,17.9,'2016-12-28 14:35:07',40,NULL,NULL,'Ticket',0.18,2.73050847457627,16,5,'2016-12-28 00:00:00'),(374,'220-23779','2016-11-12 00:00:00',45,385,'PEN',70,70,'2016-12-28 14:37:43',40,NULL,NULL,'BoletosViaje',0,0,16,7,'2016-12-28 00:00:00'),(375,'002-1706','2016-12-19 00:00:00',137,386,'PEN',67.79661016949153,80,'2016-12-28 14:45:34',40,NULL,NULL,'Factura',0.18,12.20338983050847,NULL,5,'2016-12-28 00:00:00'),(376,'001-588','2016-12-17 00:00:00',119,387,'PEN',400,472,'2016-12-28 14:49:35',40,NULL,NULL,'Factura',0.18,72,NULL,5,'2016-12-28 00:00:00'),(377,'0001-50545','2016-12-06 00:00:00',114,277,'USD',250,295,'2016-12-28 14:51:02',40,NULL,NULL,'Factura',0.18,45,NULL,5,'2016-12-28 00:00:00'),(378,'001-9078','2016-12-16 00:00:00',138,388,'PEN',130,153.4,'2016-12-28 14:53:52',40,NULL,NULL,'Factura',0.18,23.400000000000006,16,5,'2016-12-28 00:00:00'),(379,'012-45205','2016-12-21 00:00:00',6,390,'PEN',27.118644067796613,32,'2016-12-28 14:55:23',40,NULL,NULL,'Factura',0.18,4.8813559322033875,NULL,5,'2016-12-28 00:00:00'),(380,'930-1965','2016-12-14 00:00:00',56,391,'PEN',158.5169491525424,187.05,'2016-12-28 14:57:15',40,NULL,NULL,'Factura',0.18,28.533050847457616,16,5,'2016-12-28 00:00:00'),(381,'335-185189','2016-12-13 00:00:00',61,392,'PEN',6.271186440677967,7.4,'2016-12-28 15:01:00',40,NULL,NULL,'Ticket',0.18,1.1288135593220332,16,5,'2016-12-28 00:00:00'),(382,'058-873226','2016-12-14 00:00:00',63,393,'PEN',6.3559322033898304,7.5,'2016-12-28 15:03:40',40,NULL,NULL,'Ticket',0.18,1.1440677966101696,16,5,'2016-12-28 00:00:00'),(383,'051-905311','2016-12-13 00:00:00',63,394,'PEN',6.3559322033898304,7.5,'2016-12-28 15:05:28',40,NULL,NULL,'Ticket',0.18,1.1440677966101696,16,5,'2016-12-28 00:00:00'),(384,'331-266525','2016-12-14 00:00:00',61,395,'PEN',6.271186440677967,7.4,'2016-12-28 15:07:00',40,NULL,NULL,'Ticket',0.18,1.1288135593220332,16,5,'2016-12-28 00:00:00'),(385,'048-320727','2016-12-14 00:00:00',63,396,'PEN',6.52542372881356,7.7,'2016-12-28 15:08:44',40,NULL,NULL,'Ticket',0.18,1.1745762711864405,16,5,'2016-12-28 00:00:00'),(386,'132-389954','2016-12-14 00:00:00',61,397,'PEN',6.271186440677967,7.4,'2016-12-28 15:10:33',40,NULL,NULL,'Ticket',0.18,1.1288135593220332,16,5,'2016-12-28 00:00:00'),(387,'027-75147','2016-12-14 00:00:00',63,398,'PEN',6.694915254237289,7.9,'2016-12-28 15:13:57',40,NULL,NULL,'Ticket',0.18,1.2050847457627114,16,5,'2016-12-28 00:00:00'),(388,'023-999561','2016-12-13 00:00:00',63,399,'PEN',6.694915254237289,7.9,'2016-12-28 15:16:54',40,NULL,NULL,'Ticket',0.18,1.2050847457627114,16,5,'2016-12-28 00:00:00'),(389,'042-1164782','2016-12-13 00:00:00',63,400,'PEN',6.52542372881356,7.7,'2016-12-28 15:18:42',40,NULL,NULL,'Ticket',0.18,1.1745762711864405,16,5,'2016-12-28 00:00:00'),(390,'135-502715','2016-12-13 00:00:00',61,401,'PEN',6.271186440677967,7.4,'2016-12-28 15:24:48',40,NULL,NULL,'Ticket',0.18,1.1288135593220332,16,5,'2016-12-28 00:00:00'),(391,'02-9568','2016-12-14 00:00:00',91,402,'PEN',29.23728813559322,34.5,'2016-12-28 15:27:35',40,NULL,NULL,'Ticket',0.18,5.2627118644067785,16,5,'2016-12-28 00:00:00'),(392,'001-1959','2016-12-15 00:00:00',33,403,'USD',248.84745762711864,293.64,'2016-12-28 15:29:54',40,NULL,NULL,'Factura',0.18,44.79254237288134,16,5,'2016-12-28 00:00:00'),(393,'002-41108','2016-12-14 00:00:00',16,173,'USD',40.00000000000001,47.2,'2016-12-28 15:31:30',40,NULL,NULL,'Factura',0.18,7.199999999999996,28,5,'2016-12-28 00:00:00'),(394,'001-63123','2016-12-16 00:00:00',139,404,'PEN',69.49152542372882,82,'2016-12-28 15:35:52',40,NULL,NULL,'Ticket',0.18,12.508474576271183,NULL,5,'2016-12-28 00:00:00'),(395,'194-178677','2016-12-05 00:00:00',11,405,'PEN',240.42372881355934,283.7,'2016-12-28 15:40:47',40,NULL,NULL,'ServiciosPublicos',0.18,43.27627118644065,NULL,5,'2016-12-28 00:00:00'),(396,'001-125','2016-12-21 00:00:00',40,406,'USD',1700,2006,'2016-12-28 15:43:00',40,NULL,NULL,'Factura',0.18,306,NULL,5,'2016-12-28 00:00:00'),(397,'001-1629','2016-12-20 00:00:00',54,303,'PEN',320.00000000000006,377.6,'2016-12-28 15:44:12',40,NULL,NULL,'Factura',0.18,57.599999999999966,16,5,'2016-12-28 00:00:00'),(398,'004-35488','2016-12-22 00:00:00',20,302,'PEN',553.7627118644068,653.44,'2016-12-28 15:45:23',40,NULL,NULL,'Factura',0.18,99.67728813559324,NULL,5,'2016-12-28 00:00:00'),(399,'0001-6398','2016-12-21 00:00:00',24,407,'USD',420.00000000000006,495.6,'2016-12-28 15:48:00',40,NULL,NULL,'Factura',0.18,75.59999999999997,NULL,5,'2016-12-28 00:00:00'),(400,'932-387','2016-12-01 00:00:00',56,408,'PEN',84.74576271186442,100,'2016-12-28 15:49:41',40,NULL,NULL,'Ticket',0.18,15.254237288135585,16,5,'2016-12-28 00:00:00'),(401,'129-20943','2016-12-21 00:00:00',32,409,'PEN',133.0677966101695,157.02,'2016-12-28 15:51:35',40,NULL,NULL,'Ticket',0.18,23.952203389830515,16,5,'2016-12-28 00:00:00'),(402,'004-346316','2016-11-26 00:00:00',42,410,'PEN',128.66101694915255,151.82,'2016-12-28 15:53:22',40,NULL,NULL,'Ticket',0.18,23.15898305084744,16,5,'2016-12-28 00:00:00'),(403,'023-987389','2016-11-26 00:00:00',63,411,'PEN',6.694915254237289,7.9,'2016-12-28 15:55:06',40,NULL,NULL,'Ticket',0.18,1.2050847457627114,16,5,'2016-12-28 00:00:00'),(404,'012-1615040','2016-11-26 00:00:00',63,412,'PEN',6.610169491525424,7.8,'2016-12-28 16:01:07',40,NULL,NULL,'Ticket',0.18,1.189830508474576,16,5,'2016-12-28 00:00:00'),(405,'017-57612','2016-11-27 00:00:00',63,413,'PEN',6.610169491525424,7.8,'2016-12-28 16:02:35',40,NULL,NULL,'Ticket',0.18,1.189830508474576,16,5,'2016-12-28 00:00:00'),(406,'001-51','2016-12-20 00:00:00',25,414,'PEN',1805.9067796610168,2130.97,'2016-12-28 16:04:52',40,NULL,NULL,'Factura',0.18,325.063220338983,16,5,'2016-12-28 00:00:00'),(407,'001-52','2016-12-20 00:00:00',25,415,'PEN',1059.2966101694917,1249.97,'2016-12-28 16:07:20',40,NULL,NULL,'Factura',0.18,190.6733898305083,16,5,'2016-12-28 00:00:00'),(408,'003-637','2016-12-23 00:00:00',100,416,'USD',858.0593220338983,1012.51,'2016-12-28 16:09:52',40,NULL,NULL,'Factura',0.18,154.4506779661017,NULL,5,'2016-12-28 00:00:00'),(409,'001-1568214','2016-12-19 00:00:00',140,417,'PEN',224.98305084745766,265.48,'2016-12-28 16:14:35',40,NULL,NULL,'FinanzasySeguros',0.18,40.496949152542356,NULL,5,'2016-12-28 00:00:00'),(410,'001-1568213','2016-12-19 00:00:00',140,418,'PEN',284.9406779661017,336.23,'2016-12-28 16:16:21',40,NULL,NULL,'FinanzasySeguros',0.18,51.289322033898316,NULL,5,'2016-12-28 00:00:00'),(411,'001-1568215','2016-12-19 00:00:00',140,419,'PEN',48.906779661016955,57.71,'2016-12-28 16:18:14',40,NULL,NULL,'FinanzasySeguros',0.18,8.803220338983046,NULL,5,'2016-12-28 00:00:00'),(412,'001-607','2016-12-23 00:00:00',119,420,'PEN',150,177,'2016-12-28 16:20:01',40,NULL,NULL,'Factura',0.18,27,NULL,5,'2016-12-28 00:00:00'),(413,'001-606','2016-12-23 00:00:00',119,421,'PEN',70,82.6,'2016-12-28 16:21:30',40,NULL,NULL,'Factura',0.18,12.599999999999994,NULL,5,'2016-12-28 00:00:00'),(414,'001-605','2016-12-23 00:00:00',119,422,'PEN',170,200.6,'2016-12-28 16:23:15',40,NULL,NULL,'Factura',0.18,30.599999999999994,NULL,5,'2016-12-28 00:00:00'),(415,'0003-9606','2016-12-23 00:00:00',118,423,'USD',160.00000000000003,188.8,'2016-12-28 16:24:49',40,NULL,NULL,'Factura',0.18,28.799999999999983,NULL,5,'2016-12-28 00:00:00'),(416,'0002-14555','2016-12-22 00:00:00',52,424,'PEN',24.576271186440678,29,'2016-12-28 16:26:28',40,NULL,NULL,'Factura',0.18,4.423728813559322,16,5,'2016-12-28 00:00:00'),(417,'0001-4895','2016-12-03 00:00:00',110,425,'PEN',10.16949152542373,12,'2016-12-28 16:28:29',40,NULL,NULL,'Factura',0.18,1.8305084745762699,16,5,'2016-12-28 00:00:00'),(418,'0001-20109','2016-12-03 00:00:00',111,426,'PEN',21.186440677966104,25,'2016-12-28 16:30:31',40,NULL,NULL,'Factura',0.18,3.813559322033896,16,5,'2016-12-28 00:00:00'),(419,'200-13002','2016-11-28 00:00:00',45,427,'PEN',5.932203389830509,7,'2016-12-28 16:32:00',40,NULL,NULL,'Factura',0.18,1.0677966101694913,16,5,'2016-12-28 00:00:00'),(420,'0001-12172','2016-12-01 00:00:00',125,428,'PEN',61.440677966101696,72.5,'2016-12-28 16:33:27',40,NULL,NULL,'Factura',0.18,11.059322033898304,16,5,'2016-12-28 00:00:00'),(421,'0002-2404','2016-12-02 00:00:00',84,429,'PEN',17.372881355932204,20.5,'2016-12-28 16:35:36',40,NULL,NULL,'Factura',0.18,3.127118644067796,16,5,'2016-12-28 00:00:00'),(422,'003-5366','2016-12-01 00:00:00',141,430,'PEN',24.576271186440678,29,'2016-12-28 16:39:29',40,NULL,NULL,'Factura',0.18,4.423728813559322,16,5,'2016-12-28 00:00:00'),(423,'100-62123','2016-12-02 00:00:00',45,431,'PEN',16.949152542372882,20,'2016-12-28 16:41:40',40,NULL,NULL,'Factura',0.18,3.0508474576271176,16,5,'2016-12-28 00:00:00'),(424,'0002-16034','2016-11-28 00:00:00',128,432,'PEN',11.016949152542374,13,'2016-12-28 16:44:26',40,NULL,NULL,'Factura',0.18,1.9830508474576263,16,5,'2016-12-28 00:00:00'),(425,'0001-3198','2016-11-29 00:00:00',129,433,'PEN',21.186440677966104,25,'2016-12-28 16:54:22',40,NULL,NULL,'Factura',0.18,3.813559322033896,16,5,'2016-12-28 00:00:00'),(426,'0001-7101','2016-11-28 00:00:00',142,434,'PEN',20.33898305084746,24,'2016-12-28 16:57:16',40,NULL,NULL,'Factura',0.18,3.6610169491525397,16,5,'2016-12-28 00:00:00'),(427,'0001-133016','2016-11-26 00:00:00',135,435,'PEN',25,29.5,'2016-12-28 16:58:45',40,NULL,NULL,'Factura',0.18,4.5,16,5,'2016-12-28 00:00:00'),(428,'0001-1334','2016-11-27 00:00:00',130,436,'PEN',67.79661016949153,80,'2016-12-28 17:01:17',40,NULL,NULL,'Factura',0.18,12.20338983050847,16,5,'2016-12-28 00:00:00'),(429,'003-134588','2016-12-23 00:00:00',143,437,'PEN',4.237288135593221,5,'2016-12-28 17:04:22',40,NULL,NULL,'Factura',0.18,0.7627118644067794,16,5,'2016-12-28 00:00:00'),(430,'0001-2197','2016-12-20 00:00:00',57,438,'PEN',296.6101694915254,350,'2016-12-28 17:06:00',40,NULL,NULL,'Factura',0.18,53.389830508474574,16,5,'2016-12-28 00:00:00'),(431,'001-27291','2016-12-02 00:00:00',144,439,'PEN',23.728813559322035,28,'2016-12-28 17:09:46',40,NULL,NULL,'Factura',0.18,4.271186440677965,16,5,'2016-12-28 00:00:00'),(432,'001-618528','2016-12-13 00:00:00',145,440,'USD',50,59,'2016-12-28 17:14:30',40,NULL,NULL,'Factura',0.18,9,NULL,5,'2016-12-28 00:00:00'),(433,'002-41132','2016-12-21 00:00:00',16,298,'PEN',300,354,'2016-12-28 17:15:48',40,NULL,NULL,'Factura',0.18,54,16,5,'2016-12-28 00:00:00'),(434,'121-3624','2016-11-14 00:00:00',45,441,'PEN',110,110,'2016-12-28 17:21:00',40,NULL,NULL,'BoletosViaje',0,0,16,7,'2016-12-28 00:00:00'),(435,'365-6898','2016-11-15 00:00:00',28,442,'PEN',53.98305084745763,63.7,'2016-12-28 17:23:18',40,NULL,NULL,'Ticket',0.18,9.71694915254237,16,5,'2016-12-28 00:00:00'),(436,'655-5016217','2016-11-16 00:00:00',88,443,'PEN',23.305084745762713,27.5,'2016-12-28 17:25:00',40,NULL,NULL,'Ticket',0.18,4.194915254237287,16,5,'2016-12-28 00:00:00'),(437,'446-16944','2016-11-18 00:00:00',146,444,'PEN',9.322033898305085,11,'2016-12-28 17:32:46',40,NULL,NULL,'Factura',0.18,1.6779661016949152,16,5,'2016-12-28 00:00:00'),(438,'001-4558','2016-11-19 00:00:00',81,445,'PEN',19.491525423728813,23,'2016-12-28 17:36:41',40,NULL,NULL,'Factura',0.18,3.508474576271187,16,5,'2016-12-28 00:00:00'),(439,'0001-12033','2016-11-18 00:00:00',125,446,'PEN',159.32203389830508,188,'2016-12-28 17:45:53',40,NULL,NULL,'Factura',0.18,28.67796610169492,16,5,'2016-12-28 00:00:00'),(440,'002-248353','2016-12-19 00:00:00',140,447,'PEN',230.72033898305085,272.25,'2016-12-28 17:48:04',40,NULL,NULL,'NotaCredito',0.18,41.52966101694915,NULL,5,'2016-12-28 00:00:00'),(441,'002-248352','2016-12-19 00:00:00',140,448,'PEN',39.601694915254235,46.73,'2016-12-28 17:50:39',40,NULL,NULL,'NotaCredito',0.18,7.128305084745762,NULL,5,'2016-12-28 00:00:00'),(442,'001-3','2016-12-20 00:00:00',25,449,'PEN',529.6525423728814,624.99,'2016-12-28 17:52:19',40,NULL,NULL,'NotaCredito',0.18,95.33745762711862,NULL,5,'2016-12-28 00:00:00'),(447,'015-629083','2016-12-21 00:00:00',23,451,'PEN',1895.271186440678,2236.42,'2016-12-28 18:37:42',40,NULL,NULL,'FinanzasySeguros',0.18,341.148813559322,NULL,5,'2016-12-28 00:00:00'),(448,'0001-8803148','2016-12-26 00:00:00',147,452,'PEN',1601.8898305084747,1890.23,'2016-12-28 18:42:43',40,NULL,NULL,'FinanzasySeguros',0.18,288.34016949152533,NULL,5,'2016-12-28 00:00:00'),(449,'0001-8803149','2016-12-26 00:00:00',147,453,'PEN',1601.8898305084747,1890.23,'2016-12-28 18:44:29',40,NULL,NULL,'FinanzasySeguros',0.18,288.34016949152533,NULL,5,'2016-12-28 00:00:00'),(450,'0001-8803151','2016-12-26 00:00:00',147,454,'PEN',1601.8898305084747,1890.23,'2016-12-28 18:46:22',40,NULL,NULL,'FinanzasySeguros',0.18,288.34016949152533,NULL,5,'2016-12-28 00:00:00'),(451,'0001-8803152','2016-12-26 00:00:00',147,455,'PEN',1601.8813559322034,1890.22,'2016-12-28 18:48:37',40,NULL,NULL,'FinanzasySeguros',0.18,288.3386440677966,NULL,5,'2016-12-28 00:00:00'),(452,'023-5136','2016-12-26 00:00:00',123,299,'PEN',1586.4406779661017,1872,'2016-12-28 18:50:59',40,NULL,NULL,'Factura',0.18,285.5593220338983,NULL,5,'2016-12-28 00:00:00'),(453,'0001-852','2016-12-28 00:00:00',8,456,'PEN',293,293,'2016-12-28 18:53:07',40,NULL,NULL,'Factura',0,0,NULL,7,'2016-12-28 00:00:00'),(454,'015-632077','2016-12-29 00:00:00',23,457,'PEN',952.1186440677967,1123.5,'2016-12-29 10:20:08',40,NULL,NULL,'FinanzasySeguros',0.18,171.3813559322033,NULL,5,'2016-12-29 00:00:00'),(455,'906-8938','2016-12-19 00:00:00',56,458,'PEN',148.72881355932205,175.5,'2016-12-29 12:13:29',40,NULL,NULL,'Ticket',0.18,26.77118644067795,16,5,'2016-12-29 00:00:00'),(456,'023-1004392','2016-12-19 00:00:00',63,459,'PEN',6.694915254237289,7.9,'2016-12-29 12:15:17',40,NULL,NULL,'Ticket',0.18,1.2050847457627114,16,5,'2016-12-29 00:00:00'),(457,'051-911908','2016-12-19 00:00:00',63,460,'PEN',6.3559322033898304,7.5,'2016-12-29 12:16:57',40,NULL,NULL,'Ticket',0.18,1.1440677966101696,16,5,'2016-12-29 00:00:00'),(458,'041-1524476','2016-12-19 00:00:00',63,461,'PEN',6.52542372881356,7.7,'2016-12-29 12:18:29',40,NULL,NULL,'Ticket',0.18,1.1745762711864405,16,5,'2016-12-29 00:00:00'),(459,'335-187169','2016-12-19 00:00:00',61,462,'PEN',6.271186440677967,7.4,'2016-12-29 12:20:13',40,NULL,NULL,'Ticket',0.18,1.1288135593220332,16,5,'2016-12-29 00:00:00'),(460,'135-509649','2016-12-19 00:00:00',61,463,'PEN',6.271186440677967,7.4,'2016-12-29 12:21:35',40,NULL,NULL,'Ticket',0.18,1.1288135593220332,16,5,'2016-12-29 00:00:00'),(461,'0001-133487','2016-12-19 00:00:00',135,464,'PEN',24.576271186440678,29,'2016-12-29 12:22:51',40,NULL,NULL,'Factura',0.18,4.423728813559322,16,5,'2016-12-29 00:00:00'),(462,'100-237276','2016-12-21 00:00:00',148,465,'PEN',13.474576271186441,15.9,'2016-12-29 12:29:23',40,NULL,NULL,'Ticket',0.18,2.425423728813559,16,5,'2016-12-29 00:00:00'),(463,'103-71321','2016-12-20 00:00:00',117,466,'PEN',8.05084745762712,9.5,'2016-12-29 12:31:31',40,NULL,NULL,'Ticket',0.18,1.4491525423728806,16,5,'2016-12-29 00:00:00'),(464,'016-18763','2016-12-21 00:00:00',63,467,'PEN',6.610169491525424,7.8,'2016-12-29 12:33:00',40,NULL,NULL,'Ticket',0.18,1.189830508474576,16,5,'2016-12-29 00:00:00'),(465,'011-567045','2016-12-20 00:00:00',63,468,'PEN',6.610169491525424,7.8,'2016-12-29 12:34:24',40,NULL,NULL,'Ticket',0.18,1.189830508474576,16,5,'2016-12-29 00:00:00'),(466,'929-1937','2016-12-20 00:00:00',56,469,'PEN',115.0677966101695,135.78,'2016-12-29 12:35:55',40,NULL,NULL,'Ticket',0.18,20.712203389830506,16,5,'2016-12-29 00:00:00'),(467,'001-658','2016-12-21 00:00:00',149,470,'PEN',111.86440677966102,132,'2016-12-29 12:38:41',40,NULL,NULL,'Factura',0.18,20.135593220338976,NULL,5,'2016-12-29 00:00:00'),(468,'026-51078','2016-12-22 00:00:00',63,471,'PEN',6.694915254237289,7.9,'2016-12-29 12:40:16',40,NULL,NULL,'Ticket',0.18,1.2050847457627114,16,5,'2016-12-29 00:00:00'),(469,'058-882893','2016-12-22 00:00:00',63,472,'PEN',6.3559322033898304,7.5,'2016-12-29 12:41:57',40,NULL,NULL,'Ticket',0.18,1.1440677966101696,16,5,'2016-12-29 00:00:00'),(470,'132-397421','2016-12-22 00:00:00',61,473,'PEN',6.271186440677967,7.4,'2016-12-29 12:44:14',40,NULL,NULL,'Ticket',0.18,1.1288135593220332,16,5,'2016-12-29 00:00:00'),(471,'332-206847','2016-12-22 00:00:00',61,474,'PEN',6.271186440677967,7.4,'2016-12-29 12:45:48',40,NULL,NULL,'Ticket',0.18,1.1288135593220332,16,5,'2016-12-29 00:00:00'),(472,'046-91921','2016-12-22 00:00:00',63,475,'PEN',6.52542372881356,7.7,'2016-12-29 14:30:30',40,NULL,NULL,'Ticket',0.18,1.1745762711864405,16,5,'2016-12-29 00:00:00'),(473,'929-1964','2016-12-22 00:00:00',56,476,'PEN',115.24576271186442,135.99,'2016-12-29 14:33:54',40,NULL,NULL,'Ticket',0.18,20.744237288135594,16,5,'2016-12-29 00:00:00'),(474,'0-57','2016-12-27 00:00:00',19,477,'PEN',8213.04,8213.04,'2016-12-29 17:14:20',40,NULL,NULL,'NotaCredito',0,0,16,7,'2016-12-29 00:00:00'),(475,'0-58','2016-12-27 00:00:00',19,478,'PEN',7612.06,7612.06,'2016-12-29 17:19:15',40,NULL,NULL,'NotaCredito',0,0,16,7,'2016-12-29 00:00:00'),(476,'0-289','2016-12-27 00:00:00',19,479,'PEN',4012.29,4012.29,'2016-12-29 17:23:25',40,NULL,NULL,'Factura',0,0,16,7,'2016-12-29 00:00:00'),(477,'0-266','2016-11-22 00:00:00',19,480,'PEN',41587.54,41587.54,'2016-12-29 17:33:45',40,NULL,NULL,'Factura',0,0,16,7,'2016-12-29 00:00:00'),(478,'0-274','2016-11-24 00:00:00',19,481,'PEN',42058.26,42058.26,'2016-12-29 17:38:14',40,NULL,NULL,'Factura',0,0,16,7,'2016-12-29 00:00:00'),(479,'535-877265','2017-01-23 00:00:00',27,510,'USD',2043.5169491525423,2411.35,'2017-01-24 12:04:59',40,NULL,NULL,'FinanzasySeguros',0.18,367.83305084745757,NULL,5,'2017-01-24 00:00:00'),(480,'001-765486','2017-01-05 00:00:00',150,482,'PEN',583.1101694915255,688.07,'2017-01-24 12:10:24',40,NULL,NULL,'Factura',0.18,104.95983050847451,NULL,5,'2017-01-24 00:00:00'),(481,'001-2023','2017-01-16 00:00:00',33,511,'USD',298.9491525423729,352.76,'2017-01-24 12:12:18',40,NULL,NULL,'Factura',0.18,53.81084745762712,NULL,5,'2017-01-24 00:00:00'),(482,'001-46229','2017-01-16 00:00:00',10,512,'PEN',140.1440677966102,165.37,'2017-01-24 12:15:07',40,NULL,NULL,'Factura',0.18,25.225932203389817,NULL,5,'2017-01-24 00:00:00'),(483,'001-46181','2017-01-14 00:00:00',10,513,'PEN',1140.9406779661017,1346.31,'2017-01-24 12:17:17',40,NULL,NULL,'Factura',0.18,205.36932203389824,NULL,5,'2017-01-24 00:00:00'),(484,'001-46296','2017-01-17 00:00:00',10,514,'PEN',102.60169491525424,121.07,'2017-01-24 12:20:49',40,NULL,NULL,'Factura',0.18,18.46830508474575,NULL,5,'2017-01-24 00:00:00'),(485,'195-264673','2017-01-05 00:00:00',11,515,'PEN',436.6949152542373,515.3,'2017-01-24 12:24:07',40,NULL,NULL,'ServiciosPublicos',0.18,78.60508474576267,NULL,5,'2017-01-24 00:00:00'),(486,'0001-5143','2017-01-19 00:00:00',13,485,'PEN',1281.8559322033898,1512.59,'2017-01-24 12:25:51',40,NULL,NULL,'Factura',0.18,230.73406779661013,NULL,5,'2017-01-24 00:00:00'),(487,'001-148711','2017-01-11 00:00:00',12,516,'PEN',110.16949152542374,130,'2017-01-24 12:27:38',40,NULL,NULL,'Factura',0.18,19.830508474576263,NULL,5,'2017-01-24 00:00:00'),(488,'004-43860','2017-01-18 00:00:00',20,509,'PEN',532.6864406779662,628.57,'2017-01-24 12:29:50',40,NULL,NULL,'Factura',0.18,95.88355932203388,NULL,5,'2017-01-24 00:00:00'),(489,'004-43699','2017-01-17 00:00:00',20,505,'PEN',235.28813559322035,277.64,'2017-01-24 12:31:12',40,NULL,NULL,'Factura',0.18,42.35186440677964,NULL,5,'2017-01-24 00:00:00'),(490,'001-701','2017-01-18 00:00:00',47,517,'USD',105.93220338983052,125,'2017-01-24 12:33:26',40,NULL,NULL,'Factura',0.18,19.06779661016948,NULL,5,'2017-01-24 00:00:00'),(491,'007-2413','2017-01-13 00:00:00',124,518,'USD',5250,6195,'2017-01-24 12:36:10',40,NULL,NULL,'Factura',0.18,945,NULL,5,'2017-01-24 00:00:00'),(492,'123-1231','2017-02-15 00:00:00',69,551,'PEN',1,1.18,'2017-02-15 23:48:02',38,NULL,NULL,'Factura',0.18,0.17999999999999994,16,5,'2017-02-02 00:00:00');
/*!40000 ALTER TABLE `factura_proveedores` ENABLE KEYS */;
UNLOCK TABLES;

--
-- Table structure for table `familia_articulo`
--

DROP TABLE IF EXISTS `familia_articulo`;
/*!40101 SET @saved_cs_client     = @@character_set_client */;
/*!40101 SET character_set_client = utf8 */;
CREATE TABLE `familia_articulo` (
  `id` int(11) NOT NULL AUTO_INCREMENT,
  `id_familia` int(11) NOT NULL,
  `nombre` varchar(45) DEFAULT NULL,
  `id_padre` int(11) DEFAULT NULL,
  PRIMARY KEY (`id`),
  KEY `id_padre` (`id_padre`),
  CONSTRAINT `familia_articulo_ibfk_1` FOREIGN KEY (`id_padre`) REFERENCES `familia_articulo` (`id`)
) ENGINE=InnoDB AUTO_INCREMENT=45 DEFAULT CHARSET=utf8;
/*!40101 SET character_set_client = @saved_cs_client */;

--
-- Dumping data for table `familia_articulo`
--

LOCK TABLES `familia_articulo` WRITE;
/*!40000 ALTER TABLE `familia_articulo` DISABLE KEYS */;
INSERT INTO `familia_articulo` VALUES (1,10,'Motor ',NULL),(2,20,'Gearbox ',NULL),(3,30,'Propulsion ',NULL),(4,40,'Sistema Electrico',NULL),(5,50,'Otros ',NULL),(29,10,'L23/30 ADKV',1),(30,20,'L21/31 ',1),(31,10,'31KV11',2),(32,20,'AMG8 ',2),(33,30,'31KV8 ',2),(34,40,'RENJES',2),(35,50,'60VO28',2),(36,10,'VB640',3),(37,20,'VB560 ',3),(38,30,'VBS740',3),(39,40,'PASO FIJO ',3),(40,50,'VS860',3),(41,10,'SAFETY SYSTEM',4),(42,20,'ALPHATRONIC 2A',4),(43,10,'Nor Gear ',5),(44,20,'FLEXSTAR',5);
/*!40000 ALTER TABLE `familia_articulo` ENABLE KEYS */;
UNLOCK TABLES;

--
-- Table structure for table `grupo_aprobacion`
--

DROP TABLE IF EXISTS `grupo_aprobacion`;
/*!40101 SET @saved_cs_client     = @@character_set_client */;
/*!40101 SET character_set_client = utf8 */;
CREATE TABLE `grupo_aprobacion` (
  `id` int(11) NOT NULL AUTO_INCREMENT,
  `nombre` varchar(45) DEFAULT NULL,
  `tipo_aprobacion_id` int(11) DEFAULT NULL,
  `fecha_creacion` datetime DEFAULT NULL,
  `usuario_creacion` int(11) DEFAULT NULL,
  `fecha_modificacion` datetime DEFAULT NULL,
  `usuario_modificacion` int(11) DEFAULT NULL,
  `orden` int(11) DEFAULT NULL,
  `permitir_notificaciones` tinyint(4) DEFAULT '1',
  PRIMARY KEY (`id`)
) ENGINE=InnoDB AUTO_INCREMENT=17 DEFAULT CHARSET=utf8;
/*!40101 SET character_set_client = @saved_cs_client */;

--
-- Dumping data for table `grupo_aprobacion`
--

LOCK TABLES `grupo_aprobacion` WRITE;
/*!40000 ALTER TABLE `grupo_aprobacion` DISABLE KEYS */;
INSERT INTO `grupo_aprobacion` VALUES (15,'grupo de oc',3,'2016-08-25 17:09:41',36,'2017-03-19 02:39:22',38,1,1),(16,'Grupo Aprobacion Compra Chica',5,'2017-02-23 16:54:50',36,NULL,NULL,1,1);
/*!40000 ALTER TABLE `grupo_aprobacion` ENABLE KEYS */;
UNLOCK TABLES;

--
-- Table structure for table `guia_remision`
--

DROP TABLE IF EXISTS `guia_remision`;
/*!40101 SET @saved_cs_client     = @@character_set_client */;
/*!40101 SET character_set_client = utf8 */;
CREATE TABLE `guia_remision` (
  `id` int(11) NOT NULL AUTO_INCREMENT,
  `codigo` varchar(50) DEFAULT NULL,
  `factura_id` int(11) DEFAULT NULL,
  `despacho_id` int(11) DEFAULT NULL,
  `fecha_entrega` datetime DEFAULT NULL,
  `fecha_creacion` datetime DEFAULT CURRENT_TIMESTAMP,
  `usuario_creacion` int(11) DEFAULT NULL,
  `fecha_modificacion` datetime DEFAULT NULL,
  `usuario_modificacion` int(11) DEFAULT NULL,
  `cotizacion_id` int(11) DEFAULT NULL,
  `serie` varchar(5) DEFAULT NULL,
  `numero_pedido` varchar(45) DEFAULT NULL,
  `punto_llegada` varchar(45) DEFAULT NULL,
  `punto_partida` varchar(45) DEFAULT NULL,
  `transporte_rs` varchar(45) DEFAULT NULL,
  `transporte_ruc` varchar(45) DEFAULT NULL,
  PRIMARY KEY (`id`),
  UNIQUE KEY `codigo_UNIQUE` (`codigo`),
  KEY `despacho_fk` (`despacho_id`),
  KEY `factura_guia_fk` (`factura_id`),
  KEY `cotizacion_fk` (`cotizacion_id`),
  CONSTRAINT `cotizacion_fk` FOREIGN KEY (`cotizacion_id`) REFERENCES `cotizacion` (`id`) ON DELETE SET NULL ON UPDATE SET NULL,
  CONSTRAINT `despacho_fk` FOREIGN KEY (`despacho_id`) REFERENCES `despacho` (`id`) ON DELETE NO ACTION ON UPDATE NO ACTION,
  CONSTRAINT `factura_guia_fk` FOREIGN KEY (`factura_id`) REFERENCES `factura` (`id`) ON DELETE NO ACTION ON UPDATE NO ACTION
) ENGINE=InnoDB AUTO_INCREMENT=26 DEFAULT CHARSET=utf8;
/*!40101 SET character_set_client = @saved_cs_client */;

--
-- Dumping data for table `guia_remision`
--

LOCK TABLES `guia_remision` WRITE;
/*!40000 ALTER TABLE `guia_remision` DISABLE KEYS */;
INSERT INTO `guia_remision` VALUES (12,'001-549',NULL,35,NULL,'2016-10-17 09:49:56',NULL,NULL,NULL,72,'001','5500506902','Calle A N°169 URB. IND. Capri - Callao','Av.Enrique Palacios 335 Miraflores','THE CANCINO TRANSPORT S.A.C.','20600785444'),(13,'001-551',NULL,36,NULL,'2016-10-18 13:31:42',NULL,NULL,NULL,65,'001','5500505478','Calle A N°169 URB. IND. Capri - Callao','Av.Enrique Palacios 335 Miraflores','THE CANCINO TRANSPORT S.A.C.','20600785444'),(14,'001-579',33,37,NULL,'2016-11-04 09:17:33',NULL,NULL,NULL,103,'001','4500026855','Calle antonio de Elizalde 858 Lima','Calle Enrique Palacios 335 Miraflores','THE CANCINO TRANSPORT S.A.C.','20600785444'),(15,'001-580',34,38,NULL,'2016-11-04 09:24:36',NULL,NULL,NULL,104,'001','4500140151','Calle A N°169 URB. IND. Capri - Callao','Av.Enrique Palacios 335 Miraflores','THE CANCINO TRANSPORT S.A.C.','20600785444'),(16,'001-581',32,39,NULL,'2016-11-11 08:16:50',NULL,NULL,NULL,113,'001','4500027242','Calle Antonio de Elizalde 858 Lima','Av.Enrique Palacios 335 Miraflores','THE CANCINO TRANSPORT S.A.C.','20600785444'),(17,'001-582',NULL,40,NULL,'2016-11-11 08:23:35',NULL,NULL,NULL,84,'001','4500138581','Tepsa - Chimbote','Av.Enrique Palacios 335 Miraflores','TEPSA','.'),(18,'001-558',NULL,41,NULL,'2016-11-11 14:45:05',NULL,NULL,NULL,65,'001','5500505478','Calle A N°169 URB. IND. Capri - Callao','Av.Enrique Palacios 335 Miraflores','THE CANCINO TRANSPORT S.A.C.','20600785444'),(19,'001-559',NULL,42,NULL,'2016-11-14 10:50:15',NULL,NULL,NULL,120,'001','4500027018','Calle Antonio de Elizalde 858 Lima','Av.Enrique Palacios 335 Miraflores','THE CANCINO TRANSPORT S.A.C.','20600785444'),(20,'001-586',45,43,NULL,'2016-11-24 10:04:11',NULL,NULL,NULL,119,'001','4500027018','Calle Antonio de Elizalde 858 Lima','Av.Enrique Palacios 335 Miraflores','Man Diesel','20563282381'),(21,'001-585',42,44,NULL,'2016-11-28 15:29:33',NULL,NULL,NULL,121,'001','4500027018','Calle Antonio de Elizalde 858 Lima','Av.Enrique Palacios 335 Miraflores','THE CANCINO TRANSPORT S.A.C.','20600785444'),(23,'001-618',NULL,46,NULL,'2016-12-15 13:53:38',NULL,NULL,NULL,125,'001','4500143875','LIMA','MIRAFLORES','MAN','20563282381'),(24,'001-619',55,47,NULL,'2016-12-20 13:53:38',NULL,NULL,NULL,129,'001','4500143876','LIMA','MIRAFLORES','MAN','20563282381'),(25,'001-620',57,48,NULL,'2016-12-20 14:38:50',NULL,NULL,NULL,122,'001','4500029174','LIMA','MIRAFLORES','MAN','20563282381');
/*!40000 ALTER TABLE `guia_remision` ENABLE KEYS */;
UNLOCK TABLES;

--
-- Table structure for table `guia_remision_detalle`
--

DROP TABLE IF EXISTS `guia_remision_detalle`;
/*!40101 SET @saved_cs_client     = @@character_set_client */;
/*!40101 SET character_set_client = utf8 */;
CREATE TABLE `guia_remision_detalle` (
  `id` int(11) NOT NULL AUTO_INCREMENT,
  `guia_remision_id` int(11) DEFAULT NULL,
  `cantidad` int(11) DEFAULT NULL,
  `articulo_id` int(11) DEFAULT NULL,
  `cantidad_recibida` int(11) DEFAULT NULL,
  `despacho_detalle_id` int(11) DEFAULT NULL,
  PRIMARY KEY (`id`),
  KEY `index2` (`guia_remision_id`),
  KEY `articulo_guia_detalle_fk` (`articulo_id`),
  KEY `despacho_detalle_guia_detalle_fk` (`despacho_detalle_id`),
  CONSTRAINT `articulo_guia_detalle_fk` FOREIGN KEY (`articulo_id`) REFERENCES `articulo` (`id`) ON DELETE NO ACTION ON UPDATE NO ACTION,
  CONSTRAINT `despacho_detalle_guia_detalle_fk` FOREIGN KEY (`despacho_detalle_id`) REFERENCES `despacho_detalle` (`id`) ON DELETE NO ACTION ON UPDATE NO ACTION,
  CONSTRAINT `index` FOREIGN KEY (`guia_remision_id`) REFERENCES `guia_remision` (`id`) ON DELETE NO ACTION ON UPDATE NO ACTION
) ENGINE=InnoDB AUTO_INCREMENT=73 DEFAULT CHARSET=utf8;
/*!40101 SET character_set_client = @saved_cs_client */;

--
-- Dumping data for table `guia_remision_detalle`
--

LOCK TABLES `guia_remision_detalle` WRITE;
/*!40000 ALTER TABLE `guia_remision_detalle` DISABLE KEYS */;
INSERT INTO `guia_remision_detalle` VALUES (1,12,1,2766,1,42),(2,12,2,2959,2,43),(3,12,2,2960,2,44),(4,12,16,3208,16,45),(5,12,8,3209,8,46),(6,12,2,3572,2,47),(7,13,12,2960,12,48),(8,13,1,3443,1,49),(9,14,1,3716,1,50),(10,14,2,3717,2,51),(11,14,1,3718,1,52),(12,14,1,3719,1,53),(13,14,2,3720,2,54),(14,14,8,3721,8,55),(15,14,8,3722,8,56),(16,14,1,3723,1,57),(17,14,2,3724,2,58),(18,14,2,3725,2,59),(19,14,2,3726,2,60),(20,14,4,3796,4,61),(21,14,2,3797,2,62),(22,14,1,3798,1,63),(23,14,4,3799,4,64),(24,14,1,3800,1,65),(25,14,1,3801,1,66),(26,15,12,2991,12,67),(27,15,2,3153,2,68),(28,16,3,2791,3,69),(29,16,6,2842,6,70),(30,16,4,2847,4,71),(31,16,5,2889,5,72),(32,17,12,3561,12,76),(33,17,12,3562,12,77),(34,17,2,3563,2,78),(35,18,12,2960,12,79),(36,18,1,3443,1,80),(37,19,1,2842,1,81),(38,19,8,2863,8,82),(39,19,4,2889,4,83),(40,19,12,2890,12,84),(41,19,10,3015,10,85),(42,19,6,3016,6,86),(43,19,10,3017,10,87),(44,19,18,3019,18,88),(45,19,20,3020,20,89),(46,19,10,3021,10,90),(47,20,12,3015,12,97),(48,20,12,3016,12,98),(49,20,12,3017,12,99),(50,20,36,3019,36,100),(51,20,24,3020,24,101),(52,20,12,3021,12,102),(53,21,1,3811,1,109),(54,21,2,3812,2,110),(55,21,2,3813,2,111),(56,21,1,3814,1,112),(57,21,1,3815,1,113),(58,21,1,3816,1,114),(59,24,1,4037,1,139),(60,24,1,4038,1,140),(61,24,1,4039,1,141),(62,24,1,4040,1,142),(63,24,1,4041,1,143),(64,25,4,2847,4,144),(65,23,1,4029,1,131),(66,23,1,4030,1,132),(67,23,1,4031,1,133),(68,23,1,4032,1,134),(69,23,1,4033,1,135),(70,23,1,4034,1,136),(71,23,10,4035,10,137),(72,23,1,4036,1,138);
/*!40000 ALTER TABLE `guia_remision_detalle` ENABLE KEYS */;
UNLOCK TABLES;

--
-- Table structure for table `hs_attachments`
--

DROP TABLE IF EXISTS `hs_attachments`;
/*!40101 SET @saved_cs_client     = @@character_set_client */;
/*!40101 SET character_set_client = utf8 */;
CREATE TABLE `hs_attachments` (
  `id` int(11) NOT NULL AUTO_INCREMENT,
  `filename` varchar(100) DEFAULT NULL,
  `internalFilename` varchar(100) DEFAULT NULL,
  `tipoEntidad` varchar(45) DEFAULT NULL,
  `ruta` varchar(45) DEFAULT NULL,
  `idEntidad` varchar(45) DEFAULT NULL,
  `uploadedBy` varchar(45) DEFAULT NULL,
  `created_Date` datetime DEFAULT NULL,
  `size` int(11) DEFAULT NULL,
  `contentType` varchar(150) DEFAULT NULL,
  PRIMARY KEY (`id`)
) ENGINE=InnoDB AUTO_INCREMENT=198 DEFAULT CHARSET=latin1;
/*!40101 SET character_set_client = @saved_cs_client */;

--
-- Dumping data for table `hs_attachments`
--

LOCK TABLES `hs_attachments` WRITE;
/*!40000 ALTER TABLE `hs_attachments` DISABLE KEYS */;
INSERT INTO `hs_attachments` VALUES (1,'PE 16 2000164-2.pdf','c5c93417118df141458b9f2fe801710c','Cotizacion_Attachment','uploads/','50','38','2016-08-26 14:51:40',270884,'application/pdf'),(2,'SAN FERNANDO, PE 16 2000236, 23186410.pdf','650bd4d6622901eb33fab3f980d56796','Cotizacion_Attachment','uploads/','54','38','2016-09-08 11:33:38',44305,'application/pdf'),(3,'MARILIN II, PE 16 2000237, 23186421.pdf','c6beb163221e88377aae0fac15269a7d','Cotizacion_Attachment','uploads/','55','38','2016-09-08 11:59:06',55167,'application/pdf'),(4,'FAVOR COTIZAR  ES URGENTE.msg','04f59dd56e6688dd7aa2507e50198cb3','Cotizacion_Attachment','uploads/','55','38','2016-09-09 09:21:05',65536,'application/octet-stream'),(5,'FW  Cotizacion Botton plate - MAN EP San Fernando.msg','b7ad7c4f1c0017a1e0904ca2ea2ccf8d','Cotizacion_Attachment','uploads/','54','38','2016-09-09 09:21:31',42496,'application/octet-stream'),(6,'TASA 41, PE 16 2000241, 23186859.pdf','20527673d9ea5b79ca6e820c42c10a5f','Cotizacion_Attachment','uploads/','65','38','2016-09-09 16:15:56',44806,'application/pdf'),(8,'OC TASA.pdf','c383e31dce7da195f700a2515f7818e0','OrdenCompra_Attachment','uploads/','34','38','2016-09-14 15:59:18',405551,'application/pdf'),(9,'TASA 53, TASA 1509, 23189380.pdf','4efe20f8965d0e5f5206696080aa5e44','Cotizacion_Attachment','uploads/','72','38','2016-09-19 09:20:18',52455,'application/pdf'),(10,'KIARA-B, Hayduk14093, 23188952.pdf','68495a488b26fa0b29388ba0df243596','Cotizacion_Attachment','uploads/','74','38','2016-09-19 10:49:10',44475,'application/pdf'),(11,'MARIA JOSE, PE 16 2000241-2, 23187860.pdf','1b75beb50596a5fda45514a9ea85d0cd','Cotizacion_Attachment','uploads/','66','38','2016-09-19 17:16:19',109164,'application/pdf'),(12,'BAMAR I, 16092016, 23190446.pdf','c55593fbe7e99579fa3adfce9d684888','Cotizacion_Attachment','uploads/','73','38','2016-09-19 17:35:51',45312,'application/pdf'),(14,'23187967.pdf','f45ddfce8f28b1e321a20c4f3e6f83cc','Cotizacion_Attachment','uploads/','81','38','2016-09-20 16:14:47',121863,'application/pdf'),(15,'tasa .pdf','cd7240c62e67f2e2b71cc00f330e7014','Cotizacion_Attachment','uploads/','72','38','2016-09-20 16:17:31',420216,'application/pdf'),(16,'NA-00297-16 aux engine spares.pdf','13b9aab08cc9719872fbb1a2c543f073','Cotizacion_Attachment','uploads/','81','38','2016-09-20 16:28:25',71405,'application/pdf'),(17,'TASA 43, TASA20092016, 23191079.pdf','787aad020b07b8a964e7f05fd3bdf842','Cotizacion_Attachment','uploads/','83','38','2016-09-20 17:23:37',44083,'application/pdf'),(18,'Copy of PE 16 2000249  ST San Fernando - Rep caja.pdf','6c6b66cacf592ebc2e1a776da1d8a044','Cotizacion_Attachment','uploads/','75','42','2016-09-20 17:36:29',91932,'application/pdf'),(19,'JADRANKA B Hayduk14092 23188951 (2).pdf','78bc3e31425ccb85ba8794294d9d0bae','Cotizacion_Attachment','uploads/','84','38','2016-09-23 10:29:44',29972,'application/pdf'),(20,'KIARA-B HAYDUK2109 23192157.pdf','85bb3bc0bb9e68ddf7d699a9633357a1','Cotizacion_Attachment','uploads/','85','38','2016-09-23 10:41:52',32399,'application/pdf'),(21,'SAPLMEDRUCK 20160926153700.pdf','47c7dfdc2881068e3555abd227bdfcdc','OrdenCompra_Attachment','uploads/','41','38','2016-09-27 15:35:30',25298,'application/pdf'),(22,'TASA 59, PE 16 2000262-0, 23193817.pdf','995d16adb3021af15c6a96e57833bff9','Cotizacion_Attachment','uploads/','88','38','2016-09-27 16:01:34',45002,'application/pdf'),(23,'TASA 53, PE 16 2000246, 23193819.pdf','e7da8211ea54269df8d5103edfe80f22','Cotizacion_Attachment','uploads/','72','38','2016-09-27 16:28:11',44595,'application/pdf'),(24,'RQF TASA PRINT.pdf','592de942aced467d9c0ff85764db1c43','OrdenCompra_Attachment','uploads/','42','38','2016-09-30 14:56:37',235275,'application/pdf'),(25,'RQF TASA PRINT.pdf','abcbd45e4abba5192bec649be2ec5364','OrdenCompra_Attachment','uploads/','43','38','2016-09-30 15:07:36',235275,'application/pdf'),(26,'RQF TASA PRINT.pdf','e878ce568f1ee1d66cbb7117ddf33306','OrdenCompra_Attachment','uploads/','44','38','2016-09-30 15:07:52',235275,'application/pdf'),(27,'RQF TASA PRINT.pdf','ec45f6e58dbf1173e88d6e062a9ce259','OrdenCompra_Attachment','uploads/','45','38','2016-09-30 15:10:58',235275,'application/pdf'),(28,'TASA 45, TASA20092016, 23191078.pdf','55b96f1add03134afa003e9a110b2e1c','Cotizacion_Attachment','uploads/','82','38','2016-09-30 15:45:49',44318,'application/pdf'),(29,'INCAMAR I, PE 16 2000261-0, 23192873.pdf','547ebca3d2ce1fb03e12486f8746dbb8','Cotizacion_Attachment','uploads/','87','38','2016-10-03 15:28:04',45672,'application/pdf'),(30,'Cotizacion.pdf','608cba3f2e5b212df961cfdadf539e59','OrdenCompra_Attachment','uploads/','49','40','2016-10-05 16:52:43',221784,'application/pdf'),(31,'MAN DIESEL VARIOS.pdf','b107903cf4801f1d48fc37587f6d0fe1','OrdenCompra_Attachment','uploads/','51','40','2016-10-05 16:57:27',66616,'application/pdf'),(32,'COTIZACIÓN 007-2016 SEPTIEMBRE (2).pdf','fc09c96eb34bdf9be20eceec74a739a5','OrdenCompra_Attachment','uploads/','50','40','2016-10-05 17:01:00',429954,'application/pdf'),(33,'PE 16 2000241 MAN MaJo rev set 2016.pdf','b39a0a53d97f8fc935fe1cc932a16097','OrdenCompra_Attachment','uploads/','68','38','2016-10-05 19:57:47',356238,'application/pdf'),(34,'MARIA JOSE, RQF 16-1-0145, 23174184.pdf','166ebb379e5ac199e3fa6e024e4bf5e9','Cotizacion_Attachment','uploads/','66','38','2016-10-05 20:01:01',360620,'application/pdf'),(35,'OC 7024 chavelli.pdf','2e3abc8e93f19784be127a5d3c2df73d','OrdenCompra_Attachment','uploads/','65','38','2016-10-06 11:48:30',1077525,'application/pdf'),(36,'CHAVELLY II 10378729 23140907 (2).pdf','78102195563fcb948bee304bab8b6363','OrdenCompra_Attachment','uploads/','65','38','2016-10-06 11:48:42',108994,'application/pdf'),(37,'Correo washington.pdf','05ae935d7b596b0af8044373bcbe7a3e','OrdenCompra_Attachment','uploads/','68','38','2016-10-06 11:55:44',253468,'application/pdf'),(38,'7027- Bamar II.pdf','a9972cbd47207773d977265a67351d34','OrdenCompra_Attachment','uploads/','69','38','2016-10-06 12:24:35',1058681,'application/pdf'),(39,'CHAVELLY II 10378729 23140907 (2).pdf','b71ed97369fa71afcd039b1efe1c235b','OrdenCompra_Attachment','uploads/','69','38','2016-10-06 12:24:47',108994,'application/pdf'),(41,'CHAVELLY II 10378729 23140907 (2).pdf','a24b903bd5af8d010a01f21274167b0f','Cotizacion_Attachment','uploads/','95','38','2016-10-06 12:42:34',108994,'application/pdf'),(42,'7021 Marilyn.pdf','0ceea9bdd61e168480dc38dac19d05b2','OrdenCompra_Attachment','uploads/','70','38','2016-10-06 12:44:06',1082483,'application/pdf'),(43,'MARILIN II, 10379030, 23140483.pdf','d619d602547e94ec8aff5b8e30290a6d','Cotizacion_Attachment','uploads/','94','38','2016-10-06 12:45:06',365898,'application/pdf'),(44,'MARILIN II, 10379030, 23140483.pdf','4b5b0d20ae78a854da3622a333eb2bc7','OrdenCompra_Attachment','uploads/','70','38','2016-10-06 12:45:39',365898,'application/pdf'),(45,'PE 16 2000241 MAN MaJo rev set 2016.pdf','85214cae4b34eedb12017b45c9cb484b','OrdenCompra_Attachment','uploads/','68','38','2016-10-06 12:46:18',356238,'application/pdf'),(46,'MARIA JOSE, RQF 16-1-0145, 23174184.pdf','fa0641728594b93ba1653482b0fec0c3','OrdenCompra_Attachment','uploads/','68','38','2016-10-06 12:46:22',360620,'application/pdf'),(47,'Correo Gonzalo.pdf','69aad007212c23fe1789357877adc6ee','Cotizacion_Attachment','uploads/','97','38','2016-10-06 14:24:14',240601,'application/pdf'),(48,'PrimeShop - Summary copy for Quote - 0023197282.pdf','5b1d6ad08f40837e6abda6f05e1b00c3','Cotizacion_Attachment','uploads/','98','38','2016-10-07 12:17:01',29684,'application/pdf'),(49,'MARILIN II PE 16 2000264-0 23198941.pdf','94f6d7c8b30b62bd5082ebd5bc3d58e7','Cotizacion_Attachment','uploads/','90','38','2016-10-11 12:06:02',32417,'application/pdf'),(50,'MARILIN II PE 16 2000264-0 23195211 (2).pdf','a6df7772d75bc6967f9cc136870e2974','Cotizacion_Attachment','uploads/','90','38','2016-10-11 12:06:06',32257,'application/pdf'),(51,'MATTY PE 16 2000274-0 23197754.pdf','824cb5f70c4e0a72fabc4a0b2a6fee04','Cotizacion_Attachment','uploads/','101','38','2016-10-11 12:20:46',32154,'application/pdf'),(52,'BRUNELLA PE 16 2000275-0 23197755.pdf','96f948d0755c723bb36ff0b7a778bcb6','Cotizacion_Attachment','uploads/','102','38','2016-10-11 12:32:33',32089,'application/pdf'),(53,'LIQUIDACION ACQUAMARINA-OG.pdf','df4fafb0da43d2a906d4256d86cbe359','Cotizacion_Attachment','uploads/','96','42','2016-10-12 16:20:19',15528,'application/pdf'),(54,'LIQUIDACION ACQUAMARINA-AL.pdf','7a3c855417857f297207cf06044330d8','Cotizacion_Attachment','uploads/','96','42','2016-10-12 16:20:19',14518,'application/pdf'),(55,'LIQUIDACION ACQUAMARINA-GT.pdf','60ff770262bfab44cbd9b24005047474','Cotizacion_Attachment','uploads/','96','42','2016-10-12 16:20:19',14030,'application/pdf'),(56,'LIQUIDACION ACQUAMARINA-JCH.pdf','00725feb638eeed184a441cff1e06947','Cotizacion_Attachment','uploads/','96','42','2016-10-12 16:20:19',16577,'application/pdf'),(57,'LIQUIDACIÓN ACQUAMARINA - gastos incurridos.pdf','031297d1b9dd6cf8b6abad86b714e2db','Cotizacion_Attachment','uploads/','96','42','2016-10-12 16:56:33',10918,'application/pdf'),(58,'SAN FERNANDO E-mail 2016-09-2 23191228.pdf','847c032310b0144d1c418bd3cf810c77','Cotizacion_Attachment','uploads/','103','38','2016-10-12 17:40:36',35299,'application/pdf'),(59,'Copy of BRUMA (2).pdf','3eb84f18ab54269a5c3a9a25839450d3','Cotizacion_Attachment','uploads/','105','38','2016-10-14 09:32:06',245567,'application/pdf'),(60,'COSTEO BRUMA (2).pdf','327824b75462dde5b5f5b93e463478b9','Cotizacion_Attachment','uploads/','105','38','2016-10-14 09:32:33',105940,'application/pdf'),(61,'CCF08052016_00000.pdf','b9f49df6b20826bed96c2a3fd02fb4be','Cotizacion_Attachment','uploads/','105','38','2016-10-14 09:42:37',2771473,'application/pdf'),(62,'BRUNELLA, RQF 16-1-0137, 23169712.pdf','f68c5ac76402bfd059901c73be5269e9','Cotizacion_Attachment','uploads/','106','38','2016-10-14 10:13:30',97669,'application/pdf'),(63,'PE 16 2000205 BRU COS - 2330.pdf','6c46b36467bfc805373ffb7d16592c8b','Cotizacion_Attachment','uploads/','106','38','2016-10-14 10:13:30',250614,'application/pdf'),(64,'IMPOof PE 16 2000205 BRU - 2330.pdf','d782806fca217a82bfb6cbfefa390220','Cotizacion_Attachment','uploads/','106','38','2016-10-14 10:13:31',105533,'application/pdf'),(65,'MARILIN II PE 16 2000277-0 23200457.pdf','287b2a4d9d9b8850940e167067c809e8','Cotizacion_Attachment','uploads/','104','38','2016-10-14 15:28:13',31991,'application/pdf'),(66,'MARILIN II PE 16 2000277-0 23199992 (2).pdf','28e81effd3fb8c1a1cf67dc99e658ee1','Cotizacion_Attachment','uploads/','104','38','2016-10-14 15:28:19',34742,'application/pdf'),(69,'MAN DIESEL PROP. PT2016.pdf','5b29acab5ef4cee233d8a732d11dde44','OrdenCompra_Attachment','uploads/','96','40','2016-10-18 10:04:42',7402863,'application/pdf'),(70,'SAN FERNANDO PE 16 2000272-0 23197283.pdf','8d37fdb3b966fbfb0fbc3bc60178b7e8','Cotizacion_Attachment','uploads/','99','38','2016-10-18 16:55:12',43681,'application/pdf'),(71,'Copy of PE 16 2000191 SF - Rptos turbo.pdf','7b18d97ab10179006cb2b40748062e0b','Cotizacion_Attachment','uploads/','99','38','2016-10-20 10:18:01',231106,'application/pdf'),(72,'SAN FERNANDO  PE 16 2000276 23200465.pdf','bce3be9e21fca270cf9fca47985e3d6c','Cotizacion_Attachment','uploads/','103','38','2016-10-20 10:27:31',32344,'application/pdf'),(74,'TASA 43 PE 16 2000284-0 23201746.pdf','8ead059424aabf85fd78c6c9027c2847','Cotizacion_Attachment','uploads/','111','38','2016-10-20 13:45:02',29908,'application/pdf'),(75,'SAPLMEDRUCK 20161018150714.pdf','c89f2ea11d6638056ac886f56366cf26','OrdenCompra_Attachment','uploads/','167','38','2016-10-20 16:24:44',25024,'application/pdf'),(76,'PE 16 2000277 0 Hayduk.pdf','bdd656106c9207bd07782c89dac33881','OrdenCompra_Attachment','uploads/','167','38','2016-10-20 16:26:22',256494,'application/pdf'),(77,'Ped.Compra 4500026855.PDF','a74b2877bb7127cd1ac2957fed2e7d98','OrdenCompra_Attachment','uploads/','172','38','2016-10-24 09:20:57',124352,'application/pdf'),(78,'PE 16 2000276 COPEINCA.pdf','1ddba82bfbff0325188eab792c792082','OrdenCompra_Attachment','uploads/','172','38','2016-10-24 09:22:46',256985,'application/pdf'),(79,'Doc2.pdf','b78be5798e937eaac2530d5092760223','OrdenCompra_Attachment','uploads/','92','38','2016-10-24 10:21:13',291132,'application/pdf'),(80,'70 (1).pdf','ba9e18f47379e2abf446c81ce62623d7','Cotizacion_Attachment','uploads/','113','38','2016-10-27 11:03:07',43681,'application/pdf'),(81,'Ped.Compra 4500027242.PDF','f1ff3be11714cc3e3b0cd0f03bfb52fc','OrdenCompra_Attachment','uploads/','215','38','2016-10-27 15:26:34',70216,'application/pdf'),(82,'PE 162000286-0.pdf','95ae1829bae2cb3448b93b5385a58463','OrdenCompra_Attachment','uploads/','215','38','2016-10-27 15:26:40',238980,'application/pdf'),(83,'CHRISTINA PE 16 2000288-0 23207308.pdf','d39bb2ae461ae003b4396ee84498a3e1','Cotizacion_Attachment','uploads/','115','38','2016-11-02 15:45:20',32113,'application/pdf'),(84,'SAPLMEDRUCK 20161028123717.pdf','de5d3c6ec5271d02b00a87c76c8bacd7','OrdenCompra_Attachment','uploads/','216','38','2016-11-03 13:45:46',34055,'application/pdf'),(85,'16-1225 revised offer USD -  MAN Peru 03-11-2016.pdf','3922d71180a81f6f3a9a3c669e232722','Cotizacion_Attachment','uploads/','89','38','2016-11-03 13:47:26',76652,'application/pdf'),(86,'OC 2596451.pdf','2f7cd5b4a31b9937eee4b8b37de411d2','OrdenCompra_Attachment','uploads/','217','40','2016-11-03 15:51:09',161734,'application/pdf'),(88,'PE 16 2000033 APM TERMINALS v1.pdf','77d3ee22ef8b901167e5934f9a18ea1e','Cotizacion_Attachment','uploads/','116','38','2016-11-03 17:45:36',20740,'application/pdf'),(89,'5500507619_002.pdf','7927d055c1aa578761ce51b15e4f0a51','OrdenCompra_Attachment','uploads/','93','38','2016-11-04 15:15:33',200196,'application/pdf'),(90,'MATTY PE 16 2000292-0 23208220.pdf','ff173ee14b8ea605935ddfa942d369a0','Cotizacion_Attachment','uploads/','119','38','2016-11-04 15:34:54',31978,'application/pdf'),(91,'SAN FERNANDO PE 16 2000293-0 23208223.pdf','a24ef9c66b6949f90158e00289e50bd8','Cotizacion_Attachment','uploads/','120','38','2016-11-04 16:11:25',32524,'application/pdf'),(92,'Ped.Compra 4500027018.pdf','8e5dc3d72b1879f2258b5abd6cd82a0e','OrdenCompra_Attachment','uploads/','218','38','2016-11-04 16:56:04',153832,'application/pdf'),(93,'Ped.Compra 4500027018.pdf','bd4777e7d10d3fbc2e6f34a5ffd37628','OrdenCompra_Attachment','uploads/','219','38','2016-11-04 17:09:34',153832,'application/pdf'),(94,'Ped.Compra 4500027018.pdf','416a9072d2b1cdfcb75e0c6c74f4dc58','OrdenCompra_Attachment','uploads/','220','38','2016-11-04 17:14:55',153832,'application/pdf'),(95,'Cotizacion 2600291.pdf','570a92fe892e458d96c0619c6e75dcc6','OrdenCompra_Attachment','uploads/','222','40','2016-11-07 15:10:35',161107,'application/pdf'),(96,'IMG_0009_2.jpg','61f677303fd6a069e900041e70c5c6a1','OrdenCompra_Attachment','uploads/','223','40','2016-11-08 09:05:17',53376,'image/jpeg'),(97,'Re  Mantenimiento 35 Km - Caddy AEH809.msg','7cbce1950361520b8002099e54d8669c','OrdenCompra_Attachment','uploads/','224','40','2016-11-08 10:43:01',121344,'application/octet-stream'),(98,'COTIZACION MANTTO CADDY - 35KM.docx','717a263b9677860b4522948da5213b5a','OrdenCompra_Attachment','uploads/','224','40','2016-11-08 10:55:12',368426,'application/vnd.openxmlformats-officedocument.wordprocessingml.document'),(99,'TRADUCCION DE FACTURA 1900485777.xls','0fd19bffd5f920a8df65049862a134f1','Cotizacion_Attachment','uploads/','121','38','2016-11-14 11:18:52',57344,'application/vnd.ms-excel'),(100,'MARILIN II PE 16 2000287-0 23205421.pdf','07f6cf1bd3470554fa2972e227dc7908','Cotizacion_Attachment','uploads/','114','38','2016-11-22 09:47:01',32425,'application/pdf'),(101,'KIARA-B PE 16 2000296-0 23216108.pdf','f9e696c9a1610a5a6a6e71b9eda9b4a6','Cotizacion_Attachment','uploads/','123','38','2016-11-25 13:42:38',32733,'application/pdf'),(102,'YAGODA B PE 16 2000298-0 23216110.pdf','3cad1f89f72f0f8e319f5bbe7956456c','Cotizacion_Attachment','uploads/','125','38','2016-11-25 14:00:54',32311,'application/pdf'),(103,'CHAVELI PE 16 2000299-0 23216113.pdf','625cf455884d451bc296fcdcf8a2afd8','Cotizacion_Attachment','uploads/','129','38','2016-11-25 14:17:40',32029,'application/pdf'),(105,'20349065488-01-F050-546.PDF','b46b84eb870e7e73ff831384d4906ca4','OrdenCompra_Attachment','uploads/','269','40','2016-11-28 10:47:18',49284,'application/pdf'),(106,'INCAMAR I, PE 16 2000273-0, 23197928.pdf','f565639bd7c065c766e5e1b038b9f9aa','Cotizacion_Attachment','uploads/','100','38','2016-11-29 09:26:16',122082,'application/pdf'),(107,'Ped.Compra 4500029174.PDF','0dda091d6e039cf9bbf50d2bbb106c62','OrdenCompra_Attachment','uploads/','271','45','2016-12-01 15:11:29',58156,'application/pdf'),(108,'SAPLMEDRUCK 20161130114400.pdf','fba8dac440a89c91a61b2320e76d910f','OrdenCompra_Attachment','uploads/','272','38','2016-12-01 15:26:25',65373,'application/pdf'),(109,'SAPLMEDRUCK 20161130114400.pdf','721eb12b8ada365e8155c70710c9bb76','OrdenCompra_Attachment','uploads/','273','38','2016-12-01 15:34:38',65373,'application/pdf'),(110,'SAPLMEDRUCK 20161130114400.pdf','9f2833b2286faba66c731eb1367257f4','OrdenCompra_Attachment','uploads/','274','38','2016-12-01 15:37:10',65373,'application/pdf'),(111,'Ped.Compra 4500032243.PDF','a1ffa1cb8105baf2c201cdd25172f6de','OrdenCompra_Attachment','uploads/','275','38','2016-12-01 15:49:58',167500,'application/pdf'),(112,'Ped.Compra 4500028068.PDF','7dff8a2930c0496144776126bd81a1db','OrdenCompra_Attachment','uploads/','259','38','2016-12-02 15:26:21',860548,'application/pdf'),(113,'JADRANKA B, PE 16 2000310-0, 23220740.pdf','3fcac1d4e192cd81f60216d445735564','Cotizacion_Attachment','uploads/','138','38','2016-12-07 09:59:46',44431,'application/pdf'),(114,'MAN DIESEL.PDF','006a7384934b58b7e31c1b5dbe6ae01a','OrdenCompra_Attachment','uploads/','277','40','2016-12-09 11:27:05',587832,'application/pdf'),(115,'fa.pdf','f005f089080c75dd3e543760a3eeb3ef','OrdenCompra_Attachment','uploads/','276','40','2016-12-09 13:49:17',99394,'application/pdf'),(116,'TASA 53, PE 16-2000309, 23220358.pdf','6eadde5fe6ec399b987ee91631b1c234','Cotizacion_Attachment','uploads/','137','45','2016-12-12 22:29:12',195143,'application/pdf'),(117,'PE 16 2000309 T56 - Rptos 2330.pdf','8fc1aef436e158b7873103f43a9ed49b','Cotizacion_Attachment','uploads/','137','45','2016-12-12 22:41:06',272471,'application/pdf'),(118,'PE 16 2000309 T56 - Rptos 2330.xlsx','003caad1a67023d295e2e5d0dd94bc03','Cotizacion_Attachment','uploads/','137','45','2016-12-12 22:41:25',541572,'application/vnd.openxmlformats-officedocument.spreadsheetml.sheet'),(119,'PE 16 2000308 MJO - Rptos 2330.pdf','57faef4733b26ab0877d609f8177360e','Cotizacion_Attachment','uploads/','136','45','2016-12-12 23:49:11',231754,'application/pdf'),(120,'PE 16 2000308 MJO - Rptos 2330.xlsx','5e4fae191709d7462b1c94151b1bf2de','Cotizacion_Attachment','uploads/','136','45','2016-12-12 23:49:37',556260,'application/vnd.openxmlformats-officedocument.spreadsheetml.sheet'),(121,'MAN DIESEL & TURBO PERU SAC.xls','f9b3ec3e7e28da240e27774afa84b851','OrdenCompra_Attachment','uploads/','282','40','2016-12-13 14:00:52',246272,'application/vnd.ms-excel'),(122,'TASA 41, PE 16 2000313, 23223233.pdf','0a72066ee4f6cf953b488983762f46c5','Cotizacion_Attachment','uploads/','141','45','2016-12-14 11:19:46',61978,'application/pdf'),(123,'PE 313.msg','1758635280f92ca38df8b6cbfd5bce82','Cotizacion_Attachment','uploads/','141','45','2016-12-14 11:20:02',81920,'application/octet-stream'),(124,'OC.274007_MAN DIESEL.pdf','f003168af9366e4eba11d5bcefe1d96b','OrdenCompra_Attachment','uploads/','296','45','2016-12-15 12:35:31',23460,'application/pdf'),(125,'SAN FERNANDO, PE 16 2000315-0, 23223724.pdf','8b5d4da1886ff38a63c613f2f83f3580','Cotizacion_Attachment','uploads/','143','38','2016-12-15 14:58:46',44781,'application/pdf'),(126,'CHRISTINA, PE 16 2000316, 23223737.pdf','08febc6320ef4fefea6d8ca8482bf29b','Cotizacion_Attachment','uploads/','144','45','2016-12-15 19:18:36',44701,'application/pdf'),(127,'PO 232 OC-5500516523 TASA.msg','d349eaaa4468f0190dd33794834f5a63','OrdenCompra_Attachment','uploads/','297','45','2016-12-15 19:58:47',174080,'application/octet-stream'),(128,'PE 16 2000313 T41 - Rptos culata v1.pdf','f9aa2ab4797e6744a556c6ccb3edb2cf','Cotizacion_Attachment','uploads/','141','45','2016-12-15 22:44:26',315037,'application/pdf'),(129,'01347 MAN DIESEL.docx','528770d2973299b4def1891231c73e31','OrdenCompra_Attachment','uploads/','298','40','2016-12-16 08:53:03',124767,'application/vnd.openxmlformats-officedocument.wordprocessingml.document'),(130,'RE  Solicitud Cotización - MAN DIESEL & TURBO PERU.msg','e47aad11bdd471605fe349284beb4ed2','OrdenCompra_Attachment','uploads/','299','40','2016-12-19 11:08:28',213504,'application/octet-stream'),(131,'IVANA B, PE 16-2000318, 23224311.pdf','4acdc37f6b4b20d6e61a3ff06eaf99fb','Cotizacion_Attachment','uploads/','146','45','2016-12-19 16:06:04',39372,'application/pdf'),(132,'OC 5500516523.pdf','45e726f4c4d916f80e44e405dbba2539','OrdenCompra_Attachment','uploads/','297','45','2016-12-19 23:05:19',68922,'application/pdf'),(133,'Q 23223723.pdf','5be916379ca55a177517600153fdb6cd','Cotizacion_Attachment','uploads/','142','45','2016-12-19 23:34:17',44236,'application/pdf'),(134,'OC 4500146721.pdf','70a06ab4e3becd09f1876cfcc8a62cf3','OrdenCompra_Attachment','uploads/','301','45','2016-12-19 23:42:04',25209,'application/pdf'),(135,'Q 23223723.pdf','662d973af027700a6de542fb62f3d0d5','OrdenCompra_Attachment','uploads/','301','45','2016-12-19 23:42:11',44236,'application/pdf'),(136,'Dimerc Perú S.A.C.pdf','cec4e3de62e6ea00f4423c7efd41039f','OrdenCompra_Attachment','uploads/','302','40','2016-12-21 09:05:18',154556,'application/pdf'),(137,'MAN DIESEL.pdf','67e3997a360aac7469ba1c2abf1ebeb3','OrdenCompra_Attachment','uploads/','303','40','2016-12-21 13:31:47',47716,'application/pdf'),(138,'IVANA B PE 16 2000306-0 23219779 (2).pdf','e97f3e6bc03fb11d011acebf3af53f81','Cotizacion_Attachment','uploads/','133','38','2016-12-22 13:54:32',31769,'application/pdf'),(139,'CHEQUEO MAN DIESEL & TURBO PERU-SIM.xls','f165b2601bc1335075a2bc1c5d8efd74','OrdenCompra_Attachment','uploads/','482','40','2017-01-04 09:44:06',31232,'application/vnd.ms-excel'),(140,'ACQUAMARINA 0023193.pdf','a6944f7e800f271c41836507a12851a7','Cotizacion_Attachment','uploads/','154','45','2017-01-04 19:29:31',1349559,'application/pdf'),(141,'KIARA-B, PE 16-2000322, 23227502.pdf','aabd7c1ddfccc35a662189641ac3080a','Cotizacion_Attachment','uploads/','147','45','2017-01-06 09:31:50',52181,'application/pdf'),(142,'MAN DIESEL 2017-1.pdf','9d88969f3ab74446990f9f06776f8306','OrdenCompra_Attachment','uploads/','484','40','2017-01-06 09:46:22',67268,'application/pdf'),(143,'COTIZACIÓN 010-2017 ENERO.xlsx','4e490768a4f8cbc7817d7ceaa9793163','OrdenCompra_Attachment','uploads/','485','40','2017-01-06 09:56:02',49000,'application/vnd.openxmlformats-officedocument.spreadsheetml.sheet'),(145,'Re  COTIZACION FACTURAS MDT PERU.msg','ef15a8e63d9047b0b9255b84fb300da0','OrdenCompra_Attachment','uploads/','486','40','2017-01-06 10:25:18',45056,'application/octet-stream'),(146,'H 4500148023.pdf','73dc89c6bbbf8b941611b759a35cc794','Cotizacion_Attachment','uploads/','147','45','2017-01-06 15:14:54',62876,'application/pdf'),(147,'H 4500148023.pdf','ba2c23ea9da4575070820fb9d2567f57','OrdenCompra_Attachment','uploads/','487','45','2017-01-06 15:27:29',62876,'application/pdf'),(148,'COTIZACION DIMERC.pdf','83ec6cb203b1e08d1e48d19ab27b2832','OrdenCompra_Attachment','uploads/','489','40','2017-01-06 16:48:46',154910,'application/pdf'),(149,'T 5500513891.pdf','ce6916f28028cc352ac1ac5c3ff0e317','Cotizacion_Attachment','uploads/','124','38','2017-01-06 18:33:58',122407,'application/pdf'),(150,'H 4500147908.pdf','20393185d112e508623e125840350bee','Cotizacion_Attachment','uploads/','133','38','2017-01-06 18:43:11',26757,'application/pdf'),(151,'T 5500513891.pdf','d025357c14814f80e529100b08f8dd11','OrdenCompra_Attachment','uploads/','491','38','2017-01-09 00:02:50',122407,'application/pdf'),(152,'TASA 41, PE 16-2000297, 23212962.pdf','698d11fcd5c7ef333a929a880813eb4c','OrdenCompra_Attachment','uploads/','491','38','2017-01-09 00:03:32',52719,'application/pdf'),(153,'TASA 43, PE 16-2000299, 23212991.pdf','a37b3bc6ed70f60afde2e53bb1e4afb7','OrdenCompra_Attachment','uploads/','492','38','2017-01-09 00:22:40',43899,'application/pdf'),(155,'T 5500513891.pdf','31fa805b11784e13c41675cd09153a90','OrdenCompra_Attachment','uploads/','493','38','2017-01-09 00:25:54',122407,'application/pdf'),(156,'TASA 55, PE 16-2000300, 23213041.pdf','78f5b6d011f228d10bd251f874bea5fc','OrdenCompra_Attachment','uploads/','493','38','2017-01-09 00:26:18',54582,'application/pdf'),(157,'TASA 59, PE 16-2000301, 23216117.pdf','1e04bbd7234183b7a398d75a945db9bc','OrdenCompra_Attachment','uploads/','494','38','2017-01-09 00:27:16',86470,'application/pdf'),(158,'T 5500513891.pdf','0cf11d29de5bcdd62b7860c2581e4f57','OrdenCompra_Attachment','uploads/','494','38','2017-01-09 00:27:26',122407,'application/pdf'),(159,'T 5500513891.pdf','57149b64b1d905e8e86d74a655f37eb1','OrdenCompra_Attachment','uploads/','495','38','2017-01-09 00:30:25',122407,'application/pdf'),(160,'TASA 59, PE 16-2000305, 23218692.pdf','233c6d36fc0a377f989ea53f15a9e2cf','OrdenCompra_Attachment','uploads/','495','38','2017-01-09 00:30:36',54087,'application/pdf'),(161,'IVANA, PE 16-2000306, 23219779.pdf','50cdbfb7f17841323538e1e00328bb74','OrdenCompra_Attachment','uploads/','496','38','2017-01-09 01:03:10',52274,'application/pdf'),(162,'H 4500147908.pdf','12555ea010d3f561f8d30371db648d10','OrdenCompra_Attachment','uploads/','496','38','2017-01-09 01:03:27',26757,'application/pdf'),(163,'PE 17-2000002, 23229398 CHIMBOTE 1.pdf','c7a030e969868944fff4b0efc7935638','Cotizacion_Attachment','uploads/','155','38','2017-01-09 03:37:11',94427,'application/pdf'),(164,'T 5500513891.pdf','dc28a6b5fc173c89ba1f6f6360e41a4e','Cotizacion_Attachment','uploads/','126','45','2017-01-09 10:06:47',122407,'application/pdf'),(165,'T 5500513891.pdf','d8111f8469fd7f3ae25f55bdefb060ff','Cotizacion_Attachment','uploads/','127','38','2017-01-09 10:37:51',122407,'application/pdf'),(166,'TASA 55, PE 16-2000300, 23213041.pdf','b0cc4c7486d32a295c2568b06d17bcd1','Cotizacion_Attachment','uploads/','127','38','2017-01-09 10:38:09',54582,'application/pdf'),(167,'TASA 59, PE 16-2000301, 23216117.pdf','b828244ce38b35dc3380d4d4aaf3c55d','Cotizacion_Attachment','uploads/','128','38','2017-01-09 10:42:13',86470,'application/pdf'),(168,'T 5500513891.pdf','7f4fef70b703d3eed7824f6c549005c7','Cotizacion_Attachment','uploads/','128','38','2017-01-09 10:42:24',122407,'application/pdf'),(169,'TASA 59, PE 16-2000305, 23218692.pdf','8f402ba02134cf80b801aeacdada6a4d','Cotizacion_Attachment','uploads/','132','45','2017-01-09 10:46:15',54087,'application/pdf'),(170,'T 5500513891.pdf','9ce8613bd1788e2ca83b83ee2afe69f1','Cotizacion_Attachment','uploads/','132','45','2017-01-09 10:46:23',122407,'application/pdf'),(171,'T 5500516650.PDF','598cc1b1e1a078118d8b35812f8af83f','OrdenCompra_Attachment','uploads/','492','38','2017-01-09 11:10:11',1506428,'application/pdf'),(172,'TASA 53, PE 16-2000309, 23220358.pdf','acbb77210c66ac45c8258eb71d35cecc','OrdenCompra_Attachment','uploads/','492','38','2017-01-09 11:10:30',194851,'application/pdf'),(173,'Cotizacion guias de remision 2017.pdf','052cbe326dc15590a09d8021a0caf4ca','OrdenCompra_Attachment','uploads/','497','40','2017-01-09 11:13:02',18964,'application/pdf'),(174,'abarrotes.pdf','3b1b2122eea7ee8a3b31c430f2362376','OrdenCompra_Attachment','uploads/','498','40','2017-01-09 12:19:07',158742,'application/pdf'),(175,'E001-0020.pdf','1d13ba21a544aacb54bf741f11d0eef9','OrdenCompra_Attachment','uploads/','500','40','2017-01-10 09:00:57',99851,'application/pdf'),(176,'C 4500038018.PDF','d668665e7e60fc172cb419da8476438d','OrdenCompra_Attachment','uploads/','501','45','2017-01-11 13:34:57',67536,'application/pdf'),(177,'H 4500147211.pdf','c073d760c7501dac908c4f089780bd7a','OrdenCompra_Attachment','uploads/','300','45','2017-01-12 14:48:52',63713,'application/pdf'),(178,'H 4500148440.pdf','aaeff0ea42c6c08b77c63d3b320a5b99','OrdenCompra_Attachment','uploads/','300','45','2017-01-12 14:49:07',456225,'application/pdf'),(179,'T 5500518916.PDF','120c7fd4420513d4fa40355676ded576','OrdenCompra_Attachment','uploads/','504','45','2017-01-12 22:31:25',369572,'application/pdf'),(180,'Dimerc Perú S.A.C.pdf','908c8bbe2342b9a6754a3a30ca161f84','OrdenCompra_Attachment','uploads/','505','40','2017-01-16 16:04:29',156532,'application/pdf'),(181,'C 4500042047.PDF','c8b26b068c4bc477de1cbce843aa5eb1','OrdenCompra_Attachment','uploads/','506','45','2017-01-16 19:34:59',236644,'application/pdf'),(182,'23229398 PO17-024.pdf','31ebd6132e73870fffa96fc8b629d11b','OrdenCompra_Attachment','uploads/','506','45','2017-01-16 19:38:25',116202,'application/pdf'),(183,'23229400 PO17-025.pdf','1d94d2d4995dc507ee29e1ef638a8f03','OrdenCompra_Attachment','uploads/','507','45','2017-01-16 19:56:41',53962,'application/pdf'),(184,'C 4500041933.PDF','1f93c580ad6898c4bfc668251138130a','OrdenCompra_Attachment','uploads/','507','45','2017-01-16 19:56:50',111488,'application/pdf'),(185,'23226024 PO17-022.pdf','c614c5c7caeb41fc062c2f05bd7842e7','OrdenCompra_Attachment','uploads/','504','45','2017-01-16 20:09:47',65862,'application/pdf'),(186,'COTIZACIÓN 012-2017 ENERO.xlsx','26db9801e6e8e7d892452cf0f3fa83a2','OrdenCompra_Attachment','uploads/','508','40','2017-01-17 10:03:57',144655,'application/vnd.openxmlformats-officedocument.spreadsheetml.sheet'),(187,'articulos limpieza enero 2017.pdf','4d3cec2873eb31d85021316a86fd1006','OrdenCompra_Attachment','uploads/','509','40','2017-01-17 10:29:11',163531,'application/pdf'),(188,'TASA 45, PE 17-2000011, 23231666.pdf','f3b85dcec45e37bdd22629b791df4b92','Cotizacion_Attachment','uploads/','164','45','2017-01-23 21:40:25',44640,'application/pdf'),(189,'TASA 41, PE 17-2000011, 23236867.pdf','b20b7a09c80dbe1b93f5a93010d24336','Cotizacion_Attachment','uploads/','164','45','2017-01-23 21:40:25',44138,'application/pdf'),(190,'SAN FERNANDO, PE 17-2000013, 23232733.pdf','93d198a4e8278d6b5a92f99418c09846','Cotizacion_Attachment','uploads/','166','45','2017-01-23 23:18:50',55675,'application/pdf'),(191,'BRUNELLA, PE 17-2000015, 23234110.pdf','d7836e2c4350e6b5007a6286e45d5cc8','Cotizacion_Attachment','uploads/','168','45','2017-01-23 23:50:20',66456,'application/pdf'),(192,'INCAMAR II, PE 17-2000016, 23234121.pdf','769dcd3a0b8e06fa00f2e11ddaf25f38','Cotizacion_Attachment','uploads/','169','45','2017-01-24 00:23:01',63291,'application/pdf'),(193,'INCAMAR II, PE 17-2000004, 23230079.pdf','ce6cfe9c88059c135ae7f747190d804a','Cotizacion_Attachment','uploads/','157','45','2017-01-24 00:57:01',52438,'application/pdf'),(195,'Proveedores.xlsx','6772ff445cac31284d9ea48d134219a4','OrdenCompra_Attachment','uploads/','526','38','2017-02-15 00:51:48',42951,'application/vnd.openxmlformats-officedocument.spreadsheetml.sheet'),(196,'PRNOSdesk-04.png','ad6f06fe59b7a011e16a41e016d391d9','OrdenCompra_Attachment','uploads/','557','38','2017-02-16 11:16:16',677246,'image/png'),(197,'casiKoala.pdf','795a334533b8db528b572e40801b80e7','OrdenCompra_Attachment','uploads/','566','38','2017-03-15 23:02:39',3060309,'application/pdf');
/*!40000 ALTER TABLE `hs_attachments` ENABLE KEYS */;
UNLOCK TABLES;

--
-- Table structure for table `hs_funcionalidades`
--

DROP TABLE IF EXISTS `hs_funcionalidades`;
/*!40101 SET @saved_cs_client     = @@character_set_client */;
/*!40101 SET character_set_client = utf8 */;
CREATE TABLE `hs_funcionalidades` (
  `id` int(11) NOT NULL AUTO_INCREMENT,
  `modulo` varchar(45) DEFAULT NULL,
  `funcionalidad` varchar(45) DEFAULT NULL,
  `url` varchar(45) DEFAULT NULL,
  `visible` int(1) DEFAULT NULL,
  PRIMARY KEY (`id`)
) ENGINE=InnoDB AUTO_INCREMENT=35 DEFAULT CHARSET=utf8;
/*!40101 SET character_set_client = @saved_cs_client */;

--
-- Dumping data for table `hs_funcionalidades`
--

LOCK TABLES `hs_funcionalidades` WRITE;
/*!40000 ALTER TABLE `hs_funcionalidades` DISABLE KEYS */;
INSERT INTO `hs_funcionalidades` VALUES (1,'Mi Cuenta','Cerrar Sesión','index.html',1),(2,'Mi Cuenta','Cambiar Contraseña','#/cambiarContrasenia',1),(8,'Logistica','Orden de Compra','#/ordenCompra',1),(13,'Usuarios','Grupo de usuarios','#/usuario/gruposUsuarios',1),(14,'Usuarios','Gestión de Usuarios','#/user/admin',1),(15,'Maestros','Centros de Costo','#/proyectos',1),(16,'Maestros','Proveedores','#/proveedores',1),(17,'Maestros','Cuentas Contables','#/cuentaContable',1),(24,'Reportes','Registro de Compras','5',1),(30,'Orden Compra','Servicios',NULL,0),(31,'Orden Compra','No Servicios',NULL,0),(32,'Todo','Solo Lectura',NULL,0),(33,'Maestros','Parámetros','#/configuracion/textoOC',1),(34,'Logistica','Solicitudes de Compra','#/reqCompra',1);
/*!40000 ALTER TABLE `hs_funcionalidades` ENABLE KEYS */;
UNLOCK TABLES;

--
-- Table structure for table `hs_operacionespermitidas`
--

DROP TABLE IF EXISTS `hs_operacionespermitidas`;
/*!40101 SET @saved_cs_client     = @@character_set_client */;
/*!40101 SET character_set_client = utf8 */;
CREATE TABLE `hs_operacionespermitidas` (
  `id` int(11) NOT NULL AUTO_INCREMENT,
  `url` varchar(100) DEFAULT NULL,
  `verbo` varchar(100) DEFAULT NULL,
  PRIMARY KEY (`id`)
) ENGINE=InnoDB AUTO_INCREMENT=210 DEFAULT CHARSET=utf8;
/*!40101 SET character_set_client = @saved_cs_client */;

--
-- Dumping data for table `hs_operacionespermitidas`
--

LOCK TABLES `hs_operacionespermitidas` WRITE;
/*!40000 ALTER TABLE `hs_operacionespermitidas` DISABLE KEYS */;
INSERT INTO `hs_operacionespermitidas` VALUES (1,'/HS_Menu','GET'),(2,'/HISParam','GET'),(3,'/GrupoAprobacion','GET'),(4,'/GrupoAprobacion','POST'),(5,'/TipoAprobacion','GET'),(6,'/GrupoAprobacion/*','DELETE'),(7,'/GrupoAprobacion/*','GET'),(8,'/GrupoAprobacion/*','PUT'),(9,'/Cotizacion','GET'),(10,'/Cotizacion','POST'),(11,'/Cotizacion/*','PUT'),(12,'/Cotizacion/*','DELETE'),(13,'/Cotizacion/*','GET'),(14,'/TextoCotizacion','GET'),(15,'/TextoCotizacion','POST'),(16,'/TextoCotizacion/*','DELETE'),(17,'/TextoCotizacion/*','GET'),(18,'/TextoCotizacion/*','PUT'),(19,'/CategoriaCotizacion','GET'),(20,'/Cliente','GET'),(21,'/Cliente','POST'),(22,'/Cliente/*','GET'),(23,'/Cliente/*','DELETE'),(24,'/Cliente/*','PUT'),(25,'/EstadoCliente','GET'),(26,'/Buques','GET'),(27,'/Buques','POST'),(28,'/Buques/*','GET'),(29,'/Buques/*','DELETE'),(30,'/Buques/*','PUT'),(31,'/ParametrosFactor','GET'),(32,'/ParametrosFactor','POST'),(33,'/ParametrosFactor/*','DELETE'),(34,'/ParametrosFactor/*','GET'),(35,'/ParametrosFactor/*','PUT'),(36,'/HS_Usuario','GET'),(37,'/HS_Usuario','POST'),(38,'/HS_Usuario/*','GET'),(39,'/HS_Usuario/*','PUT'),(40,'/HS_Usuario/*','DELETE'),(41,'/UsuarioGrupoAprobacion','GET'),(42,'/Articulo','GET'),(43,'/Articulo','POST'),(44,'/Articulo/*','GET'),(45,'/Articulo/*','DELETE'),(46,'/Articulo/*','PUT'),(48,'/Cotizacion/upload/*','POST'),(49,'/Cotizacion/upload','POST'),(50,'/Cotizacion/upload/*','GET'),(51,'/Cotizacion/upload/*','GET'),(52,'/Cotizacion/download/*','GET'),(53,'/HS_UserAdmin','GET'),(54,'/HS_UserAdmin','POST'),(55,'/HS_UserAdmin/*','PUT'),(56,'/HS_UserAdmin/*','DELETE'),(57,'/HS_UserAdmin/*','GET'),(58,'/Despacho','GET'),(59,'/Facturacion','POST'),(60,'/Facturacion/*','PUT'),(61,'/Facturacion','GET'),(62,'/Facturacion/*','GET'),(63,'/Facturacion/*','DELETE'),(64,'/Refacturacion/*','PUT'),(65,'/desbloquearUsuario/*','GET'),(66,'/DespachoGuias/*','GET'),(67,'/CotizacionRechazaCliente/*','PUT'),(68,'/ordenConfirmacion/*','PUT'),(69,'/FacturasVencidas','GET'),(70,'/CentroCosto','GET'),(71,'/CentroCosto','POST'),(72,'/CentroCosto/*','GET'),(73,'/CentroCosto/*','DELETE'),(74,'/CentroCosto/*','PUT'),(75,'/FacturacionDespacho','POST'),(76,'/CuentaContable','GET'),(77,'/CuentaContable','POST'),(78,'/CuentaContable/*','GET'),(79,'/CuentaContable/*','PUT'),(80,'/CuentaContable/*','DELETE'),(81,'/upload/*','DELETE'),(82,'/upload','GET'),(83,'/Cotizacion_Attachment/upload','POST'),(84,'/TipoArticulo','GET'),(85,'/Proveedor','GET'),(86,'/Proveedor','POST'),(87,'/Proveedor/*','GET'),(88,'/Proveedor/*','DELETE'),(89,'/Proveedor/*','PUT'),(90,'/TipoOrdenCompra','GET'),(91,'/OrdenCompra','GET'),(92,'/OrdenCompra','POST'),(93,'/OrdenCompra/*','GET'),(94,'/OrdenCompra/*','DELETE'),(95,'/OrdenCompra/*','PUT'),(96,'/CotizacionFiltros','GET'),(97,'/CotizacionAgregarOrdenCompra/*','PUT'),(98,'/CarpetaImportacion','GET'),(99,'/CarpetaImportacion','POST'),(100,'/CarpetaImportacion/*','GET'),(101,'/CarpetaImportacion/*','DELETE'),(102,'/CarpetaImportacion/*','PUT'),(103,'/FacturacionProveedor','POST'),(104,'/FacturacionProveedor/*','GET'),(105,'/Incoterm','GET'),(106,'/elementoImportacion/*','GET'),(107,'/datosOrdenCompra/*','GET'),(108,'/documentoCarpImportacion','POST'),(109,'/resumenImportacion/*','GET'),(110,'/elementoImportacionMonto/*','PUT'),(111,'/documentoCarpImportacion/*','GET'),(112,'/documentoCarpImportacion/*','PUT'),(113,'/documentoCarpImportacionElemento/*','GET'),(114,'/resumenImportacionCostos/*','GET'),(115,'/documentoRecientes','GET'),(116,'/importacionTraslado','POST'),(117,'/CotizacionAceptaCliente/*','PUT'),(118,'/Inventario/Kardex','GET'),(119,'/CotizacionServicios','GET'),(120,'/CotizacionServicios/*','GET'),(121,'/CotizacionServicios','POST'),(122,'/CotizacionServicios/*','PUT'),(123,'/CotizacionServicios/*','DELETE'),(124,'/CarpetaImportacionDetalle/*','GET'),(125,'/CentroCostoNombre','GET'),(126,'/ClienteNombre','GET'),(127,'/CancelarCotizacion/*','PUT'),(128,'/Despacho','POST'),(129,'/Despacho/*','GET'),(130,'/Despacho/*','PUT'),(131,'/cerrarDespacho/*','PUT'),(132,'/ProductosDespachar','GET'),(133,'/despachar','POST'),(134,'/elementoImportacion/*','GET'),(135,'/documentoCarpImportacion','GET'),(136,'/ultimoDocumentoEmitido','GET'),(137,'/reporteOrderIntake','POST'),(138,'/TextoCotizacionNombre','GET'),(139,'/TipoCambio/*','GET'),(140,'/TipoCambio/*','DELETE'),(141,'/TipoCambio/*','PUT'),(142,'/TipoCambio','GET'),(143,'/TipoCambio','POST'),(144,'/reporteOrderIntake','GET'),(145,'/getRegistroVentas','GET'),(146,'/Inventario/Kardex','GET'),(147,'/BalanceSheet','GET'),(148,'/getRegistroCompras','GET'),(149,'/reporteOrderBacklog','GET'),(150,'/BalanceSheetPersonal','GET'),(151,'/TimeSheet','GET'),(152,'/reporteOrderIntakeCerrar','GET'),(153,'/reporteOrderBacklogCerrar','GET'),(154,'/OrdenCompraServicios','POST'),(155,'/OrdenComprarNoServicios','POST'),(156,'/OrdenCompraServicios','GET'),(157,'/OrdenComprarNoServicios','GET'),(158,'/OrdenCompraServicios/*','PUT'),(159,'/OrdenCompraServicios/*','DELETE'),(160,'/OrdenCompraServicios/*','GET'),(161,'/OrdenComprarNoServicios/*','PUT'),(162,'/OrdenComprarNoServicios/*','DELETE'),(163,'/OrdenComprarNoServicios/*','GET'),(164,'/ultimoDespacho','GET'),(165,'/carpetaImportacionOrdenCompras','GET'),(166,'/documentoCarpImportacionDetalleAsignado','POST'),(167,'/documentoImportacionEspecial/*','PUT'),(168,'/Cargo/*','GET'),(169,'/Cargo/*','DELETE'),(170,'/Cargo/*','PUT'),(171,'/Cargo','GET'),(172,'/Cargo','POST'),(173,'/CargoNombre','GET'),(174,'/CentroCostoServicios','GET'),(175,'/ProveedorCentroCosto','GET'),(176,'/Familia','GET'),(177,'/SubFamilia/*','GET'),(178,'/Familia/*','GET'),(179,'/FamiliaCompleta/*','GET'),(180,'/Inventario/*','GET'),(181,'/Inventario','GET'),(182,'/Inventario/*','POST'),(183,'/Inventario/*','PUT'),(184,'/Inventario/*','DELETE'),(185,'/InventarioTipoDocumento','GET'),(186,'/InventarioTipoOperacion','GET'),(187,'/InventarioTipoOrigen','GET'),(188,'/GuiaRemision/ExportRAW/*','GET'),(189,'/FacturacionProveedor','GET'),(190,'/detalleFacturaProveedor/*','GET'),(191,'/FacturacionProveedor/*','PUT'),(192,'/HISParamGroup','GET'),(193,'/CentroCostoTipo','GET'),(194,'/CotizacionLiquidacion/*','PUT'),(195,'/ordenConfirmacionServicios/*','PUT'),(196,'/OrdenCompraCancelar/*','PUT'),(197,'/OrdenCompraVerificarCancelable/*','GET'),(198,'/Anular/*','PUT'),(199,'/carpetaImportacionOrdenCompraAsignables/*','GET'),(200,'/ArticulosCarpetaImportacionParcial','POST'),(201,'/CentroCostoValid','GET'),(202,'/ReqCompra','GET'),(203,'/ReqCompra','POST'),(204,'/ReqCompra/*','GET'),(205,'/ReqCompra/*','DELETE'),(206,'/ReqCompra/*','PUT'),(207,'/ReqCompraCancelar/*','PUT'),(208,'/reqCompraVerificarCancelable/*','GET'),(209,'/ReqCompra/Export/*','GET');
/*!40000 ALTER TABLE `hs_operacionespermitidas` ENABLE KEYS */;
UNLOCK TABLES;

--
-- Table structure for table `hs_parametros`
--

DROP TABLE IF EXISTS `hs_parametros`;
/*!40101 SET @saved_cs_client     = @@character_set_client */;
/*!40101 SET character_set_client = utf8 */;
CREATE TABLE `hs_parametros` (
  `id` int(11) NOT NULL AUTO_INCREMENT,
  `nombreParam` varchar(45) DEFAULT NULL,
  `valorParam` varchar(45) DEFAULT NULL,
  `grupoParam` varchar(45) DEFAULT NULL,
  `tipoParam` varchar(45) DEFAULT NULL,
  `nivel` varchar(45) DEFAULT NULL,
  `created_by` varchar(45) DEFAULT NULL,
  `created_date` datetime DEFAULT NULL,
  `updated_by` varchar(45) DEFAULT NULL,
  `updated_date` date DEFAULT NULL,
  PRIMARY KEY (`id`)
) ENGINE=InnoDB AUTO_INCREMENT=15 DEFAULT CHARSET=utf8;
/*!40101 SET character_set_client = @saved_cs_client */;

--
-- Dumping data for table `hs_parametros`
--

LOCK TABLES `hs_parametros` WRITE;
/*!40000 ALTER TABLE `hs_parametros` DISABLE KEYS */;
INSERT INTO `hs_parametros` VALUES (1,'entity','MAN DIESEL & TURBO PERÚ S.A.C',NULL,NULL,'COMPANY',NULL,NULL,NULL,NULL),(2,'ruc','20563282381',NULL,NULL,'COMPANY',NULL,NULL,NULL,NULL),(3,'fiscal_address','Av.Camino Real 390 of.801 - San Isidro',NULL,NULL,'COMPANY',NULL,NULL,NULL,NULL),(4,'dispatch_address','Calle Enrique Palacios 335 of 604, Miraflores',NULL,NULL,'COMPANY',NULL,NULL,NULL,NULL),(5,'igv','0.18','IMPUESTO','LLEVABLE',NULL,NULL,NULL,NULL,NULL),(6,'exportacion','0','IMPUESTO','LLEVABLE',NULL,NULL,NULL,NULL,NULL),(7,'exonerado','0','IMPUESTO','LLEVABLE',NULL,NULL,NULL,NULL,NULL),(8,'SP','Spare Parts','CENTROCOSTO',NULL,NULL,NULL,NULL,NULL,NULL),(9,'COM','Comisiones','CENTROCOSTO',NULL,NULL,NULL,NULL,NULL,NULL),(10,'TS','Tech Service','CENTROCOSTO',NULL,NULL,NULL,NULL,NULL,NULL),(11,'OTH','Others','CENTROCOSTO',NULL,NULL,NULL,NULL,NULL,NULL),(12,'telefono','+51 (1)6284753',NULL,NULL,NULL,NULL,NULL,NULL,NULL),(13,'correo','PrimeServ-pe@mandieselturbo.com',NULL,NULL,NULL,NULL,NULL,NULL,NULL),(14,'user_internacional','rosa.LaTorre@pe.man.eu',NULL,NULL,'USER',NULL,NULL,NULL,NULL);
/*!40000 ALTER TABLE `hs_parametros` ENABLE KEYS */;
UNLOCK TABLES;

--
-- Table structure for table `hs_rol_x_funcionalidades`
--

DROP TABLE IF EXISTS `hs_rol_x_funcionalidades`;
/*!40101 SET @saved_cs_client     = @@character_set_client */;
/*!40101 SET character_set_client = utf8 */;
CREATE TABLE `hs_rol_x_funcionalidades` (
  `id` int(11) NOT NULL AUTO_INCREMENT,
  `rol` int(11) DEFAULT NULL,
  `funcionalidad` int(11) DEFAULT NULL,
  PRIMARY KEY (`id`)
) ENGINE=InnoDB AUTO_INCREMENT=396 DEFAULT CHARSET=utf8;
/*!40101 SET character_set_client = @saved_cs_client */;

--
-- Dumping data for table `hs_rol_x_funcionalidades`
--

LOCK TABLES `hs_rol_x_funcionalidades` WRITE;
/*!40000 ALTER TABLE `hs_rol_x_funcionalidades` DISABLE KEYS */;
INSERT INTO `hs_rol_x_funcionalidades` VALUES (139,1,1),(140,1,2),(141,1,3),(142,1,4),(143,1,5),(144,1,6),(145,1,7),(146,1,8),(147,1,9),(148,1,10),(149,1,11),(150,1,12),(151,1,13),(152,1,14),(153,1,15),(154,1,16),(156,1,19),(157,1,20),(158,1,21),(159,1,22),(160,1,23),(161,1,24),(163,1,28),(164,1,30),(165,1,31),(166,2,1),(167,2,2),(168,2,3),(169,2,4),(170,2,5),(171,2,6),(172,2,7),(173,2,8),(174,2,9),(175,2,10),(176,2,11),(177,2,12),(178,2,13),(179,2,14),(180,2,15),(181,2,16),(183,2,19),(184,2,20),(185,2,21),(186,2,22),(187,2,23),(188,2,24),(190,2,28),(191,2,30),(192,2,31),(193,3,1),(194,3,2),(195,3,3),(196,3,4),(197,3,5),(198,3,6),(199,3,7),(200,3,8),(201,3,9),(202,3,10),(203,3,11),(204,3,12),(205,3,13),(206,3,14),(207,3,15),(208,3,16),(210,3,19),(211,3,20),(212,3,21),(213,3,22),(214,3,23),(215,3,24),(217,3,28),(218,3,30),(219,3,31),(220,4,1),(221,4,2),(222,4,3),(223,4,4),(224,4,5),(225,4,6),(226,4,7),(227,4,8),(228,4,9),(229,4,10),(230,4,11),(231,4,12),(232,4,13),(233,4,14),(234,4,15),(235,4,16),(237,4,19),(238,4,25),(239,4,26),(240,4,22),(241,4,23),(242,4,24),(243,4,28),(244,4,30),(245,4,31),(246,4,32),(247,5,1),(248,5,2),(249,5,3),(250,5,4),(251,5,5),(252,5,6),(253,5,7),(254,5,8),(255,5,9),(256,5,10),(257,5,11),(258,5,12),(259,5,13),(260,5,14),(261,5,15),(262,5,16),(263,5,19),(264,5,22),(265,5,23),(266,5,24),(267,5,25),(268,5,26),(270,5,28),(272,5,31),(273,6,1),(274,6,2),(275,6,3),(276,6,4),(277,6,5),(278,6,6),(279,6,8),(280,6,9),(281,6,10),(282,6,11),(283,6,12),(284,6,13),(285,6,14),(286,6,15),(287,6,16),(289,6,19),(290,6,22),(291,6,23),(292,6,24),(293,6,25),(294,6,26),(296,6,28),(297,6,30),(298,1,33),(299,2,33),(300,3,33),(301,4,33),(302,5,33),(303,6,33),(304,7,1),(305,7,2),(306,7,3),(307,7,4),(308,7,5),(309,7,6),(310,7,7),(311,7,8),(312,7,9),(313,7,10),(314,7,11),(315,7,12),(316,7,13),(317,7,14),(318,7,15),(319,7,16),(320,7,19),(321,7,20),(322,7,21),(323,7,22),(324,7,23),(325,7,24),(326,7,25),(327,7,26),(328,7,28),(329,7,30),(330,7,31),(331,7,33),(335,8,1),(336,8,2),(337,8,3),(338,8,4),(339,8,5),(340,8,6),(341,8,7),(342,8,8),(343,8,9),(344,8,10),(345,8,11),(346,8,12),(347,8,13),(348,8,14),(349,8,15),(350,8,16),(351,8,19),(352,8,20),(353,8,21),(354,8,22),(355,8,23),(356,8,24),(357,8,25),(358,8,26),(359,8,28),(360,8,30),(361,8,31),(362,8,32),(363,8,33),(369,9,1),(370,9,2),(371,9,3),(372,9,4),(373,9,5),(374,9,6),(375,9,7),(376,9,8),(377,9,9),(378,9,10),(379,9,11),(380,9,12),(381,9,13),(382,9,14),(383,9,15),(384,9,16),(385,9,19),(386,9,20),(387,9,21),(388,9,22),(389,9,23),(390,9,24),(391,9,28),(392,9,30),(393,9,31),(394,9,33),(395,1,34);
/*!40000 ALTER TABLE `hs_rol_x_funcionalidades` ENABLE KEYS */;
UNLOCK TABLES;

--
-- Table structure for table `hs_rol_x_operaciones`
--

DROP TABLE IF EXISTS `hs_rol_x_operaciones`;
/*!40101 SET @saved_cs_client     = @@character_set_client */;
/*!40101 SET character_set_client = utf8 */;
CREATE TABLE `hs_rol_x_operaciones` (
  `id` int(11) NOT NULL AUTO_INCREMENT,
  `rol` int(11) DEFAULT NULL,
  `operaciones` int(11) DEFAULT NULL,
  PRIMARY KEY (`id`)
) ENGINE=InnoDB AUTO_INCREMENT=2498 DEFAULT CHARSET=utf8;
/*!40101 SET character_set_client = @saved_cs_client */;

--
-- Dumping data for table `hs_rol_x_operaciones`
--

LOCK TABLES `hs_rol_x_operaciones` WRITE;
/*!40000 ALTER TABLE `hs_rol_x_operaciones` DISABLE KEYS */;
INSERT INTO `hs_rol_x_operaciones` VALUES (827,1,1),(828,1,2),(829,1,3),(830,1,4),(831,1,5),(832,1,6),(833,1,7),(834,1,8),(835,1,9),(836,1,10),(837,1,11),(838,1,12),(839,1,13),(840,1,14),(841,1,15),(842,1,16),(843,1,17),(844,1,18),(845,1,19),(846,1,20),(847,1,21),(848,1,22),(849,1,23),(850,1,24),(851,1,25),(852,1,26),(853,1,27),(854,1,28),(855,1,29),(856,1,30),(857,1,31),(858,1,32),(859,1,33),(860,1,34),(861,1,35),(862,1,36),(863,1,37),(864,1,38),(865,1,39),(866,1,40),(867,1,41),(868,1,42),(869,1,43),(870,1,44),(871,1,45),(872,1,46),(873,1,48),(874,1,49),(875,1,50),(876,1,51),(877,1,52),(878,1,53),(879,1,54),(880,1,55),(881,1,56),(882,1,57),(883,1,58),(884,1,59),(885,1,60),(886,1,61),(887,1,62),(888,1,63),(889,1,64),(890,1,65),(891,1,66),(892,1,67),(893,1,68),(894,1,69),(895,1,70),(896,1,71),(897,1,72),(898,1,73),(899,1,74),(900,1,75),(901,1,76),(902,1,77),(903,1,78),(904,1,79),(905,1,80),(906,1,81),(907,1,82),(908,1,83),(909,1,84),(910,1,85),(911,1,86),(912,1,87),(913,1,88),(914,1,89),(915,1,90),(916,1,91),(917,1,92),(918,1,93),(919,1,94),(920,1,95),(921,1,96),(922,1,97),(923,1,98),(924,1,99),(925,1,100),(926,1,101),(927,1,102),(928,1,103),(929,1,104),(930,1,105),(931,1,106),(932,1,107),(933,1,108),(934,1,109),(935,1,110),(936,1,111),(937,1,112),(938,1,113),(939,1,114),(940,1,115),(941,1,116),(942,1,117),(943,1,118),(944,1,119),(945,1,120),(946,1,121),(947,1,122),(948,1,123),(949,1,124),(950,1,125),(951,1,126),(952,1,127),(953,1,128),(954,1,129),(955,1,130),(956,1,131),(957,1,132),(958,1,133),(959,1,134),(960,1,135),(961,1,136),(962,1,137),(963,1,138),(964,1,139),(965,1,140),(966,1,141),(967,1,142),(968,1,143),(969,1,145),(970,1,146),(971,1,147),(972,1,148),(973,1,151),(974,1,152),(975,1,153),(976,1,164),(977,1,165),(978,1,166),(979,1,167),(980,1,168),(981,1,169),(982,1,170),(983,1,171),(984,1,172),(985,1,173),(986,1,174),(987,1,175),(988,1,176),(989,1,177),(990,1,178),(991,1,179),(992,1,180),(993,1,181),(994,1,182),(995,1,183),(996,1,184),(997,1,185),(998,1,186),(999,1,187),(1000,2,1),(1001,2,2),(1002,2,3),(1003,2,4),(1004,2,5),(1005,2,6),(1006,2,7),(1007,2,8),(1008,2,9),(1009,2,10),(1010,2,11),(1011,2,12),(1012,2,13),(1013,2,14),(1014,2,15),(1015,2,16),(1016,2,17),(1017,2,18),(1018,2,19),(1019,2,20),(1020,2,21),(1021,2,22),(1022,2,23),(1023,2,24),(1024,2,25),(1025,2,26),(1026,2,27),(1027,2,28),(1028,2,29),(1029,2,30),(1030,2,31),(1031,2,32),(1032,2,33),(1033,2,34),(1034,2,35),(1035,2,36),(1036,2,37),(1037,2,38),(1038,2,39),(1039,2,40),(1040,2,41),(1041,2,42),(1042,2,43),(1043,2,44),(1044,2,45),(1045,2,46),(1046,2,48),(1047,2,49),(1048,2,50),(1049,2,51),(1050,2,52),(1051,2,53),(1052,2,54),(1053,2,55),(1054,2,56),(1055,2,57),(1056,2,58),(1057,2,59),(1058,2,60),(1059,2,61),(1060,2,62),(1061,2,63),(1062,2,64),(1063,2,65),(1064,2,66),(1065,2,67),(1066,2,68),(1067,2,69),(1068,2,70),(1069,2,71),(1070,2,72),(1071,2,73),(1072,2,74),(1073,2,75),(1074,2,76),(1075,2,77),(1076,2,78),(1077,2,79),(1078,2,80),(1079,2,81),(1080,2,82),(1081,2,83),(1082,2,84),(1083,2,85),(1084,2,86),(1085,2,87),(1086,2,88),(1087,2,89),(1088,2,90),(1089,2,91),(1090,2,92),(1091,2,93),(1092,2,94),(1093,2,95),(1094,2,96),(1095,2,97),(1096,2,98),(1097,2,99),(1098,2,100),(1099,2,101),(1100,2,102),(1101,2,103),(1102,2,104),(1103,2,105),(1104,2,106),(1105,2,107),(1106,2,108),(1107,2,109),(1108,2,110),(1109,2,111),(1110,2,112),(1111,2,113),(1112,2,114),(1113,2,115),(1114,2,116),(1115,2,117),(1116,2,118),(1117,2,119),(1118,2,120),(1119,2,121),(1120,2,122),(1121,2,123),(1122,2,124),(1123,2,125),(1124,2,126),(1125,2,127),(1126,2,128),(1127,2,129),(1128,2,130),(1129,2,131),(1130,2,132),(1131,2,133),(1132,2,134),(1133,2,135),(1134,2,136),(1135,2,137),(1136,2,138),(1137,2,139),(1138,2,140),(1139,2,141),(1140,2,142),(1141,2,143),(1142,2,145),(1143,2,146),(1144,2,147),(1145,2,148),(1146,2,151),(1147,2,152),(1148,2,153),(1149,2,164),(1150,2,165),(1151,2,166),(1152,2,167),(1153,2,168),(1154,2,169),(1155,2,170),(1156,2,171),(1157,2,172),(1158,2,173),(1159,2,174),(1160,2,175),(1161,2,176),(1162,2,177),(1163,2,178),(1164,2,179),(1165,2,180),(1166,2,181),(1167,2,182),(1168,2,183),(1169,2,184),(1170,2,185),(1171,2,186),(1172,2,187),(1173,3,1),(1174,3,2),(1175,3,3),(1176,3,4),(1177,3,5),(1178,3,6),(1179,3,7),(1180,3,8),(1181,3,9),(1182,3,10),(1183,3,11),(1184,3,12),(1185,3,13),(1186,3,14),(1187,3,15),(1188,3,16),(1189,3,17),(1190,3,18),(1191,3,19),(1192,3,20),(1193,3,21),(1194,3,22),(1195,3,23),(1196,3,24),(1197,3,25),(1198,3,26),(1199,3,27),(1200,3,28),(1201,3,29),(1202,3,30),(1203,3,31),(1204,3,32),(1205,3,33),(1206,3,34),(1207,3,35),(1208,3,36),(1209,3,37),(1210,3,38),(1211,3,39),(1212,3,40),(1213,3,41),(1214,3,42),(1215,3,43),(1216,3,44),(1217,3,45),(1218,3,46),(1219,3,48),(1220,3,49),(1221,3,50),(1222,3,51),(1223,3,52),(1224,3,53),(1225,3,54),(1226,3,55),(1227,3,56),(1228,3,57),(1229,3,58),(1230,3,59),(1231,3,60),(1232,3,61),(1233,3,62),(1234,3,63),(1235,3,64),(1236,3,65),(1237,3,66),(1238,3,67),(1239,3,68),(1240,3,69),(1241,3,70),(1242,3,71),(1243,3,72),(1244,3,73),(1245,3,74),(1246,3,75),(1247,3,76),(1248,3,77),(1249,3,78),(1250,3,79),(1251,3,80),(1252,3,81),(1253,3,82),(1254,3,83),(1255,3,84),(1256,3,85),(1257,3,86),(1258,3,87),(1259,3,88),(1260,3,89),(1261,3,90),(1262,3,91),(1263,3,92),(1264,3,93),(1265,3,94),(1266,3,95),(1267,3,96),(1268,3,97),(1269,3,98),(1270,3,99),(1271,3,100),(1272,3,101),(1273,3,102),(1274,3,103),(1275,3,104),(1276,3,105),(1277,3,106),(1278,3,107),(1279,3,108),(1280,3,109),(1281,3,110),(1282,3,111),(1283,3,112),(1284,3,113),(1285,3,114),(1286,3,115),(1287,3,116),(1288,3,117),(1289,3,118),(1290,3,119),(1291,3,120),(1292,3,121),(1293,3,122),(1294,3,123),(1295,3,124),(1296,3,125),(1297,3,126),(1298,3,127),(1299,3,128),(1300,3,129),(1301,3,130),(1302,3,131),(1303,3,132),(1304,3,133),(1305,3,134),(1306,3,135),(1307,3,136),(1308,3,137),(1309,3,138),(1310,3,139),(1311,3,140),(1312,3,141),(1313,3,142),(1314,3,143),(1315,3,145),(1316,3,146),(1317,3,147),(1318,3,148),(1319,3,151),(1320,3,152),(1321,3,153),(1322,3,164),(1323,3,165),(1324,3,166),(1325,3,167),(1326,3,168),(1327,3,169),(1328,3,170),(1329,3,171),(1330,3,172),(1331,3,173),(1332,3,174),(1333,3,175),(1334,3,176),(1335,3,177),(1336,3,178),(1337,3,179),(1338,3,180),(1339,3,181),(1340,3,182),(1341,3,183),(1342,3,184),(1343,3,185),(1344,3,186),(1345,3,187),(1346,4,1),(1347,4,2),(1348,4,3),(1349,4,5),(1350,4,7),(1351,4,9),(1352,4,13),(1353,4,14),(1354,4,17),(1355,4,19),(1356,4,20),(1357,4,22),(1358,4,25),(1359,4,26),(1360,4,28),(1361,4,31),(1362,4,34),(1363,4,36),(1364,4,38),(1365,4,41),(1366,4,42),(1367,4,44),(1368,4,50),(1369,4,51),(1370,4,52),(1371,4,53),(1372,4,57),(1373,4,58),(1374,4,61),(1375,4,62),(1376,4,65),(1377,4,66),(1378,4,69),(1379,4,70),(1380,4,72),(1381,4,76),(1382,4,78),(1383,4,82),(1384,4,84),(1385,4,85),(1386,4,87),(1387,4,90),(1388,4,91),(1389,4,93),(1390,4,96),(1391,4,98),(1392,4,100),(1393,4,104),(1394,4,105),(1395,4,106),(1396,4,107),(1397,4,109),(1398,4,111),(1399,4,113),(1400,4,114),(1401,4,115),(1402,4,118),(1403,4,119),(1404,4,120),(1405,4,124),(1406,4,125),(1407,4,126),(1408,4,129),(1409,4,132),(1410,4,134),(1411,4,135),(1412,4,136),(1413,4,138),(1414,4,139),(1415,4,142),(1416,4,144),(1417,4,145),(1418,4,146),(1419,4,147),(1420,4,148),(1421,4,149),(1422,4,151),(1423,4,164),(1424,4,165),(1425,4,168),(1426,4,171),(1427,4,173),(1428,4,174),(1429,4,175),(1430,4,176),(1431,4,177),(1432,4,178),(1433,4,179),(1434,4,180),(1435,4,181),(1436,4,185),(1437,4,186),(1438,4,187),(1439,5,1),(1440,5,2),(1441,5,3),(1442,5,5),(1443,5,7),(1444,5,9),(1445,5,13),(1446,5,14),(1447,5,17),(1448,5,19),(1449,5,20),(1450,5,22),(1451,5,25),(1452,5,26),(1453,5,28),(1454,5,31),(1455,5,34),(1456,5,36),(1457,5,38),(1458,5,41),(1459,5,42),(1460,5,44),(1461,5,50),(1462,5,51),(1463,5,52),(1464,5,53),(1465,5,57),(1466,5,58),(1467,5,59),(1468,5,60),(1469,5,61),(1470,5,62),(1471,5,63),(1472,5,64),(1473,5,65),(1474,5,66),(1475,5,69),(1476,5,70),(1477,5,72),(1478,5,75),(1479,5,76),(1480,5,78),(1481,5,82),(1482,5,84),(1483,5,85),(1484,5,86),(1485,5,87),(1486,5,89),(1487,5,90),(1488,5,91),(1489,5,93),(1490,5,96),(1491,5,98),(1492,5,100),(1493,5,103),(1494,5,104),(1495,5,105),(1496,5,106),(1497,5,107),(1498,5,109),(1499,5,111),(1500,5,113),(1501,5,114),(1502,5,115),(1503,5,118),(1504,5,119),(1505,5,120),(1506,5,124),(1507,5,125),(1508,5,126),(1509,5,129),(1510,5,132),(1511,5,134),(1512,5,135),(1513,5,136),(1514,5,138),(1515,5,139),(1516,5,140),(1517,5,141),(1518,5,142),(1519,5,143),(1520,5,144),(1521,5,145),(1522,5,146),(1523,5,147),(1524,5,148),(1525,5,149),(1526,5,151),(1527,5,155),(1528,5,156),(1529,5,157),(1530,5,160),(1531,5,161),(1532,5,162),(1533,5,163),(1534,5,164),(1535,5,165),(1536,5,168),(1537,5,169),(1538,5,170),(1539,5,171),(1540,5,172),(1541,5,173),(1542,5,174),(1543,5,175),(1544,5,176),(1545,5,177),(1546,5,178),(1547,5,179),(1548,5,180),(1549,5,181),(1550,5,185),(1551,5,186),(1552,5,187),(1553,6,1),(1554,6,2),(1555,6,3),(1556,6,5),(1557,6,7),(1558,6,9),(1559,6,10),(1560,6,11),(1561,6,12),(1562,6,13),(1563,6,14),(1564,6,15),(1565,6,16),(1566,6,17),(1567,6,18),(1568,6,19),(1569,6,20),(1570,6,22),(1571,6,25),(1572,6,26),(1573,6,28),(1574,6,31),(1575,6,32),(1576,6,33),(1577,6,34),(1578,6,35),(1579,6,36),(1580,6,38),(1581,6,41),(1582,6,42),(1583,6,44),(1584,6,48),(1585,6,49),(1586,6,50),(1587,6,51),(1588,6,52),(1589,6,53),(1590,6,57),(1591,6,58),(1592,6,61),(1593,6,62),(1594,6,65),(1595,6,66),(1596,6,67),(1597,6,68),(1598,6,69),(1599,6,70),(1600,6,72),(1601,6,76),(1602,6,78),(1603,6,81),(1604,6,82),(1605,6,83),(1606,6,84),(1607,6,85),(1608,6,87),(1609,6,90),(1610,6,91),(1611,6,93),(1612,6,96),(1613,6,97),(1614,6,98),(1615,6,100),(1616,6,104),(1617,6,105),(1618,6,106),(1619,6,107),(1620,6,109),(1621,6,111),(1622,6,113),(1623,6,114),(1624,6,115),(1625,6,117),(1626,6,118),(1627,6,119),(1628,6,120),(1629,6,121),(1630,6,122),(1631,6,123),(1632,6,124),(1633,6,125),(1634,6,126),(1635,6,127),(1636,6,129),(1637,6,132),(1638,6,134),(1639,6,135),(1640,6,136),(1641,6,138),(1642,6,139),(1643,6,140),(1644,6,141),(1645,6,142),(1646,6,143),(1647,6,144),(1648,6,145),(1649,6,146),(1650,6,147),(1651,6,148),(1652,6,149),(1653,6,150),(1654,6,151),(1655,6,154),(1656,6,156),(1657,6,158),(1658,6,159),(1659,6,160),(1660,6,164),(1661,6,165),(1662,6,168),(1663,6,171),(1664,6,173),(1665,6,174),(1666,6,175),(1667,6,176),(1668,6,177),(1669,6,178),(1670,6,179),(1671,6,180),(1672,6,181),(1673,6,185),(1674,6,186),(1675,6,187),(1680,1,188),(1681,1,189),(1682,1,190),(1683,1,191),(1684,2,188),(1685,2,189),(1686,2,190),(1687,2,191),(1688,3,188),(1689,3,189),(1690,3,190),(1691,3,191),(1692,4,188),(1693,4,189),(1694,4,190),(1695,5,188),(1696,5,189),(1697,5,190),(1698,5,191),(1699,6,188),(1700,6,189),(1701,6,190),(1702,6,191),(1703,1,192),(1704,2,192),(1705,3,192),(1706,4,192),(1707,5,192),(1708,6,192),(1709,1,193),(1710,2,193),(1711,3,193),(1712,4,193),(1713,5,193),(1714,6,193),(1715,1,194),(1716,2,194),(1717,3,194),(1718,6,194),(1719,1,195),(1720,2,195),(1721,3,195),(1722,6,195),(1723,5,10),(1724,5,11),(1725,5,12),(1726,5,15),(1727,5,16),(1728,5,18),(1729,5,21),(1730,5,23),(1731,5,24),(1732,5,32),(1733,5,33),(1734,5,35),(1735,5,43),(1736,5,45),(1737,5,46),(1738,5,48),(1739,5,49),(1740,5,71),(1741,5,73),(1742,5,74),(1743,5,81),(1744,5,83),(1745,5,92),(1746,5,94),(1747,5,95),(1748,5,97),(1749,5,99),(1750,5,101),(1751,5,102),(1752,5,108),(1753,5,110),(1754,5,112),(1755,5,116),(1756,5,117),(1757,5,121),(1758,5,122),(1759,5,123),(1760,5,128),(1761,5,130),(1762,5,131),(1763,5,133),(1764,5,137),(1765,5,152),(1766,5,153),(1767,5,154),(1768,5,158),(1769,5,159),(1770,5,166),(1771,5,167),(1772,5,182),(1773,5,183),(1774,5,184),(1775,5,194),(1776,5,195),(1777,7,1),(1778,7,2),(1779,7,3),(1780,7,4),(1781,7,5),(1782,7,6),(1783,7,7),(1784,7,8),(1785,7,9),(1786,7,10),(1787,7,11),(1788,7,12),(1789,7,13),(1790,7,14),(1791,7,15),(1792,7,16),(1793,7,17),(1794,7,18),(1795,7,19),(1796,7,20),(1797,7,21),(1798,7,22),(1799,7,23),(1800,7,24),(1801,7,25),(1802,7,26),(1803,7,27),(1804,7,28),(1805,7,29),(1806,7,30),(1807,7,31),(1808,7,32),(1809,7,33),(1810,7,34),(1811,7,35),(1812,7,36),(1813,7,37),(1814,7,38),(1815,7,39),(1816,7,40),(1817,7,41),(1818,7,42),(1819,7,43),(1820,7,44),(1821,7,45),(1822,7,46),(1823,7,48),(1824,7,49),(1825,7,50),(1826,7,51),(1827,7,52),(1828,7,53),(1829,7,54),(1830,7,55),(1831,7,56),(1832,7,57),(1833,7,58),(1834,7,59),(1835,7,60),(1836,7,61),(1837,7,62),(1838,7,63),(1839,7,64),(1840,7,65),(1841,7,66),(1842,7,67),(1843,7,68),(1844,7,69),(1845,7,70),(1846,7,71),(1847,7,72),(1848,7,73),(1849,7,74),(1850,7,75),(1851,7,76),(1852,7,77),(1853,7,78),(1854,7,79),(1855,7,80),(1856,7,81),(1857,7,82),(1858,7,83),(1859,7,84),(1860,7,85),(1861,7,86),(1862,7,87),(1863,7,88),(1864,7,89),(1865,7,90),(1866,7,91),(1867,7,92),(1868,7,93),(1869,7,94),(1870,7,95),(1871,7,96),(1872,7,97),(1873,7,98),(1874,7,99),(1875,7,100),(1876,7,101),(1877,7,102),(1878,7,103),(1879,7,104),(1880,7,105),(1881,7,106),(1882,7,107),(1883,7,108),(1884,7,109),(1885,7,110),(1886,7,111),(1887,7,112),(1888,7,113),(1889,7,114),(1890,7,115),(1891,7,116),(1892,7,117),(1893,7,118),(1894,7,119),(1895,7,120),(1896,7,121),(1897,7,122),(1898,7,123),(1899,7,124),(1900,7,125),(1901,7,126),(1902,7,127),(1903,7,128),(1904,7,129),(1905,7,130),(1906,7,131),(1907,7,132),(1908,7,133),(1909,7,134),(1910,7,135),(1911,7,136),(1912,7,137),(1913,7,138),(1914,7,139),(1915,7,140),(1916,7,141),(1917,7,142),(1918,7,143),(1919,7,144),(1920,7,145),(1921,7,146),(1922,7,147),(1923,7,148),(1924,7,149),(1925,7,151),(1926,7,152),(1927,7,153),(1928,7,154),(1929,7,155),(1930,7,156),(1931,7,157),(1932,7,158),(1933,7,159),(1934,7,160),(1935,7,161),(1936,7,162),(1937,7,163),(1938,7,164),(1939,7,165),(1940,7,166),(1941,7,167),(1942,7,168),(1943,7,169),(1944,7,170),(1945,7,171),(1946,7,172),(1947,7,173),(1948,7,174),(1949,7,175),(1950,7,176),(1951,7,177),(1952,7,178),(1953,7,179),(1954,7,180),(1955,7,181),(1956,7,182),(1957,7,183),(1958,7,184),(1959,7,185),(1960,7,186),(1961,7,187),(1962,7,188),(1963,7,189),(1964,7,190),(1965,7,191),(1966,7,192),(1967,7,193),(1968,7,194),(1969,7,195),(2032,8,1),(2033,8,2),(2034,8,3),(2035,8,4),(2036,8,5),(2037,8,6),(2038,8,7),(2039,8,8),(2040,8,9),(2041,8,10),(2042,8,11),(2043,8,12),(2044,8,13),(2045,8,14),(2046,8,15),(2047,8,16),(2048,8,17),(2049,8,18),(2050,8,19),(2051,8,20),(2052,8,21),(2053,8,22),(2054,8,23),(2055,8,24),(2056,8,25),(2057,8,26),(2058,8,27),(2059,8,28),(2060,8,29),(2061,8,30),(2062,8,31),(2063,8,32),(2064,8,33),(2065,8,34),(2066,8,35),(2067,8,36),(2068,8,37),(2069,8,38),(2070,8,39),(2071,8,40),(2072,8,41),(2073,8,42),(2074,8,43),(2075,8,44),(2076,8,45),(2077,8,46),(2078,8,48),(2079,8,49),(2080,8,50),(2081,8,51),(2082,8,52),(2083,8,53),(2084,8,54),(2085,8,55),(2086,8,56),(2087,8,57),(2088,8,58),(2089,8,59),(2090,8,60),(2091,8,61),(2092,8,62),(2093,8,63),(2094,8,64),(2095,8,65),(2096,8,66),(2097,8,67),(2098,8,68),(2099,8,69),(2100,8,70),(2101,8,71),(2102,8,72),(2103,8,73),(2104,8,74),(2105,8,75),(2106,8,76),(2107,8,77),(2108,8,78),(2109,8,79),(2110,8,80),(2111,8,81),(2112,8,82),(2113,8,83),(2114,8,84),(2115,8,85),(2116,8,86),(2117,8,87),(2118,8,88),(2119,8,89),(2120,8,90),(2121,8,91),(2122,8,92),(2123,8,93),(2124,8,94),(2125,8,95),(2126,8,96),(2127,8,97),(2128,8,98),(2129,8,99),(2130,8,100),(2131,8,101),(2132,8,102),(2133,8,103),(2134,8,104),(2135,8,105),(2136,8,106),(2137,8,107),(2138,8,108),(2139,8,109),(2140,8,110),(2141,8,111),(2142,8,112),(2143,8,113),(2144,8,114),(2145,8,115),(2146,8,116),(2147,8,117),(2148,8,118),(2149,8,119),(2150,8,120),(2151,8,121),(2152,8,122),(2153,8,123),(2154,8,124),(2155,8,125),(2156,8,126),(2157,8,127),(2158,8,128),(2159,8,129),(2160,8,130),(2161,8,131),(2162,8,132),(2163,8,133),(2164,8,134),(2165,8,135),(2166,8,136),(2167,8,137),(2168,8,138),(2169,8,139),(2170,8,140),(2171,8,141),(2172,8,142),(2173,8,143),(2174,8,144),(2175,8,145),(2176,8,146),(2177,8,147),(2178,8,148),(2179,8,149),(2180,8,151),(2181,8,152),(2182,8,153),(2183,8,164),(2184,8,165),(2185,8,166),(2186,8,167),(2187,8,168),(2188,8,169),(2189,8,170),(2190,8,171),(2191,8,172),(2192,8,173),(2193,8,174),(2194,8,175),(2195,8,176),(2196,8,177),(2197,8,178),(2198,8,179),(2199,8,180),(2200,8,181),(2201,8,182),(2202,8,183),(2203,8,184),(2204,8,185),(2205,8,186),(2206,8,187),(2207,8,188),(2208,8,189),(2209,8,190),(2210,8,191),(2211,8,192),(2212,8,193),(2213,8,194),(2214,8,195),(2287,1,196),(2288,5,196),(2289,7,196),(2290,8,196),(2291,1,197),(2292,5,197),(2293,7,197),(2294,8,197),(2295,1,198),(2296,7,198),(2297,8,198),(2298,1,199),(2299,7,199),(2300,8,199),(2301,1,200),(2302,7,200),(2303,8,200),(2304,9,1),(2305,9,2),(2306,9,3),(2307,9,4),(2308,9,5),(2309,9,6),(2310,9,7),(2311,9,8),(2312,9,9),(2313,9,10),(2314,9,11),(2315,9,12),(2316,9,13),(2317,9,14),(2318,9,15),(2319,9,16),(2320,9,17),(2321,9,18),(2322,9,19),(2323,9,20),(2324,9,21),(2325,9,22),(2326,9,23),(2327,9,24),(2328,9,25),(2329,9,26),(2330,9,27),(2331,9,28),(2332,9,29),(2333,9,30),(2334,9,31),(2335,9,32),(2336,9,33),(2337,9,34),(2338,9,35),(2339,9,36),(2340,9,37),(2341,9,38),(2342,9,39),(2343,9,40),(2344,9,41),(2345,9,42),(2346,9,43),(2347,9,44),(2348,9,45),(2349,9,46),(2350,9,48),(2351,9,49),(2352,9,50),(2353,9,51),(2354,9,52),(2355,9,53),(2356,9,54),(2357,9,55),(2358,9,56),(2359,9,57),(2360,9,58),(2361,9,59),(2362,9,60),(2363,9,61),(2364,9,62),(2365,9,63),(2366,9,64),(2367,9,65),(2368,9,66),(2369,9,67),(2370,9,68),(2371,9,69),(2372,9,70),(2373,9,71),(2374,9,72),(2375,9,73),(2376,9,74),(2377,9,75),(2378,9,76),(2379,9,77),(2380,9,78),(2381,9,79),(2382,9,80),(2383,9,81),(2384,9,82),(2385,9,83),(2386,9,84),(2387,9,85),(2388,9,86),(2389,9,87),(2390,9,88),(2391,9,89),(2392,9,90),(2393,9,91),(2394,9,92),(2395,9,93),(2396,9,94),(2397,9,95),(2398,9,96),(2399,9,97),(2400,9,98),(2401,9,99),(2402,9,100),(2403,9,101),(2404,9,102),(2405,9,103),(2406,9,104),(2407,9,105),(2408,9,106),(2409,9,107),(2410,9,108),(2411,9,109),(2412,9,110),(2413,9,111),(2414,9,112),(2415,9,113),(2416,9,114),(2417,9,115),(2418,9,116),(2419,9,117),(2420,9,118),(2421,9,119),(2422,9,120),(2423,9,121),(2424,9,122),(2425,9,123),(2426,9,124),(2427,9,125),(2428,9,126),(2429,9,127),(2430,9,128),(2431,9,129),(2432,9,130),(2433,9,131),(2434,9,132),(2435,9,133),(2436,9,134),(2437,9,135),(2438,9,136),(2439,9,137),(2440,9,138),(2441,9,139),(2442,9,140),(2443,9,141),(2444,9,142),(2445,9,143),(2446,9,145),(2447,9,146),(2448,9,147),(2449,9,148),(2450,9,151),(2451,9,152),(2452,9,153),(2453,9,164),(2454,9,165),(2455,9,166),(2456,9,167),(2457,9,168),(2458,9,169),(2459,9,170),(2460,9,171),(2461,9,172),(2462,9,173),(2463,9,174),(2464,9,175),(2465,9,176),(2466,9,177),(2467,9,178),(2468,9,179),(2469,9,180),(2470,9,181),(2471,9,182),(2472,9,183),(2473,9,184),(2474,9,185),(2475,9,186),(2476,9,187),(2477,9,188),(2478,9,189),(2479,9,190),(2480,9,191),(2481,9,192),(2482,9,193),(2483,9,194),(2484,9,195),(2485,9,196),(2486,9,197),(2487,9,198),(2488,9,199),(2489,9,200),(2490,1,201),(2491,1,202),(2492,1,203),(2493,1,204),(2494,1,205),(2495,1,206),(2496,1,208),(2497,1,209);
/*!40000 ALTER TABLE `hs_rol_x_operaciones` ENABLE KEYS */;
UNLOCK TABLES;

--
-- Table structure for table `hs_roles`
--

DROP TABLE IF EXISTS `hs_roles`;
/*!40101 SET @saved_cs_client     = @@character_set_client */;
/*!40101 SET character_set_client = utf8 */;
CREATE TABLE `hs_roles` (
  `id` int(11) NOT NULL AUTO_INCREMENT,
  `rol` varchar(45) DEFAULT NULL,
  PRIMARY KEY (`id`)
) ENGINE=InnoDB AUTO_INCREMENT=10 DEFAULT CHARSET=utf8;
/*!40101 SET character_set_client = @saved_cs_client */;

--
-- Dumping data for table `hs_roles`
--

LOCK TABLES `hs_roles` WRITE;
/*!40000 ALTER TABLE `hs_roles` DISABLE KEYS */;
INSERT INTO `hs_roles` VALUES (1,'GERENTE GENERAL'),(2,'FINANZAS'),(3,'SUPPORT CUSTOMER'),(4,'COMERCIAL'),(5,'COMPRAS'),(6,'SERVICIO TECNICO'),(7,'COMPRAS - GG'),(8,'COMERCIAL - GG'),(9,'MASTER');
/*!40000 ALTER TABLE `hs_roles` ENABLE KEYS */;
UNLOCK TABLES;

--
-- Table structure for table `hs_token`
--

DROP TABLE IF EXISTS `hs_token`;
/*!40101 SET @saved_cs_client     = @@character_set_client */;
/*!40101 SET character_set_client = utf8 */;
CREATE TABLE `hs_token` (
  `id` int(11) NOT NULL AUTO_INCREMENT,
  `idUsuario` varchar(45) DEFAULT NULL,
  `idRol` varchar(45) DEFAULT NULL,
  `token` varchar(1000) DEFAULT NULL,
  `tenant` varchar(1000) DEFAULT NULL,
  `vigente_desde` datetime DEFAULT NULL,
  `vigente_hasta` datetime DEFAULT NULL,
  `valorRecuperacion` int(11) DEFAULT NULL,
  PRIMARY KEY (`id`)
) ENGINE=InnoDB AUTO_INCREMENT=1877 DEFAULT CHARSET=utf8;
/*!40101 SET character_set_client = @saved_cs_client */;

--
-- Dumping data for table `hs_token`
--

LOCK TABLES `hs_token` WRITE;
/*!40000 ALTER TABLE `hs_token` DISABLE KEYS */;
INSERT INTO `hs_token` VALUES (831,'36','1','e6bdbf83dd003f3464ba8e6d2e89f5218c08cd7095f87762e0438a4c575da64ef2fe745bf027bc37dc5cd7ca3ac09bf6','20111068039','2016-08-17 13:33:05','2016-08-18 13:33:05',0),(832,'36','1','f378114794a03a9f8596a2f215891c547361c9869bb2cdac16e165ece0c14ca17c4522c29eb093c1f211098889e36b94','20111068039','2016-08-17 14:09:01','2016-08-18 14:09:01',0),(833,'36','1','3bdcd65dac3db222ddf1bb9e32e70baade5b77a067f346f13e66a222bfd4399e42494abfe895f2ba05b73e6cc5c21611','20111068039','2016-08-22 13:07:25','2016-08-23 13:07:25',0),(834,'36','1','c7046eba7a685ab1ff92d21a29affffb040861957d0446da747e49e5651505dec1055485e1276372307e4aae7905d149','20111068039','2016-08-22 13:07:30','2016-08-23 13:07:30',0),(835,'36','1','a9b0f55288297dbc739db8e62d6d1800234470acbcf3101804d26cebfaa175976085a75cf9356043ea2965c3b2c15e67','20111068039','2016-08-22 13:50:24','2016-08-23 13:50:24',0),(836,'36','1','c63c8ff40a34157f04e6303dcfffe796213e857fda774acacb7689ca6bafa8cd75dee5f7b87dd05e22da2856af54045f','20111068039','2016-08-22 14:35:54','2016-08-23 14:35:54',0),(837,'38','3','b67a548c45b372fa76d8462def5a29ad9d2cbc5a2bcf79c04db1f8b28ff6b2d8320b328e5df079c1bf32c93e523cfcc3','20111068039','2016-08-23 15:56:16','2016-08-24 15:56:16',0),(838,'38','3','9750f4a001c6f3b273b1b8ade497cb86da1ed650a15fd1ef4b63d5ee37c39d08fb793329b8b9fa9830bf9449caf543fe','20111068039','2016-08-24 09:30:36','2016-08-25 09:30:36',0),(839,'36','1','ac467e70dd0d58bbd2208d19910880107d0c75de28e9335c2e706586980ac9211a07ad8dfe30f2de64af46a95ea81827','20111068039','2016-08-24 11:03:59','2016-08-25 11:03:59',0),(840,'36','1','bcc15a3185599df648b1cf5bba0d83af334d8de8b24ae25f657cc14b9c780f0fa61500295e252e2c770ff6d80b15709a','20111068039','2016-08-24 11:13:35','2016-08-25 11:13:35',0),(841,'36','1','8b8a795bbb0feeb660f6399cdedf4cd9c72e8f9d7312f0b37f863cc16aaa329cf2e6b00db1bdaefa2e9dbafdd5fe22ef','20111068039','2016-08-24 16:08:01','2016-08-25 16:08:01',0),(842,'36','1','ced9ffbf3c769bc0d093ef6269fe9a9152e5a5ab6bea2ebb35839bfb3fd82e2d509bab40a7c9283594c2e2515f9471d5','20111068039','2016-08-24 16:31:56','2016-08-25 16:31:56',0),(843,'36','1','875fe7dd82bb2796b2e8c49413c3daaf7df408135122e7ea294bf5a87d1201e7461cb2a511c8a090b1e0aed5d281fa15','20111068039','2016-08-24 16:32:34','2016-08-25 16:32:34',0),(844,'36','1','256696c313ce8bd060933f1c453df1c591698d6ace497b62ef857a96b26617021b85578bf407d68f5de0ace3c153672f','20111068039','2016-08-24 16:41:19','2016-08-25 16:41:19',0),(845,'36','1','72da995db37b4af160f8d1c1f1d89679f98ba497b8e89fb933eae3f82389f907c11e3bc991c32f3d65589aef31afef3e','20111068039','2016-08-24 16:58:46','2016-08-25 16:58:46',0),(846,'36','1','63c740501e555611939d73ceac89399751ba3fa4f28a449bd9ce9bf180e28a7e02fe113a73c6a6892c714b24272a332d','20111068039','2016-08-25 12:53:50','2016-08-26 12:53:50',0),(847,'36','1','9a6bf4528184fe6819181b8dcc524204766e727fbf65dc7a973cb3116f376d5c94b28e97079e1c4e38958f2519d93192','20111068039','2016-08-25 13:02:52','2016-08-26 13:02:52',0),(848,'36','1','873310bcb9c025a34bb948e19bf86769270f8eaf0d7778b79ab88e4ddaab42400c41d171c9cea232f48956081dd2294e','20111068039','2016-08-25 13:02:53','2016-08-26 13:02:53',0),(849,'36','1','ac4ddbb4a5e5c9eb49594704fe2dd8b9446ee1ad744331c9cba76ffedd71704e558151cbdf4a552995b97a2a901f56ec','20111068039','2016-08-25 13:02:54','2016-08-26 13:02:54',0),(850,'38','3','b5808cbff6066d9345cbf0faa97b6d72f8450cac1d7615691dc6b6c215e2c9b90a39fa139c58947e1b3efbd745bd70ce','20111068039','2016-08-25 14:07:59','2016-08-26 14:07:59',0),(851,'38','3','f02dad00d2d8c7c59c8cc59b720ffe4c43443d291bbc1f942854a83ba5115c059b8444afa657727b55d64f727c37f2d9','20111068039','2016-08-25 14:08:00','2016-08-26 14:08:00',0),(852,'36','1','eb24ee257f2a1e35b4e9efa14d4ca5ab961723bccd307b040c27f91ff0efd42b8c1b34f264fedf448ef5338ea14b5f9b','20111068039','2016-08-25 14:59:02','2016-08-26 14:59:02',0),(853,'36','1','678d938f3e87cf6605d332a2350e7f719e7fb827dbace27e00dfe99f814c6893244b1cac4cc11852808fedd00ea13c62','20111068039','2016-08-25 15:02:53','2016-08-26 15:02:53',0),(854,'36','1','5a0dd3499a0c94ce709c501cf041518ed7b57168ad8f7f6fd9484c3bb433ccaf80427e1a9b55a0ef76d1a5e3e3a25f39','20111068039','2016-08-25 15:03:40','2016-08-26 15:03:40',0),(855,'36','3','2f15bfdb1dcebd57058d732d92dbc9de8729b33e84da202d7164c209677d544c7536d24c57a2e7424e1355eb5e3662d3','20111068039','2016-08-25 15:06:37','2016-08-26 15:06:37',0),(856,'36','3','98866517f4606bf67a585a4081e000f22c092429d38d756c96d0efd2ed92896644fe36db4913d818debe1bc70ae9d7e5','20111068039','2016-08-25 15:14:32','2016-08-26 15:14:32',0),(857,'36','3','8c0f344a2f0d25abd8795098814dd6fe6980f973e9ffb5c4e78e03c6c5606a48e01253735a83d5910ed2396da283315d','20111068039','2016-08-25 15:33:51','2016-08-26 15:33:51',0),(858,'36','3','a4cdacc2df5d8660e0df6181a0735acadc9f8741ad385d89b3becad6fa7944448d0eecb096a21c81d6a26787f86ba0ed','20111068039','2016-08-25 16:28:56','2016-08-26 16:28:56',0),(859,'36','1','62e3f9664537ee46b5cb266b65b7e53c90e2ec0b5cb6b5fa832fef43908f2abd32d461241b00d1a67fa51f1c4b3f008a','20111068039','2016-08-25 16:29:46','2016-08-26 16:29:46',0),(860,'36','1','9dee0e149966f4539988fef0ec40e79cc8f1296c7b24f6983c387d8fd78ddfbb148b3b102ab3abcaf46dec173d05aed4','20111068039','2016-08-25 16:33:17','2016-08-26 16:33:17',0),(861,'39','3','a88f9a733775ec322939ea0f28587d6546d99d119612c12ea72b379c7e0b72fb442255e4e17948eea2422b3b5c2316cc','20111068039','2016-08-25 16:42:17','2016-08-26 16:42:17',0),(862,'38','3','8cc77ada2cc05944d73b22249ef60a728ba2903030ea43333b2c3eaea33e52eedd408e86a91df1cbe0a9801662e1f2ac','20111068039','2016-08-25 16:56:52','2016-08-26 16:56:52',0),(863,'36','1','f941118ffdfa397351f2f1af2efc77eed033ccc10ba6a248dd39d76f622a138befa4ee8bc60af0abf856eef39d38a392','20111068039','2016-08-25 17:06:04','2016-08-26 17:06:04',0),(864,'36','1','62e52cb7c3d74aac4c329285666d2701ba1bb5b4784b616fc1d0a53a984090e8af8a5eab83f0c41389dcae7c84a2bf97','20111068039','2016-08-25 17:51:01','2016-08-26 17:51:01',0),(865,'36','1','4fa34a787275b0a9b02b102260d8f97fca1ddbf458ce6577d27a0b115542ab659d617e7764d3ec0315c06e23410e48ca','20111068039','2016-08-25 18:43:27','2016-08-26 18:43:27',0),(866,'36','1','3b76c39540b0e71d0e770277496d89cf8a6eb3f5e001cbf7e9530e89237675e84eb898c8f8ff6a05761f206e39c19ed7','20111068039','2016-08-25 21:01:18','2016-08-26 21:01:18',0),(867,'36','1','c590f9b44c0fcf3fe2219c11a691caf0309403ec502f28fac2a670b97c3ffefba845b267cafe1d07ddf81792198e5282','20111068039','2016-08-25 21:55:23','2016-08-26 21:55:23',0),(868,'36','1','0f65e03aa7ba38b8c4567a8394d94cb31f666ead514f497a65508a90eb924f645752c692dc3eeec428b9848b00ba48e4','20111068039','2016-08-25 22:49:12','2016-08-26 22:49:12',0),(869,'36','1','b94731dd4490d4fcfc42e707800078a2af96d358beccaf4fff421e063b1e57510f72c2e7e399ae705099e105c2d06b83','20111068039','2016-08-26 06:36:21','2016-08-27 06:36:21',0),(870,'36','1','9b977ab31dabb378797ebb0c224c11e93a18a19544c08c5d6f32c72f307e8336549aba920ff3b45ac411c22036d294a8','20111068039','2016-08-26 09:29:47','2016-08-27 09:29:47',0),(871,'36','1','3465272286f1c563ce80e240cd31253b75cd1db10e6e9ad303d5a3ea33c412e0d872e8c81b302f0740136a3329037c4b','20111068039','2016-08-26 11:32:51','2016-08-27 11:32:51',0),(872,'36','1','fafe8ecbc028e143894c96f15c5e9e74e7a97d394edbd68a4007152ed741c679c391da1a9712f2e15544e2d5bc5f9656','20111068039','2016-08-26 11:34:24','2016-08-27 11:34:24',0),(873,'38','3','98787119f0a5faad04bbf34035a18ef7482795c429ca32023776a3510403beb9f368e755a0b99616883a6df0741b9db5','20111068039','2016-08-26 11:36:33','2016-08-27 11:36:33',0),(874,'36','1','5b035a01de5cbe8d8ab4b1239bd73c5b8c34f6b91af5e356ceb66a825da1cc80afe4e559f401162f92314ef290f46f7c','20111068039','2016-08-26 13:01:36','2016-08-27 13:01:36',0),(875,'36','1','ad5817d08e425b4366f4e927daa8d0a92a2fdaf40fd2b7b603399183ae0bbe8cc704704217f1d0f842aea9081398b676','20111068039','2016-08-26 14:54:08','2016-08-27 14:54:08',0),(876,'36','1','4f0fd0619d8def5b7046ea14e421545c74ecf7565e4bb1215719e600aa13e2c965953bbe01702eb026344de2dd0abdaa','20111068039','2016-08-26 15:20:09','2016-08-27 15:20:09',0),(877,'36','1','f32a56c53304de71f2510481dafeb7e5708907d2ad2bd9ba007d61dd044289a99aeafcfc858049b4f9aea89df9116d44','20111068039','2016-08-26 15:56:26','2016-08-27 15:56:26',0),(878,'36','1','d57b5ece9d2bd777f54bfc31db9ee15cc2ab196a96d343a83fea7e367c4ebb5125fed6c83e5eaa4108455a8a643ab002','20111068039','2016-08-26 16:58:20','2016-08-27 16:58:20',0),(879,'36','1','58bbcc23ac63bd76b7508adf8057a25aa37dceb06fc89ff7f01ef08ed0ae638cb148ca5fb5350718c9e591f825a68c40','20111068039','2016-08-26 20:34:55','2016-08-27 20:34:55',0),(880,'36','1','ee01fd27f126649d3059197da985e9eac32574dead82a8afbbea6b2f36c65f6571ce76a41ea73bfd1608c96200accce4','20111068039','2016-08-26 22:00:29','2016-08-27 22:00:29',0),(881,'36','1','7a654d91a79fe592cfcb5733d239dde3982e69798ee17367d04f194dbd1c1589658214cbb419da560df77532f199a1a7','20111068039','2016-08-29 09:08:07','2016-08-30 09:08:07',0),(882,'36','1','f7e3b13f7a1f5f27c589f19291a13a276d88011bb26437ebf1d947b68946bb1835b878954e799177fadd6c14205477f2','20111068039','2016-08-29 09:38:49','2016-08-30 09:38:49',0),(883,'36','1','40b60bb7a3cd554804b9ef782389f394a1c6f7c4848f5087556ca6deb759d87fceb4b0f67ce4c5705aef07c5136c8d2e','20111068039','2016-08-29 09:40:27','2016-08-30 09:40:27',0),(884,'38','1','437b993c29d6dfb189552f98801ad69816c9e98c5cd82062ddeef8d2365475795ced8c6ca9d3b42af8b223e64f3367f2','20111068039','2016-08-29 09:57:50','2016-08-30 09:57:50',0),(885,'38','1','306daf0ead971f839d5a52262be621a5f0d23a6e84fcecc4fd1e0aa301de7c0ad25d3e1ff81554b35581ad944b097308','20111068039','2016-08-29 09:58:51','2016-08-30 09:58:51',0),(886,'36','1','518f7f8167dd199a998b801e4de3b9df92c84c8fa7ab93432c15b1df13710ec60db04ff49c56248a21526ab8481843c8','20111068039','2016-08-29 10:10:20','2016-08-30 10:10:20',0),(887,'36','1','c33495b648df18a639dbba9d394a3c3976cbaa1bdf9ce19c2e9b58def7ffbda9c9f2ebbf7e847263b4ea4fcc59207edf','20111068039','2016-08-29 10:34:18','2016-08-30 10:34:18',0),(888,'36','1','de9cd4bc8624b298ce3c3309f790dda877031c86a84a7df8577e18a5eda5120473251ca14c19ec0718fae22ab9bda77a','20111068039','2016-08-29 10:33:24','2016-08-30 10:33:24',0),(889,'36','1','eb5ca662c1d80a2eedeccfd654ee1732776eb45757550cfd768753b7a4297e5fe3f0cf5e26a0f165ca32bea8beaee793','20111068039','2016-08-29 11:14:06','2016-08-30 11:14:06',0),(890,'36','1','52020c4e7427ac6434a1c0c67a357a2127b46c107332860a711db9c0fe3a9d8a4c87bd21df176bc4c195b0c177160bd1','20111068039','2016-08-29 11:33:54','2016-08-30 11:33:54',0),(891,'36','1','2bceb62fc3a3268fbd2f1f387ff4229a4bd5ff51dd3cf6d585949ece2df5f2d1c5632a5d28f48e8d1c70aed0e04b18ab','20111068039','2016-08-29 16:58:51','2016-08-30 16:58:51',0),(892,'36','1','1149ee5b293471f39b36dd2a6d32a8b600a62b02284b73bc5ebe34447c5e8ce5dde66b27c26e3bb48b53768281794c5f','20111068039','2016-08-31 12:11:42','2016-09-01 12:11:42',0),(893,'36','1','eaa93f7b4dacdfb0308c75cf7326e7fdbbef55dffd4ddab2978685693ca5f13c1e5246f0393a84ab23f2aeac61bc85be','20111068039','2016-09-02 13:16:46','2016-09-03 13:16:46',0),(894,'36','1','e2edeef9fb4aee4a33d1b80fa593240a5f16de68cb7ab0cd5f0d2d08e956acbb5d201aaa44859f6e6ab47c28690c10d5','20111068039','2016-09-02 23:00:43','2016-09-03 23:00:43',0),(895,'39','3','cca119416d9f3633a4868fcca68291e65d2fee0b53be450c8be5abcb96ba5231cf4dd7d19df7687654299db58a432625','20111068039','2016-09-03 10:32:14','2016-09-04 10:32:14',1),(896,'39','3','9ad3e048343821487059f4deb45b91eff492fb10392c81cb91b304d72ed87429951477760882f7d483df8e79e1770273','20111068039','2016-09-03 10:33:42','2016-09-04 10:33:42',0),(897,'39','3','f0d0e2949d42d5d0249b105a118614e67b1ab18436ff988f3f0940c3121d3077c10184a1fb781e698d2093701228428b','20111068039','2016-09-03 10:34:44','2016-09-04 10:34:44',0),(898,'39','3','069c5a0baf355b756d41fe16a2877d95212fc746da44294e12284fecb0538ed98ff6f345dee8c124cf7d374ec7000bb1','20111068039','2016-09-03 10:35:12','2016-09-04 10:35:12',1),(899,'39','3','b50a33662092e4e5421a50aec1f23bef2f049cd6fc8bb37c9246438e555da7e29b1a8b6fe0a9dbef0d19b4ba75bb331c','20111068039','2016-09-03 10:36:12','2016-09-04 10:36:12',0),(900,'38','1','9e15b3c146335a207a51ef860b46353e04dc72f003deced6b1789b6a16523085985875668e533a84058b43c3f1aa566a','20111068039','2016-09-05 10:31:02','2016-09-06 10:31:02',0),(901,'40','5','3de3e2ca5c3eb97c2506eedbde748854fb02030b39d91f998268959f8d8d1aff51a12503eeb78454eca42c2ef71bd99c','20111068039','2016-09-05 11:14:57','2016-09-06 11:14:57',0),(902,'36','1','b872fcdfc7af5089cbf51c1fcdd85beb526ee576e660cd91f79b9b600b87429d7851c1941dd7d6c0c9c1cbf03cc6a4f3','20111068039','2016-09-05 11:49:49','2016-09-06 11:49:49',0),(903,'36','1','2cac413b5d0b48e797682988d3efdd7a7329e8b3a4877be5d1a911f768d31f676e8c2d4b1948a638bcd814d7c169555d','20111068039','2016-09-05 14:46:08','2016-09-06 14:46:08',0),(904,'38','1','bee377c7dd1398536dcc31c915eceb5d850d7d04ad6f84e97195953310c042c1c1424267e8c2517893d3375f98c36d3d','20111068039','2016-09-05 16:51:53','2016-09-06 16:51:53',0),(905,'36','1','dea2e8869a4aa2f04b80145a7850877de20d298cef7dd329ec5171f691b60af5ce268fbef0dbec174e62b0afdc347dbe','20111068039','2016-09-05 17:16:15','2016-09-06 17:16:15',0),(906,'36','1','ea31ba80d9e01e2eddc14c63d002d6106526962c21d28888ca1924db78bc04497d390c59ff02dae9db6ddb3a91d160ad','20111068039','2016-09-06 06:59:21','2016-09-07 06:59:21',0),(907,'36','1','85b9f537ee736c34fc1d12fb298cf27fa2ced845415889a49dfd7f833d8a816b22d9a3d467be4aacc599126af5822d00','20111068039','2016-09-06 07:07:10','2016-09-07 07:07:10',0),(908,'36','1','74d195ad845a5b4968f9fedbe95b713e8025d9e9997a6e51be14f679e35e897457278f495e78e44f0fbcefe697dd49c2','20111068039','2016-09-06 09:05:05','2016-09-07 09:05:05',0),(909,'36','1','174238c555c108e0d43fe4e0c1862ce07affe121408f32a32fd26a28bc56e8979c1ef99eef5e2a2363949b8770c16f47','20111068039','2016-09-06 09:25:38','2016-09-07 09:25:38',0),(910,'38','1','bd2f17ab0eda090aa33a0f3203cf8e61da24e3e2e5d83863f18f06698e0727202e5d8a059fc33e32c6ddc82cb4deb053','20111068039','2016-09-06 09:59:23','2016-09-07 09:59:23',0),(911,'38','1','7415b5f33973e0df45e1a760cf75da1bb52fb5793ff0ac9681be7ea2628cff09008e895e2ab794a71cd8912f98ac7331','20111068039','2016-09-07 10:53:02','2016-09-08 10:53:02',0),(912,'44','2','613cb78fe4cb292a7755903d75ebade1f71e68ce042b976ee6e5539c2f1392943ce69789f257afe73a4ddd80f5e65331','20111068039','2016-09-07 11:21:08','2016-09-08 11:21:08',0),(913,'44','2','a6c5b2d596efa4dd2362212e07bc8006399b5206a8075308e8a8858e06ed1ec190cb488c8d9d66a8cf8a65328612e8a1','20111068039','2016-09-07 11:21:08','2016-09-08 11:21:08',0),(914,'36','1','61dc5b983e7cbb9c66f3bd29169d6aa3d651d19cb4d0de5acdbd99dae17e7b4abaf72c0b15a3a82b09e48218670b3798','20111068039','2016-09-07 12:09:17','2016-09-08 12:09:17',0),(915,'41','1','40cbfeec738945219cc7d9edabf85613108244368d2419af86a88aad2ae332d8a5b4151a48ca8d4e0b61c54019a97672','20111068039','2016-09-07 12:23:07','2016-09-08 12:23:07',0),(916,'41','1','cc8032921cfc12f4b142964d34d763a820c530c3e8888b29ad15e74365e3531da9d23a1c83ab7d916ce9cac13b31d52f','20111068039','2016-09-07 12:25:29','2016-09-08 12:25:29',0),(917,'44','2','42750e84540368e07dd6b621ed2894720a3d5c8b422bc2041f1e968d97f864e22a3124b77cd4d35b19407e9ab25ae05d','20111068039','2016-09-07 12:27:58','2016-09-08 12:27:58',0),(918,'43','4','6c4ce7863aabf33d8e3c0e155f7166d5a1d9751d7f353871d3ea813a33b0197c5ef4f1a4b2f3f48f93f80583a38b423d','20111068039','2016-09-07 12:32:13','2016-09-08 12:32:13',0),(919,'38','1','9110e4140d4c27bfd168d8da85f205c578c9b1b5b5ca27168687998b24969b4b4e6d1ad5128a42100dd833a8189a1162','20111068039','2016-09-08 10:39:39','2016-09-09 10:39:39',0),(920,'41','1','f3c78ac2dd01c1d278371ef68f9e779a9ca887b04dbf1fbc16b8f8efcca78436cca63243babf747113f00d9ca7a0ac7d','20111068039','2016-09-08 11:59:40','2016-09-09 11:59:40',0),(921,'41','1','9d72ee97ae83a7693e40a9fb4099f5452f6e9621d154fdc54967a9eb32a13332466499ed753c35376b6c31e51f79cbbb','20111068039','2016-09-08 12:03:51','2016-09-09 12:03:51',0),(922,'38','1','db85f647c6c087f70a61c0ba38663b2c4561954fa924dbf45b70ac3fa64792dad2f44e0eaffbca04357d8f6750378ee7','20111068039','2016-09-08 12:45:58','2016-09-09 12:45:58',0),(923,'36','1','dfc04642ed3cf28dfeb8d50d24e146d700ae57c9f9f7499fbadd93fa4e608ef17b60026341e22efbe36e1ce15deeeed6','20111068039','2016-09-08 14:15:04','2016-09-09 14:15:04',0),(924,'42','6','7f4fa3ae21c74054124d0dd8b3ef99f380d3539dcf87843ea34306e48a57e0d8d7871fc2ab65ea14768fdcbf1b707467','20111068039','2016-09-08 16:08:36','2016-09-09 16:08:36',0),(925,'38','1','28b4db9095df9bb3794eccd582cb46c07635df28941fb7ce25979301e718d6935e7d086570a7cc52c90e74e603d2d5b4','20111068039','2016-09-08 16:53:39','2016-09-09 16:53:39',0),(926,'42','6','92df600a95a28c21351f1eadb6a9392f0da11600327c6d765afba00c55d27b5a0484b0e3dd98be63c8f1efbd22ac336e','20111068039','2016-09-08 16:54:47','2016-09-09 16:54:47',0),(927,'41','1','0ff02fa235322c080d69271f9052e86929634fb34dbb59c1c100737d95e780171f15049a1093874439b1b5312655e783','20111068039','2016-09-08 17:29:41','2016-09-09 17:29:41',0),(928,'38','1','3cf54d5d55a32cb9b454c7f39c03a5360e083801bde42d1f9ec3e165973540d0e45c5c818953dec25bd16b37bcc05d6a','20111068039','2016-09-09 09:15:27','2016-09-10 09:15:27',0),(929,'36','1','70be45dd94597e75a8aecf33b27514283bdcd5b923abc1617666ba4cedc0e077cf755adf485832dc443e4fea91ae5660','20111068039','2016-09-09 09:24:49','2016-09-10 09:24:49',0),(930,'38','1','0b0cb72eff0b5cdac9f1630ca0eb5b947c2318073e1582592e15e9727461e98c4d7dcb927180f49d3047e4f931f647ff','20111068039','2016-09-09 09:35:54','2016-09-10 09:35:54',0),(931,'36','1','32b26a77d7af3c9711bf7984e298a89948e1ae91cc4903ea2395b7e1b4a4c6a08ecd29db33c0ffaf3ed3c46fd5fc6c70','20111068039','2016-09-09 09:48:30','2016-09-10 09:48:30',0),(932,'38','1','e4562f94b4a68199da4b879d8e5e0e08d3a8ff18c29a11504eb66251fa5c05bcf07a582b4bcbc643b617220f8ca20e62','20111068039','2016-09-09 11:45:34','2016-09-10 11:45:34',0),(933,'36','1','8c0021dad20e39fc171483e485b8f35971d9e94cd650878e2dfb0a550b3015fe3cfbfd0080a9ddd1adb64b629bf0548c','20111068039','2016-09-09 12:08:01','2016-09-10 12:08:01',0),(934,'38','1','a44fc4f0dab44e666ebf040072fc4b5d88dae209beef12c05e0bbaed1eebd7a874e444bc0878911e679b60a0d3fdb156','20111068039','2016-09-09 12:19:09','2016-09-10 12:19:09',0),(935,'38','1','54607bdd3051bc6e5c3cc9ae65c0aac4fba635351c33e463db274d398e0262f99ddc9ea5ff2520d850dff1f8fb219a15','20111068039','2016-09-09 14:40:12','2016-09-10 14:40:12',0),(936,'36','1','c5e6091971a6e6676a2f194d63610572c948afb5f767efa5cae2fdfe29846c8ad4a10bf58f86f6bf73310b115737f553','20111068039','2016-09-09 14:50:28','2016-09-10 14:50:28',0),(937,'36','1','3c9172d9fba87e4f81e6e7a12ca50864e4c39206779e4005b6fedde520395610b800b6cf8d1573e7b0ca2636baebb6b8','20111068039','2016-09-09 14:55:20','2016-09-10 14:55:20',0),(938,'36','1','2da8e4af70dae19be89b440a9c2e150f2f07645dfe132a9306db3d3f69d3ae9679e806c0d858e1cce85fac45fb82e2de','20111068039','2016-09-09 15:19:46','2016-09-10 15:19:46',0),(939,'38','1','f3ece3939464d57ef7c33fcacf44d58f61961796d6ea8965f9837c82c72715c28e32e4f4733cfa47b789f40bd067d000','20111068039','2016-09-09 16:11:55','2016-09-10 16:11:55',0),(940,'38','1','90dc1c88d1d4116f46b4981570d5c0a6ff18a5efc6ff7b9de13ef985a30f95d1e18121d18dfe6a06ece95862e06edf49','20111068039','2016-09-12 09:49:56','2016-09-13 09:49:56',0),(941,'41','1','8c0e3bc4324bea480f364723ceb98f04a20790fb8523a6d7fe646475afd2e404a47ea39dc2fc12529b937ad08ae7b619','20111068039','2016-09-12 10:25:14','2016-09-13 10:25:14',0),(942,'38','1','cfa3d928ceb7f1c6f1e53febce919e5cb5e21d1d4ca105f722c9a96be5d288a0ff81cbf0a9e83821fae541b9185d115d','20111068039','2016-09-13 15:44:57','2016-09-14 15:44:57',0),(943,'36','1','7afb8f0d3770967ad1a24044cb3c913bc29aace1d961f6e935ef638bdffd56c707c1fd67d57a7ab06ff2a1443948a15e','20111068039','2016-09-13 16:36:09','2016-09-14 16:36:09',0),(944,'36','1','bf3b7f6b624c8576acceb5bc5037572321190e84b94c0b68f8c2f2fbdde93f9d22f61283aae17fc8a577869f58b5559b','20111068039','2016-09-13 16:41:21','2016-09-14 16:41:21',0),(945,'36','1','7518cf358a092517d83c7c9e354b74f8ac28c0606b164b9f1660790d03cd43a139613dbc53fadb9f572fc51f34507cbd','20111068039','2016-09-14 09:19:10','2016-09-15 09:19:10',0),(946,'36','1','b3d47316236a9c640ec25fbf408fc0c1c699028fd838c3f62c9b514c5ea451b64242e452481e22ace32f5aa702f4f2f7','20111068039','2016-09-14 11:04:36','2016-09-15 11:04:36',0),(947,'38','1','8aa2b345e7a983e4843b6ba295c44aec2cbe0072053817737b60b6429e0285a211ee8065b7dd5f8cbe9390428d10de4c','20111068039','2016-09-14 15:45:33','2016-09-15 15:45:33',0),(948,'36','1','e7763a9bba1cae4c6e8edba4ab49562affb261c71a726ae0070b72f8fa7a16bca20bc89e8a56cac9490d56cadf547307','20111068039','2016-09-14 16:04:43','2016-09-15 16:04:43',0),(949,'36','1','bfee99aec11a35262f775062ceb1e3453e79a8be54fbff8500a710450304c9f5dc1c45ee17cee26c5eb12dbafc3178ba','20111068039','2016-09-14 16:07:08','2016-09-15 16:07:08',0),(950,'36','1','4733f685cc89482f4dd96fe616476d19b0f4f7b3791e3283d64288c76bbeb3feebdb092429a712034faa21ed7740eed9','20111068039','2016-09-14 16:51:27','2016-09-15 16:51:27',0),(951,'36','1','0cf43c871dacc04e054b2ecbf4df877af40699b73309988fe9c10d4cd238d7d706a2a87d9ad6170074f6eec12d923eea','20111068039','2016-09-14 18:24:50','2016-09-15 18:24:50',0),(952,'36','1','869af3a2ddbae677b227185c67ef23878a560c863efcad61301f4b8c56531fc8ca39b7da20d929d838d780d76b85e084','20111068039','2016-09-14 19:14:10','2016-09-15 19:14:10',0),(953,'36','1','0b6de921e68cee03b1e5a539d8b5c48e262436984c8154c836fa51ed3dd0f50e1d73268c573d9f940f01ae3ad29448a6','20111068039','2016-09-14 19:32:47','2016-09-15 19:32:47',0),(954,'36','1','694418120fdd4cc25d9edc96ffa760c3165234b81b86ce01f223243e24acfd13d9e960e068f99e022d0028d3212ed87f','20111068039','2016-09-15 09:22:24','2016-09-16 09:22:24',0),(955,'36','1','48d2280120c756db25d106a37080bcb5d3799bb11e3c9db14fc46e40e4520b2177e96c10c96005dd0d1ffc12f84bcb21','20111068039','2016-09-15 09:29:15','2016-09-16 09:29:15',0),(956,'36','1','e41d8543f6de9daf260012a61c67ec148bfc52bd624773721efd081120a6e2080e54ff880a4ca7a29630736aa54659ae','20111068039','2016-09-15 09:29:23','2016-09-16 09:29:23',0),(957,'36','1','1de6b806c3856d35c746da120f75b1ae6a3c301708a18f497091e35d4029a8377af200a8db7de330822bb54b22b970d2','20111068039','2016-09-15 09:37:08','2016-09-16 09:37:08',0),(958,'36','1','224b4893e62801cca21644edf1ffb34e125744c2ce08eed90b6993e6f9b9b8f25bc24205ae71ca8ac79584f5171f2911','20111068039','2016-09-15 09:43:56','2016-09-16 09:43:56',0),(959,'38','1','abe9637039113959d8c0af572f8d178987d79ab64931daf10e59858574d34924dc2cc691278906f04ae0cd62067581f3','20111068039','2016-09-15 09:56:36','2016-09-16 09:56:36',0),(960,'41','1','17d0d1889c45197e7a8c5d75f40907bae0e8bac4e777bbc81a48b649c8e0844382d6b85c69e4d130657cab7e87655b28','20111068039','2016-09-15 10:53:02','2016-09-16 10:53:02',0),(961,'36','1','2e2d9b2774931034f1909a93ef4c607b031b2ccb90852933f9ba2e672c2a5ccf38b4e05a0a87a20dc7f7bb3fb4a0ff81','20111068039','2016-09-15 10:56:36','2016-09-16 10:56:36',0),(962,'36','1','a7568b6d1743d75a8efb581e45470edfb3f236ae130a5a95097a131dbaa3613c6d0c71bbbf015648ccae8f2616f26305','20111068039','2016-09-15 11:13:15','2016-09-16 11:13:15',0),(963,'36','1','191dd937147ba43b77147ab303ce2e86c32f0f088b25a8e995772cc2db197b03a839a71eb9ee8c2734479dfaeee98031','20111068039','2016-09-15 12:06:24','2016-09-16 12:06:24',0),(964,'36','1','2ec1f606f3559a65d29cf0c264998c5f8d679829edc2f24a90a970187a74dbde6ef9f7ce54bcbc6074f3b152681009af','20111068039','2016-09-15 13:18:30','2016-09-16 13:18:30',0),(965,'36','1','739d5c7522e03b32fef9618a405bad3122fc51aa819c18cfa4c0f4f948cd7e520ff8b82048a6d41d982f1fc0ab3d4582','20111068039','2016-09-15 14:36:10','2016-09-16 14:36:10',0),(966,'36','1','2084399620b59c0c08ad16d37d77af696fbd775e01adad383d3ad3ef8e98a0b996fceba2a86f023c9f32400cdd7baa49','20111068039','2016-09-15 14:38:09','2016-09-16 14:38:09',0),(967,'36','1','fd39dbf3163868056d47ffd37a6581ca7bfd47a911bac29b4033d7adce3429bd869e4f875baa5fb65679e6f67d2227c8','20111068039','2016-09-15 15:28:14','2016-09-16 15:28:14',0),(968,'36','1','35134b051e1af774f0d0b5c4113b6e2dee649f82a07d0ed55722c8f87ba445175aed217e315b0eb6bd19eb0daeb5ab8d','20111068039','2016-09-15 15:37:45','2016-09-16 15:37:45',0),(969,'38','1','d4ef89086b97a73a8c75457ea1e2dcefae3c7137edfd540cd5b81e8ac8c59bb3be002655742f15b93fb9f1f8a1e4f1b9','20111068039','2016-09-15 16:20:26','2016-09-16 16:20:26',0),(970,'38','1','994e8f89f645060a5ff177905e7c74da803da56e7f3c955d84ff265c71dc6093011a35761e43ae4abc63cb51bd66473d','20111068039','2016-09-15 16:22:14','2016-09-16 16:22:14',0),(971,'42','6','566c6d491a47be6b0045fa96ebda229e0a03b29bf952600206e4920dfe5ff2ea5ad11d7f41bba132e28e78f31c8fae69','20111068039','2016-09-16 10:04:35','2016-09-17 10:04:35',0),(972,'38','1','db9e32743e4be2f18d575a3f82cb38bae3118946818ef4b508dc3eb9dd39282b3a8d5ba530b5ed3ceefc25f79d331e2b','20111068039','2016-09-16 10:35:07','2016-09-17 10:35:07',0),(973,'36','1','dbcff5a62f58152d30a43e6ab4c83f6cb52430b94352e1806ebb6e46848b135d7576ce22a3ccf739887b04de03029d7c','20111068039','2016-09-16 17:31:14','2016-09-17 17:31:14',0),(974,'38','1','6f63fe1e21486cf3bc7b715c484a47f7cbfedb2fe701665e5bbfad4371b73e292ccb276769c932416792c6a6c6dd9790','20111068039','2016-09-19 08:59:17','2016-09-20 08:59:17',0),(975,'42','6','20f1aec66bc08a346f5e0f44207f35f3818ff455a6ef34832c852753b16fd44ffd7c4050ade8abec87f8b31124e72d9c','20111068039','2016-09-19 11:30:39','2016-09-20 11:30:39',0),(976,'36','1','a65b77ac5fbdf04395ac83dd515a29e728d2b2c8cee95044e0e467939246ed000999188154e74715ea2c8cf6e4e04d48','20111068039','2016-09-19 12:46:16','2016-09-20 12:46:16',0),(977,'40','5','00a1be4e1b76653f54aaebe9936e8df0b9afa352a3b0fbcfa4a9c26508692e9496f59bcd3000d6c8dbdb96dfc053f65b','20111068039','2016-09-19 13:46:04','2016-09-20 13:46:04',0),(978,'36','1','a51476af5cae8d1dfcafa8697e0058130673b7d7a9be78d2c0b7d9c9e298906a737dc16fa5b67e31b22bb2c0f470906f','20111068039','2016-09-19 14:10:11','2016-09-20 14:10:11',0),(979,'38','1','44ad3b5bdb6620ad05a72f4c3619c4bebb2d685c050ce6ca120f4713ca1c262ce1d37302793503ab8fc68c8eb906c69a','20111068039','2016-09-19 14:20:49','2016-09-20 14:20:49',0),(980,'41','1','8f481e5a93af7da99d274449a9aace3ff91bdd77945764161e3089e561dc056cbe710a52dddb94dee28ad3d4ed9403e3','20111068039','2016-09-19 16:14:09','2016-09-20 16:14:09',0),(981,'40','5','5d9dbd25583e61914a90f3b4a5446939459199d316d82b2afbf97156feee55b16f502386fd9bbb8b7f96daedd7b5d1aa','20111068039','2016-09-19 16:27:21','2016-09-20 16:27:21',0),(982,'36','1','62f5764fd1865e0bf2be1ef8fb16c709ecc284713e2f08f6182b32497427c2c46f5c5cf432044e2c155a0896c10d46e7','20111068039','2016-09-19 16:45:41','2016-09-20 16:45:41',0),(983,'42','6','709384f67cba6603f831b5205176c32c50dd815ea304f778bc55ff5750cfb6bc589ec6fece1aa002eeb84e7948c43b1c','20111068039','2016-09-20 09:23:51','2016-09-21 09:23:51',0),(984,'38','1','4d66164bedae8139f7164f3b625f41393c550d9b286bbe78e2bca0c04a41977574d91ab75b65c66fc38400fef0441c6a','20111068039','2016-09-20 10:15:39','2016-09-21 10:15:39',0),(985,'38','1','08db33485479195415d5aa0be8b8dd51971576c8a7b786aa1cfb8be01994afdfa98d0ae2a208fc167203a087da6260ba','20111068039','2016-09-20 10:57:27','2016-09-21 10:57:27',0),(986,'38','1','8a66e0b77d20e9fda0ae12ce70ff52449e75a6ba1899e0cb52c7124442a9bd3d56e4e038f79cfe0b63a43410be61fddc','20111068039','2016-09-20 11:10:38','2016-09-21 11:10:38',0),(987,'43','4','54a6f7fab8fc65c7ce072cce246b8c076e11b66ee90f761be9a93f68f6e327820fc05320db5634c076cdfbd5f8ab6448','20111068039','2016-09-20 14:36:06','2016-09-21 14:36:06',1),(988,'43','4','3b22e75f98ee27d412c2dd5c5658fe54c4620027fa061eb223a87c402d44ca2dd18fe23d82ebb04d7a33c7840ed0442c','20111068039','2016-09-20 14:36:10','2016-09-21 14:36:10',1),(989,'43','4','1af75b35baa7299fdf10f6e14a4ca3cac5825e2f36fe8ee843f05d150d430139d9859aefa01e24333b0db07f1d3dbe74','20111068039','2016-09-20 14:36:12','2016-09-21 14:36:12',1),(990,'43','4','26824e485861aced84da2bbf0a57f91222c622bb87f50a038973f20fabb2bbef8d91ea2461ca71c387b232c9b84d9580','20111068039','2016-09-20 14:36:13','2016-09-21 14:36:13',1),(991,'43','4','fe5b3e9629f44b56ba1eb6cca6720a95c755e18031a2a5ef317fe45a89a3094c0bb6bb41cb9a11586e199ae1b83400df','20111068039','2016-09-20 14:36:13','2016-09-21 14:36:13',1),(992,'43','4','edd18bc3080bb3672c9adee58ec6710a1bfd58cc93aaf2ab396997ab38627216048f2cb3db05863cbf4812409c3dafdc','20111068039','2016-09-20 14:36:13','2016-09-21 14:36:13',1),(993,'43','4','54a272fb5a6935640b0c9b191b8034f8492ebc2f468810e459dff0cf52f3f9c7b7628bf33cfbf4961b1ce002b5fc4570','20111068039','2016-09-20 14:36:26','2016-09-21 14:36:26',1),(994,'41','1','16c0a3b30cd4ce4015ef7d57bd31bd607393376b9f5c12666259dd34798279b86842d197cabeee63a1a8136d17fc05d6','20111068039','2016-09-20 14:37:59','2016-09-21 14:37:59',0),(995,'43','4','3e36cc6b55c7e7e4270d1ae759176dba68a0cddd194f0e307f95666ce75995d3d5bbcb599a498643b32230adc2b98757','20111068039','2016-09-20 14:45:39','2016-09-21 14:45:39',0),(996,'38','1','8185033e838f9f6e14cf6c6a131884b408896a4e1d69ddabe2772590279ecceccc0ae7bc3978d1fe67b9eb9fc6baf15a','20111068039','2016-09-20 15:31:09','2016-09-21 15:31:09',0),(997,'42','6','a4ad99d8a834663836eda70d9437728eab2d2efa366ebf821e5176d903a865eda385776bad580efaa11f61b7da8cee3d','20111068039','2016-09-20 16:08:53','2016-09-21 16:08:53',0),(998,'38','1','d08c2376aeedfa333ba7d94f8413403b0e65492e82f5a827e714b960783dce8ac808d5dcf3a521f096beb5983e55c512','20111068039','2016-09-20 16:28:04','2016-09-21 16:28:04',0),(999,'41','1','e2fdfc6c64ca0ed1aab172a2f136fffa7f0af606eb840dca1a8394a171c0d973a33d3b48b6d4eddb25a7fce72953aa04','20111068039','2016-09-20 21:02:21','2016-09-21 21:02:21',0),(1000,'36','1','cad53b82c6c36734d7c0e66ad133408c4bb4da9fe048c286e6cee511ecc9b1110a5248beb7808e484fc83c56ef7d6935','20111068039','2016-09-20 21:50:05','2016-09-21 21:50:05',0),(1001,'41','1','1cc578463f7340570019856bef57c2d9355d0261da079212acc3ff275f07c1bd59edebed80995783cdd755eb03a6eb2e','20111068039','2016-09-20 21:50:48','2016-09-21 21:50:48',0),(1002,'42','6','880f511381c0969f4528704603856def8fca1873a6e22003357c4c41fc12936dcca5bf00ad44c16c23ee472d1381e11c','20111068039','2016-09-21 09:15:08','2016-09-22 09:15:08',0),(1003,'38','1','8dec1d1e7b4adeae380252fe5c71b584605fd1ee7a1838539390f6a32812753116f8a4df37ae1a7839a8d837dce6e194','20111068039','2016-09-21 09:20:53','2016-09-22 09:20:53',0),(1004,'41','1','3efa607c193a110de21b88f6c4f478186fe5292e770f8a81c34413e9f7ef6ff344fb7c34ebe9cc86a0328e238fe237ba','20111068039','2016-09-21 10:08:04','2016-09-22 10:08:04',0),(1005,'41','1','8ff54faf379a325c3ac45da3b4c968b0903da4e9e2943f0e7a6f66674b5773bda3628945aeb2756483688c32777949b6','20111068039','2016-09-21 10:08:04','2016-09-22 10:08:04',0),(1006,'38','1','9600bde7d6ccca3696d5063c19ad1f8f375f47c7228e7aa50ed7743dce08b81b99000e0fc68d539cfb5b437d373ae5d0','20111068039','2016-09-21 11:35:17','2016-09-22 11:35:17',0),(1007,'36','1','1c0e6f6a001c27072be72d6704817ae8d8e5cb585ce33e64fb02cb63ef0796f8103da13847fdbfc6cf007d229c6c9d8d','20111068039','2016-09-21 11:37:39','2016-09-22 11:37:39',0),(1008,'40','5','168d1efd3b6a1355ffa452aaeab223fcdd4953db51b38b7ef22eb668bf512aae006907ac66695179e3dc04394d6ea2f4','20111068039','2016-09-21 11:52:15','2016-09-22 11:52:15',0),(1009,'43','4','9cd8d79c1277b2455d3fefd476ff7973e4797108e551e4274a8dcd52e3301cc678a6351589e3e57e282da6143da2c0ff','20111068039','2016-09-21 12:03:31','2016-09-22 12:03:31',0),(1010,'41','1','497672c7b5425155021f6ad9829900f8421ce1a3ecdcd13a147cbc8949c827bcf26717963059d698922fa53de9d7c48b','20111068039','2016-09-21 12:05:09','2016-09-22 12:05:09',0),(1011,'43','4','e201797a3704fb73cfbc7fb23d164d38d038dea5a8e32470e9d8dcda77b8053bed67e6e9df669eb2ca72a05d653d0402','20111068039','2016-09-22 09:08:52','2016-09-23 09:08:52',0),(1012,'41','1','df269d296d2a171fd17eb9050896311137b45a5431ecaa6793584d955855c966ff22d73220144991d22da3fffb996fd7','20111068039','2016-09-22 09:10:08','2016-09-23 09:10:08',0),(1013,'36','1','23837743fd22d294d110bd984f5886c76f470271af4be33a046c8525ed859eedf8568b0fb95985b6ad7291f6d9b42d35','20111068039','2016-09-22 09:20:00','2016-09-23 09:20:00',0),(1014,'38','1','dfe13183bc6d314353cb52d9c30a852e3ba3950dbf3f7a3a1cf70dbc87bf80502c49a66fb97b50f261850888c7153475','20111068039','2016-09-22 09:35:34','2016-09-23 09:35:34',0),(1015,'42','6','ff8292f36fbcc104b581a4dff9db7bb5ba8b39c299a9b5d23c506ed41b9095d6582183769dc83e3923a83cd32dacb139','20111068039','2016-09-22 13:51:27','2016-09-23 13:51:27',0),(1016,'38','1','7db15badc4997c57c72e75827e381b83a7131ec7ed912d91f9891c97c42b58579eded3c3d3ba22749cf342319a9b1224','20111068039','2016-09-22 15:25:10','2016-09-23 15:25:10',0),(1017,'36','1','1386a07bdd729ed74e3b9a6b2849f565b7d31a1c52012e5478ece35110fb357ea2dd579ec21f407cdfa9aa894548aac7','20111068039','2016-09-22 15:28:14','2016-09-23 15:28:14',0),(1018,'41','1','d66f7e18f550ca1ac213baa478cbb0515bdde6a96db5d6b77a49ea957689fd5161100ee1bc704aa67226d9f0305daf48','20111068039','2016-09-22 15:29:50','2016-09-23 15:29:50',0),(1019,'36','1','cfdefd42620e4e74c3429bddd690609de4cdc5b9464692ff3283ae5b9414775ff3417424c38ee9a27760a16f5c813272','20111068039','2016-09-22 15:30:06','2016-09-23 15:30:06',0),(1020,'36','1','f37f77d94d402e3728fad053592dfd64a79cee624e76ca3a8388171e3059c8439124da8a98ac455a1cb8b09936dcff8f','20111068039','2016-09-22 17:46:45','2016-09-23 17:46:45',0),(1021,'36','1','4420a41fc6dfc202498626cb0404585a8dd633c9b1f652439e5b02697ecd641f080822c5085546d6a2c6c5ce821006ff','20111068039','2016-09-23 09:18:49','2016-09-24 09:18:49',0),(1022,'41','1','9f6581b6e11efa968e933a8ad0a447f73b0aa9a5ff876ca9deb02b48f6f9a3d4d1c0af5f6a9f62a84beb9ddb20d6d779','20111068039','2016-09-23 09:28:30','2016-09-24 09:28:30',0),(1023,'38','1','d3043c5a6b2eb3e36757076cb5fec4cf1249ae46ea44fb556536e5743527008ae0a01f7d12ca62ff2f2e556b7223f049','20111068039','2016-09-23 10:17:21','2016-09-24 10:17:21',0),(1024,'36','1','2eed6aed69076f65733dd9c2599d7b04dc0ff3f9c7317b01d051d68349e2418344fdf1a4b119c5ab787b38bf6f56db69','20111068039','2016-09-23 10:28:15','2016-09-24 10:28:15',0),(1025,'36','1','140fca36d91e7404f15d37eb1b7d89647d987f833d8077a904e77610c074e067f4acf63693155bf4cc0df92c61934078','20111068039','2016-09-23 11:13:14','2016-09-24 11:13:14',0),(1026,'36','1','c468b7f8e8087d0f3c1908cf1a49f199c66f5d268cd5658dc57a58b10ab90eff1537c89a8caaafe2a6de6ce0381bf53a','20111068039','2016-09-23 11:35:55','2016-09-24 11:35:55',0),(1027,'38','1','0c338303c1718f662bb8c874cfc2f730f710273e4b1e60e7b2819a6e4b5ba3e80b513a13a263f4ef01c5d1d2adedba49','20111068039','2016-09-23 12:08:55','2016-09-24 12:08:55',0),(1028,'38','1','71ed4c0f7959ee9bfbc079b623ade99122b994df6c03020b94ef0c07ee40371fbc65501312cde1e40836c737da1a7253','20111068039','2016-09-23 12:49:11','2016-09-24 12:49:11',0),(1029,'43','4','759817887a88e9afe8cd01fa974d01ab3d0834c2e1fd000489246bb37deea67d84dc6066b83fddf089afad81e0c2827d','20111068039','2016-09-23 12:54:09','2016-09-24 12:54:09',0),(1030,'38','1','fdffccd87906c84588198ccacd9c6ff603c9cdfd47376c35de1261f689c83e3a07859f32eade5eeec7366f3b42a7f465','20111068039','2016-09-23 13:09:23','2016-09-24 13:09:23',0),(1031,'43','4','25346454c4083feb30da814fb9ea21f4f43f05a68a2e6ba67350d7289af3d901ad32c26d46cf641ff74885a62e153257','20111068039','2016-09-23 13:10:39','2016-09-24 13:10:39',0),(1032,'43','4','f45555de3f1d423f1c21aec40082564d760fc4e2c36815aa517d2a9cab24a8897a5e8c43a3011772c9332febd82643da','20111068039','2016-09-23 13:11:32','2016-09-24 13:11:32',0),(1033,'41','1','5d658cbc24904c8333d3cf1ef6067de7334c4ea042f6eadae1f6162b5b42d1b5f764a82a70782c596261b2284c89f977','20111068039','2016-09-23 13:12:12','2016-09-24 13:12:12',0),(1034,'43','4','c5bcbd0b63ece370fdfb6b0bf7c09b4e5245fa1d2373d6278a59ddd8728f5778eb80ccce0513cd5d06db2dcbfc59b2cb','20111068039','2016-09-23 13:14:09','2016-09-24 13:14:09',0),(1035,'41','1','097e4b52edc6d9b51d1d9d13a8b2e09a389df75b50d15336e3e7ad4db4117f2dddae3e5e5ae7bbe859460b90f39ec57a','20111068039','2016-09-23 13:22:57','2016-09-24 13:22:57',0),(1036,'36','1','51951fbe8170b79ce9526307aff0d3c820a62216e8b0a97816c44add4f7df0e9b746c45a6bcce52a02c160022f150cd7','20111068039','2016-09-23 14:33:18','2016-09-24 14:33:18',0),(1037,'38','1','a9dc2f686f02b21cad9297c626c5c0fd81b1962bad77fcf1833cd464dad98233681cbb935a946ab318fb43e51f784d7b','20111068039','2016-09-23 16:24:30','2016-09-24 16:24:30',0),(1038,'36','1','49935c65e9a1bbc8a8a052717c15db672acd5196dff0fa5a2a6dc67f78d1e291d1ea85a7bb5e1842459cc7b9d5295672','20111068039','2016-09-24 17:42:58','2016-09-25 17:42:58',0),(1039,'36','1','3bbb6b5e9d9f633a8066f69474e558897fdb8c08e2e51eb7360c342d725c229f66e849da16f46572f5be15c4df0e48f5','20111068039','2016-09-24 17:43:32','2016-09-25 17:43:32',0),(1040,'36','1','5107b3bbb980ad67369008f289ecb11a5305cbe3a66b98b1f7cba12cde97ffb73eb20f1473b1883d0447311ad703f779','20111068039','2016-09-24 17:44:17','2016-09-25 17:44:17',0),(1041,'36','1','779f4fc5e19b2e6ceb53f70503ef97d3e2f8dc3442e58d4a5b78d0a13c796257ec1757c835182b7cb708d97d32bdce0a','20111068039','2016-09-26 09:29:45','2016-09-27 09:29:45',0),(1042,'36','1','9fe4e0e2aea88f859ffb6a2b3732e1e9b2d521905633f8c2c0dc523dc8795a3e869655f1f50b78f141d7580841931182','20111068039','2016-09-26 15:56:30','2016-09-27 15:56:30',0),(1043,'42','6','f197e92665aaf40b806b40af57d4218f447735d66f1f854f4dc4edf544ac38306a512d29606ad29103565f0c7228111c','20111068039','2016-09-26 17:09:11','2016-09-27 17:09:11',0),(1044,'36','1','8fa8bdf1d38f7aef3a39f3b5da7f3da2c7a4f07fcddad92afd4cc442a53966b2af0ecce9aaf9f807843742253b11cb82','20111068039','2016-09-27 15:08:35','2016-09-28 15:08:35',0),(1045,'36','1','238b71b847bb16ba9eb05afe48dadab61245388cff93207215754649426b673a1e8a176ab05131f283ffff0c5184bd7d','20111068039','2016-09-27 15:17:17','2016-09-28 15:17:17',0),(1046,'38','1','f01119dccb763023f72d3c15002cf8045061425a35a6651d1be767c5364fa01461c38da430fe675bb4df2d3e3d8a6005','20111068039','2016-09-27 15:24:46','2016-09-28 15:24:46',0),(1047,'38','1','597903ff5d5635c6f87e9f2de70b5f4de9fee8d3a0abd73ad0966200f6c6b21244cedc028f62b7ef7af2029a65440387','20111068039','2016-09-27 16:35:50','2016-09-28 16:35:50',0),(1048,'41','1','86531787a83f8ff834293cdacee3ad0d99315e85bec9f487ba9db4b99e5a2219a42f572601622f346792797c04c8dbee','20111068039','2016-09-27 16:40:26','2016-09-28 16:40:26',0),(1049,'36','1','cfeed9dd3b1feb1707640c3ec56bbd472672165d16166a3e42fde721604443ff72c411a4c786bd6fe1e1227e46f17c5c','20111068039','2016-09-27 16:56:40','2016-09-28 16:56:40',0),(1050,'40','5','18b2b6ddf971d15f887e409cbc9f4f20c693ccb4374356536110f3f14d75d6849c520d2ea2d2d7ef8f75614253f87cc0','20111068039','2016-09-27 17:16:36','2016-09-28 17:16:36',0),(1051,'38','1','317c949e1106e2247f76047d7717c90bc157cbd07af1d818edb9ff61d9b4c8c9bea48e060c42b0e3cf76c289a60b86f2','20111068039','2016-09-28 10:57:20','2016-09-29 10:57:20',0),(1052,'36','1','57405257309a532cb23a0e6254692d2c95f89711689636d1cdee25e4db252e56e608e14c637b0471437943eb7958e37e','20111068039','2016-09-28 22:03:11','2016-09-29 22:03:11',0),(1053,'41','1','069b3b77bbb38795dad7dc9add0302fcf42e3c12fbb7257ab49fb4971a6ffd6bb9bae7a259d3417f6447c910fa9a36f3','20111068039','2016-09-29 15:08:16','2016-09-30 15:08:16',0),(1054,'38','1','16ed50e5cac6cab449b2de9bf712040d42ffcacf0ba0057508c48ca129e11dcf9faaa7525cdee2b39694a6c214779c3b','20111068039','2016-09-29 15:12:45','2016-09-30 15:12:45',0),(1055,'36','1','49ca63545731339c48b23c7ec7fa681ed33d5bd4e6652b73ee66b2131a434d217827762aa3a39cfaa3098f9af0ef503d','20111068039','2016-09-29 15:53:55','2016-09-30 15:53:55',0),(1056,'36','1','a4b8c0bd1d6580cd9fb8ac479bf9b0a39614e1cfd1000526b6cbf1ccc6bc641e4086641785dbe036bd98ce86ca0df304','20111068039','2016-09-29 16:23:49','2016-09-30 16:23:49',0),(1057,'38','1','8bfdde5f59201753437a609e49a7f849cb400dc3281dfc9a5f2f49a1f5d722e03904a9b441d748446747a3f44644c203','20111068039','2016-09-30 13:39:38','2016-10-01 13:39:38',0),(1058,'38','1','cf63ba16eed9f193cebfb08516a655d57ee6cfbdc02e5592d6a75142c66672d695bc8348dd518176fc3a12e8aa79c690','20111068039','2016-09-30 14:17:29','2016-10-01 14:17:29',0),(1059,'41','1','fea1fb525c8aefe827d2f0adaec145441f0f648888b7c37fed43fffc7579faf98b9be77c1f4e9bbafe0cae591b3481b6','20111068039','2016-09-30 14:44:47','2016-10-01 14:44:47',0),(1060,'38','1','f4b628a905829c28765b72b0c8e93d4e4c0949f9f5e1f23e6fe36dae4e49117ca39d659bf26344d9e11429934e70eef0','20111068039','2016-09-30 15:10:12','2016-10-01 15:10:12',0),(1061,'36','1','c2a1a566db00a22ab12d7c80b942cb72e6d1e1d7b25ff5dc36ae14e8263f3e076f3047a330c778ebfb28e04a6184bc4c','20111068039','2016-09-30 15:23:40','2016-10-01 15:23:40',0),(1062,'36','1','cc2c92855b42a1eb86dbadd65b3770df27896863d1855c8fe28e5b798b452b257501119f96d0963b7bdac29d8d072afc','20111068039','2016-09-30 16:20:39','2016-10-01 16:20:39',0),(1063,'38','1','4353616967963c1a183a138f0b973a7d34ccbe307f7725a72b3198cd6f03c74375fbc7236cf681454c09dd01d7cd9e5b','20111068039','2016-10-03 09:45:49','2016-10-04 09:45:49',0),(1064,'36','1','36ca9f0daa32f30765370f78a55306f1ea5d681496c6abedcb7a088ccc3cc9524e590faf78d393dcbe35955400b5ff4f','20111068039','2016-10-03 10:09:46','2016-10-04 10:09:46',0),(1065,'36','1','e3355f37606edf8e452451187a2bd5356470b25a24fd4849a044dfb7bff8b1404a62bb972c8a095161f2edb9303472a7','20111068039','2016-10-03 10:14:33','2016-10-04 10:14:33',0),(1066,'38','1','4a24b35e6144dba67e7429b280664999d49c0815d7a2f8f8e0006df583b698a6e64614694fdd57e636cd7f55a4a8e98a','20111068039','2016-10-03 10:54:08','2016-10-04 10:54:08',0),(1067,'40','5','ce6e5c05fd360df58e21b108f3d2c8b4abdb1d2905490619a5a0608137fecfad5bcc1de6c616fcd5747cf21827b3b722','20111068039','2016-10-03 11:25:30','2016-10-04 11:25:30',0),(1068,'42','6','06032145b1c910bc4457c4a2d0771f76ee8a1579167a72b321cd8da172b9d0dd54d09d8f76f0b150a32e65e5a251a9d2','20111068039','2016-10-03 11:38:49','2016-10-04 11:38:49',0),(1069,'40','5','43627251d0c876a6a2b9a7460cb7fc8531c0019d899833210bc1060a95f8a2996c7ed41300f91be0a476e334731ced02','20111068039','2016-10-03 14:18:05','2016-10-04 14:18:05',0),(1070,'36','1','08baf4c71568ee40861eaa71d4c43d25263ad55b3adbd1db569a76da7e2f54bdb2dfd693315931cce1c4fa411e684aae','20111068039','2016-10-03 14:37:46','2016-10-04 14:37:46',0),(1071,'36','1','528a53d363d4f687ef0c4298e030d39e5e712996d1494c6b0f6cccc945634b11cfe9d88cec6545b9539509f48fa04f75','20111068039','2016-10-03 14:55:03','2016-10-04 14:55:03',0),(1072,'36','1','218f1abb8c727c458a2728fc6a491b6c977878cadf620e7a5d26b2e99a3bb6a338a470b528aeb7d60a9a2b6bc49c9000','20111068039','2016-10-03 14:57:39','2016-10-04 14:57:39',0),(1073,'36','1','a67b84bc631706d40e01a0c0b6e917785810e17fec45e105c40f03aba9a870bd7e37ad2396e7313e83453746429921df','20111068039','2016-10-03 14:58:04','2016-10-04 14:58:04',0),(1074,'38','1','bc29faf4724e6ab9896befd904aac404801b296e3d697fd3f452f0d756c6d122b7ada08ff02d921e41bbc95c10f26c53','20111068039','2016-10-03 14:58:56','2016-10-04 14:58:56',0),(1075,'36','1','19474c2c1900c87337cd2495674603bae3ef82b8d630758c3cb4c097436f94b5a320126ad16be276c7b1859f0afc441b','20111068039','2016-10-03 15:07:38','2016-10-04 15:07:38',0),(1076,'36','1','31dd5d89a972c1015475ed613085c5014e8cdf16e4c2bd07d7887c580525e726d9375b8f31f2d0a667a685b5ad8304ca','20111068039','2016-10-03 15:16:26','2016-10-04 15:16:26',0),(1077,'36','1','8c9df0491e99620145179d2d10cadb6dc35235b9e486ec5d60e69fb09a256fcd9bc5ab7cb2a910a4f259e82cfe8abb2c','20111068039','2016-10-03 16:35:21','2016-10-04 16:35:21',0),(1078,'41','1','e4a58b71e22c471ae0cb2bcc95d709f5f2a7e4770a03e72f7307076e0f32703111e2b951a9da44f9788f728514184a7c','20111068039','2016-10-03 16:39:59','2016-10-04 16:39:59',0),(1079,'40','5','65e99a26197dec66984d3a5525439868e303746f95fd7cb50be0e52be8823afccc884fa479990db6b2ca3acdc51d6366','20111068039','2016-10-03 17:51:40','2016-10-04 17:51:40',0),(1080,'42','6','5332acc152b551ac656e3bbaff272b909ecc08f484ea1d2a9aa0b6bdbce534e86fcc2de99b25b290df356c88f6d059f6','20111068039','2016-10-04 09:30:50','2016-10-05 09:30:50',0),(1081,'38','1','ef354f17909928330968611a4fd377ff2be81dd4f491a34c57d35d7134463bb89d8c76aef82e91be51cd3d45af368552','20111068039','2016-10-04 09:32:07','2016-10-05 09:32:07',0),(1082,'36','1','9183e0edc82e471af1b8ef3a9bda20a9ba31c795626e90765ada874cd31478a5ccef943ef4f7ca3c822501e66b833bbc','20111068039','2016-10-04 09:41:22','2016-10-05 09:41:22',0),(1083,'40','5','a28f1479e4478494dbce6628fd1a076bb59571730938af8dc044aa481acf5174ed75a9c89db975553c70b17b2f288188','20111068039','2016-10-04 09:42:35','2016-10-05 09:42:35',0),(1084,'38','1','0240ed332f26477101c5cb08d482c6b8efea1693d80b6a15e0a6853eeb32c4537c12b6ba5d471594a146f927ece56256','20111068039','2016-10-04 11:47:13','2016-10-05 11:47:13',0),(1085,'38','1','31038fa1ba480bb61c706e47f5a8f85fd2c31876209f55ac96e69e9405941055a7c887fb98b9cc33dfabfbb93ae17c45','20111068039','2016-10-04 11:48:36','2016-10-05 11:48:36',0),(1086,'41','1','1d6673479eb0723f8a280d5cae28d07c6f5a5143708f7b72d63b235935c348a30533d6511e4a4e4b3ff9da9beef892bd','20111068039','2016-10-04 14:16:53','2016-10-05 14:16:53',0),(1087,'36','1','0db07a1dcdcd591da668e51859919bd523025c92255b056ebbaaa3e4c60826a3a94e6df147c43751bb281525fed6c03f','20111068039','2016-10-04 15:33:34','2016-10-05 15:33:34',0),(1088,'38','1','c679042f3851819197eb435ba2f26c7d29ed0a22dcd222d500ac8abca836aec17631769e26769f416c2de1617b358ff3','20111068039','2016-10-04 15:35:33','2016-10-05 15:35:33',0),(1089,'38','1','895c6211a85639c3467edb0f1ae1f5d05a9469927518f590222fffc30699844c671c010422858b4f39724710d83ec455','20111068039','2016-10-04 15:35:40','2016-10-05 15:35:40',0),(1090,'36','1','5524ffae433c3e3aa4afbf0e13dd1834f9deb110d8c8d208863852c2419115cb9c5e372d4329dd0c3ff0e0bcaf93a8e7','20111068039','2016-10-04 15:38:30','2016-10-05 15:38:30',0),(1091,'41','1','954d5592b1e787c345164ef0fbbe4e2d973a093242a7f28412154713c490e3c5caf8c833b050ab3d26b3045f3dbbd889','20111068039','2016-10-04 16:00:59','2016-10-05 16:00:59',0),(1092,'44','2','e8b082dd75fe37ca41cbc4546679841117b2f517f20dd9b7fa088b16c76d541b2cc45fbf9fbb17b659f5257bbda4e1d6','20111068039','2016-10-04 16:01:29','2016-10-05 16:01:29',0),(1093,'41','1','23d2dad93dec7b316417156b1ca324f260bfddce3005341a91d722db27869b8c3c5b3d86e2fdbd39eecd44b71da788df','20111068039','2016-10-04 16:08:03','2016-10-05 16:08:03',0),(1094,'38','1','ab2773cee0f3ac72c380a4364f3d47ba720fafcbbc317f12b7c12b7e2c15e0718cec137f0d89316d2f32195c4d414808','20111068039','2016-10-04 16:10:18','2016-10-05 16:10:18',0),(1095,'36','1','8518f795e1ce10961ddbbf97b34341c1b73a1e0d7714637f4c71bfc0a425163d5a1af503e8898fab18fe315e429a549b','20111068039','2016-10-04 16:11:09','2016-10-05 16:11:09',0),(1096,'38','1','0688eaaf4bf920751d24cfbec5690b601efb9674c1d4412a83cbfceae64b77e25c8c6b3ab30190811da6707e96538808','20111068039','2016-10-04 16:29:31','2016-10-05 16:29:31',0),(1097,'36','1','740b7b84415408783471f9d46d4e50c0a7b3d8b0e4f71c706ad5ad02b8335957a4367362dea3e53cf1e8d70082c8700a','20111068039','2016-10-04 16:50:53','2016-10-05 16:50:53',0),(1098,'36','1','028bb6bf75c6ebf8af11352aa6398a412c4f755bb7c4484851a3ac9033779dbe5f365acf58348e71f79f9321932939bb','20111068039','2016-10-04 16:53:58','2016-10-05 16:53:58',0),(1099,'36','1','cc3e0e76c477e01269fd04fbd2f834961e2e16082aa5c3b70e3eda72b0998e5d212f3f77be9e37c16a9ffaf0d7015b72','20111068039','2016-10-04 16:54:28','2016-10-05 16:54:28',0),(1100,'38','1','62404dbc11700f9c9209ffaffe8786f7e57a72f94270c975226e90f1b00f9a92018e12b5e9ea315e4a535fa911ac148f','20111068039','2016-10-04 17:22:47','2016-10-05 17:22:47',0),(1101,'38','1','b0bdf9ecba8f2dd179a6506067b4b70e8711b37d6a16879d23064672026cbe16ec921b5ef439f5a394dc6b69c174335f','20111068039','2016-10-05 09:11:19','2016-10-06 09:11:19',0),(1102,'36','1','343e6e74c67cb2febb3e12c2ce86999ec13f8c9a6b2013bc7c4ed58b0736de29f8bcb513e1e86efa5c3247f388f14c5b','20111068039','2016-10-05 09:52:11','2016-10-06 09:52:11',0),(1103,'40','5','2f96cf3f6a0fb6ec46b8fbaf0961363b0745b594d7e6d56c363ab753b0ea31703c2977d798f7859f3ed6d44c0e1580a2','20111068039','2016-10-05 10:22:59','2016-10-06 10:22:59',0),(1104,'42','6','cbb8c745949e16f84e695ce1bf5960c8502bb089fa9706b70ad6f61e2ad33a1bf6984f8520030d0246c0ca9d9b5c0123','20111068039','2016-10-05 11:14:09','2016-10-06 11:14:09',0),(1105,'36','1','bd09188a83c1e018ff35471d1e3396c042fc08abef5873a2a6b20d22beee9e460d6cf8fcfa9d4d1da9076f24a47d4f12','20111068039','2016-10-05 12:56:22','2016-10-06 12:56:22',0),(1106,'36','1','b9559119d9f3879985745c3eba11b0a89afd2b3cc68b59bb4f5537f6f6e15443537f6a40cf0c433c0c9652944789af00','20111068039','2016-10-05 12:56:24','2016-10-06 12:56:24',0),(1107,'36','1','687d4da4b147f0fc4999dcffff2f64f9a0c13cc12ffcfc0f43ec025853d16b3217b71db1700fa0e0f86bc6210274b3d6','20111068039','2016-10-05 12:58:41','2016-10-06 12:58:41',0),(1108,'36','1','31f6b64a1938418b70da1c1a78d5c7bb862a032bf082461dd141652034f3bbb09682f7ff39ea66e914c7dcdf890943ad','20111068039','2016-10-05 14:56:25','2016-10-06 14:56:25',0),(1109,'40','5','40317741a7333c2419aa750b285443dc711b027859a446de7c4e346c06e05ff9d570e79e4de2d2697243a23401c9d0d1','20111068039','2016-10-05 15:10:00','2016-10-06 15:10:00',0),(1110,'36','1','8d684a1f78a2432867ba2272727d172a048e9e762d28ea62658f7daa079a96adcb57c405705b1df763b42574a9a0cf03','20111068039','2016-10-05 15:32:11','2016-10-06 15:32:11',0),(1111,'42','6','fb27caec42fc8b3d96ff2d32cc5c9acb02004166605d759bd19644fd44e5d5b2b11ee5811a74582d54a2bb870e15ffe6','20111068039','2016-10-05 15:37:56','2016-10-06 15:37:56',0),(1112,'36','1','a4cf76f06818ee465169a41e27bba92abbc5104a899cd70b828b3a7f7eaf22bd82b9eb569264934e9ad16eaeb8159e6f','20111068039','2016-10-05 15:45:58','2016-10-06 15:45:58',0),(1113,'36','1','32ac27f9e97fc071b0b70673f9ef2be90ff539daa4d93b581b2d3ea0de67ae3cfec041e0f04d60b57bf0fa0d29663337','20111068039','2016-10-05 15:53:41','2016-10-06 15:53:41',0),(1114,'38','1','f2271a2a8d09e8cf4b9b3f9f452707d8a130b26f6485fe531f22ef5a058cd5503c612094c92a4f62adce30abbaf7c8d2','20111068039','2016-10-05 16:36:44','2016-10-06 16:36:44',0),(1115,'38','1','488a2ffc9302822a6c341f22ad837636555a080803b012d3a5aafc4c7de05bb3b631510cdcc439fc8485086b6903574e','20111068039','2016-10-05 17:12:39','2016-10-06 17:12:39',0),(1116,'36','1','46348033af70b21ce7d14109f2bcfbd39ede14b317b14c8d0aa856e7da07b31516515d6b1d71ffda98ed86826fbf3c9d','20111068039','2016-10-05 18:10:27','2016-10-06 18:10:27',0),(1117,'38','1','b6c9704b6309e5c9cb539e80e4635d1ebb4bafd824bed70b7c1129381d0256e5304842641ae5c4b3a75a1add3477485c','20111068039','2016-10-05 18:23:08','2016-10-06 18:23:08',0),(1118,'36','1','c1fa5f7dd751b42680df2572a4c20053fabde6e8105d5259c36731739dea0dba77f1d53d9bc58100f70f8e47e6641ea7','20111068039','2016-10-05 18:23:48','2016-10-06 18:23:48',0),(1119,'40','5','d238f3ddb2d5c6f32dfe27fbb86573bc7e36690fb0d626a6598f4dcbe8e153b826b3d95290b16779acf4c822498409c2','20111068039','2016-10-06 10:19:33','2016-10-07 10:19:33',0),(1120,'42','6','1ac986323a4ab262098f13c804d01b5eba36f92950bb9e0029862c80c832e95a114546bfb8f1ac5461e69b8cd10fc95b','20111068039','2016-10-06 11:50:24','2016-10-07 11:50:24',0),(1121,'36','1','4fa5f55d88bba21f159877ef59bf3ea238379e2b94596b7c81828c9dc73f37aed4dd3f6e98478e73445809a08a7c5339','20111068039','2016-10-06 12:40:05','2016-10-07 12:40:05',0),(1122,'38','1','863ec923663a142c661c66bc883969c15233dabad63f6f5410d19747d16793002a250e6df208f0cd884a04696b4eb403','20111068039','2016-10-06 12:51:18','2016-10-07 12:51:18',0),(1123,'38','1','6e818cc457b7772638d8f3df7d573dbfe80fe01af3642939e339cfc5740493fc9e3bb45882c7dc4f560792ea20bcf43c','20111068039','2016-10-06 13:22:33','2016-10-07 13:22:33',0),(1124,'36','1','89ea870711b81915016dd1490245c3494d89dd1c68ad63deb4006aa6fd0900669e523e789c78ab77f94c11d56f7ec303','20111068039','2016-10-06 15:43:55','2016-10-07 15:43:55',0),(1125,'36','1','9a1aecc036d0d8cf9560e88c903f0b9b6ab9a55c62a3f1e20f06a9fcd7d8f1940be8bc3d59b5780aafa8a4d51063f168','20111068039','2016-10-06 16:05:45','2016-10-07 16:05:45',0),(1126,'36','1','964b644d90e8eb2d0f183fdc657ed7e9a184b52a959e2fa59a15fcc9009d66892b83acc9f95fa891b247d3b25f19946d','20111068039','2016-10-06 16:05:20','2016-10-07 16:05:20',0),(1127,'36','1','5667875191f547bec25c0553ef1d4d4dd2ed7c1c594277ea812cd4cda62d63e2c2b5e3bdc83e989ffa185c7eea45398f','20111068039','2016-10-06 16:37:32','2016-10-07 16:37:32',0),(1128,'38','1','354b06ad78924ed7e51b772c233f6ab3a6a01ec4c711dabaab4cec0475454db696eba5b7b4dab7802793bb6566c2ed3e','20111068039','2016-10-06 17:18:38','2016-10-07 17:18:38',0),(1129,'36','1','dca1271655b70796096de8d627f358b47f8c2a63c8d1a0db4927f63ad75d206c419a1d707c0e59bc8b68c2f7410e23dc','20111068039','2016-10-09 09:34:49','2016-10-10 09:34:49',0),(1130,'36','1','2bdf4b4ab7c55a248f4361d7600fa526365bd881950144373e2e63b824ee523cfb1d30f950d98db591805ceb42209177','20111068039','2016-10-09 15:59:10','2016-10-10 15:59:10',0),(1131,'40','5','d8dd801f76a3600293b805089a76096969bf4f4fd111332d3de10f04e0b21a1e35899781c65c6a86dd69cbd7fc234ec6','20111068039','2016-10-10 15:57:08','2016-10-11 15:57:08',0),(1132,'36','1','665c69b6c5a21c6d9b59495a2ed7a3de60510cb8b18ea6c8d699d20da16b5b1f0b8eae6c26d60e593f0b69552e3e9809','20111068039','2016-10-11 10:29:29','2016-10-12 10:29:29',0),(1133,'40','5','94166d55e0a4f87fd40b4f00e305db9ffcaa4fe990e45b6a6733703f5a666915242dca87bef6e784f1a07e8ee076d4a4','20111068039','2016-10-11 11:41:42','2016-10-12 11:41:42',0),(1134,'36','1','4216f292d9fcabd9e4c56d9c6db112382cd8770bd48133142f7629aad6977156f5ee9f50a02161ea26d3de712d7a8e07','20111068039','2016-10-11 15:18:31','2016-10-12 15:18:31',0),(1135,'40','5','d3822c74c73bdfe26ba68ebf1af896f4b3b6199dad6ae589d92a9768faf66fbfa1ca7507e4dccb0b7c8ed496c5000191','20111068039','2016-10-11 15:23:27','2016-10-12 15:23:27',0),(1136,'44','2','4eab8a9739d4a313a41fcf4ad2c555ccea460e75adb85d054f223a314ce99c5ad212cf84a42f3d691b5a612d928c5c61','20111068039','2016-10-11 15:27:42','2016-10-12 15:27:42',1),(1137,'44','2','371911c8651c50eeeaf03dc0927bd4ba9437cf7d3f3f061312a62fe780238a04b343d7c8d6b33a50678d6fbaa65e8fd9','20111068039','2016-10-11 16:21:10','2016-10-12 16:21:10',1),(1138,'44','2','81c8cd4ad8f0aa9388ab3a0b770a6b5c90507a7522db7789648582ca75d1085b13084652779607ba0dfbf17f09b7a59c','20111068039','2016-10-11 16:33:10','2016-10-12 16:33:10',0),(1139,'40','5','19b6e9ce99a26d7628fc5366a88b0ba5c4880d5a32a6c97e48e8fd442ed7712d5f056158df050950cde01a4b81e8f141','20111068039','2016-10-12 10:41:23','2016-10-13 10:41:23',0),(1140,'36','1','ed566aa6a2a3503061bc79cbc6796e2ee93e39f118548f6ebfb5a72b3fd46c19fe230c62030062694db8b2cbad64157c','20111068039','2016-10-12 12:13:55','2016-10-13 12:13:55',0),(1141,'42','6','9dfdcf9bb78c996b1341d1e218384a12bec1805156c113687809dd1a51505abda6412c838c5e8229f4baffeb2486f505','20111068039','2016-10-12 16:14:59','2016-10-13 16:14:59',0),(1142,'38','1','e0abb983b9be21267a8ebc406258135d6865084035794283129ba72b27a3b3264c1b2084adf82e34e57f075a1f715c2b','20111068039','2016-10-14 10:15:26','2016-10-15 10:15:26',0),(1143,'36','1','6b0ac8ddb10fd0a7edcd1555949e6f3dc0fd7f9c09bf57556302ce3fea296b84701c90b5ada9bdd5b5da2a1d18441726','20111068039','2016-10-14 11:09:39','2016-10-15 11:09:39',0),(1144,'36','1','9ca79793bc52ce27ee7a67d12d10ac339caff442f2f1839a7e2f36ba9c18e27224dee816dce3016b48f952af80f55596','20111068039','2016-10-14 11:10:00','2016-10-15 11:10:00',0),(1145,'42','6','6c2d0451b813323f656d6be197a9a971ea3e63036c7a565432a774531f6d22488998016243e197b03738c3260d64b494','20111068039','2016-10-14 11:18:13','2016-10-15 11:18:13',0),(1146,'36','1','5925c3493d6606ce5dc342ae854f2ccb884c0f9580e8fe735025f890b289e6b9d7368ed9bde7dff0c8b7d84300f7a510','20111068039','2016-10-14 11:33:50','2016-10-15 11:33:50',0),(1147,'38','1','a2d5f5106ebce1265f3dac16ba367e8781b70409de145d7d07902661cef49e9602504b2f2b6b67a07b93135e1ba1057d','20111068039','2016-10-14 12:07:48','2016-10-15 12:07:48',0),(1148,'38','1','e42a64d11fc57cfac8afc7359ca097d29a030e3570df8be5d9fd1897db07c110033f60c5dd04281820939846802b07a1','20111068039','2016-10-14 12:51:04','2016-10-15 12:51:04',0),(1149,'41','1','f4f1a47b08d4b2d873f63e37dca9a558c3ca054a813d385bf876d811d4377d5a6bcd78b872377cfa93966780688e6d7f','20111068039','2016-10-14 16:17:30','2016-10-15 16:17:30',0),(1150,'38','1','8dfbdf8a9b8eda0a8ae63e7653d0b4ac207b38da1f9040bcd81fb1be8fed0281b799e25217adb2bc20627cc19b90bd47','20111068039','2016-10-17 09:18:20','2016-10-18 09:18:20',0),(1151,'36','1','56d9351a0521fd3c75f2a2faddc25cf67f5389fdd4c2af30155d5debbdbf3b6ada2100241fa5ad3373d85ef8867496d9','20111068039','2016-10-17 09:48:34','2016-10-18 09:48:34',0),(1152,'36','1','599d85d87fff4b42cb1515c3d41b9f227916a9618408a6ae6317b88ae1120fdfaa46d7ac6eb7d11e9cbe52813b456fd0','20111068039','2016-10-17 12:40:38','2016-10-18 12:40:38',0),(1153,'40','5','9d510ee5c1bbf3ae9e922e5fd502dedb1b65f011f77bf5f14f190fd05b77a6060d67ac39c6ad1de2ff4c2172e1b0bfd3','20111068039','2016-10-17 16:30:39','2016-10-18 16:30:39',0),(1154,'38','1','6112c8a671c515a08b4e12cfddb687d5e046b489edbf7fb2267562f1f677a8b339c892a8ebce1f3c35ebaa1efafcb4c2','20111068039','2016-10-17 16:38:14','2016-10-18 16:38:14',0),(1155,'44','2','196b8400fc64864c7d954b6d0be65d768974d1120628c39765c00443e52fe12d98bd5de2b345ad906ac8e28172572cc9','20111068039','2016-10-17 16:38:34','2016-10-18 16:38:34',0),(1156,'44','2','977489c14651fcea031165720183fa2c84670c9e8ebbe2e5b540c41c834f68f87435c9287f535d061cc2c72d01e6d63d','20111068039','2016-10-17 16:38:37','2016-10-18 16:38:37',0),(1157,'44','2','27fc9de3a3313bc442b5e51dac0babafcce05ec466c4f5ff59debba0f8024113d95f5c2f93b62dabc55c34b56cec5292','20111068039','2016-10-17 16:38:38','2016-10-18 16:38:38',0),(1158,'44','2','5e15bacb54ab8ac13a6bab9f7861868e1746ce9d0b0f13e48b4b8ce887ca533ddd30a3b8ed3bfea673684604b6326eee','20111068039','2016-10-17 16:38:39','2016-10-18 16:38:39',0),(1159,'44','2','b36c7db27af8588784bbd29b37132d6d6570e0edf5a83c151e063da41b17619f46a2de0827b49c7fe9b493a0ef5a4f9c','20111068039','2016-10-17 16:38:40','2016-10-18 16:38:40',0),(1160,'44','2','823b918929266ab859f081bf43441b3dfea3e0f05d1349b019e918174a8b92354bb386f2c1ff0dec25d28252fca00867','20111068039','2016-10-17 16:38:40','2016-10-18 16:38:40',0),(1161,'44','2','41802e4ecccbf01b595c4d2d4b23ae449d881c868137df99e0071703e69538e0c7e160907aa9a9ff184b512acc9c5d0c','20111068039','2016-10-17 16:38:40','2016-10-18 16:38:40',0),(1162,'44','2','2cada10a77f3ae6946ded429b0a7e80d639f9f75af076a3dadfdadb5cdb91be1fb342b5fe4e7bb5298f2f2729abf728d','20111068039','2016-10-17 16:38:41','2016-10-18 16:38:41',0),(1163,'44','2','67f641aa60aabbe2fd0d5d033d78175b24147b13409b71c9c694b33c39845828f9a720035f5001c853599410e796b25b','20111068039','2016-10-17 16:38:41','2016-10-18 16:38:41',0),(1164,'44','2','ff9780a66a67e64198fa200368822a57d76d18eac42e1bd782b8e194956ebf9156f3cc89d482796a306d8ab6237d481f','20111068039','2016-10-17 16:38:43','2016-10-18 16:38:43',0),(1165,'44','2','6e75ae3c4b23c5468fa3e97f6ef48f9ed2b50b90eb68cb6a1f2d8a03e8c976392ca8b519ee4866138fce7a442c9726e8','20111068039','2016-10-17 16:38:43','2016-10-18 16:38:43',0),(1166,'44','2','db2377f4fa0d8c8f8ca414644d3f685d8a7b5ffe097d24aec8bc0c2222c39ffd2048ad9e1cd9b02bf1c6bcdc3079607c','20111068039','2016-10-17 16:38:45','2016-10-18 16:38:45',0),(1167,'44','2','1df2484112ebc3636590cd1145ce61465f3ddd04c53f796533466c43951b4f94ac84297c880932c4ea1b7efb91e47226','20111068039','2016-10-17 16:38:46','2016-10-18 16:38:46',0),(1168,'44','2','4bd5a45300d8b75e678fadbfc226b8be478cbd4c96c83818673517afd1844af0a70217860fc11d8617b4523d9bad2047','20111068039','2016-10-17 16:38:47','2016-10-18 16:38:47',0),(1169,'44','2','bbcfe8814c3d3271e46c4702c37ad2f0820e9a0f873e4bc98cf6248a8024db31950669f81eb2ff20851052aad3a638d3','20111068039','2016-10-17 16:38:47','2016-10-18 16:38:47',0),(1170,'44','2','29c53bcbd1d7f91e4e3d28bfff5777292eb600b525beba51faa607b77b05db3115f9645d25f87713459db0cd0ddcc94e','20111068039','2016-10-17 16:38:47','2016-10-18 16:38:47',0),(1171,'44','2','f566fe0f3021258c35bfb9b4a6daba98a70e301e08c7a44b2973771a3c9620189a6a1d6138de184ac229032171e9170d','20111068039','2016-10-17 16:38:48','2016-10-18 16:38:48',0),(1172,'44','2','6bfa2cf605e415c26dc3173d02b6be5562e887c8878a5d78dcf24ea195ed5dd549c1b5dbe687d0d585b82794d0dccf29','20111068039','2016-10-17 16:38:48','2016-10-18 16:38:48',0),(1173,'44','2','1c0632f69215cf0faab582393947016fb1dcbb4a1d74096399dbb649f76c9ee970dfe353c4af13489730c07b066ed1c9','20111068039','2016-10-17 16:38:49','2016-10-18 16:38:49',0),(1174,'44','2','a09f677d79dc5d0f7b8f57c724e3530bfe1f0f7103b1d4898eca33782f8e2e3e762b167c6d1423dae7a636c666bcf8d6','20111068039','2016-10-17 16:39:01','2016-10-18 16:39:01',0),(1175,'44','2','f55550338facf98bdea276ef7a2548c100a5ac9953b648c47b8337a9b59dc59a5cfd2c7f91b95f3bb4178c62ecff6505','20111068039','2016-10-17 16:39:01','2016-10-18 16:39:01',0),(1176,'44','2','4cf9580a9877b1ae0dde4c0d2e14da65c876bea73de9c4953bd405f08e709cdfd7ae1f46bcef16af7e1120c6e4b2662a','20111068039','2016-10-17 16:39:01','2016-10-18 16:39:01',0),(1177,'44','2','2e792893bee4f540eabd027f1049492016a0778aad1bd3753c9aed59e44c521bba047b7f50f22b06e8f4e216fe46b3fe','20111068039','2016-10-17 16:39:04','2016-10-18 16:39:04',0),(1178,'44','2','b196b4d52a86385d8f61428181380a50bdf1d492352747e01f35d7d38109f9940e7bf26ca414e9c962258378be88b310','20111068039','2016-10-17 16:39:04','2016-10-18 16:39:04',0),(1179,'44','2','deb9b9e1b6de17c3d125f708a39e1ebe3eab57b228d2e2720a7b0e7a29d8ca1e43a62eb39635d7aeb2321a00602fb2b7','20111068039','2016-10-17 16:39:04','2016-10-18 16:39:04',0),(1180,'44','2','38e30d3ddc09c0fb755d7392e3a5d8d96d83435b74130efd9540376aa59e1b449daf694964b5fdcd9ce405194aa94630','20111068039','2016-10-17 16:39:05','2016-10-18 16:39:05',0),(1181,'44','2','a34c88f5c4f6fe969b35eee41f3395cdb8f5ce7902de8204943b8ae02cc8ca9699b12aa2f336c3672b885e8483187b18','20111068039','2016-10-17 16:39:09','2016-10-18 16:39:09',0),(1182,'44','2','c3fe3e9e75632b65a4c1a0d0c1df8a70cb81f81e7820a29131bb62150b02197ae1699d9e538afc0410e7f17ad40751aa','20111068039','2016-10-17 16:39:58','2016-10-18 16:39:58',0),(1183,'44','2','f2b04eab7d5a1256338a08943be41bdcb2af549ac62f6b480f934dc86fa08e430c18beb0176b89bd96ac11655ac4e023','20111068039','2016-10-17 16:39:59','2016-10-18 16:39:59',0),(1184,'44','2','31231d38ca77f75b317abbf93dcc5855e3ffa30bb9afd63e81bd7038c401270f81d723e9f0843d6ae581a07dbac3cd4e','20111068039','2016-10-17 16:39:59','2016-10-18 16:39:59',0),(1185,'44','2','b93066b43092c426c1006c7d2f8c8b4be647e65f70da66ec88e69193d7454383faea7a04b451e2fa287d3849cebe0dd6','20111068039','2016-10-17 16:41:28','2016-10-18 16:41:28',0),(1186,'44','2','1c95fcce421e8d56501861b419df8d80c2af30d1549f97cbaba38b39d68799a6eb9d104ecc6c3a91976e27ec2f218294','20111068039','2016-10-17 16:41:28','2016-10-18 16:41:28',0),(1187,'44','2','4aeac71307f875d87afcde7b289c28e547086dbb66011f903719799a9ac65e06e6b41b1d6692e95eff42c61f9724c9aa','20111068039','2016-10-17 16:41:29','2016-10-18 16:41:29',0),(1188,'44','2','234842832defc4bbd43aa71c2f8efea3abdc7b9f99d27a964a8196543e04b27cdf19ac127dd0f73224fa975e464243ee','20111068039','2016-10-17 16:41:33','2016-10-18 16:41:33',0),(1189,'44','2','62775e92b74ec7b8df9276f60e1d5f7584512d3d6932854ef1fedcbce522e90cf0dbfaeae524d0272d118d0140c3a7cb','20111068039','2016-10-17 16:41:34','2016-10-18 16:41:34',0),(1190,'44','2','3b73a8487a8c3abcebbd267cc6f0a0dbea8f3e0fe43fa04fc3c4b73bff25b2a525460aa6bc20a70b5e4cf21b3e6fdb30','20111068039','2016-10-17 16:41:34','2016-10-18 16:41:34',0),(1191,'44','2','22050daaea342e70c45b38caea3cc53f6ffb8ad56e7d985b9a584bb0157f8459a0c18d56e0f2cca274bdc280269465c2','20111068039','2016-10-17 16:41:36','2016-10-18 16:41:36',0),(1192,'44','2','407433931742a045bc34167f7fb6f9bed0aa71a2b855f356e2ce92d8f7f20c87c073c67fec1bc175259068b9dbec83f8','20111068039','2016-10-17 16:41:38','2016-10-18 16:41:38',0),(1193,'44','2','1db8cfbd9768e3ed06210df7fac241c8e55217613961f995aa33795b3975152402641737752806dc1dd1d30d28d827e9','20111068039','2016-10-17 16:41:38','2016-10-18 16:41:38',0),(1194,'44','2','74007928b9f1132ce7d20d41e3ddaad0ca77532650abc9421b255e75f017d6f40986a1183fe164fb16de28d29b73861b','20111068039','2016-10-17 16:41:38','2016-10-18 16:41:38',0),(1195,'44','2','a0b3088a3939b7c3d019abf67b5b810ff618023323517cfe9d8d6d3a3ab0e35809a59b20c1f1f66e6fd624e39cbeea8c','20111068039','2016-10-17 16:41:39','2016-10-18 16:41:39',0),(1196,'44','2','d19eab2a8c543a682a42f5d9dbc9643df828a841c12bfb01c370b77615bec9b4ef656192db48c3ad33465387151cd282','20111068039','2016-10-17 16:41:39','2016-10-18 16:41:39',0),(1197,'44','2','94abc3671a67c9ce3eddda86c236dec8863a30f8630e54dc9b2c1c7ba12d92af857204386bf78088603522a679e65ffa','20111068039','2016-10-17 16:41:39','2016-10-18 16:41:39',0),(1198,'44','2','cacea17abf42150e02702633c81efe602615341abbd9aa8dc36550de43de772250a9690ab2aad09863fbd3ef83ce576b','20111068039','2016-10-17 16:41:42','2016-10-18 16:41:42',0),(1199,'44','2','a9908220b094b874c9d7bee3397041c638568226555bf1b20bf30b03b7baed893c9dfdb1d40444df1345dcbe63aa406d','20111068039','2016-10-17 16:44:06','2016-10-18 16:44:06',0),(1200,'44','2','dbbcb9829d724d9fc2b9951b04ed4022d4d0492e7cebbeea86504a078b749173188c0bd9dd88ae6429683a23f53f5df9','20111068039','2016-10-17 16:44:07','2016-10-18 16:44:07',0),(1201,'44','2','2e262cd25b9629fe4b40f96d223f7d17215df73759585b841531a66358f405aecd29ab955faa763ff1bb84161ef01ef0','20111068039','2016-10-17 16:44:08','2016-10-18 16:44:08',0),(1202,'44','2','6063d3cfcbc58be32361fd86dda4d242c10e5a8bef11a3dc34084202f721b8da15c2a4e85a2584f076cb4c1a012fbb2e','20111068039','2016-10-17 16:44:08','2016-10-18 16:44:08',0),(1203,'44','2','09d635b2cc35fe30ea221d921f992828b35b67eef9266fafbe4b71bc8d6db65890effe0a95b541b44643971bb6abf581','20111068039','2016-10-17 16:44:28','2016-10-18 16:44:28',0),(1204,'44','2','d80e89833872f4bfbc90b28c3d35ee9fd5bbe06d92a330a39f2e7502b757ce16fd185ffdb779489fb6494acc2ee0231b','20111068039','2016-10-17 16:44:31','2016-10-18 16:44:31',0),(1205,'44','2','c566fa9b767b6f24490f7bbdec845de3ca7d410a4cd520452da7180354b6140ad3332e18455d2e52a990811c67d9caf0','20111068039','2016-10-17 16:44:32','2016-10-18 16:44:32',0),(1206,'44','2','23b7330729cccabdbf74a0172a82354915f74c7ba0bceba3893c8bfd0f069348a98481f5f7127ad50d1e4f64b54cb892','20111068039','2016-10-17 16:44:33','2016-10-18 16:44:33',0),(1207,'44','2','7e81207ed7546939e14be020bc6c569d843fd4b13e81f7889648ba9223e3327f8f852fe253f56d3220c05f2f55932f08','20111068039','2016-10-17 16:44:34','2016-10-18 16:44:34',0),(1208,'44','2','c7ad3aa24b0b62c07d737b3736e9857f4f3ddc4a81b9311217534c8182b10685e6a7c9825cb7c6f61f9c9c763ad6278b','20111068039','2016-10-17 16:44:34','2016-10-18 16:44:34',0),(1209,'44','2','e7d0d186eed11e5e117a6d741e11753a960197c1361045f311173be599bc266df57a13fe1758d4a46158c739de028cd1','20111068039','2016-10-17 16:44:34','2016-10-18 16:44:34',0),(1210,'44','2','801ee581a378e0894faeb0de74e8aac0ba6d8957e44085b515ec830ee1f4471517093654ab997dbfc4520b246a224502','20111068039','2016-10-17 17:06:07','2016-10-18 17:06:07',0),(1211,'41','1','d99fc612e5fe76f30f96dbc11fe1bcb06a6f9b526895736faf9d07a1fdc4aa6779d94744d0928f047add54198778b545','20111068039','2016-10-17 17:18:12','2016-10-18 17:18:12',0),(1212,'43','4','4175031ef10769ce361d82f29be02c3719ab6d5454b7d79732dac37c8855196c31112452eb4d439716d7db6f817410d1','20111068039','2016-10-17 17:20:09','2016-10-18 17:20:09',0),(1213,'43','4','de9b8fb00ae5af4539047db4b506458eeb53ad29dca6a45b4189563a324939c16e390263dd6712f861a4577c02a575ea','20111068039','2016-10-17 17:20:12','2016-10-18 17:20:12',0),(1214,'43','4','de359cb4bb9f4bd797a1e9406e0bfe0bbc42e3eb8cd1ba8b015051391b660020487d3f0e8830b6be1796df32d90730a5','20111068039','2016-10-17 17:20:19','2016-10-18 17:20:19',0),(1215,'43','4','6ee5e5db89b4ecc08bcf90704772be902a1a788966c4c3bc481fe29f6ddbaf13a7f7e9a995ee2a634a298f5984bac24c','20111068039','2016-10-17 17:20:40','2016-10-18 17:20:40',0),(1216,'41','1','ab62daf9e6a77bec1e69eed4198714b8a381fbd76443d8fcaaccb56f93f6936a10a8ec4332057852374def48c40e1867','20111068039','2016-10-17 17:20:56','2016-10-18 17:20:56',0),(1217,'43','4','6b5760eecd4602abe6ee9def216a684e2eb4ad2cedea9f2b0912a7ae1ecb26f29025a4a5485ce095096f7dd1ad7b9f21','20111068039','2016-10-17 17:21:19','2016-10-18 17:21:19',0),(1218,'43','4','b4e33c76f727d92094650b5a7795c64950df6328dc21c0464cc2f09a64e1187443a67736193792f031bd55fbca68f39c','20111068039','2016-10-17 17:21:21','2016-10-18 17:21:21',0),(1219,'43','4','15d0d8af155fc59c314ab8543e53061fbccd31ffc0aca1bf4cd371a408a85ff418541b2705cb63b489741ab7601f85b1','20111068039','2016-10-17 17:21:31','2016-10-18 17:21:31',0),(1220,'43','4','23d6af7718d6dbca2c3112aba0d98f6a873f50feab4ea83b1fc5d76fa8a441d5f76b12fa768ac84052cca589afb9dd40','20111068039','2016-10-17 17:22:14','2016-10-18 17:22:14',0),(1221,'43','4','144b41010a2301505d4f26f741573bf3e7c4cea89d25a158071ac35c52aa7009b632a4d7b9e324f50934decd4658f294','20111068039','2016-10-17 17:22:18','2016-10-18 17:22:18',0),(1222,'43','4','6abd83467785d7fb6e19bab6985d1723e89d28bf330246ef8241bd9d30771b33506d0e78b3595646e0f24ef4352a4c0e','20111068039','2016-10-17 17:22:27','2016-10-18 17:22:27',0),(1223,'43','4','8146effcdfeece58549c072bc223de664a6e79878bdb11a34fe7ee313e8bb4b1785680e427cff5d838be4bad0f66279b','20111068039','2016-10-17 17:22:55','2016-10-18 17:22:55',0),(1224,'43','4','8f22a6a857578bfa77c0c31f2e602ccffa212fe4f4b234a40096ed9ce1500ba4f6fad33147f73e0bb47034f38f8ccc36','20111068039','2016-10-17 17:22:55','2016-10-18 17:22:55',0),(1225,'43','4','f5820aabdb7b0335f39b3136fd713555f18c7e1a5055567af98c35262d356167ea8a448a1507534951275710f7583a50','20111068039','2016-10-17 17:22:58','2016-10-18 17:22:58',0),(1226,'43','4','310c22ce44d7230fc1ed687bb7f0369071ed383a3fac1313465d3a237d1ecee644b5913f626a5b48e092abac4f5818d5','20111068039','2016-10-17 17:23:04','2016-10-18 17:23:04',0),(1227,'43','4','bfd157ee945953524fd0a0a643f69c16173f3a63a6e03807e0dfcb3f9f24213d71014a0cd49bab5f2f60f7643809f791','20111068039','2016-10-17 17:23:06','2016-10-18 17:23:06',0),(1228,'43','4','7b7dcaf945031560d91402613ef5ce6b71e8c58f2d02aa05c6e2394152979d88f3d7bed6a34039f049e4d16f704f8032','20111068039','2016-10-17 17:23:10','2016-10-18 17:23:10',0),(1229,'43','4','cf961049c83b58c7efa5e4aecdb3c9fd58235a9af393ac88a1f8e8aad4acfea54bedb43ab9fb499bc45cf0e95aad4e89','20111068039','2016-10-17 17:23:10','2016-10-18 17:23:10',0),(1230,'43','4','fed3f87bc374bd6cbe441e6cc94f3828d76b7f5b4f431b5784bf9ece5ad965fd1a71c8a3ce99f0ed0ddc2bd157fc6d7f','20111068039','2016-10-17 17:23:42','2016-10-18 17:23:42',0),(1231,'43','4','41c7fdf31631a082c33446a216ae466c90b680654498ee1213495be880273b6f36ffbc91a2c5a9524f6b15dbb9d7337f','20111068039','2016-10-17 17:23:43','2016-10-18 17:23:43',0),(1232,'43','4','8e5a198f0f01be99989495613a8da21678a408e697b700b58463c1176628c6743f4b8c85cea9c26a65c3d26628143af4','20111068039','2016-10-17 17:23:46','2016-10-18 17:23:46',0),(1233,'43','4','9f3c407fd9b5f42d08e3b3beced27f610835e5501c1755b628a4c05ec879973eae17b243a18461754d8fffc32d0c6660','20111068039','2016-10-17 17:23:47','2016-10-18 17:23:47',0),(1234,'43','4','823fc01157b87a0824166debcd4bba5e7d1b92675e2ed391aafe6629d477bd79d1ccf5fa9f42bae244706eb85188e16c','20111068039','2016-10-17 17:23:48','2016-10-18 17:23:48',0),(1235,'43','4','4253dd4c56e072fd7d3d8b50472dd3671c1cd7d7398eff80c778d4b93c9c4163a76df498e53a74a292d104b628b07a78','20111068039','2016-10-17 17:23:49','2016-10-18 17:23:49',0),(1236,'43','4','38114a538a4ed3e96d699246d537b221a5286f0d179cc51ed754070a552f44f0c46e7608415b07d86e51fb6b9fe215b7','20111068039','2016-10-17 17:23:50','2016-10-18 17:23:50',0),(1237,'43','4','f4a13e1b148fdda2dcba22b085ea9fed2b19c5c5cebdf2c2111b892bb5b0aa8338d057c27d3299e11442927adf38c3ab','20111068039','2016-10-17 17:23:56','2016-10-18 17:23:56',0),(1238,'43','4','15bf8f508544037064ccfe5316557e6cd0dc3f2585a23d62d4a2d548471a4e45acc48da9fa4c17720817f7fcfa1bc110','20111068039','2016-10-17 17:23:56','2016-10-18 17:23:56',0),(1239,'43','4','1f8641857c72af4367bfa78543f1d23b2bca9e33cc68fb33b5561a91804aa9f6203239b862aeed4c81f6fdc371fef95b','20111068039','2016-10-17 17:23:58','2016-10-18 17:23:58',0),(1240,'43','4','708dbc8970c7da7a16dde5516a42cf70a60f69cc39d11ca41658198e3ef1d8c2785fdf06619ebe5d58dfdb26f887e1ad','20111068039','2016-10-17 17:23:59','2016-10-18 17:23:59',0),(1241,'43','4','e5d0d6c510f92d10b0ec9eda7158f850b93cd280839f1c2448c1af82ef9910692d2dd1f4f53aab37d3d43f9a4499a6b5','20111068039','2016-10-17 17:23:59','2016-10-18 17:23:59',0),(1242,'43','4','c95a870ec53a0d4bf92c991b9c0e572a38b38dc2204c7e2fcca0e41816521bfb36f16f5e4b3a3ee924a280b056899f27','20111068039','2016-10-17 17:24:00','2016-10-18 17:24:00',0),(1243,'36','1','8fe061bdc1f8bf45b5ce446d67ba82b209c47e819ae0381afba050298143e3500af09092b6594bbc10c3ad606335b1e0','20111068039','2016-10-17 17:50:26','2016-10-18 17:50:26',0),(1244,'38','1','a7feda9c8f9d65070ea4b90cdfdcfaeb3017394a1b78965ecf0f2932d8e1b9189337e244ed9ea7b5196b283d3edaaa9e','20111068039','2016-10-17 17:54:31','2016-10-18 17:54:31',0),(1245,'41','1','ca72e4d32e2ad45a930093a662cb2de1d139c0a2b2277df26c7caf0106082495e0fdb50cf9a1ed47b3b8465d90e0d518','20111068039','2016-10-17 18:51:00','2016-10-18 18:51:00',0),(1246,'38','1','a05609c7de2abba425f8f46dc541485b77f107a6425b9466c5cc0b779b6748e283c0c648a3d43726c615991a3d9b4908','20111068039','2016-10-18 08:13:45','2016-10-19 08:13:45',0),(1247,'40','5','7c4621cb94ef6d2d2f821f26106ff818776ff4edb90f5b87185ba0c223c75f500dc2acc386d147e3adf3879f7c272423','20111068039','2016-10-18 09:38:42','2016-10-19 09:38:42',0),(1248,'44','2','9c807081cb2cf403c865958b427abfa2b46e143b7680cf8b399cc382a4ddb52526447426f2db159596cdaead1c05f685','20111068039','2016-10-18 09:47:20','2016-10-19 09:47:20',0),(1249,'44','2','35ac7c0f19bb35b6c5355872bff492bf3e257b68b81488d53683f36fd83c8cb3cf6dbc75c66e151bf96311b7c55a549c','20111068039','2016-10-18 09:47:20','2016-10-19 09:47:20',0),(1250,'44','2','3f1bbdddd0e40487903eb7d3b849ae99aa738125531d5d71629aa9fa6dbc9a192e11a4fc899ca410e2aceb12f840ac85','20111068039','2016-10-18 09:47:21','2016-10-19 09:47:21',0),(1251,'44','2','118783d64bc59740e5d716bd9c01b2a585efedc49f859f1e6bfb28350ae7ab0acb32641edda5f4170fd9b39dc8598eed','20111068039','2016-10-18 09:47:22','2016-10-19 09:47:22',0),(1252,'44','2','a9c3ce34aad46d7f5e2441dd9b7d2c2d58cbe917211b4aa7c487b2854d23ac74d10afb63a552f9d39141941eedd70c5d','20111068039','2016-10-18 09:47:23','2016-10-19 09:47:23',0),(1253,'44','2','17388060ce9f8b9cd880d123b12c709f396dd4f1ed20779b176558a10730c66828b7cb7793e5d98e71d307356cc99a03','20111068039','2016-10-18 09:47:23','2016-10-19 09:47:23',0),(1254,'44','2','473d2ccbf9c682870c1c598a0096431001d263aacbb152201165cb4d2f9e237f8ef782350b082a843ea679cda81ce7a6','20111068039','2016-10-18 10:45:07','2016-10-19 10:45:07',0),(1255,'44','2','fc3f4f811134f721f602065e0f3f02acd4a22285a0659edffd7060784808f93121ae67a6ea86a6ea131224f78fa0f13f','20111068039','2016-10-18 10:45:07','2016-10-19 10:45:07',0),(1256,'44','2','981caed340077d707dc2af81fe12e7bfc26ce5255cc186240d33e7b0a8793246d45c4e94e3337f61672b12e84a7ac0f8','20111068039','2016-10-18 10:45:08','2016-10-19 10:45:08',0),(1257,'44','2','396b39d05572c7519d2c97bdc561f5a765f9c39840ab47b80482b4f34110174e81b38704af7909f600edc73a1ecee7d2','20111068039','2016-10-18 10:45:08','2016-10-19 10:45:08',0),(1258,'44','2','3bcec4133d03edad252141e2a2a76a7db7db314351a74afa547d23f334db6e86299ed5e1ce158989cdfcd7738cf4eaf6','20111068039','2016-10-18 10:45:09','2016-10-19 10:45:09',0),(1259,'44','2','926fb653c8be346415ff574b199501c939101674b040fe61f962173d02978dcbbfe4f75110e02d91aaec3a0f0885a689','20111068039','2016-10-18 10:45:10','2016-10-19 10:45:10',0),(1260,'44','2','8d91af57b8f5b2f03d154dbbd50059f6f5614822acb1f6dc42c2c8aa0edb072966675ac309b1cab88598ccf6c39f6a67','20111068039','2016-10-18 10:46:38','2016-10-19 10:46:38',0),(1261,'44','2','d7903c3c35a261ed99491b12e3af0426fc37246f5f7dbd0cebb197735e05a5d77dab899c9caa3d6080c51b1da61fa589','20111068039','2016-10-18 10:46:39','2016-10-19 10:46:39',0),(1262,'44','2','487017f3ce5bc7684bd1b9bad14268eacb1f0fda89c42ff6ca99d0f2421987cb59cd33364fb7bb9e82db155e1e195d2f','20111068039','2016-10-18 10:46:43','2016-10-19 10:46:43',0),(1263,'44','2','eee2a993d51771b36b2f85891ab9558f82afdc562f664669eeca26160b8e809a60aae97cd7a044ddfc05181460bea6c4','20111068039','2016-10-18 10:46:44','2016-10-19 10:46:44',0),(1264,'44','2','a289c84bf65a0ef6993a55204fb4e2866191068127765b6d579be942c0e7b735be93b67db2dc7f89c94c1e4edd0331f1','20111068039','2016-10-18 10:46:49','2016-10-19 10:46:49',0),(1265,'44','2','714a8ca4930214465a82a595e67b7b91b396034d91d27669a9b7ff3c3e65a9a0e6e60b2785b321949dcbb6afe934b85a','20111068039','2016-10-18 10:46:52','2016-10-19 10:46:52',0),(1266,'42','6','071015571803b93faac5a4984ca397946ece92bb5ab164bfcecff285e2fcdfb88e2d6ed5dc522a61f768334837dbc66d','20111068039','2016-10-18 11:21:25','2016-10-19 11:21:25',0),(1267,'36','1','357fc87cdbbfdd20cd19ed15dadad0e04c4e76c0747fc34879c55ad99d510e1c853ca29146a2f69e2a4ea28c3062af2f','20111068039','2016-10-18 12:28:12','2016-10-19 12:28:12',0),(1268,'38','1','2d6b3744805a3ac9e7eff29e33f83e8ecb447315296d4642cb78ecd1a1d0e1af9c0265f4fc5121c40f8496f8bc48a67b','20111068039','2016-10-18 12:53:54','2016-10-19 12:53:54',0),(1269,'44','2','5d42ac4c0e0db1cffc9864de2ecf8abbdcc98de90bedd69f17ecfa88bcce52e9ab749b1cfb97e693e87ea76fc7f42226','20111068039','2016-10-18 14:17:00','2016-10-19 14:17:00',0),(1270,'44','2','893521d79a1acdf748077f9d5cd50b8780e92b181463495636e233989157c5fa7c6829eee1664e6d756eab146bae4c38','20111068039','2016-10-18 14:20:07','2016-10-19 14:20:07',0),(1271,'44','2','698652a69f2bcda427c0bdd79e6355ea890acf16c6c9882752aa518db41d7e349611d706dad950054da0d2d33d119ef5','20111068039','2016-10-18 14:24:29','2016-10-19 14:24:29',0),(1272,'40','5','07969d2671fa6528eb0057209e51951a772fa58a1d414cd47ef9f0bf6ff6bf73d8a9fdb0a7594e6782eb30afd813c7b9','20111068039','2016-10-18 14:39:47','2016-10-19 14:39:47',0),(1273,'40','5','118e881b9d2c796dff61c4d091e1e734bed96c6bc70521c03bb130ea3c72c370d516d310cbde2e349a2d1036e6817b9b','20111068039','2016-10-18 14:43:13','2016-10-19 14:43:13',0),(1274,'44','2','98c7f49eca6f967a94ef2bd6cb0ddddff7bed16ec1c5a4da6ed3722fe44f1db4f9e0bba2fa8e5eb9d1b010ffcbbe47f5','20111068039','2016-10-18 15:08:40','2016-10-19 15:08:40',0),(1275,'44','2','c030808e3d529ea852677c40496ff4437fb24b44e405257a5b30b864e0fed03d844a2b4d41666baeb10664862f9fe96f','20111068039','2016-10-18 15:24:30','2016-10-19 15:24:30',0),(1276,'44','2','790a2342be03f0a575278e7c2e6adea750d0959702622b4baec65984bfacaf113da1c9f2bce1fce4abed9912e4ac45f7','20111068039','2016-10-18 15:30:00','2016-10-19 15:30:00',0),(1277,'44','2','cfe7aed2082f23c6b3e7bbb036caf6b03d5c7504d21a993ffb9459381a9b9d327e221b6c5ccb271e1a4627f25b0d803b','20111068039','2016-10-18 15:32:47','2016-10-19 15:32:47',0),(1278,'44','2','0e1eeadabee09495292546d2b83da826e41aa78df7c11da3e5af3f3957a9c510ccc9cf2870581a4a6744b478d6dc26d1','20111068039','2016-10-18 15:32:48','2016-10-19 15:32:48',0),(1279,'44','2','d21b760208b7cdf3e39b96a505dda04cb444dbb4204c6fe256164909fc1b0ad6f21f7106c3e8b232e9cc7efa2761d3b0','20111068039','2016-10-18 15:32:49','2016-10-19 15:32:49',0),(1280,'44','2','5c48f52927ae5900d581fa00deb7cbd02425abe26473bf1d15c667e07e71c2f561911727c7c4d9ca22ec41fe7102dcbd','20111068039','2016-10-18 15:32:50','2016-10-19 15:32:50',0),(1281,'44','2','fe0abb28e91e974dbd7f127b4b243e119ee06880d24a1b262db485ead397fc988ec937a44e4d3bd9cb1c467dde5c3302','20111068039','2016-10-18 15:32:51','2016-10-19 15:32:51',0),(1282,'44','2','b4028df7e44ae548ffdb14255855c8c4176c122b6131f54753d247fe152971dbd599b5e2f072a0e923cb28ea407b1b1e','20111068039','2016-10-18 15:32:52','2016-10-19 15:32:52',0),(1283,'44','2','082eee9c66163e4ce0000995640261fcc5072d5c6ea02b28e916dbd8b30c50dd939263b3c1376e72bc0941a06eb28909','20111068039','2016-10-18 15:32:52','2016-10-19 15:32:52',0),(1284,'44','2','3d5ea3a9bfcf50d03defc0edcd4faff045548a6bc8e06c1ac5196b9cc0ab9bb1ec2e8063128164a9c5f4c05629ed905b','20111068039','2016-10-18 15:33:29','2016-10-19 15:33:29',0),(1285,'44','2','5c132388546ffc3329da00f65f61461bdd8f9ca4e2170ed9820dd959fe509e73aa724e7f34c214f13a38321b727c7416','20111068039','2016-10-18 15:33:30','2016-10-19 15:33:30',0),(1286,'44','2','c3f819686a7e022e377bb060ad4896d3bf3bca1c3382cd03985ec0e793c01c4772e2f50673058447348b209d2c1e17ed','20111068039','2016-10-18 15:33:34','2016-10-19 15:33:34',0),(1287,'44','2','d4557a73cc16a70bfae62f4cb16fa69018475c9d0253d3b63b6e75534189c3d33e917127e8fd25116c24a4bf53bc8e81','20111068039','2016-10-18 15:33:35','2016-10-19 15:33:35',0),(1288,'44','2','2c9f61036c36997fffa1b30c13bb66bcb3b4b8d61ef4fd451a3fe9d5115e8ae94a7cd9388b82a5941eb88b76b4d255d3','20111068039','2016-10-18 15:33:35','2016-10-19 15:33:35',0),(1289,'44','2','10860bbffab0a170d00ae6f6abfd7c394878bf030a552bdc00954f4e7e3e83918a86bbd884729f06543ca725ecaeac13','20111068039','2016-10-18 15:33:36','2016-10-19 15:33:36',0),(1290,'44','2','0901426233b39ef3db9528bbb0bcb0bdf49e9addaed4d56936d3620885e6f18ba50520e941878a0fd6aeebe7bdd8076f','20111068039','2016-10-18 15:33:37','2016-10-19 15:33:37',0),(1291,'44','2','caa36997a999542bbd2ef59da3218bea718c0de8ecd325eb61a21d73d2d23a4abfaed21d19c23eb41d4475107b98407e','20111068039','2016-10-18 15:33:57','2016-10-19 15:33:57',0),(1292,'38','1','75c771d4fe60cfe2ead44fe7d1f19119a35d0baa6e812850930d5d6a9c40e912774f1dcbfe8debb7c3624aa57548b1af','20111068039','2016-10-18 15:34:52','2016-10-19 15:34:52',0),(1293,'38','1','2bbd839d8e33a99ebe6f0448c6c082ff020dfce5bd7bd0d7dbd3e412ba30b79366322ffc591e4760054d0a50f6fa31d5','20111068039','2016-10-18 15:34:53','2016-10-19 15:34:53',0),(1294,'40','5','09160174cb0d4e57bb955ad85fffa4e362e16f95fe438045632f69e29de147d2e3e3ca656e619632335aaf48831e5a2c','20111068039','2016-10-18 15:36:05','2016-10-19 15:36:05',0),(1295,'43','4','a2763698af172a4d36d3a1105b4c9fd2923c9888a5d873e6b507007198e45017af46a64b3307ccdb2692265c0c14bef3','20111068039','2016-10-18 15:36:47','2016-10-19 15:36:47',0),(1296,'43','4','3f0c6a80df06e477d177f34e68babdc68d8a57b262e0f31f8835a208c3e6f4d171dcc17ead783298c83d32188d68c8d6','20111068039','2016-10-18 15:36:51','2016-10-19 15:36:51',0),(1297,'43','4','2987ecb5e9286e317f8300f0bb0de4ea387b46e1b390ea27837a9de68a9be2a44d773eb4fa5a0b820e2eeab5bcf3c1b9','20111068039','2016-10-18 15:36:54','2016-10-19 15:36:54',0),(1298,'43','4','012d7495986306aa73d7bc131f169cfb1441dfff98604a001b83bff23832be20147e9b33c3adf76782595dd932f5ab81','20111068039','2016-10-18 15:36:55','2016-10-19 15:36:55',0),(1299,'43','4','4449c826841074ccdc534708dfb40b0e432d64cd5408b7cfb623e1ff7589e1a9c32850f8091b9c3243d10fa64f6d43a8','20111068039','2016-10-18 15:36:56','2016-10-19 15:36:56',0),(1300,'43','4','7a7aaef67e1a4933302c4595007c1d17f81d2518e1432b4037b9365d9d4a7a96b6ff4808e3d155c911c34ea5ddc1e83e','20111068039','2016-10-18 15:37:17','2016-10-19 15:37:17',0),(1301,'43','4','bb736e9514475e07be7332756485a0a63dacaa7c39fd2a05035f1c76a480817c3fa5dba25ab003a85eda8a4083fb9c80','20111068039','2016-10-18 15:37:18','2016-10-19 15:37:18',0),(1302,'43','4','84113dcc97ba4f4eca1a7fcfdf8e35234083f7ac66d2786a55da946533c5a8b24f2fc464d24d5d02c898757fc71bda33','20111068039','2016-10-18 15:37:19','2016-10-19 15:37:19',0),(1303,'43','4','b830b8fff7415487d41e2e429c64e459ec1ebd64ebe157357fc53a669d6be7da90cf41ba009c3592303cb3ccf43957d1','20111068039','2016-10-18 15:37:19','2016-10-19 15:37:19',0),(1304,'43','4','f06680b7a0db327b7bf295e8cf076d8b4ece02b11a3f48b5b2a9819c2a3800a068f111047f60398782ecfdf86c747599','20111068039','2016-10-18 15:37:20','2016-10-19 15:37:20',0),(1305,'43','4','4369f1ecdca24781ecfaa53b2cf7406ec1003c5064b17ff128f25e750718e560e56f9b7f0928580b4febdc3a18f2156b','20111068039','2016-10-18 15:37:20','2016-10-19 15:37:20',0),(1306,'43','4','26e18ecd9e2d6d6919d9eef855325b0954d4e1f0c874788d981e6b8e91fb99c8b599121a6386ecdcd8da8e58f31cdb4f','20111068039','2016-10-18 15:37:20','2016-10-19 15:37:20',0),(1307,'43','4','f0b12bd4e1e2223685bb1056808a55bed4306694e57642b9ec00720f2693bb0ec7c4eea53723f30f32cda72e48b315e5','20111068039','2016-10-18 15:37:20','2016-10-19 15:37:20',0),(1308,'43','4','343309a3f082f922a663b072d444e05be26126b96a761e85c3b6b3bc7a3d105b3995004c97759886218dc8d55abe095f','20111068039','2016-10-18 15:37:26','2016-10-19 15:37:26',0),(1309,'43','4','e419bfe050ea28aaca95a0c80c37019177dd9565001f1e584d8583715aa083f42485bc28b690690b10b9b6557552e55e','20111068039','2016-10-18 15:37:27','2016-10-19 15:37:27',0),(1310,'42','6','3b94fb2fe4e81a2cd26dd474602ad2c8f6f3d379a4d1dc7b30be9c71fd78c4274bcdb0881fcbaec4502a2788101a06aa','20111068039','2016-10-18 15:55:06','2016-10-19 15:55:06',0),(1311,'42','6','6769c3253546ead5999d51c7676859f3ca6c255834d0c1222899dc2792680c0e9bb802f968cb2e48422d18d8851a5900','20111068039','2016-10-18 15:57:20','2016-10-19 15:57:20',1),(1312,'42','6','68a74b26d108e3067584a41e31e9dd2eeb47a5c937deccd5a65c4350532ec353c6640ae0b083ad684ea0b1a911a733e1','20111068039','2016-10-18 15:57:25','2016-10-19 15:57:25',1),(1313,'38','1','2b1bed971859eb277e8947a60fd5500101106f963fd813e0b6430a3a3eea5ee1674828afabc6c42e6cad2a4db18ee2df','20111068039','2016-10-18 17:28:13','2016-10-19 17:28:13',0),(1314,'42','6','66e1887d0a1897bcb05535c188f5f74cc16c6dbe63deba1462a29abeb0a27ec2f5ddb0bafb3779fca6fddbd4b7a7e18a','20111068039','2016-10-18 17:31:49','2016-10-19 17:31:49',0),(1315,'36','1','86c1e9e430719523959e7dfd4b8b64cb29dc62b686f3093125357ed51aa5d04cdc4435552f10007c147215ba60df416e','20111068039','2016-10-18 17:37:22','2016-10-19 17:37:22',0),(1316,'36','1','2afcc23a337be218d20b7058225e5ef9d352c8ab0c38ba141de844af6a4d13935fa9b2e698b01c16c9bb523ba039d897','20111068039','2016-10-19 09:45:07','2016-10-20 09:45:07',0),(1317,'38','1','ff843424c11d1e617960356b0ca4d7a0abb7d010c4e158b7eabc82b5d411ed74c22f17cb1ccff563e5fbc86bf44b88a0','20111068039','2016-10-19 10:53:34','2016-10-20 10:53:34',0),(1318,'38','1','e69727e821cad16abab5c8a8a8af37df4e5a1bb8b1e5a06b6e8236367cd7aa2d5c146cce801e94bc22ecd0d3dd57ac86','20111068039','2016-10-19 11:09:40','2016-10-20 11:09:40',0),(1319,'41','1','54963274a627e432ed5e2af5ee07bab547fa05d92412ed3c0ea842300c60794e4b23b71146ff99492b92e3b5bb1f8fab','20111068039','2016-10-19 11:09:41','2016-10-20 11:09:41',0),(1320,'40','5','e0775bc7fb892391a8d4659f6d62b284ecd38fc5e7501768930d791056b95b514f9e73843de9cabdc24d809a3f0afab5','20111068039','2016-10-19 11:33:09','2016-10-20 11:33:09',0),(1321,'36','1','d133bdd7d56dce61b976846bfc2361004113f3f40a7582626f07437d033f5be78bf70967f0be9b4c6c9c41717d0b6ed6','20111068039','2016-10-19 12:42:30','2016-10-20 12:42:30',0),(1322,'40','5','1ce8d945444455e69ba06c5abe38e6b73c13b603d0ae267d893f294f8b754d2ad1478fddd91e309cdcdb498885729186','20111068039','2016-10-20 10:31:42','2016-10-21 10:31:42',0),(1323,'44','2','defdf2d337e2e2b29ea46c24cc8831dbb9d8e42f5b8d23c30d93d3afb19dc6f8681990793820ff6d6efc7fadfc8b35a5','20111068039','2016-10-20 15:28:09','2016-10-21 15:28:09',0),(1324,'44','2','e99663eb9a14fd75f59d292bd7a5ca1896363ba414c25ea965e867ee65a4e261b910c67999ff3755c19213b3bf23ed94','20111068039','2016-10-20 15:29:35','2016-10-21 15:29:35',0),(1325,'44','2','cc5f76a15b747d02572cd6e0a1f8f1f071c0bc46ce579073227768fe3a5d677413a18e9b570eda8a5f099e37b7085633','20111068039','2016-10-20 15:29:35','2016-10-21 15:29:35',0),(1326,'44','2','a644cca7a22d105cb619fd1a5e18bb9ac3efccc2772a54ef859c9be109623598fbc333682abb59ec096c8ec156601da7','20111068039','2016-10-20 15:29:37','2016-10-21 15:29:37',0),(1327,'44','2','419f4dbe3312a0d8624ab0a618168f7f382b403879bdf136a24c09ffff6c62b17199fd219a171d31d911f49b91cd3bd1','20111068039','2016-10-20 15:29:38','2016-10-21 15:29:38',0),(1328,'44','2','4b0eef4b74888a90ab78bbbae730296805445af5290b6fc8597a0c1a51f1430ab58ba75a91cbfe4e17ec62c28ebb0404','20111068039','2016-10-20 15:29:39','2016-10-21 15:29:39',0),(1329,'44','2','d55ed36dc2adf850287426a939254be03af136c68a70132cc5b788254ddda809241f5d6acb910e41271e2f5e7ba4458f','20111068039','2016-10-20 15:29:40','2016-10-21 15:29:40',0),(1330,'44','2','7332a0431c4f81bf0f01928fd6e0328229d7f58f022a8f6c4d0af94d6c2a0da94d8fe798c2dff6f3efdcc4c699422a87','20111068039','2016-10-20 15:29:41','2016-10-21 15:29:41',0),(1331,'44','2','7c120124312fbe1eced9573decb21c4d46b0780170dd9fbf579fb61fd292f473afd3ac41478bc8724a13ca3a5dc4cc25','20111068039','2016-10-20 15:29:42','2016-10-21 15:29:42',0),(1332,'44','2','9cb447fbe27485f1a62d5b362e7524cd99fbabd415d9549044a5c8c7fb435e9bfaac4950d48416c6a295ecf9ef2aba6d','20111068039','2016-10-20 15:29:42','2016-10-21 15:29:42',0),(1333,'44','2','119f576b2b8390b4f5277218bfe69b87842fb82aebabac2f377893de4351b395e3b20dfeced11072432515f90d551695','20111068039','2016-10-20 15:29:42','2016-10-21 15:29:42',0),(1334,'44','2','4928f4c67cc6e26b4089068fdd45e099ad2d23e979519252337a35868f0e9542eac299a9ff947d96d6a633369ce9206d','20111068039','2016-10-20 15:29:43','2016-10-21 15:29:43',0),(1335,'44','2','67484bcf270a0ec1e0352075dbdfe14e7fda38d64756f67a2b6ee71e40cea59b8204153a5766d310df5d2280234c0956','20111068039','2016-10-20 15:29:43','2016-10-21 15:29:43',0),(1336,'44','2','d70b5b283ab2880e7c852c17a96b7fb7efcec42edd677cece7e99f6687c0d5e2d28d6f4bc8becf9986d50dc244d04b1a','20111068039','2016-10-20 15:29:44','2016-10-21 15:29:44',0),(1337,'44','2','54ff5c456079e8c2bae669da58fd47748608ba6ba8a4488414904c3d2bcca3c4c00c1259b2bd935d65aa6e995f3056d9','20111068039','2016-10-20 15:29:45','2016-10-21 15:29:45',0),(1338,'44','2','9d522bdcebabcd10f65a6c2b2a885cbeec895b2081b8ffc9969c2d970b76f7851a1f6929e6be37d2b01e450acf8c2127','20111068039','2016-10-20 15:29:45','2016-10-21 15:29:45',0),(1339,'40','5','3c30a50d07fe1f3e9af93ba11147f05205409c68f54aad2b793fd7023c0d609011929aa3754b4d6d3694fdbf687f05f6','20111068039','2016-10-20 16:20:05','2016-10-21 16:20:05',0),(1340,'36','1','bd9219258a2d513f9af224268da56db0556f38029a1d3810ff7a1e44ce3d57f39bc9a42b31d3ffd1cf8bd2d6b719c237','20111068039','2016-10-21 11:39:18','2016-10-22 11:39:18',0),(1341,'40','5','406bcaa02d77e8c9a8edc715f325f037123ffc6f033998e7423f22723f25464868e9b43d57785d69b35fe6cba9aa0dee','20111068039','2016-10-21 17:49:54','2016-10-22 17:49:54',0),(1342,'38','1','0c73fdff5709e214c28209885a75b93a1f4eb3661bd9d934a18966f9c492783c113e27905a3a832aca1cde9be730b482','20111068039','2016-10-24 08:37:08','2016-10-25 08:37:08',0),(1343,'41','1','709f30ddc3c7a6d43ef7413fcb03b942838cfff1881a65bbc79addaf7ad5866b0461e41df2f4c3e618c1189e851a7d21','20111068039','2016-10-24 09:44:25','2016-10-25 09:44:25',0),(1344,'40','5','344ac31be6eb1d93344daa6b58f6353a1fb063de24c1b379a40c797ee220b59f0b1f16f9b8cb148dd1f753fc4dcfcd77','20111068039','2016-10-24 09:56:27','2016-10-25 09:56:27',0),(1345,'36','1','e743a5ace49308612549af980c4c5e2a19b1353999c7f1267a5fa3e56c529ad4d34d2466c5ce3fa331bff37c54fc4cf0','20111068039','2016-10-24 11:23:23','2016-10-25 11:23:23',0),(1346,'36','1','5f9020e6295abce9c1fc90d222a8d2e46a2fecdafe073546b481e0ba5da93969290d98b5075dfe6b068a85f72aea7dc4','20111068039','2016-10-24 11:47:24','2016-10-25 11:47:24',0),(1347,'41','1','f6152fe26a52d19550d28962f5552af879d74c0e20b0a6cd97e5bcaaa52eb66b5cb3cccd1aa3391d78cf8132edff73c2','20111068039','2016-10-24 12:06:17','2016-10-25 12:06:17',0),(1348,'36','1','fa354cdd876cb1832f4eec39a6d0c3b1e8a19e698f47a8ae72032e34c5b27b3dfc97e457fc2bd152a3c89b6d2185d899','20111068039','2016-10-24 17:15:05','2016-10-25 17:15:05',0),(1349,'40','5','618dd327887f998d1eec32b88fe3ad699778cb2785a5bc4293e7c17e9b54f64c3f45f83cde5ea6756fe2766e1d7ba9e8','20111068039','2016-10-24 17:39:31','2016-10-25 17:39:31',0),(1350,'38','1','76624a92740dde152056a943c6290026907a749c22c9deb6fffc743e1a5541b941dc9925e8a73c7e12b8bde57581eda5','20111068039','2016-10-24 17:51:38','2016-10-25 17:51:38',0),(1351,'40','5','eefa6dba75918a63203b349cc33170388b04b91668b14bb86bc64b08393802e7897dd4bf36c35813cd910db512a13b00','20111068039','2016-10-25 10:12:47','2016-10-26 10:12:47',0),(1352,'36','1','a8c9857282dd34e81693590c47905af3f7e776ca919a7450f4d15ba86cdf8bae41bbd8c38501e42ddbfbc03a87e00d8e','20111068039','2016-10-25 10:58:11','2016-10-26 10:58:11',0),(1353,'36','1','b78de6537db91dd4a9609428ead5480d8ab70c9a6bde19a151acef132d0e37d990ef9f59d6e86eafaae5884d1c24a006','20111068039','2016-10-25 11:50:12','2016-10-26 11:50:12',0),(1354,'42','6','66a7cdd50b3270d17d71f9cacd4c8f953ebbdc5fe63ffb339fb5dcbb12c4f0a1b754aeee06b8db03cd8a8fda62d1cd58','20111068039','2016-10-25 12:03:28','2016-10-26 12:03:28',0),(1355,'40','5','6edd4f66581a4858258d6d8751dd8ab1816b9ba9ce40ba7b81604875a764a2e718cf6d7852c81e047e38bb8f82ac5970','20111068039','2016-10-25 12:16:13','2016-10-26 12:16:13',0),(1356,'36','1','2dcd29e760b34e9b9ae8d76e03f1262e628c50314b4b4cbaaae6069f1129622cd9685493ca14b004fe5991fe31a9bd1b','20111068039','2016-10-25 13:10:26','2016-10-26 13:10:26',0),(1357,'40','5','5d8af91bf6cedcb3d7ede1959dee8ca31529e5ccbc2e33cf8cb39035c96b087c366b0bf08c31169bf88745df5e26965b','20111068039','2016-10-25 14:55:11','2016-10-26 14:55:11',0),(1358,'40','5','06382f73728110017ca095da5434c2c082b45230bfa4ecb2e20c37fcc26d63deceb56d6e6c7f0dd3ec6c74966c15b492','20111068039','2016-10-25 15:32:32','2016-10-26 15:32:32',0),(1359,'36','1','92478320b7d20a4d8318e926a9856c8cfe07a6ac9cbbff7955531e2276828ba8a0591c60dd0397aec7b05e1bf45fc9cc','20111068039','2016-10-25 17:21:08','2016-10-26 17:21:08',0),(1360,'42','6','7459cce133e4abc038b49918f1d3beeb132cf291cdef17da0671f0e070e56e89bf9833ba9d98c18ffb2e7804fb633bee','20111068039','2016-10-25 17:27:43','2016-10-26 17:27:43',0),(1361,'44','2','e06c072493f86c53bc2e3d41069c6904903b8841c7b02a08503ac88a8aef957dfe7401c5081dccdb3aad4cf553789e7a','20111068039','2016-10-25 17:30:46','2016-10-26 17:30:46',0),(1362,'44','2','4b64858fba48abd539b7fcbad8552d5a760b136dbb2f2eeedd66b5a441e6a8957bafe548ab60669733a47771806249c1','20111068039','2016-10-25 17:31:01','2016-10-26 17:31:01',0),(1363,'44','2','23df765eec239a24b1842ac7a83da647fd86dfac632e98c1f274cdd186b52661b86a526dead14863031e157cb14c89e8','20111068039','2016-10-25 17:31:37','2016-10-26 17:31:37',0),(1364,'42','6','7b4c76d1758f295d8d4f7ed223fff96f0a8af99f39a71e310461e067d97189124c8e0863562aad0fa162eb82c9c62857','20111068039','2016-10-26 07:35:00','2016-10-27 07:35:00',0),(1365,'40','5','a8e480d20c7a841bfb9a1babae8a232aacc90b5b614f11ebddee6a4e622329bc18fff668d237687193cf058d45556d2d','20111068039','2016-10-26 10:28:43','2016-10-27 10:28:43',0),(1366,'36','1','3bc9a6ddd34793bb46717d4494dcb45d6949c270c12954179bc8d78450ccae1e4aa9cc6f449d434ee31c60e7acf2eb6b','20111068039','2016-10-26 10:44:51','2016-10-27 10:44:51',0),(1367,'36','1','3e781cbbf2c230e3f96776d80f7b32a65ca0aaebefe0947f5565a9943e008077104e572f904dee4aae17b7e32f12d231','20111068039','2016-10-26 13:32:54','2016-10-27 13:32:54',0),(1368,'36','1','c3867836771c285a551fb953871099e81287299f8ddafb3135a19b1c8760cd7e3383fc71c89d78e5460a9027362309ed','20111068039','2016-10-26 14:45:51','2016-10-27 14:45:51',0),(1369,'38','1','0ca02f42e8f5bd55497f5d679ce750ad4f9abfb9da038dd58491de217c73d6c574d0f6e3977279af5bca2176c904ce1f','20111068039','2016-10-26 16:27:44','2016-10-27 16:27:44',0),(1370,'38','1','30d6dc3f24b5914b3b5a0cf96b1ea263e06b11e1f031cda6a1c13e5fcf3d7224140321ff7509630e444b4f20306275b3','20111068039','2016-10-26 17:07:14','2016-10-27 17:07:14',0),(1371,'38','1','4cb9babb387d4742e2884f4ac2a1a2f99cbabf2769cfe5b08a3f745b77f8cdcf0237f5bfb62390c74f16202093428520','20111068039','2016-10-27 09:29:47','2016-10-28 09:29:47',0),(1372,'40','5','fc696b3cb9984d6224865ab1b9e8d3a2c5f5020ba637f6235c57b0b874484eb6e38a469f69fe70fc234971f2a88ac6b7','20111068039','2016-10-27 10:48:54','2016-10-28 10:48:54',0),(1373,'36','1','32fee7036745489fbc2a5a42c81a717d470e6a519e6e8ce12dfaab431abefed55b972c2666a7f81e70dd07481c66bcb5','20111068039','2016-10-27 14:56:58','2016-10-28 14:56:58',0),(1374,'36','1','419d4942aca03b824e4f0455ea3f312345ba028132aef64527d95909db2d8b078240bcfee25178321ce8e37e0fa588cd','20111068039','2016-10-27 15:03:18','2016-10-28 15:03:18',0),(1375,'41','1','9ff3276d1fc2f6e4b2d995e2f264192b13e13b23dcada185f8245f0683bb0da5af949e961bf8c62de0df563ff957b173','20111068039','2016-10-27 15:42:45','2016-10-28 15:42:45',0),(1376,'36','1','d93c86693618c1ec6c56a591151d123d949e1457a2e4789b547731973b33a64e89b5d974f13302f55a78acd45abda825','20111068039','2016-10-27 16:18:26','2016-10-28 16:18:26',0),(1377,'36','1','4f2f93dbee6015b7135b36ca6ed1bb8c9e18a81e9871226675c7ce8004e8f51c009c825da819e784ab642302cfced591','20111068039','2016-10-27 21:07:24','2016-10-28 21:07:24',0),(1378,'40','5','39e710ced16e64fa51c03b8393ed7983a832c146279412a39f701a653ee9abab064b4c8bcd9e772b32f5ab494a24febf','20111068039','2016-10-28 15:09:53','2016-10-29 15:09:53',0),(1379,'36','1','248ef6cbd7df93aa9c83ea2b3bdad1e870359316bb10fc6d8ab6bd45a31fb3884a3d0c8b6d0649d802a3e67bc084bb7b','20111068039','2016-10-29 22:50:23','2016-10-30 22:50:23',0),(1380,'36','1','243b29ab5ec9afa79c07a9b9a28639c3c66199433331b01d291a17348f1c041c0e1eced19fa5eb274dc0fb9e7eac00cf','20111068039','2016-10-30 13:31:03','2016-10-31 13:31:03',0),(1381,'36','1','36db977af34758d1af0e63a4975143ea9beb54f106bbd5ae74fe8b7674eba8d66c136a4534cb684463ada3c8090e5998','20111068039','2016-10-30 13:36:24','2016-10-31 13:36:24',0),(1382,'38','1','1287a0acd73edbf36c63d201b1b2461294cff47d6d982ea5a5b0bcd9dcd699c2a41d9b1b38bbb1a8937b6ed8f1a45365','20111068039','2016-10-30 13:37:39','2016-10-31 13:37:39',0),(1383,'36','1','cfbeb3753d5ecfc60907fa43d1b897f1058f85786c825d256d0a0c088d18d265b9a9dd2326ff39622adb89515ce2bed2','20111068039','2016-10-31 09:00:47','2016-11-01 09:00:47',0),(1384,'36','1','8e469df7d6d00725799e15391b3341e35146f6f82a5f213213db9c0b2facfa9b7cb200b3ca3149bfa1fb3d7427acb078','20111068039','2016-10-31 09:22:41','2016-11-01 09:22:41',0),(1385,'36','1','f8b0b332862591ca0536d87c1e784677088a01284742ea08c5954546ed9304137bc6917900406b5955e9877bdc12545d','20111068039','2016-10-31 10:36:36','2016-11-01 10:36:36',0),(1386,'36','1','30d6b850e55e84cd9fce145388b770fef1ae23b891ca1f1ba6e944820bfecb06cda06511c2f8e3df2f5d7253fb42bc88','20111068039','2016-10-31 10:46:08','2016-11-01 10:46:08',0),(1387,'36','1','f20fdbf5d3b71e7608584e1b8ed5ec8d23e68e4d80628b42ae3306eaf1798c671899cb40ce139cbee9518f31f17e615e','20111068039','2016-10-31 10:46:08','2016-11-01 10:46:08',0),(1388,'36','1','8878eaf5b5f643dc622d99c6fd53a1b5d18c36f03bb8f636f2bf3218ad347cde6dd2a05271df30019b54e514790f3a2c','20111068039','2016-10-31 11:46:49','2016-11-01 11:46:49',0),(1389,'36','1','1e4934fa2ea824182dadd73872f68bc2af1150a2a3dd07b082e267e6ebb7f18cfb3346c2ec5374639d6c3af746b34025','20111068039','2016-10-31 22:13:37','2016-11-01 22:13:37',0),(1390,'40','5','94cff8f6d8fb880960926767db0f05fd95a8614197b4c4e72e59cf26e074f6f4f3bc5152d04abfb92b09edfe54dab249','20111068039','2016-11-02 10:12:46','2016-11-03 10:12:46',0),(1391,'36','1','1f952d74c399084f757ede1059d3e216c5b0549f34e1c704629c9d3a4a3a0d0269637718c77eb8be90f4cd57482f25c0','20111068039','2016-11-02 12:30:05','2016-11-03 12:30:05',0),(1392,'36','1','ea625e00d3ab05b78cbefed77367a18ef509857fc23618df11c9e183c72ceb5a115baf29731ac571c69c3efc2ddc14eb','20111068039','2016-11-02 14:09:44','2016-11-03 14:09:44',0),(1393,'36','1','cd9b184e73244cddd763801d5caca5ef0ac6ca2ed1a275bebe54f51a36e57d8b7d2366458e81f3a2a48392bcaa4c0992','20111068039','2016-11-02 14:48:36','2016-11-03 14:48:36',0),(1394,'43','4','c3c1fdb2087ab5f7b2995f7fb3485dc6376efeb1823ba45b39f51a3e505e0cc5b2f30aee3d64239a65c2f0049dfd9fa2','20111068039','2016-11-02 16:15:29','2016-11-03 16:15:29',0),(1395,'40','5','ee2185792927c2af49d836c7092f4c4c5ec2ef7cbaca48e86ec97539e1e1224d25b6603ac95f8c9da723f9dbddb89cfc','20111068039','2016-11-03 09:45:08','2016-11-04 09:45:08',0),(1396,'38','1','f2c6c4ab15c9495780338b87907a96c6964c0bd3f9a1461d9b4b0ed0acdead466892c243d3f51e232ab1d0e6f4be35a4','20111068039','2016-11-03 10:57:57','2016-11-04 10:57:57',0),(1397,'40','5','6da43b6f79f039fb6132a32cbb33738f9a337d24b3fe4bb1e5062448592d14c1e44908cda6d3f16f1bbb99d9604f7c5c','20111068039','2016-11-03 16:27:04','2016-11-04 16:27:04',0),(1398,'36','1','b5d53cf28bf0341cb217528ac67234b0ef0d96f86c0b6b77842be2bdcaf64a16c4ce9b6d8e8ec3e1345be1b9ad97ca4c','20111068039','2016-11-03 16:32:44','2016-11-04 16:32:44',0),(1399,'43','4','9a906d56168105036266a7d5e60c0a61820cebbaf8fb41afc1c3324931ceec70d5bc1ac7b8f3583df2ba71c4089285cf','20111068039','2016-11-04 09:15:35','2016-11-05 09:15:35',0),(1400,'43','4','86dfe0050fe0605939a2288eeb35f0e84f0dda7d5531213e16de64ffcf1090b2c10c7ad89644f90d9f56960c6e76a20b','20111068039','2016-11-04 09:15:59','2016-11-05 09:15:59',0),(1401,'43','4','8862ce39f925c7ac9beac3928e876a92d1781091516d6ed2f2c2ba297ec07f3f39c092d13f93eca0a397c7cfc99ec751','20111068039','2016-11-04 09:16:04','2016-11-05 09:16:04',0),(1402,'43','4','6a9bf572568bd1eaf16f5bde73f45e6c5091c9d7d6f48f6bec9c637d1768b06b7f757d8d216c721e325c036edecf3005','20111068039','2016-11-04 09:16:05','2016-11-05 09:16:05',0),(1403,'43','4','ceaff53aa31e22278558783a809ee6e34d30eaa21c92313a7c42e1cce2089614b34027b45025a8a27d0233a3beb64fad','20111068039','2016-11-04 09:16:34','2016-11-05 09:16:34',0),(1404,'43','4','585efa7194795686be139edb8f0b0e170895671b986249be58d23d0ed8f659f5ab6903955d5cd56cb101ae633ea74aa2','20111068039','2016-11-04 09:18:07','2016-11-05 09:18:07',0),(1405,'43','4','82b435af22a3839277911cc12d9878a72c816c5228eedea05cff4ed274e61c5a06964718a6b4c8d7ec87f0f042661ccd','20111068039','2016-11-04 09:18:08','2016-11-05 09:18:08',0),(1406,'43','4','0fb1093b16c05c681f04cfbc7499002e1e9bfbbd3e453004d37ca838289f8e38092de429efb4af6b0b8f29fb7e938db7','20111068039','2016-11-04 09:18:08','2016-11-05 09:18:08',0),(1407,'43','4','4d275630971d3ae476bb042812e32cad85b34f928c704abaadd2fd83f8061419a58525be47bde06014b0d153f90a403e','20111068039','2016-11-04 09:18:18','2016-11-05 09:18:18',0),(1408,'43','4','f78096d5ddce1657360636065d57b3e9ab4e39468ddd8408d074c6ddb7cda774410b2a825be2e0f05a3741aaabc7bf52','20111068039','2016-11-04 09:18:19','2016-11-05 09:18:19',0),(1409,'43','4','37348e760107922253497ca0649cb9becfb67b8f0519cf7e09b25d078e0cfa3983fa6ff0ecf48d985fd98da775a46795','20111068039','2016-11-04 09:18:19','2016-11-05 09:18:19',0),(1410,'42','6','0561c0dc380b2b1b855e46332e5f3083f843f89364088afaac8463282af447bc8d7a919548f56a6dbe796c54fc19fb55','20111068039','2016-11-04 09:28:20','2016-11-05 09:28:20',0),(1411,'36','1','2d0f40afff289fb5668d8550b4a5a647cba1b81f5076c6ccd633713a3d47b84b69caf31a71c9d408599240a208f404c5','20111068039','2016-11-04 15:17:47','2016-11-05 15:17:47',0),(1412,'36','1','06ee9b635ea536043099503bea5434798499f87ac26a1a968aed929ddc3a6f829b9d47ed2c2a415713c4e45a7cb8df46','20111068039','2016-11-04 15:51:41','2016-11-05 15:51:41',0),(1413,'42','6','b45c83fa56668bc5472af5748417b50b3146c83818bbfba00db72957b23f71a5dc4584dea43f692a421290fa5a2eb81b','20111068039','2016-11-07 10:54:25','2016-11-08 10:54:25',0),(1414,'40','5','e15c136bbc22e53dd616e034a2bf62985a2cc9cce7ae96e0df42ddc4ac9c77fbf0070813e807b44d1f361935b171e7f1','20111068039','2016-11-07 11:17:12','2016-11-08 11:17:12',0),(1415,'40','5','2ce15f1ce8bcc8683896c2679dfe3d3dfe4cd14bd75dfb01c6c81c47b086465dd6522bcd243d6632e13bf0c9c26ebffb','20111068039','2016-11-08 08:49:05','2016-11-09 08:49:05',0),(1416,'36','1','fe81de79db766e7cc7dfdc77afc7e9a6d99ef393fd2a30c7a69b9600841a917ad9b63f46806861231384c490a83da9b9','20111068039','2016-11-08 09:03:56','2016-11-09 09:03:56',0),(1417,'36','1','c2ab4b53cf7cf6f2f57bdf92e5d237a937b96c30d2f1637e5a5f5058313197019bca7a72b75b0acf81afa98cc0209bc4','20111068039','2016-11-08 10:22:00','2016-11-09 10:22:00',0),(1418,'36','1','a5cae38da1d3319f662073ead6c6c325874eb37d54ba580d4638cb037ee5058e9383fd1adfd1ff27811e7431883a4e15','20111068039','2016-11-08 10:42:46','2016-11-09 10:42:46',0),(1419,'36','1','e98d3a2c8dd25f1ffa6b5e7c1e95ad037a5e5bf2cfd473d1256265e0c670ed620fdb95b91deb73884ef941d063cffec5','20111068039','2016-11-08 11:14:51','2016-11-09 11:14:51',0),(1420,'36','1','8de394e7f1d1b49a243aa8c22fdc9c171b1352f2700549d6b02d53d2e2d8781ad73447de3748df5c4c704d9f739c5126','20111068039','2016-11-08 11:18:29','2016-11-09 11:18:29',0),(1421,'36','1','b8243b370587e1f5f69fdf7771766a219fc5ffb1ec461ed10cacbfbc02a3219ccd5a72cda02c07f69c76e1542c8a1273','20111068039','2016-11-08 11:19:25','2016-11-09 11:19:25',0),(1422,'36','1','d297240b7a27cba51cf9cb707b60ceb22ee09e603c58aa381a809d2b0f71bd808b98d7f10d3542fb2cdebd3045403d37','20111068039','2016-11-08 11:26:14','2016-11-09 11:26:14',0),(1423,'36','1','53a013510857c45b6b32607dd6b3a6d45b22b1b5e3d0e8024a19f116962794f9b331b12cf8aacbd2402eb26d290b1127','20111068039','2016-11-08 12:30:53','2016-11-09 12:30:53',0),(1424,'36','1','7cca95e741195e028b07f9745cc4023e9dd9eb8833b851dbd9f5dc561ade6fe0f1308ba6d3874458a111a33a497fa8b8','20111068039','2016-11-10 12:04:32','2016-11-11 12:04:32',0),(1425,'40','5','af2b774350be847233f0b3c927a6fa01efddb289a98e1386046443b60509a794b6c6f3150291ba9bb9a6db768822de4e','20111068039','2016-11-10 12:31:50','2016-11-11 12:31:50',0),(1426,'36','1','2eebe35748cfe6036371ccb5e34b038d9b83a58e3949a2bd9063ab7eb2e1b63dce47a9438e4962184337db9c964dbbc2','20111068039','2016-11-11 09:05:03','2016-11-12 09:05:03',0),(1427,'36','1','697291f51a6f1683e04afe240a622ba3355082324b4646380349f02e7c8fb142b56424525014973ce8a05dfd54393614','20111068039','2016-11-11 11:37:51','2016-11-12 11:37:51',0),(1428,'36','1','27f3eb3c9854c081f5246bd1e09b8f41d4d5c891e2868556527ba1fd988afea2b7a72cd3b610cb96853888efc42b2e0b','20111068039','2016-11-11 12:21:49','2016-11-12 12:21:49',0),(1429,'40','5','76f5e6c11d2387f119ea49fcf227412200903ea25fddaf4d50f06a0f18b5770862d4cf7b7cf663b25bf71dc5b551bbc6','20111068039','2016-11-11 15:46:32','2016-11-12 15:46:32',0),(1430,'40','5','de0699515b278086886ca3317262dbbf5cf2d449b3721d65a84b5e76b32f7944f119fd96b9ea4375483a495ae65d7f2a','20111068039','2016-11-14 09:08:57','2016-11-15 09:08:57',0),(1431,'38','1','b4aa16d1e74cebc8dd3cab752404e5089b502cafa5f993bda73de74a14d4d4cc4e15d32e336e923af4cb7d3aa503550f','20111068039','2016-11-14 09:55:10','2016-11-15 09:55:10',0),(1432,'36','1','7d704942cd963464f36f53fcd0f1e777123e20faea708558a5a8caf16cc0c17b48889077987dffaf4306487b44004f89','20111068039','2016-11-14 10:33:06','2016-11-15 10:33:06',0),(1433,'36','1','bc441a155d458376fd8000e569f4d50ff4819a1cb87f6a0d33550b8cbf4fae53bd431285078dff6a3dece939bd0fca14','20111068039','2016-11-14 13:36:39','2016-11-15 13:36:39',0),(1434,'36','1','42b293f12db59205016cbb8579de4ab9b8c6ea980006c89e72274d053758842e1707902be1a139a0fe1b9c804982fe61','20111068039','2016-11-14 16:13:27','2016-11-15 16:13:27',0),(1435,'40','5','c886311061673b9831d97dc18d516912b8a85435780dbf6c0768baf8096660e8cdf20862571144ba2a090d7c2a634897','20111068039','2016-11-15 09:36:10','2016-11-16 09:36:10',0),(1436,'36','1','84655fadbb606aa1db412a7710fcb84b139c4880742dfacbb4184e70923eb006f7dd21c4929ec02b7201c5c493de5bca','20111068039','2016-11-16 08:15:59','2016-11-17 08:15:59',0),(1437,'36','1','6b318536ec2780bd9dbc5733d7c6e9514424130c5b92fc3d59f106af43034bb37f47f3249bd18d47441ccede23077c0b','20111068039','2016-11-21 09:47:16','2016-11-22 09:47:16',0),(1438,'36','1','8de1634b1d4c8215fab21651f26f5ce91a1fc2207c86544fc8a93849503df26a4f06590ffa6a64a0dfdb0d4cea428865','20111068039','2016-11-21 12:03:13','2016-11-22 12:03:13',0),(1439,'40','5','e8f4bb4964b92e2eeebc760ebd5ba95f569800ffcfe849f086d54dc91523347fd9a55a969a8d48d2eab75c015afd5d38','20111068039','2016-11-22 09:10:02','2016-11-23 09:10:02',0),(1440,'36','1','30117a611034ea6791ec8550fc5a2949565cf8221c7215e2e1e773826d2d1c2dec24d5bfc494c68b9120b65bbcbfd491','20111068039','2016-11-22 14:28:20','2016-11-23 14:28:20',0),(1441,'36','1','06fa4c0e789275439c13584ba2875294fb194ebea66a5133f7ac3859a2577546f7e166e06c65ec1feff8b8d08d7b4579','20111068039','2016-11-23 08:58:31','2016-11-24 08:58:31',0),(1442,'40','5','487d6d2f682823c4d670cef8e1341160a94aa173f9a0766939e3a0deae89373c1052fa61e7555c8c06a171ffa037c9b3','20111068039','2016-11-23 09:46:22','2016-11-24 09:46:22',0),(1443,'42','6','bbe8671426d79b627c1b76e4d0da3769fa624a3dbae241d925c8a96a544b167822754abf5460979f7377c0d07caa63b3','20111068039','2016-11-23 13:16:03','2016-11-24 13:16:03',0),(1444,'36','1','48e8ef262abd059d198ed6d47276ae49f26b8da9883cb69826785e393b1acc7f96f58f0b704e52c90c87e16b6ca4ee1d','20111068039','2016-11-23 13:20:01','2016-11-24 13:20:01',0),(1445,'38','1','1371bc55b659315add8c5096f373ab34c77c9b8cf99a204feb752c9895e39e325403e1b61e0a740d6805a15a2989d50e','20111068039','2016-11-23 16:32:42','2016-11-24 16:32:42',0),(1446,'36','1','37a7cc5550734aca1bd0efe245a03ca9349cc66176eea48fdd3551d95516ebd5b2ba5f249054ccfc31068578c36e307e','20111068039','2016-11-24 13:11:56','2016-11-25 13:11:56',0),(1447,'40','5','daf5d5409c5b1125fd69c9b9ebf6dacb70a6b13b2701af255045f27403c435289e15c8c8e3b97cf0059d9cc7417a2f92','20111068039','2016-11-24 15:23:04','2016-11-25 15:23:04',0),(1448,'40','5','fdf88816fc71d4d1bece4478bb0e241ee8d87625d42b3ce108960141d6d45934748b8e8b623482e54feb152d4a41ece6','20111068039','2016-11-25 10:19:56','2016-11-26 10:19:56',0),(1449,'40','5','41635254da88505c9ee2c6daa25c071b8731a552afcb211e70d763c7ffcbe2561d0c61ecdc529094e9e9536d080686b8','20111068039','2016-11-25 10:19:56','2016-11-26 10:19:56',0),(1450,'42','6','7032f2722a3486e874a6a05b80aafd556632e3606a8f95c18f65062d008c9e510529b51aef883b9394632264b745de82','20111068039','2016-11-25 10:53:47','2016-11-26 10:53:47',0),(1451,'38','1','f4e2b391c7e4f0472eb0ebb5d263a681dc26f304506cbb1ea1a9f8432ea7bf62ef421c8dd384cd3f2e0d4be0d3775992','20111068039','2016-11-25 10:54:53','2016-11-26 10:54:53',0),(1452,'40','5','b0573952e4f3c74ede87233d28b919fa6598f94dae31fd050d8c4a53b45358ef7a6ff949fe6fe6cbd22fa26940325203','20111068039','2016-11-28 10:36:03','2016-11-29 10:36:03',0),(1453,'36','1','afd515aa16b7bab32db5f6dad1373711737066b98af918d0a2501986ddfd7903e9bb8c6f1001b01bd8f91e27a11c69dc','20111068039','2016-11-28 14:38:45','2016-11-29 14:38:45',0),(1454,'38','1','9bfe41c62a7b985748f98dc10bc7dd5d1edd6bdfe4b49d85807e587aa2b84202f155cd435c4e28c1fc79c1294e94b187','20111068039','2016-11-28 15:50:08','2016-11-29 15:50:08',0),(1455,'36','1','43dc3aa41c8baba16b39b0659336018f2ffa8339e9dd09c3fdfda2a32c4b689cd4c71ad8b1ab23f3a7a6a130573ba7cc','20111068039','2016-11-28 17:35:47','2016-11-29 17:35:47',0),(1456,'36','1','c6ebb51ea56849896a4884bbcbaeb8c865c6974370ba0b9508f3c767cb1f8cd24af85f0f89b25eda2eea7998ad77781e','20111068039','2016-11-28 21:37:58','2016-11-29 21:37:58',0),(1457,'36','1','72b9d18ea8a117e30c8818f48967e80da03f93f0d21b48182a33f333b1d28eaa8c7030f1da6b86ce6adca2bf9e82bb32','20111068039','2016-11-30 08:33:08','2016-12-01 08:33:08',0),(1458,'40','7','4ef59ab6a99ab5291c754fea5bc523b97a4e01e9c94e0619f7c854fe3c766ead98245a89682be60a284a16d1e52047c3','20111068039','2016-11-30 09:46:56','2016-12-01 09:46:56',0),(1459,'45','3','cd340f2581d63892f91843b6435abc38580ec39392c370fba22d686121ada718c17bdf6f2b962818dfc414621e4e3dd5','20111068039','2016-11-30 13:04:15','2016-12-01 13:04:15',0),(1460,'45','3','4cda75fb6cae412a83574638a4a24bbbad38a771ad6545215e81f0aa7dfd9987e8ba14471bb7e0358c9662e8b9a13ec4','20111068039','2016-11-30 13:06:56','2016-12-01 13:06:56',0),(1461,'36','1','fc7583d56591edfb1c751e36e78097125bed685e19ad9beeba62b75134e3fd1d8851f5cc1471d5fa0b1cef2c5df08b41','20111068039','2016-11-30 13:32:09','2016-12-01 13:32:09',0),(1462,'43','8','19c3b8ca462f80de9c10825cf4de4f602805071e2b438bb50f35da3ac4ac558b626a69e31bcd9c33bb88bab32f56bdcc','20111068039','2016-12-01 10:33:15','2016-12-02 10:33:15',1),(1463,'43','8','af8a2a599096c9b6b86a50d35fe73af722c9e3968c3e7361c9993819011a6be203ede443f2ff1443864a3d04a44e5220','20111068039','2016-12-01 10:33:18','2016-12-02 10:33:18',1),(1464,'45','3','db1eed59a053305054348e46998c5f20f4d8eae827ac2321888f578b499814ab924d2e4981e5f67cd25cd4dacd7e9031','20111068039','2016-12-01 10:33:51','2016-12-02 10:33:51',0),(1465,'45','3','f522c0a3fe28ab2d47dea7f996da264f151bb396ed80cea4ee99a204b10882cc53c3c4d45840508e80e871cdb666655f','20111068039','2016-12-01 10:46:00','2016-12-02 10:46:00',0),(1466,'43','8','115a765035562ceb6ec8740e3a358763e800c520da12b77ac97b47f6579869c88bdfa372c36a6010a63f6ba204d5edc4','20111068039','2016-12-01 12:06:28','2016-12-02 12:06:28',1),(1467,'36','1','77294afd65f75a423cd6a7f93c835476a2f28fa6436662e851f50b65fd253b19e9ec841ca7cda1239bb5a735d0ff007c','20111068039','2016-12-01 12:11:09','2016-12-02 12:11:09',0),(1468,'36','1','823aab5f35644e3c432baa8b8ce7fbe8a0e36d3d5198aae587bc4a5e2c1d445d6ab6c4ee1d8e3e3b5eaa6b8e7fa70382','20111068039','2016-12-01 12:11:10','2016-12-02 12:11:10',0),(1469,'43','8','d38a8d9a28bd9e90015b762b58c6a80d1108e4d7b287475ce52394820bde1a767d94664be9fee86ce98650105151e585','20111068039','2016-12-01 12:57:39','2016-12-02 12:57:39',1),(1470,'43','8','ec41c4578df56f9b7385835a953c07761028410d1234f37a57ad3a835749d62acc8a648697c0938c05aa80faece7a0bb','20111068039','2016-12-01 13:27:15','2016-12-02 13:27:15',0),(1471,'43','8','a15a5bfe6b48d3cabb115fe6d8e085efb37edb900a4fb0fa881dc8d1e75f480a5e20e4e400e2473abd415ef9ff83fdc3','20111068039','2016-12-01 13:28:06','2016-12-02 13:28:06',0),(1472,'45','3','51dfd877915490cc4b5394aaf663db8fc55698cbf71ec8139ff19ab348842e3ae1403b8c1c008a806d2a90e32cff645c','20111068039','2016-12-01 13:29:38','2016-12-02 13:29:38',0),(1473,'36','1','7d0dd8aa7dfa08134b50e4482f221cd0d439cae38921e9d136d240130d26eb79d5a2ba243b82b958f31f985555a1a300','20111068039','2016-12-01 14:40:27','2016-12-02 14:40:27',1),(1474,'38','1','8e6276ce897f98f8ecc86dc719e42eb0b48d6fbc391b40c578a64fb4d12b9011deb98a9e4e2fabc2b5c8f363cb8db617','20111068039','2016-12-01 15:20:09','2016-12-02 15:20:09',0),(1475,'36','1','43d29a10b3d6b278c6649c54de3146a9bfc138032c6aa4ed4eb96b990245e5df29ee751ce10dc65ce746cf3a3d896b45','20111068039','2016-12-02 11:12:11','2016-12-03 11:12:11',0),(1476,'36','1','356bb823d49f4e6fc8dfd8ae155525cbc3a25dbcef83c94b5d6e2706c6ad2a889b456ec5d769d75a15f7442e854097be','20111068039','2016-12-06 10:17:16','2016-12-07 10:17:16',0),(1477,'36','1','750b10c77ef4fab6603a1e65a8e5e17e3131daaf15082835d7d62c7a7cd9b5f8cdc91cb6f3a65e5635cb3a1f5117b391','20111068039','2016-12-06 10:49:21','2016-12-07 10:49:21',0),(1478,'36','1','890ae8ffc672359d2535cbe1dac499d2ce09683fbfce66b646d3a34320b2973f798eef14823eb53d3073822512fc74d3','20111068039','2016-12-06 15:41:12','2016-12-07 15:41:12',0),(1479,'36','1','232264632d4b0e165618330272b5ddc6cd728585588ac462d6e699d90bdc85150f5f4b72997ef543973d49dc4e00bb59','20111068039','2016-12-07 12:38:20','2016-12-08 12:38:20',0),(1480,'36','1','de678e22e498da7b36675b95a1e72b30c8003f1737fc60f8313ce2dbd5258181d9bc9394dba1c05b9da274d9252a2c01','20111068039','2016-12-07 13:04:15','2016-12-08 13:04:15',0),(1481,'40','7','f0c9b7585ebde93b8a273a9f27785f55a274a4102679590bc5bb775bb0325d53003b4c111c5d3db5fbfa4759489d345f','20111068039','2016-12-07 14:00:21','2016-12-08 14:00:21',0),(1482,'40','7','0e36215a437746fd9f749cf8297d51821f2159845204d3074cd2ffd4526cfba12132dfcdbbb4fe28b9874e65ee2cfaca','20111068039','2016-12-07 14:00:21','2016-12-08 14:00:21',0),(1483,'43','8','34018c713438228cb8551410c8000d865a829f5bb912acf3e43c42eda5f2a468427083d0fc86d411add75fb6ec828584','20111068039','2016-12-07 14:07:26','2016-12-08 14:07:26',0),(1484,'43','8','76863aad8829170fa4fa1e30977e280241b5f6b4776a564095bac2015f15ed2dbfc21b87536ab69e42732a82cd71cf0e','20111068039','2016-12-07 14:07:29','2016-12-08 14:07:29',0),(1485,'43','8','d4753bff492d208c8d6c0665382cce385e4084ac9bd3acfbce415bb0d782314af547c53c2415ad0c40660a6123aab445','20111068039','2016-12-07 14:07:33','2016-12-08 14:07:33',0),(1486,'43','8','e230241f6d58d4a9cd6aa187c546390e7053e678788ca67fff9dd5b90338ea66d42aabe04d7603b2e0b71071889a8377','20111068039','2016-12-07 14:07:34','2016-12-08 14:07:34',0),(1487,'43','8','3357480da0fb0c22d5f2a94488908359bc1753371176c4c57da878e4673349a84cd4cb3905d4a7c3649d967a25c0e3a4','20111068039','2016-12-07 14:07:39','2016-12-08 14:07:39',0),(1488,'43','8','7279755cd6b420794559bc28a4b69f0a516f83789fafb48b3a30cbffbf465c3366fd35a98e1a36a881d0a4bd30d80552','20111068039','2016-12-07 14:07:40','2016-12-08 14:07:40',0),(1489,'43','8','82a5c735bd088ca5e67288889946ab485e7c365dc1c5643c0363eba4532d45bb0648f80afe32278a88ff8be8609c96d3','20111068039','2016-12-07 14:07:41','2016-12-08 14:07:41',0),(1490,'43','8','62c66b94754e4a93892b2c786b0a8a1c3c5a252c6d064f0289506e745499f2c2db8c9f8da1f7f14e346ca2a85e30a271','20111068039','2016-12-07 14:07:42','2016-12-08 14:07:42',0),(1491,'43','8','587ea465d2e702161629653d759691207e11bd0bdec903a70b31255a9b5253280a0329c50713fac7c539225b2caaef38','20111068039','2016-12-07 14:07:43','2016-12-08 14:07:43',0),(1492,'43','8','7d7e2eae5e7622d1088e3e08ad41a27a5d6b21dcddfb62b91dec5c100f0b570c4db327e45a186c2c3f181ad4606d59ac','20111068039','2016-12-07 14:08:38','2016-12-08 14:08:38',0),(1493,'43','8','072ae840716ad141c5a7d8bb269238f4a75d185a59ad2371433f4f489f59914a0ea376ff53242c0ec8857acfc39a6f24','20111068039','2016-12-07 14:09:19','2016-12-08 14:09:19',0),(1494,'43','8','dccb23f11eac574dd69cc0e44d09c319f820b6d52ea91f21eea10aee3d321831527252e17f6f92d00b07c04cb2f51337','20111068039','2016-12-07 14:09:19','2016-12-08 14:09:19',0),(1495,'43','8','3f5ea1cf3ec0233f1546de8788df443a18d7c8ffb069aad28efa630b4f039f8f239f922621a3c058657d351e29e16f48','20111068039','2016-12-07 14:09:20','2016-12-08 14:09:20',0),(1496,'43','8','df6b17c65f2b95b07ff579f4d1f9c8cfd16913a65e51dfe61954863513c8e53a27e33a8847813035809925d0daae2ab5','20111068039','2016-12-07 14:09:20','2016-12-08 14:09:20',0),(1497,'43','8','6bbc67785a7bd79bf3cb433cc0c7617d49183d2efe7918ed0e81ef980f44bfe874bd7ba67feda780ff7249c7fffcd125','20111068039','2016-12-07 14:09:20','2016-12-08 14:09:20',0),(1498,'43','8','93d22d597d6fcd27de25589f9a00e69aa977bcb3dd74219f5d7ec08276a614d47d31c9c065bb356a7a4ae7e62e4cb87d','20111068039','2016-12-07 14:09:21','2016-12-08 14:09:21',0),(1499,'43','8','883992cd6927d7c9c2c59616fcf6fe521b1ef9b05e5504b65521929b61be2082b1f0a5fb3b67cceee8892738a3b20dfc','20111068039','2016-12-07 14:09:22','2016-12-08 14:09:22',0),(1500,'43','8','181cf92abba560c0d6daa80cd5db8a83e5732933368272e801081020dea431722feac05f85660678386edfb1b62d83a9','20111068039','2016-12-07 14:09:23','2016-12-08 14:09:23',0),(1501,'43','8','ddfe2f8add826607e9a181a7734b89752447c7ceb1ba5c9560b5113a2fa024e8ec94a343593da20318259b1b42b6288c','20111068039','2016-12-07 14:09:23','2016-12-08 14:09:23',0),(1502,'41','1','5c9bb2057aa1018d4137047df418baf262d3e4c667347cae27edeffc14fb3a20d9ff6e27c76fa6aa37cb53e6fb7fbeed','20111068039','2016-12-07 14:46:42','2016-12-08 14:46:42',0),(1503,'36','1','612a890c9222cfd7491ed2d623000375d4c78f4bf71c0f31b973fb0549fbcd04d7886611832d49bd08841888665220fb','20111068039','2016-12-07 16:05:17','2016-12-08 16:05:17',0),(1504,'40','7','c9f05a34b27fe7a1c6da3be1c7fcfecd77d6cfc4f764a11ce43edef33238b789af9566353643e4c6d147872e0b216104','20111068039','2016-12-07 16:44:25','2016-12-08 16:44:25',0),(1505,'40','7','6e2d935f7724c5a450bf478bebd1200d1762d55d8bb63527c507cc8ad1a39287da06baae3dabae098257a999c09bb40f','20111068039','2016-12-09 09:27:50','2016-12-10 09:27:50',0),(1506,'40','7','fa7be27dce0a8e34dfd0af2b82bbbadeca5c79753a365dba56117ae2f45565fb5c6283feab54432381f517e1ddae5e1e','20111068039','2016-12-09 09:57:51','2016-12-10 09:57:51',0),(1507,'36','1','7d0f28fd70ace14ecfb91bd25d6fabc739f6cf9fea04fb835633fb434188d375b681a3351456502d73944cfec76a2a75','20111068039','2016-12-09 11:07:00','2016-12-10 11:07:00',0),(1508,'40','7','668b9b8f7abff3357876e9abc4078df4f69d24017bac89e80845e0afcf1671a3062474c66a57dfa5fde65cad7ef54abd','20111068039','2016-12-09 11:18:03','2016-12-10 11:18:03',0),(1509,'40','7','e3ac805d847dbc4cdb7c2454004b8d93a1d46626dd315f045f90fdf340161c329eef65a91315d69ddba6d40d8ce69d38','20111068039','2016-12-12 15:00:50','2016-12-13 15:00:50',0),(1510,'40','7','86aae900d26a3138847dc458ed50dfcf1e6ef8b94285c0c57e449d210e4a0d68fc1c5a4bf5deb11332d00d960bed6c34','20111068039','2016-12-13 08:59:11','2016-12-14 08:59:11',0),(1511,'36','1','ccd0fc007afc3fa40bbfde642c77cf7ee8da8c85cd40d3a668e3a0acbbae1cce68cee8945cef06558f7161e82d2fbd6a','20111068039','2016-12-13 09:23:57','2016-12-14 09:23:57',0),(1512,'38','1','33a72fed45fbcb9a2098933e261206c7a8360360c711dd1c14a97f29daebf59766a73ffddbf9390c4b028560532406b8','20111068039','2016-12-13 14:54:22','2016-12-14 14:54:22',0),(1513,'40','7','f1514b5bc2bdf3885cc5b7aa80d785a5d90493725cd4926d78382c73562f709f226659e50d1ceddbdbfa5dbe800b61e5','20111068039','2016-12-14 08:34:39','2016-12-15 08:34:39',0),(1514,'36','1','6ca024e624574aee3cbe9b75584ef8c45e1ff98aa55a9ef9597b5eee7cbc4740b8dd259b6117c02abd3a8659d7fded84','20111068039','2016-12-14 09:35:31','2016-12-15 09:35:31',0),(1515,'41','1','9dc920f7a94bbfecd257b0bf223be13e022c7238cba6620b79062cc09048b188bfb1e93b7c89d1d79a57b6743e1065b6','20111068039','2016-12-14 12:38:17','2016-12-15 12:38:17',0),(1516,'41','1','4ae5e59ab1b005c4ff4198da60aa39e13c61248012c9031d7cdf8a132a8f2453f9d70e4ac8d2f8128f67099ea52b40ca','20111068039','2016-12-14 12:41:18','2016-12-15 12:41:18',0),(1517,'41','1','60107d3e5c86ca5e276bd63bda728d847d2080784e241c66a16823b4e4a4d93e1ceb3919b941883caa99c3340a4050d7','20111068039','2016-12-14 12:41:18','2016-12-15 12:41:18',0),(1518,'41','1','2f1c51229c232b2ebe429b5b82f33019a112385d97e6f80f3d8fac4183bd9226bf490ef5f6924872aec79631c8e2a18a','20111068039','2016-12-14 16:36:41','2016-12-15 16:36:41',0),(1519,'36','1','8e0553dfee14e2c75f22027bd02e3f32465648fde54e2c1be5795987f75b76983166c7945de44882c9f7e3e9f1a5bb61','20111068039','2016-12-15 10:45:04','2016-12-16 10:45:04',0),(1520,'43','8','e252d6cd87d268216365c2a91b245d9fe2d2605960dffab695807408bfc90f386f3e5d83d77c7e4d959c8240a2c072be','20111068039','2016-12-15 10:55:48','2016-12-16 10:55:48',0),(1521,'38','1','6c16fddc844e6689f14f219945d1551105a7d0369d70b787b293085c6b8fd1bc9dcffb0cc90c84e7ec698c4d62ae2529','20111068039','2016-12-15 10:56:40','2016-12-16 10:56:40',0),(1522,'43','8','18edcc0ef9d1fd8427b34e7d274bff0e8a7162eb1e243bd21b297ef29b97a2925d2c07675c6c0143987a8dab9a767040','20111068039','2016-12-15 11:00:01','2016-12-16 11:00:01',0),(1523,'43','8','a5e3095586dbe3c0b131c81fc5cf92441998553c3101ace9030719e8873c51d60b7a6bf1db12797f0568fa3b7ea2d91d','20111068039','2016-12-15 11:03:06','2016-12-16 11:03:06',0),(1524,'43','8','517296ad4f9a1301381df621a265646c7fc19054728815c65285fb530989b80508f1fd18d1b189c2d502afdb3caca365','20111068039','2016-12-15 11:04:39','2016-12-16 11:04:39',0),(1525,'38','1','a4537304264537499d6e343c2a7bd63ed66fd686ac334f194b35c17d7b06220309537d4bfabc3c339895bd5358e40572','20111068039','2016-12-15 11:05:33','2016-12-16 11:05:33',0),(1526,'36','1','a7ab5cce4719db5a7c4f39d4e1ca51c16da63bc990343586b0d42aab3e2342af4efc178edd4ff9d5f2efd039a5f2421e','20111068039','2016-12-15 11:41:38','2016-12-16 11:41:38',0),(1527,'36','1','30d4cd7a793fb1b4c414cc958106fd5cc59c44314fc974545252e1e010a27de922b3421018878b84c7f85a466b6a6b04','20111068039','2016-12-15 11:43:24','2016-12-16 11:43:24',0),(1528,'43','8','b57709ac176a9c4e4db41a74b1c067b09f80a981411ff5d74625ca37ea2f77ecc0f159a8a2704a6d3305a47f795fee8b','20111068039','2016-12-15 12:06:41','2016-12-16 12:06:41',0),(1529,'38','1','7788cedfac0af9ba5a6f168e250d6a4148d00061b10e1c4c12633197772a4381eaa6d2a3d6a917fdf9f596f5903bbeb8','20111068039','2016-12-15 15:00:36','2016-12-16 15:00:36',0),(1530,'36','1','ab64cb14ca2e90684bb332a232cbcbca46bea459463e11061bb431337ba5406e84e383899fe43ea39f8be53d666aff41','20111068039','2016-12-15 16:36:46','2016-12-16 16:36:46',0),(1531,'41','1','2d047ca4e81294d76522a102f8085358a212ec0464986c866ab3b70535a8f5b26cde1287af469923427fddf0f23a5816','20111068039','2016-12-16 06:50:47','2016-12-17 06:50:47',0),(1532,'40','7','959151e47db3de503f8c300cdee50ffbdadc32820301f38535d33d10a0644e05f3b5c1b3defabe8f329a9ef51d964f61','20111068039','2016-12-16 08:44:12','2016-12-17 08:44:12',0),(1533,'41','1','5251af8c84d6a2bc337ac0fe482de2a9e9355726ddf9bb84441b882fc941d98aa3d8b2b69a90cb0357f4029a0bc7af4d','20111068039','2016-12-16 08:55:40','2016-12-17 08:55:40',0),(1534,'45','3','b6d04484a209c77e8c1605d881f68e089d6bc133eb776495e5549e42dd2ea4a35d69b6d5cd28025fae8e402018b470e5','20111068039','2016-12-18 16:35:57','2016-12-19 16:35:57',0),(1535,'45','3','b9b18081d7174298a8a1cdf2d5d1ac3c3b4736fab259056c1a700745b8daeb6360d700124b249a9a7d0ed6cd4d86cc25','20111068039','2016-12-19 08:42:46','2016-12-20 08:42:46',0),(1536,'36','1','b70416386af7c357c1be5d84c194c2f38e5a3629ea3a4c7df00389d1793f3f603e14f15eb9203643b5065b256028eb4c','20111068039','2016-12-19 10:51:20','2016-12-20 10:51:20',0),(1537,'40','7','0e0c2f9f6c118bfc32c6e943d4b53bdc8cedd4bcb3e333de0fa48028e9efc09d79822e259de66508f7a6bf15e9eb6797','20111068039','2016-12-19 10:57:31','2016-12-20 10:57:31',0),(1538,'36','1','fc1ddef231b650988368b5db4211430cca452a217e9afe180b64a35c8d0ec8fab0cd516d9f5e01dc4ed822b5747840d9','20111068039','2016-12-19 12:35:59','2016-12-20 12:35:59',0),(1539,'43','8','a0a9c6ecefd3727641b5598e3847ba574d63f8839762f643f494fee7857abde06be0816f1e77322a3a364e7cf132e2d3','20111068039','2016-12-19 12:41:39','2016-12-20 12:41:39',0),(1540,'45','3','53530610f90341c0186b8f7c90c82b72d5de87add71f0ecdb544566e9c40cfc4dd983fc672ac1c47b6eccf38e6b41712','20111068039','2016-12-19 13:24:26','2016-12-20 13:24:26',0),(1541,'38','1','09634743c2ab1d196162aa279ba57c25b2a2cf76585f22530993ad2723a93a59ed89c010d45be24e9c575776b10f6f62','20111068039','2016-12-19 13:37:56','2016-12-20 13:37:56',0),(1542,'41','1','ac8ca2c532258e95c1d344a7fb98e103a2f1423f4991080ead62ecff80fda972892f51a58caed1876b53d06b44df85cb','20111068039','2016-12-19 14:18:57','2016-12-20 14:18:57',0),(1543,'41','1','1a3ec9e37102bf1a00be73bdadbcb316a4d7e45f7c5ffaab28f223cc3bbfa429cf3263c32e357491fc2f5bc43b51a25d','20111068039','2016-12-19 14:30:13','2016-12-20 14:30:13',0),(1544,'45','3','c202bf5d986f3799ccc003a1ac79b172202202c4abde9d928db08d30b046bd05c0f21e0cb0c7d580de8cd3333444c30a','20111068039','2016-12-19 15:49:28','2016-12-20 15:49:28',0),(1545,'43','8','00e6a385602c008352d830f652f097cdd547dc69191836f1e0a3aacb38db265e402f7a45108322884f3935dc434cb351','20111068039','2016-12-19 16:07:42','2016-12-20 16:07:42',0),(1546,'36','1','9f765c7b748335b739a5ab0a4b90045dd5ffd836308b4ed3a05a165e7c769c844fcf22722bfd661a37400f7592bf8bef','20111068039','2016-12-19 16:14:16','2016-12-20 16:14:16',0),(1547,'45','3','eef3c8d11e3f765925adc7e1e7284d7f158fa4586f60e9f30d7036b764d1d13a1ff2dfaff8227284566ee94d98c06661','20111068039','2016-12-19 23:51:59','2016-12-20 23:51:59',0),(1548,'36','1','23b7dc498258f852a880af8b720d1b22d3105280365c2de3666bf95a0dc93fad314ec33b9d9c10881658bbaf39c52967','20111068039','2016-12-20 09:36:40','2016-12-21 09:36:40',0),(1549,'40','7','135557221755bfcc5b59c876d8bc29afcc0ece3683d45c7717b08b0fd200c412ad1486417057b29542e5f87f7a28d4c8','20111068039','2016-12-21 08:53:40','2016-12-22 08:53:40',0),(1550,'36','1','c69973962c62548ba2914f26292f502f38dbce23687e93e8f90d2d234e3d36721edd0233aaa502d0eda0f8773c0a3f97','20111068039','2016-12-21 11:01:58','2016-12-22 11:01:58',0),(1551,'41','1','8391d6287cbece0ea33c4203cebdaab7450ec9eb4bcf4df2e063d1237310dde422c4f912688b7cbfbe0b4321985b3db7','20111068039','2016-12-21 13:33:26','2016-12-22 13:33:26',0),(1552,'36','1','4b599baa8c45922952997d2de45a52539ed9a381f2080a6c2cbb95308be90c66a951365b5d9ff2eb6d790a253957c74e','20111068039','2016-12-21 13:36:37','2016-12-22 13:36:37',0),(1553,'43','8','cf6308350f13b6bb31cb1b6f822348d9956af2773882b51a6a0a10765ae2f138b5229007d704fbbda6c408ecf8fd1731','20111068039','2016-12-21 18:54:25','2016-12-22 18:54:25',0),(1554,'41','1','5878bb0bb607fd92bc74311aaf3a45bca4cbcbcfc0556b6e9f0b5ad78b548b4b8a209b2985a47c83fd5742456e57a340','20111068039','2016-12-22 05:04:20','2016-12-23 05:04:20',0),(1555,'40','7','8915623f3379da01987368292c332cdc2d0d3fdcbaa27d1ce865a7d5aa9854c9082572344bc65d22fa198f1247a9f697','20111068039','2016-12-23 09:32:59','2016-12-24 09:32:59',0),(1556,'36','1','116a01b520796d448895a14e8338e8870272bc2bae79fa38586b187930521106a6d4dfdfa0be1cb941f0ce478b35c9ec','20111068039','2016-12-26 09:39:44','2016-12-27 09:39:44',0),(1557,'36','1','7f9a74eed6559477107ba7a7c17e222ea694a1cd00d1fecb5a3ad49075d9a2f8b61a03a222e67ece78c61f8f658a299e','20111068039','2016-12-26 09:40:02','2016-12-27 09:40:02',0),(1558,'41','1','22215166f959e4bdca56a153a4e83f3dd200bc28d5192ba0cc3adfd93640b0280a233cfaff6ef27acac07f5973c37129','20111068039','2016-12-26 13:10:09','2016-12-27 13:10:09',0),(1559,'36','1','5d519a67d9e9004ebae556db7dab6d1d17537646f9d93403f4a94ebca06714246047b873d556ee7969677718248912e5','20111068039','2016-12-26 13:12:33','2016-12-27 13:12:33',0),(1560,'36','1','849a9c7f176a4ca8310da818e9c3f31fb2ee5c159af96030cd20d4ea5f7ed183d615f9e10350d833d0b9dcb654fbc565','20111068039','2016-12-26 13:14:08','2016-12-27 13:14:08',0),(1561,'36','1','6d5b90cb81d90f7f1bf4b3a24f9318bc35e5e20304d6b717020c982d49821a9a77ff783416244cf342844815704dcc9a','20111068039','2016-12-26 15:08:22','2016-12-27 15:08:22',0),(1562,'36','1','10a0242facdbcc0bbd2e8975cf0876bda589553c2e6b2e7f894076cbf4374095525a1df4a407acaefe6439306e57e317','20111068039','2016-12-26 16:10:12','2016-12-27 16:10:12',0),(1563,'43','8','11efbb979ee20033b91a88805cf9aa915c79e39ebeaa8594bd98675c385a9fad08c4d1a0c958ca36161fdd90bed7724a','','2016-12-26 16:44:26','2016-12-27 16:44:26',1),(1564,'36','1','6dee2203e08204dfb47b36f3fbc9d0df92deeea2d1bbc244a6d2200a79266d0f72fe19579ad555e597548ee458310c6f','20111068039','2016-12-26 16:59:46','2016-12-27 16:59:46',0),(1565,'41','1','d6ed4870f20ada745dac55acdb55c87c259d9bff5e55fa92d7bb2c23fe27e76a751934cedd1b2a68ad313a55bed7d599','','2016-12-26 17:50:08','2016-12-27 17:50:08',1),(1566,'43','8','a32473690fdf5ee686dd2b5974c6b5409f3499517de0a56efba5f95fdb5d7049b1cfd596012977c40b70bebbe9ef0234','','2016-12-26 18:12:12','2016-12-27 18:12:12',1),(1567,'41','1','bae7f4d5d6b203eec8b7b8f7df1a3c505140acff3ce00f138e4f2bfb9f1115c2d4684025e239294f6a49e322da1f146e','','2016-12-26 18:12:57','2016-12-27 18:12:57',1),(1568,'41','1','5a19d209dd04fb0ae7cea0ca4242fa68ea526b93395191930d702ee0db67a19476f8ee4d03ac094225fa14986cd49b0d','','2016-12-26 18:14:44','2016-12-27 18:14:44',1),(1569,'43','8','53e7840764f1c395f79e2d266f8f0d3dbbb8aff4885a49d18c1e11aab432db73d85f6eca2f9982e8917c00b35a71a3dd','','2016-12-26 18:25:27','2016-12-27 18:25:27',1),(1570,'41','1','46cc2d2f114d52c647817711983ed47c4867f0b408bfa4732d9132072e76a485c3a1cd5288a6551c502a2df756f19b95','','2016-12-26 18:29:38','2016-12-27 18:29:38',1),(1571,'40','7','2bd0e866f271da5604ab60f597d2603834072009bd4e8e56d01041839ec50845599d1bb04088214d3d362aa135611b97','20111068039','2016-12-27 14:25:48','2016-12-28 14:25:48',0),(1572,'43','8','74298840a39a3eea13e163b24fd28bb478078acec0c205ed7f952c9d9e92690d033568af8f1446dbfb8438f95735de56','','2016-12-27 17:31:56','2016-12-28 17:31:56',1),(1573,'41','1','031df2417e7cac09b5997668c4862f6be719010fc5c84f2467fc7e19b60bcb49cea7fe10d074df3e8a46812e84af3c7a','','2016-12-27 17:38:46','2016-12-28 17:38:46',1),(1574,'36','1','ffaa2959a701b10098661dd6d0f2a0363536c05b490c417e3ea8e94715693656515696336f19437cca017a46ec81f7d3','20111068039','2016-12-27 19:56:41','2016-12-28 19:56:41',0),(1575,'40','7','eba67939932ef2f8327312b98b603ed71b971af5f7b7a961da5cc9c083febd6d65a006bc359b023d671ad7da31726cb8','20111068039','2016-12-28 08:12:41','2016-12-29 08:12:41',0),(1576,'43','8','5a073f0708db68086a9714f5ea27a72977fed291908c1548bf7b855ca29a00991281b702f88e8a1233e014861225fa42','','2016-12-28 12:27:41','2016-12-29 12:27:41',1),(1577,'41','1','b548a4b31294bc07904ea5bf97723da44f9fb2b1824347d64b9192b56963718bc9aaea862494889653ef7f072cd1ad96','','2016-12-28 14:00:00','2016-12-29 14:00:00',1),(1578,'45','3','7a1bccbeb16b3d03ef70dee8e4de7b3e11fd5d7e542bd18e6ca51c95667aeb5475ed6adc02c348131bc87958b16fe5d0','20111068039','2016-12-28 14:15:21','2016-12-29 14:15:21',0),(1579,'43','8','a4e895ce9a8b3078182ebdb88052a31990b563e1d3d16b43869a2a8e15c76747f7eae105a056f0c1c6d73bb909257724','','2016-12-28 15:52:10','2016-12-29 15:52:10',1),(1580,'36','1','806b85851d986a3cb0db27e06ee3365b177f0070b881edef61702e671b40df8fc2f8ca07b82da141d6a4b7330da7875a','20111068039','2016-12-28 20:46:14','2016-12-29 20:46:14',0),(1581,'40','7','de20256243a7cc3b621c96e7668464824644647bc98ff0637283f248add95b79047e47100c0a4505fd1b3b4e4af24823','20111068039','2016-12-29 10:17:36','2016-12-30 10:17:36',0),(1582,'45','3','7bddcf197ff535e4fed401e05df533b056014658b80b47ef7ee8673e8455eb0cb70670ba2e6f0e929d91a1241a888a54','20111068039','2016-12-29 22:12:00','2016-12-30 22:12:00',0),(1583,'45','3','427577a47bc818852e50547129fcf7082c550e1308b844ce4a99e02cf811589cd38488c69d91de2bc3c0ddbe714ef80d','20111068039','2016-12-29 22:12:01','2016-12-30 22:12:01',0),(1584,'45','3','054be2afc7a36a0175e054fcab16ac47d6dbf82765544395e7e399c4b50e96fe512bd87706caa6753dddf49904789fa5','20111068039','2016-12-29 22:12:04','2016-12-30 22:12:04',0),(1585,'45','3','090879d57ede15d1df79c69de1aec5187c5f35372ac84fcda29c2816a9a86308466f065a02c746a029029923ff4bc76c','20111068039','2016-12-29 22:12:07','2016-12-30 22:12:07',0),(1586,'45','3','5ab80756a7cea2c6be22f3a78560b31c422a89b059b86d1a66e4e5c6f69d1d1d6a148bf8721981ce2fa70988a82575e1','20111068039','2016-12-29 22:12:10','2016-12-30 22:12:10',0),(1587,'45','3','bb9254ce57a14600bc9e6a205d7661d04491522e590e6818b31c2a78d6d5f7f8909c64dba6e425a8190716052e4574bf','20111068039','2016-12-29 22:12:15','2016-12-30 22:12:15',0),(1588,'45','3','bccab54e89fc6f2a0e1a12018e4757dd3288b8db89967982c0736dc809c3723edfff7ea69a06705707d521f79c4e93a8','20111068039','2016-12-29 22:12:19','2016-12-30 22:12:19',0),(1589,'45','3','f40d56491832dac57af8db0a97b1e25ede6d223ae999cdf34fe751b4a9ab45925d24f2e656203224feeab7a3f228bfb0','20111068039','2016-12-29 22:12:23','2016-12-30 22:12:23',0),(1590,'45','3','224ff5a52cda07008263b0285d101ebe3ef905c1b341373cd3602e10febf591f718560601e20f068710bc207a32fc66b','20111068039','2016-12-29 22:12:24','2016-12-30 22:12:24',0),(1591,'45','3','90e5e207b46e81925bc4a1366f8b624dda65c74c72e0f5fd2016e9c0d7268e99ecec173f461011275824a57af0b57d2d','20111068039','2016-12-29 22:12:25','2016-12-30 22:12:25',0),(1592,'45','3','2139420d5168bee9016debb88ada30c5a05121986f80f33b9c60f27a206a63eb1539c44bd982233d761810431861b577','20111068039','2016-12-29 22:12:26','2016-12-30 22:12:26',0),(1593,'45','3','7d2f278a6815f707d27f96a80e0d77a710e0728629c0faac3ebe2e2a6e2a8a2ad7cc927c100e172bfc14d594b1463d76','20111068039','2016-12-29 22:12:27','2016-12-30 22:12:27',0),(1594,'45','3','9f7a5322bcabe36c46fcc838357ae6a83757b524d7f2275abb4a0d4c18ef4f65bfe9a70486f005305e6b748eb239ceb8','20111068039','2016-12-29 22:12:28','2016-12-30 22:12:28',0),(1595,'45','3','b979227bf4b399c05569fe8b94e1ed4810ecc69e50b36a249c45681585d4df1e4c1a6e195a981e45822d385b33c922b9','20111068039','2016-12-29 22:12:29','2016-12-30 22:12:29',0),(1596,'45','3','a2ac8f0b43b616a2376585178eba64ee347fa5fdb0fb127f261a7d818dd8ae9319f8ecde0f8203189a116338cb89456e','20111068039','2016-12-29 22:12:29','2016-12-30 22:12:29',0),(1597,'45','3','65e7b69517348c9a2a256be89bf5c47306266780e6a578fb2f734cfbfc181eed221d951920eb4bab5c6e39057dcb6d75','20111068039','2016-12-29 22:12:33','2016-12-30 22:12:33',0),(1598,'45','3','6ab28553223768bc3eaf55f3401d8590a259a380a9be50cc35126fdc6b619955aa30a86c45889970867d751e69bda60b','20111068039','2016-12-29 22:12:34','2016-12-30 22:12:34',0),(1599,'43','8','5ebfe6d7e1514f1ecc14620bd21d85cc265705e67ace70a18882db3ab53ff785acc5138eef1ce6c142bbc2e14bffc320','','2016-12-30 13:00:14','2016-12-31 13:00:14',1),(1600,'41','1','0ee75cd9ae1067ba4dccd7a45ebf7ea314a23a6acfe8c9b5fae31791aea56cc01594e36067b220f08c9e6ef6e0cb7f05','','2016-12-30 13:04:14','2016-12-31 13:04:14',1),(1601,'43','8','383436d45d81b1e808448fbbc0b6af8f3ae5c7af89e3bd9a6f8af68f75efd726d9b352c52e35c7fd4ee1e634189ceb64','','2016-12-30 13:51:39','2016-12-31 13:51:39',1),(1602,'41','1','513e626b14c5e9f3416ee2486c11b7ead906d7a27991862ba9e86522a439036fd12176b86673d18a9d3fe88e24edcd96','','2016-12-30 13:52:06','2016-12-31 13:52:06',1),(1603,'36','1','8c449fb1a989bcb76d562249d4d9b988900033e580ac045996971f5965477bfefab93ca681adb5fbe5c84671329885b8','20111068039','2017-01-02 14:24:15','2017-01-03 14:24:15',0),(1604,'36','1','942a543ba93c8b11837c2d69d24ba206b7fc67ac6ae62d8f793f109c4bf90fd5143857c6d5d6745e4dff4b2ea36217da','20111068039','2017-01-03 12:56:01','2017-01-04 12:56:01',0),(1605,'36','1','74adc2b38bca4e66827ec8eca260d6bd7cbc5aa2a233fa771f51903d618f60b68d931414530f863ff40f10f9a677554a','20111068039','2017-01-03 15:50:59','2017-01-04 15:50:59',0),(1606,'40','7','6420a1a094136f2d7fb0a7991aa643bd8c5ebfa7d6502e52e656811d8e2c7251ac69d487121c12f2d8f1d7bd29fb7691','20111068039','2017-01-04 08:47:20','2017-01-05 08:47:20',0),(1607,'44','2','51a2c6e6932c48ebbee44dd39e5ba4159a032d813823568525197f5fc08c71faa5b36ddd24138dc234ccd45577521d47','','2017-01-04 08:52:49','2017-01-05 08:52:49',1),(1608,'41','1','39196088e380edc9c9deed25954c542a2b867b56fdd19b95614ab036f52da8f3f4592418b7bfa38de3eca506f1bad723','','2017-01-04 10:14:05','2017-01-05 10:14:05',1),(1609,'43','8','16a934ff6f29a48b53280edcfd4b497c96ca5f4a25e5916f583da3240cb14c15b2c47217e41c12deafaa5948de6b1417','','2017-01-04 18:36:45','2017-01-05 18:36:45',1),(1610,'41','1','f4ba2046a525458fce3978f0d926c094b8f51a026d5af227fe17ced130b691966a9ad0b09820f6f5d0bee36cb1d2d1f0','','2017-01-04 18:38:56','2017-01-05 18:38:56',1),(1611,'43','8','a3ffac91f4e894d4795946519c50acd4efccccfe191ad7c76985f4e512e090ebf79f01adbf712e1ea97aff29cf980bba','','2017-01-05 22:39:56','2017-01-06 22:39:56',1),(1612,'41','1','26ec172920ebc54029203a596686e7fdfd5b0925a6b9f7a4fb127ca0c526b7ec5efb5a88d65576a0a3e86d45c59f8c16','','2017-01-05 22:40:34','2017-01-06 22:40:34',1),(1613,'43','8','711c0cdd1365909366ccb9a8b239d5e37054d335c4770bac607899ba7bf3d62ce3e28abd5c79779fab409a7db879dbcd','','2017-01-06 01:42:06','2017-01-07 01:42:06',1),(1614,'41','1','ef9652163ebdd10d9b8f4a5f020b142b84b974a4524ef54db9e94fd5c2fc47eaf6f5e1acd25988df63bd6477b5489bd3','','2017-01-06 01:42:40','2017-01-07 01:42:40',1),(1615,'43','8','8dab8b015c02497bb6c93e815415e121268e006f5d2da26c024712919f596d60ebd271cb6263d636aac54ec42725de67','','2017-01-06 01:53:31','2017-01-07 01:53:31',1),(1616,'41','1','8afa3a2a8cddfbb124119da0d1d2793e251a2ebd74a266f587f66d96d173bbc12c945ee644c4c7254769f626d776773c','','2017-01-06 01:53:59','2017-01-07 01:53:59',1),(1617,'38','1','10dbcf64ea01819510a3d37e556ac9fa2c56538c2a1990cb8a8037ccd76415243f2901b80055587b68ca09cc267644cc','20111068039','2017-01-06 09:07:46','2017-01-07 09:07:46',0),(1618,'40','7','e8fb690091cb57f3e8d651d0737822a36f732f1bdf3da25f19e985e52d7a142485113870a249bac37a17464e036ba727','20111068039','2017-01-06 09:19:53','2017-01-07 09:19:53',0),(1619,'43','8','5defdb97f8183181ba1c6950c3e8c1ab6b6b7d70e86545ed7ff3e8352e21e4031c2319afd853576ab990f183c00d8ab3','','2017-01-06 09:30:16','2017-01-07 09:30:16',1),(1620,'41','1','dd28adbde482dfa137d74aa5f7e0d6f67803b31b95d1ec5f8414091150d9e1f2cca8435fc1ab87c0e326b14298237d74','','2017-01-06 09:30:44','2017-01-07 09:30:44',1),(1621,'44','2','0495cff5fe712527a289369eb336c5181a987a6d8fdf9b4086956d998d1766578052c9f61a8c7f540b3e8adeeb37f3f7','','2017-01-06 09:44:32','2017-01-07 09:44:32',1),(1622,'44','2','e6ada0ec8d32f61b7331b70bbd3a16895fb04da33d4d9acea9ad495056ab29e4266036b8d8db435ace98fe39f8de337f','','2017-01-06 09:56:05','2017-01-07 09:56:05',1),(1623,'41','1','77a115e40eef5b00673303074147aef8f8c63bb82b84a31fb43b3b11ba176b4a894358e2fde7a57c0fb86c013a3bf89f','','2017-01-06 10:19:24','2017-01-07 10:19:24',1),(1624,'41','1','57fc0afbd9f1a535e61af021412fef5581ab1058f88348190d5a65df038c2ffc3a0639b6f7487a082c4119431e0b8e09','','2017-01-06 10:19:56','2017-01-07 10:19:56',1),(1625,'44','2','6bda62e81928ffcc418084ad630f5c1f24db66d2731fcbb21fc4fac8217e7f8a22ee85979d350bf4c7d3febd9dc9abe2','','2017-01-06 10:25:24','2017-01-07 10:25:24',1),(1626,'41','1','d4acc5729e187e8b46d06bc67326b087a72438b681faa286321d44a8b4013e2a99900ae1852c6ff91fa9c8564c4c219b','','2017-01-06 10:51:16','2017-01-07 10:51:16',1),(1627,'43','8','903dc332261fb794427c72a87cea82fd85d90828e8332208b28b458b06121877958a4825f2c05a9445688e1a288c58ab','','2017-01-06 14:33:50','2017-01-07 14:33:50',1),(1628,'41','1','0e863aa395dab4222cfb3395e26eed54a80d75a1a4a64f7c00e0cbdb570dc10556abce005eee55a760163432267f0e2b','','2017-01-06 14:34:51','2017-01-07 14:34:51',1),(1629,'43','8','c8b15795f366e27cf99f249906445e9cb1d4d45f1f92e15d259089199533082bc9eec5cf3b0e7e8af9731b7717ec8bde','','2017-01-06 16:31:37','2017-01-07 16:31:37',1),(1630,'41','1','a618814409253cd1d317b108c5fecade7a4dea96d358a9569ebea1766943ee3b36517c87fc2a038814766cf0e0f578f7','','2017-01-06 16:32:58','2017-01-07 16:32:58',1),(1631,'44','2','f725e7cd08325908109707700fe3da56e2311a5ef1fd33e6de956b81744e6c1ceca05cce6f7a5a81eab3d4dc66dea5fd','','2017-01-06 16:48:52','2017-01-07 16:48:52',1),(1632,'41','1','6145d506548dd5524a4cf39fc732ec698f628d614ff2be231923119c426c3cc28323a48f2376c6b84a6906c9b0b72420','','2017-01-06 16:51:22','2017-01-07 16:51:22',1),(1633,'43','8','ede67b5f43e8ef3631d940860b4393ee575efa70f49f3ce34af7203f4f9cb392574bfd28dc26e50b59c3334f2e3349b8','','2017-01-06 18:05:59','2017-01-07 18:05:59',1),(1634,'41','1','6107d1eb5773d324039ab9c4e741fc08806c93b8522148a92df886c3b4442b17a479dfb950a542d75fe404eab8c1c7b3','','2017-01-06 18:06:16','2017-01-07 18:06:16',1),(1635,'38','1','af60331f830f2835f54b61226dbc5381b3ac112b3d0ab10683c8438ff95c0fca7394683db221194340100f461ad29457','20111068039','2017-01-06 18:14:21','2017-01-07 18:14:21',0),(1636,'38','1','198772a512e54835520b9d2be43db9d5d89c7dfa08977ab1696a376747e2fa2ddec2c7a237859d2b7cb4bd16900d63ed','20111068039','2017-01-06 18:19:31','2017-01-07 18:19:31',0),(1637,'43','8','71770625b897888dbc1f499a112144cb589681e7c705fcd8df1e5dbd8a11cea7c6df010293f08f8836c1d0531434544c','','2017-01-06 18:20:22','2017-01-07 18:20:22',1),(1638,'41','1','cae21136c6d0b60a5c40005f920506ee6b2844088b658661d26466468a39fb52cf348b660208fc2d9f6bcc28437c87c6','','2017-01-06 18:20:42','2017-01-07 18:20:42',1),(1639,'43','8','82e231a2baf944d39ad1d1202a0264bf3e0a7830b14b25bb845af3771a11489fc0122ff0cd63aa40f21c31ec3d673f23','','2017-01-08 22:54:19','2017-01-09 22:54:19',1),(1640,'41','1','9508fc3c4897dc526715853b2abeac5e86dada36c04677b9cc7cfd7a3d5f2620b0697e4f6f4d7c560e7410f52003a370','','2017-01-08 22:55:24','2017-01-09 22:55:24',1),(1641,'38','1','2f7373c06d5a28e435c67d0ba61ec2ed66f020876cfccbb07335b2c6200a0a0690aeed8c82528adf49efa77e13bb01fa','20111068039','2017-01-08 23:11:37','2017-01-09 23:11:37',0),(1642,'43','8','20ce7e535b10d3bf13d177125673f5e8912fa3e982c60b9d56bed12521a80d12fd3e2d7af9dc97dc45bd03173aedeb13','','2017-01-08 23:15:55','2017-01-09 23:15:55',1),(1643,'41','1','2a863e77a06dfc7f429be2f93e5bd33cd1f727ac8308fed880dfed585a292adf421993c082edf7561c78fa82abf7425f','','2017-01-08 23:16:29','2017-01-09 23:16:29',1),(1644,'43','8','9f136cf810e3d7221998e4b57ca00cf0dbb9b4d2c1244ef06d5f28242951d60f005878e13cc644e3f421000f0cace97a','','2017-01-08 23:42:06','2017-01-09 23:42:06',1),(1645,'41','1','fd526cc2a6b7c6ae6ee0eb00bacd4a1068b1be916d1f47e7310d51e42bc4011ee1b22ff7e03ac2405d7b4963ef20d9c5','','2017-01-08 23:42:57','2017-01-09 23:42:57',1),(1646,'45','3','b53f9ae9e59a1985755d4eb8b881fc34b7507bd11ec14931ddb59acc2ce094079edfe2fabd109b67aac7edc33b3e9c8c','20111068039','2017-01-09 09:01:59','2017-01-10 09:01:59',0),(1647,'38','1','9b027cb9053ae91f803eaa0128cd89c32768bbb3dd21eca58c0a241adca1c9d8085a3165042d95eaa1722febd9274137','20111068039','2017-01-09 10:23:59','2017-01-10 10:23:59',0),(1648,'45','3','6ecf2cb3c37bb0d49f15f58006a662666c727ec362ac00a758788795ee13d54d8a7107303f6b568f9066198085f166f6','20111068039','2017-01-09 10:45:34','2017-01-10 10:45:34',0),(1649,'45','3','de03b19368664537beaf4aebafce0d8889c9dbd88253cd302adcf84d7475c8847e09142914130cdb82aa31afc29a910c','20111068039','2017-01-09 10:49:58','2017-01-10 10:49:58',0),(1650,'38','1','7c09e01735e97154545f97eb9bfef30657c99e8e4b70153075977e9cf0fe72f0635f1d65d4b535a47f916a061abe3c83','20111068039','2017-01-09 10:51:03','2017-01-10 10:51:03',0),(1651,'44','2','9b1658999e57bfe7991818ea5f028be2acc05ab1184223d4b4af80a9ab7aea693340fef4b593d9d1c9de367c3d39c6e7','','2017-01-09 10:59:14','2017-01-10 10:59:14',1),(1652,'44','2','c84a5807805ed6d53128cfeb08cc21a200f8fc264826dbd35da9e447c620aa979c962c9ce1fe980cda6f9e150b662f95','','2017-01-09 11:00:19','2017-01-10 11:00:19',1),(1653,'44','2','feaa8a2bf87c8e9e63fa9c78681481fa074280c65562f123eb5a9b54dc55ad09feb516d8b70e0636c7bcbd289aa9a4af','','2017-01-09 11:02:30','2017-01-10 11:02:30',1),(1654,'44','2','3800b4b64ac7ccaadf4ad0c54443290a6f33bfb2a7ce3c86b6ca88bf99108bb680c2ed08833ca1004f3556da6c4b6911','','2017-01-09 11:03:37','2017-01-10 11:03:37',1),(1655,'40','7','d801038b4221c7d202c91bb827153c17e64e40371892284ae8713592624fc56b5b60ecbf2fa545485778a3f79debf476','20111068039','2017-01-09 11:10:12','2017-01-10 11:10:12',0),(1656,'44','2','40c0e506eb179252ca744c32174887108fcf5e8f1627dceaef8c10b01ef080daee9d6ced3162a056295d66bea89f1f17','','2017-01-09 11:12:05','2017-01-10 11:12:05',1),(1657,'44','2','84e8bcec1b792073ea5e38cc2af40d87f012badfd16b5916687e3f14b60add90349262a8147d1e5822feff652ac1c2c3','','2017-01-09 11:13:13','2017-01-10 11:13:13',1),(1658,'44','2','5e253e82372e46cdc11e9dc92f22ee1914da2a920308e49e680bededbb20edb1f8739a5b7a9c3211e591f17166c7f6d2','','2017-01-09 11:14:52','2017-01-10 11:14:52',1),(1659,'38','1','11ac90e8ce62e19779dfaa70ee26bd0c375b8d2e00aa8e95e7bb180fe61672fdc2a4135cb66c6b8fb4f71328670c0016','20111068039','2017-01-09 11:16:30','2017-01-10 11:16:30',0),(1660,'45','3','fd9f7df44e5c8cebeafd4dde72f41b82c9cf3e3ada76074a6f63d7a3e4268f380fa96b3b5203e4b9125ad8cfda033d07','20111068039','2017-01-09 11:29:25','2017-01-10 11:29:25',0),(1661,'38','1','e737f8573546f2c0f9dfd4a8eaa595a9e9aac91533b53043e8176e72dfafcea2159d36c4d2d1d26dce833096ceebee36','20111068039','2017-01-09 11:31:03','2017-01-10 11:31:03',0),(1662,'36','1','bdaea3de505913bbf64ba37f770de1abe64d2c5d2e8a76728d87be19d0703c59cb6a4771984c2bc4e7e7e66551a40c81','20111068039','2017-01-09 11:36:06','2017-01-10 11:36:06',0),(1663,'38','1','9407dd8e282eb99d3833d37bdfc4ccd0cf9f9f02966a07a4bd567706f4fadcbd8f1ca0e81f8f14733ea7b74d8062bff9','20111068039','2017-01-09 11:48:08','2017-01-10 11:48:08',0),(1664,'44','2','be3be3acf0bc3d8b47859e98f28f24f8896b3d373426389f16362f59f2c086b0bdc7669e2ec3fa1582fa59b41940b98e','','2017-01-09 11:52:37','2017-01-10 11:52:37',1),(1665,'36','1','e9198035a9ca122ff9c446ecd439199a5b871a43e9b670a7dc30acd6b9d54370e8c96ff9334bf3d514622ae61b3f3eac','20111068039','2017-01-09 11:54:53','2017-01-10 11:54:53',0),(1666,'36','1','f4f807b7320f82937013dd114a486f7dc1f3f9bac9718d48f027391008e32b94f4bafeb0ab284d4d8d76dddf84d0cca4','20111068039','2017-01-09 11:54:53','2017-01-10 11:54:53',0),(1667,'45','3','bb5fba6c3869cb70ca837171c5f51ffb526f04ba6cc5f8e75600e6435bd65bf604584b184a34c6c88a86370242142ccb','20111068039','2017-01-09 11:55:54','2017-01-10 11:55:54',0),(1668,'44','2','a15acbe203859076930c9f0dafcfaaafacaa77cee67d4446687d17e971f3fb942938f91bf36e8fb7aadd18364fed6e03','','2017-01-09 12:00:44','2017-01-10 12:00:44',1),(1669,'44','2','0aaf46e6397e9e2e6aad9f3b6ff1d31dc0221d81cbe2bef1fa3496020d474daf9cf5001fdcdd2e463791a0f470ded48a','','2017-01-09 12:06:43','2017-01-10 12:06:43',1),(1670,'44','2','d6859d96214f9c854f9c12368f2da495166fe7b86f02a2c90c9a8591989cbcb290b59badae2bc8f31ad31697eec9bd46','','2017-01-09 12:11:58','2017-01-10 12:11:58',1),(1671,'44','2','dad302159f484c27df922a06a9bf799a8d9f124640b8555f31b9fc87d46956148301aa49a59b02038823e13ec4003368','','2017-01-09 12:19:12','2017-01-10 12:19:12',1),(1672,'41','1','9963f7410367a1dc08361639d7e55fe6784aa776c8e03322dddc4f6d4b8cb42742a46ffea09524fdc159a4c6a36e2ec1','','2017-01-09 12:55:31','2017-01-10 12:55:31',1),(1673,'41','1','bb2980fb8b81bdbdc27c8f7c093bf5926464f3084cc2470689e86d0f65ebd4711680a68be673f6094841813686cbdf91','','2017-01-09 12:56:25','2017-01-10 12:56:25',1),(1674,'41','1','121af864bce331580ed5e9aa1a6d26e15243404d3cc84a51dd2574c93a734168c2806a2d1de40c5abd9742216d412db9','','2017-01-09 12:58:34','2017-01-10 12:58:34',1),(1675,'41','1','b5cb7d71e51726ca7558719f08e237c9acefcae5a6d4e0095ed981a9cb06203207d4d2f1fb3152a35e86d439e241be74','','2017-01-09 13:00:39','2017-01-10 13:00:39',1),(1676,'41','1','4e0a7d56f1f83a1f725c24c74b8db0198246df276553565657c7e7facee792998fca095f02da505e728fd1f8d0c299a9','','2017-01-09 13:01:25','2017-01-10 13:01:25',1),(1677,'41','1','121e3197ada6a3a032c1d4a4cc200f9b90355b4899b6b301645d833dd8d8dc2d12d0d193c83f2874315132f07c4ebd2b','','2017-01-09 13:02:00','2017-01-10 13:02:00',1),(1678,'41','1','c80c8e29a33f3d43a2aed1ff0b92b805c0b5f7955c45959e2c58ddb91d661d84effa693474fe58c915d7ad1d6f865054','','2017-01-09 13:02:51','2017-01-10 13:02:51',1),(1679,'41','1','0c89fa64d7637194f80513759dfcd3189a2d136bec9c34a0171718a45a7a4cbec7f834de6a83431afd406c1e5d7a6090','','2017-01-09 13:03:22','2017-01-10 13:03:22',1),(1680,'41','1','a62819919d653cdc0f3ee135bf139c05069c93fee9fe05854c7959e3a2127c537158f6da1c865e5a38040967d08700fe','','2017-01-09 13:03:58','2017-01-10 13:03:58',1),(1681,'41','1','9ce11265a32509c4a2cac5b49b3e8f4dd526fcf1028a1faf1bd9e1639913bc531c8a47fd87926e8695de33bafefbd14f','','2017-01-09 13:04:30','2017-01-10 13:04:30',1),(1682,'41','1','102549bbe7d54710b52037589ca7632121d88521a3d0d2d9aab7f7f5a86509dd1485de75dda22ab92ff0346acfe7da2f','','2017-01-09 13:05:12','2017-01-10 13:05:12',1),(1683,'41','1','3610bbf7dcddff1116ff858a402ef5260a504df881464f6a6c1f4cc317a8d5ee563380d28669da5514ace83cb4a08188','','2017-01-09 13:06:00','2017-01-10 13:06:00',1),(1684,'41','1','21e9b22b83543f51e5526a446b16ddc5daa921a9bae0573be1e3fee4cd7ab4a1f3880834d266f7ae9bc2cabac38fccd4','20111068039','2017-01-09 13:14:57','2017-01-10 13:14:57',0),(1685,'45','3','eb6265e825d67f90db3aaa187d97368bc871a26612318370afc73a95dd566bcf0b1503b396f207ffd953c58ed353c577','20111068039','2017-01-09 16:40:50','2017-01-10 16:40:50',0),(1686,'44','2','016bd0290eff884b53ce7fc1ee6e0e1d1e274c4927dbcc2d2b5c6e3aa361302a8c88364ca87a1b61ac6de6a3197d80e8','','2017-01-09 16:50:34','2017-01-10 16:50:34',1),(1687,'36','1','691f49c7c665f90ddeced8a1c3a11e9bb079050b771f85cea04be79be064551fdf9f5e9b7c046647aa1e3b0391c0e242','20111068039','2017-01-09 16:51:26','2017-01-10 16:51:26',0),(1688,'36','1','4b4dd9966cba234a26d354c34421441c32fb30a14868add6d1260929133d9d9e28398cb02a4de351b3510f92b89b8ce7','20111068039','2017-01-09 17:29:36','2017-01-10 17:29:36',0),(1689,'36','1','db5d06f0f55570cbb09c6d3ddab9ec0b9ebecb88310f21918cd409559d0133be4d261dc5c153dc26dedcee8c6a7221e9','20111068039','2017-01-09 17:30:00','2017-01-10 17:30:00',0),(1690,'41','1','6b1e0a32b2b84c98ebbc4392fc3ac4707a443794a04929773c8ca2e6be43783ab3bbd6ae26f801ec302e0f83fb35cd24','','2017-01-09 17:35:45','2017-01-10 17:35:45',1),(1691,'36','1','123495ded4d658b2fcad11394de175269292151162997b836cda4dd011f5f6fd58235ffcdfffe73ed4e46b37195aa47f','20111068039','2017-01-10 08:39:02','2017-01-11 08:39:02',0),(1692,'40','7','7656bccb2a5f2a6d3268e0b0186fcbdd5dba6bcc9ac1beb534650dbca0b11fd9ef82fb2290e718edd541a21a9a19f57b','20111068039','2017-01-10 08:56:10','2017-01-11 08:56:10',0),(1693,'40','7','0248ff0993d66e783f29fb29448b32a4fdc7b296f2e0322cf4d50e65134bbe9734a2a5692865c0968e0da0287745ed87','20111068039','2017-01-10 08:56:10','2017-01-11 08:56:10',0),(1694,'44','2','dd1243e667dac1ac83d904a1a227d977009950a8e4e5a2bbac465d66bbe7a2776715f9286562839d41a00c557ca5d000','','2017-01-10 09:01:03','2017-01-11 09:01:03',1),(1695,'41','1','a6fa21caa10f71424f170df7491a7c547c1cbf13a485866d9d10abcc97033d243246b3e0346f39984de70da21f0fd154','','2017-01-10 09:07:30','2017-01-11 09:07:30',1),(1696,'38','1','2b42b0860c5ea72238d2befec33b10d17b89fdcca7b211d8425808f8ba80179deb77bcedbbd108c7340da9033d2c80d9','','2017-01-10 10:39:48','2017-01-11 10:39:48',1),(1697,'36','1','b034fd4f336f61ed9d0b4accdf922d767c62a7ec354aeb82ad4a5421a73d299eb3e647d4a07f82cef27e9e6907e34ecd','20111068039','2017-01-10 13:35:05','2017-01-11 13:35:05',0),(1698,'38','1','923d4608705394e91239432fe56f769237e4b655402a452a0ba3b303dc25ec441c374a1130a806277539beff06c3de9f','20111068039','2017-01-11 11:35:23','2017-01-12 11:35:23',0),(1699,'38','1','6d23b2ae8efe133e343a58cfb36192ae2893d608ec5a1f9274ff5e62bfadf07cfb3a9b65a4052530f2a36f4f50f55aa2','20111068039','2017-01-11 13:39:25','2017-01-12 13:39:25',0),(1700,'44','2','1fdcfc9bd960f59f6605a3e644709e09de59087e691f16879faaa73674634c88a487da89dea074e910fbdcf4ee4cdee6','','2017-01-11 13:47:38','2017-01-12 13:47:38',1),(1701,'40','7','5eb02388b4c7903bb18e506bcf9a67c9323734b995746beb7c7a51e884118dc9cf085ce5fa88e78e1167600791237b90','20111068039','2017-01-11 14:39:39','2017-01-12 14:39:39',0),(1702,'44','2','8e565250e6d9851d7f6aa8aaae9549791ee760e16a995d418d5fcbad26cf83e86aad801cfc5c595d62f2f2ba69570872','','2017-01-11 16:41:12','2017-01-12 16:41:12',1),(1703,'41','1','30e7504df71661bc52187e5580d395f2133bf4b3b291b7a88f49847318bcb48bd42895d3918ed5897c838d0cfc1b61f7','','2017-01-11 16:47:24','2017-01-12 16:47:24',1),(1704,'44','2','c96c86de0398c3b4e5e6a8673fc18d322ee55fea3cf08c9dce246865d3da7a8585a7bd58dd1a9cea02f1fb2c595121aa','','2017-01-11 18:16:38','2017-01-12 18:16:38',1),(1705,'43','9','96294bb9dcdc6a742333457434dc4a68fd5c4e175a78108e7718873ed02ea8ff3de2e8c1521c7020cf2bdca0c32e35d4','','2017-01-11 20:51:15','2017-01-12 20:51:15',1),(1706,'43','9','5330892fff658a6b17cb60d384d7694e74eff22d8fa8fa0d705d2221e115f2a74e018749cb03afde07eef48dfb407c56','','2017-01-11 20:54:10','2017-01-12 20:54:10',1),(1707,'41','1','71132b04f042c13787fba8845197f5d43af533e66e1c4831d0d0b50950930c8cb3f65f9f4ce70ca89e9a884f580da05f','','2017-01-11 20:59:00','2017-01-12 20:59:00',1),(1708,'41','1','366e097f061029239248068a8a12b61ba29735a3243216984316fd033772fa28d39748b24f38379ffcac365318ac2075','','2017-01-11 21:05:06','2017-01-12 21:05:06',1),(1709,'41','1','56010d386791fc38a1fa07f7d0162072c832894ff07251506ca544254f6f8ebd9acdb2d7bbdb917dac57c6b8cd611ffc','20111068039','2017-01-11 22:05:04','2017-01-12 22:05:04',0),(1710,'36','1','62c31ba9cc2d038010b3c259d61b84524068a7df5360ce657256ffca0beb8c85c636e9ece8b79f48c276417501b166b7','20111068039','2017-01-11 22:48:29','2017-01-12 22:48:29',0),(1711,'41','1','a98c3d22456dd063c617351fb47b6268580f91ec01f978df1db063bede8e4a673db4532baa05e8beced46846a0b83609','','2017-01-12 08:24:00','2017-01-13 08:24:00',1),(1712,'41','1','ed296cdcbef236e9e69647606fd3717eaa1b1224f4eb2d7e1b2b5f7883393045c5429bca8a4706952619b22700137cf7','20111068039','2017-01-12 08:58:37','2017-01-13 08:58:37',0),(1713,'45','3','cc36a5fd7ebc13cc53aa377aaaaa629310b1a3411229ba9798f44273e3b266272557cb1020e9184e33bf60379ec24b1c','20111068039','2017-01-12 09:10:16','2017-01-13 09:10:16',0),(1714,'43','9','575db155c33aa43383010df95d72af625c829ae8e03948ac49879ae4167b168f57a58c2956253db06c519c375302e347','20111068039','2017-01-12 10:34:39','2017-01-13 10:34:39',1),(1715,'38','1','a08863935958ebc64f1866b245e3cc34b29a744d145831cb50b682ab6767af0579667a66577dfb0190876c997575ae77','20111068039','2017-01-12 10:34:59','2017-01-13 10:34:59',0),(1716,'44','2','5cf11351cdeb1103566909f11abc1fe443242481592a0f7c5c0ea4a42f338099931ba82cb953cfd2ee67135f5e6ed040','','2017-01-12 14:59:09','2017-01-13 14:59:09',1),(1717,'43','9','aa475bc52d7e0aeece041396239a5fc3498f1e65036a3cd374aed7b774c35ea45f16052d6ee42ebd5a18f7b6927c0026','','2017-01-12 17:32:48','2017-01-13 17:32:48',1),(1718,'41','1','908f8957e241ece4e3cca3489782c5b57f6e5511845cd5493b26565e329da66ffca96a7b6e5c2bc6a46dc67182423ac9','','2017-01-12 17:33:54','2017-01-13 17:33:54',1),(1719,'38','1','27570c7496c6c9252b1187f407bd0aa3e50ad25ad6d0f56e2620d4e1ed74cf3757f37fac16ea8eab15e621a46b845872','20111068039','2017-01-12 18:28:05','2017-01-13 18:28:05',0),(1720,'44','2','726977bc4001e4d11f723026f1048c88eaa839e0205cdf870b437062ece64acebd923859870dd97cee8760e905e709b3','','2017-01-12 22:28:57','2017-01-13 22:28:57',1),(1721,'36','1','4e409f2e81f6f4d77d7cc3283a1d508cc833723b6e54adde5e31388df869930c4422a00ad6e64f0c3807d71d4cfbf898','','2017-01-13 01:22:11','2017-01-14 01:22:11',1),(1722,'42','6','498858341ba09837765691167f0e8290c15b4b858ea68e36de5f8412871ab84db3a55f50428a1bc9e83d8816d8f47718','','2017-01-13 01:22:11','2017-01-14 01:22:11',1),(1723,'36','1','048d62415ec781e99bb4d2119cfaf9b15fe066045dbeb45deb0cdb9de073d21316ccc19c8d455b284ce2921a11a0250d','','2017-01-13 01:54:33','2017-01-14 01:54:33',1),(1724,'42','6','7305fdc294bed0f35c2faa53d488c16a5af2600ec075a981171e51660ce0e720fec729b348f9b9353792d5bcc4ccf582','','2017-01-13 01:54:33','2017-01-14 01:54:33',1),(1725,'36','1','98674fee6f8d14fb43e2a9cc6ba45bf873653c421d4705742d76d0a2ca1b00d719417c919430c796853c5481a3f14a0a','','2017-01-13 02:17:06','2017-01-14 02:17:06',1),(1726,'42','6','fc7f00e79e1a031518613c4c7b13b05c0ca8ec0184e71a93ca623ac57cdaa12677fb6a90ac1611a56cd4f3c94d2e8708','','2017-01-13 02:17:06','2017-01-14 02:17:06',1),(1727,'40','7','5e9edece03fe2aff092f6569d8e5521c587cf72e10f9136e2320a54f2b332576be770252896f9c372c589ad494b31075','20111068039','2017-01-13 09:58:29','2017-01-14 09:58:29',0),(1728,'36','1','d9273d8b5d2a7c981f063a7c02e401de61fa1c04bf3f9b3a7defda856574a936a9b0e73167fd0372a61564f321c1c805','20111068039','2017-01-13 17:40:29','2017-01-14 17:40:29',0),(1729,'36','1','8accf6649ced68ddbebcec3bba66fa9bb46ace1e5e6efb3a2fb74210807a22e4618af04033a941b4594ed5c6c4e1c713','20111068039','2017-01-13 17:52:40','2017-01-14 17:52:40',0),(1730,'36','1','fe4a243f8136617f2d285493fb33eb995f69b6a95c0658d387779095aa776a0b90c748869d5bc75496e3d5d778e0e8ff','20111068039','2017-01-16 11:46:48','2017-01-17 11:46:48',0),(1731,'45','3','fdb3a0a9fe6cfca98b5097b33754df6989ca81b389a163c1a8c3aa7be4df883eaceec511ccd9fcb2330892bac381b443','20111068039','2017-01-16 13:00:38','2017-01-17 13:00:38',0),(1732,'40','7','30094db7bf73c5c0f9a4d27de0caa29ed1b03e72aa206c3bc5828d6ffc7797bbd3832eea80fc5873a79ea1ffc8525bf1','20111068039','2017-01-16 13:01:24','2017-01-17 13:01:24',0),(1733,'40','7','74a770ce5f9a35e60d85ef0c57ba87bfbc4e965db345c18ccfbf9268e6c352b9eb29b3703cca48ce9b1209023f4f71fb','20111068039','2017-01-16 13:01:24','2017-01-17 13:01:24',0),(1734,'36','1','409b0e1906a7454df7aebaf9e306c9d0c4e4df5a28352a37f11a3cf6a794208e353167a1fa3ea448516b55cff4a7bd42','20111068039','2017-01-16 13:31:14','2017-01-17 13:31:14',0),(1735,'44','2','962b6886cc1f16578e36bb3d387e71fcb341bdcbe71b7cc58388098fd99fe33b7396c4666ccf42a1e886cbb0a11589a0','','2017-01-16 16:05:50','2017-01-17 16:05:50',1),(1736,'41','1','57ed0c0d754eb1607be08967a6db9722053eb7c1141d40cc099c7eca7900add0978dfc59f605134c21d234bfc17b3b7c','','2017-01-16 16:09:52','2017-01-17 16:09:52',1),(1737,'41','1','8c1deb0a50e537f9db771afa52084d85dff2b934d524883edb230e00b597033a019faec422d816c262f9b0d901a6ed65','20111068039','2017-01-16 16:37:57','2017-01-17 16:37:57',0),(1738,'45','3','17e24986356b95482e87f9f8fcab535cdc96276270efeeb400cf0d58544dfe1546276e15781c5695aeae01acade2a0b1','20111068039','2017-01-16 18:49:08','2017-01-17 18:49:08',0),(1739,'44','2','b8b93bf4b1bf53e493c1911accd35c5d76d78779f4e43bb9965cb9c9db0b9119503c5ae0d7ded81737b41d3319f8e30d','','2017-01-16 19:57:48','2017-01-17 19:57:48',1),(1740,'44','2','4eb7445320b56de6e0510cfd44fe002ce15988f45d39ee55b5fa9447045ac20746bf2fee0c3d62fafe63e765f523397d','','2017-01-16 19:58:07','2017-01-17 19:58:07',1),(1741,'41','1','644ade28ab64f8cb9e4daeabc129bce9b16a99651d896b5305fcefcb7312f7875d1e1bdf3d9110d9a5efe66c8adca901','20111068039','2017-01-17 05:16:53','2017-01-18 05:16:53',0),(1742,'40','7','1c3cabf485bd578a050ef5ad58318c0cbb6232dddcda5ccd73683fb20900e9c8f415ecadabfb796111d60bf7b001eec9','20111068039','2017-01-17 09:56:25','2017-01-18 09:56:25',0),(1743,'40','7','396c61cd6075587751d52bad8ca752419f6de76e6a5330e20eb01867ccd57dd225e8fac57832c6b93234901526e2f647','20111068039','2017-01-17 09:56:25','2017-01-18 09:56:25',0),(1744,'44','2','c13c65f623f3cb61132b82d414cb6651071f8da280cd0f455e0fad75dcef9c3eebc46615657b6a7975e48319b09fe4cd','','2017-01-17 10:04:02','2017-01-18 10:04:02',1),(1745,'41','1','9b43acfbfabfe88b42778b2a30e515a842ac65eeb6febf5615472905a3617447ca2b32cf35d91b42fa44dc56b8a8380d','','2017-01-17 10:14:54','2017-01-18 10:14:54',1),(1746,'44','2','877800ff814cf527674da4b36c6c3079f0478a99ace952db8302678cae9086a49bb25f896076eb383cebb8bd954946a7','','2017-01-17 10:29:26','2017-01-18 10:29:26',1),(1747,'41','1','9622fe706bbe253517ebfc0b880ebeb30ea40f3b5274f77194bc304d0eb4168d95019d04713e8032a9fd90e2bce18c77','','2017-01-17 10:32:32','2017-01-18 10:32:32',1),(1748,'41','1','a9d1ed54f1d080ff788fab1e4e6986f8bb342c672407c58c9b9c1b1b5a31906e6ce01513570a551569a26e4351b90410','','2017-01-17 10:48:45','2017-01-18 10:48:45',1),(1749,'41','1','f06624b641cf59693e8d315a69a628aeddb1b25642c0fa3c33b8d424a499be5676ab0b34290869b4b51f695476e227cb','','2017-01-17 10:49:02','2017-01-18 10:49:02',1),(1750,'36','1','270c070a90a05899f4805be8f1ee01365109848a2cc4a16906cbc8429e279fc458a795c30cb02fccb149478a7cb35b0f','20111068039','2017-01-17 13:56:45','2017-01-18 13:56:45',0),(1751,'36','1','68d13dbdd1713304320b6fbb24232d572c4ab16df55a6410869341e59a332562f05897cb659330b5311aee22de336eb9','20111068039','2017-01-17 16:45:43','2017-01-18 16:45:43',0),(1752,'41','1','ea832fbbda739396f2ffc41098235f4a3161ce9f4515b3a268bac890fdc52511905f075578938a1290a9cfa0015aee10','20111068039','2017-01-18 05:07:15','2017-01-19 05:07:15',0),(1753,'36','1','d669db75ce02d8a98adb43e870c121d919ee64eeee79baec18916df857a3487eb9af5075cda122416829bfbf36e3ee45','20111068039','2017-01-18 10:09:37','2017-01-19 10:09:37',0),(1754,'36','1','69054d0d088ab105b790aaa34cad32bba359b75ba3813ddbd2f414a77196f06a5f142de38d423dc8d38c057cddd50e2d','20111068039','2017-01-18 10:11:18','2017-01-19 10:11:18',0),(1755,'40','7','df12e8c2ac04aa7bed9a36a4f66fc981fa4a275d9f20a384e87b8efbcd1833fa1d17b0211d2e6f4fd7cc689aebda8fb4','20111068039','2017-01-18 10:33:54','2017-01-19 10:33:54',0),(1756,'43','9','26b1de17c078468af36af35048c13414bcc9deab8aafd010647a4ef8a6ceb3f2f51b705298bc5d46c9bda1cc86b22403','20111068039','2017-01-18 12:09:37','2017-01-19 12:09:37',0),(1757,'43','9','6be86d2c1b733a8709467e5d23077a66e9253421f5af9b5ddf724672c1677aa9c7a6109255ff038c43ed707b4c829c83','20111068039','2017-01-18 12:09:38','2017-01-19 12:09:38',0),(1758,'43','9','0b9ccdc1d59dfdfe8a4d783b41c101ed7a0592d9b9246d0ab605108250d39ba3713ed72b6d551d51f6d980000a1a700f','20111068039','2017-01-18 12:09:38','2017-01-19 12:09:38',0),(1759,'40','7','0e3c32af91cdb7b7c575083846bb1e5a979ce1ec0c7786369651d185aa2aa9dbd7c3bb2cfbd6eab46efd16ab36e683d7','20111068039','2017-01-20 15:44:02','2017-01-21 15:44:02',0),(1760,'40','7','4682e96fa43e3025c6bda2fdbaf25d1f05c92f6985121170d38db7eed98de693392b04cc2f44541197e95c6b5f89f122','20111068039','2017-01-20 15:44:02','2017-01-21 15:44:02',0),(1761,'43','9','46b802f9e77046761d380435d7052496fc4015dab80f64507f57128d31af699c5d73cbabb5223b29f971720015760d2e','20111068039','2017-01-22 10:19:35','2017-01-23 10:19:35',0),(1762,'45','3','e8963d4192c4d87876953fae641deddab35963b539f11e5c82dde23a084f852647deb8ccdb4fdb594d894b39ef1f99b8','20111068039','2017-01-22 10:21:13','2017-01-23 10:21:13',0),(1763,'45','3','6db5c5920b7d965c4997c4244d4b1dc54558062c7f4948e8a8ba6f2b40aec5c2eda489b85e3cbbbf6cfbbe9e705becc8','20111068039','2017-01-23 15:13:33','2017-01-24 15:13:33',0),(1764,'41','1','7c3d7e0c841709d4976fc22e9b4d6b985acf50b65dbeffec0d9a75bdfc5cea99687c05bccac7883c1ad2a51aab6d5b67','20111068039','2017-01-23 15:17:48','2017-01-24 15:17:48',0),(1765,'45','3','2b576f208f242854cd302d9b587ff2f994b485f21e53153dab078cd037d24a3e6aa6613d2bf379f5daa607a15b2ed278','20111068039','2017-01-23 17:21:24','2017-01-24 17:21:24',0),(1766,'43','9','7aa216fca8685bb823088b0924c1a20581374055966cabfde55ee6fbfd8e5eee2d7c4c22842e5eed49cb33885c17b907','','2017-01-23 21:42:19','2017-01-24 21:42:19',1),(1767,'41','1','bfba36802bd2b0e1cbfc1606b12de03d443f61d94605944fd2f7a472cde3976758d9a2db63ec3e984795fe0af17e0328','','2017-01-23 21:43:36','2017-01-24 21:43:36',1),(1768,'43','9','d2cf233e70500c65555133176bc3d7c64c30b88e0cfa10e1e3783cf31f6f1d3fa283fff8e4059fbea108e43de9bb9320','','2017-01-23 23:23:12','2017-01-24 23:23:12',1),(1769,'43','9','4f575df0b9c44fdabbf738270f16534f76d430c9d3717d33b0c18b9c10bb7f9148293718fc43f38acfff7a3474bf9d86','','2017-01-23 23:57:55','2017-01-24 23:57:55',1),(1770,'43','9','94950a96aee0001f7ae4a909b1d7f54709c562e74ff85a74369be91faf1ead36ace8a0325e01e4273a9ae1d7278ec9f1','','2017-01-24 00:23:11','2017-01-25 00:23:11',1),(1771,'41','1','04b911c9ce665ea303610c68f263612feecbac37a98ca08cae0b221cd26e9f22fac7e0d7ca0fce1c03e9a19bda5744fa','','2017-01-24 00:28:36','2017-01-25 00:28:36',1),(1772,'43','9','0ff1a5bc456ef24a6fdf019ada286599521a6c628b489b82e2c19da0aa790efeea225e935e5690b21763ef14a195cef5','','2017-01-24 00:57:42','2017-01-25 00:57:42',1),(1773,'41','1','3032ced38ac7985c2d081640ff9d2639535c4fe6b7ef5d5772a4446df31f677c0e4df476c69bccaa3c7b2e4597439a0b','','2017-01-24 01:07:13','2017-01-25 01:07:13',1),(1774,'41','1','b5f04834325702c04f1525c717059288af083ca6fb3b63faa326cb99516d4e5b18c27807f65167defcfd51231ce07d55','','2017-01-24 01:07:35','2017-01-25 01:07:35',1),(1775,'41','1','5e05e9f7809ec427bd965979c3b909179cbcb68c12ddf8cebbd2f1d6ab923d8387d33a1b2dca24fd4b4f5f6560be0c45','20111068039','2017-01-24 04:36:55','2017-01-25 04:36:55',0),(1776,'41','1','12267585c8f07ac43b9abf8ec8bea5cbd499f32171d2167885722dcb949af875feb184e954ba88d5483c7eae379b3879','20111068039','2017-01-24 04:43:35','2017-01-25 04:43:35',0),(1777,'40','7','4617ac8ccb89b333584e3c0221bc2ba2b118735d61a24b21037765c9e98dc302cde8a3ea2505770fc7b1f065d938e6b1','20111068039','2017-01-24 11:36:26','2017-01-25 11:36:26',0),(1778,'40','7','e0fa2732226e54ce7dfb472ed9ea61b545ff7e11d9b5260afa65c53f6f375692d6b8d3d8eb7c7d393e13a8d233190d76','20111068039','2017-01-24 12:03:24','2017-01-25 12:03:24',0),(1779,'40','7','e98dfec59d3bacfdac86eac5108ac5fbe09c40f112b31f309d433abe3d8ec948748d58778fd42111d6f3de3cec5348d5','20111068039','2017-01-24 12:03:25','2017-01-25 12:03:25',0),(1780,'36','1','6f698f838f97e70600712ff26023af631d1ba8873322adf95c5f2f3a3c0537b956c518c9470ea7ecfaea58e87222db0d','20111068039','2017-01-26 23:13:00','2017-01-27 23:13:00',1),(1781,'38','1','019bd66b9b3c66ee6712c1e2b2d0f76f46923301c3b8330b3e55de8307c3c97a22927c5863c35ce688a344b0909aab80','20111068039','2017-01-26 23:15:39','2017-01-27 23:15:39',1),(1782,'38','1','cf5228fb3f9fb33bebf7857d890ca5c04612d9a821302ebf96bbcc89265d6b72d6a013c42a39200e784fbffafd80b0f1','20111068039','2017-01-26 23:16:13','2017-01-27 23:16:13',0),(1783,'38','1','5d079aed1d865ced58e09dadfea095a9c0d71942cc91c7575f1daca3c83a3febe8517b3113a0f0bdab7a147e9f462a93','20111068039','2017-01-26 23:16:34','2017-01-27 23:16:34',0),(1784,'38','1','02686973e827e6363b7eac1ac959c29b421e1c23681dc9116ad4d595aa1139a831b2ab2f9ef3c3b64d646e29b0279b4b','20111068039','2017-01-26 23:16:51','2017-01-27 23:16:51',0),(1785,'38','1','2e4e325f9370af10a0d0d94fcf928919bed9d32f5922c7c8db2a92e73054058a48635a5f5aed905f4109b4a55e1cd198','20111068039','2017-01-26 23:18:12','2017-01-27 23:18:12',0),(1786,'38','1','9c8f698acbecea8bc154f6bc086ba5f77915c8a7e0ba7728d5e6b86807fb347b646fc28b68021bb6e48d8246b6337e19','20111068039','2017-01-26 23:18:56','2017-01-27 23:18:56',0),(1787,'38','1','ca29a542673e0f73c87fbac0fb2e74a8e1f281025cc4c5c7526f927fdf54afc6d9acdd29e003ca726891bf597ac97a61','20111068039','2017-01-26 23:20:54','2017-01-27 23:20:54',0),(1788,'38','1','e965242bf94fbb363df2ae6c8447ed8a73fd6a4001e152b1f409a3740ba04a35e931b33935f04dc0a2c69f8a40a619ad','20111068039','2017-01-26 23:21:15','2017-01-27 23:21:15',0),(1789,'38','1','d24f5e5a062d74dae924cb218039e2f9744c2cf924104b48e117b864f4f5aded2eeadaa946265d562145fcfad0ab7e32','20111068039','2017-01-26 23:21:35','2017-01-27 23:21:35',0),(1790,'38','1','394f2cefede5ecd0c3cccf5307797354ba3fd9332a89045eb2c9bc78c019b67ff38fdce5c5c2e15c41af8b9820de51c3','20111068039','2017-01-26 23:22:26','2017-01-27 23:22:26',0),(1791,'38','1','3b4dd56fdac5e6b3d051832f1cb4606528f21e17c81c28036bd4e006416dbc335247b304555f432e06cda2aad96f991c','20111068039','2017-01-26 23:24:41','2017-01-27 23:24:41',0),(1792,'38','1','6a1453364d585505b2f4ec16021e0a6b3b5004c808ded2b4c01f11e2b2f6084cb3d288ecce707b15036cf0ed6fc86f51','20111068039','2017-01-26 23:26:20','2017-01-27 23:26:20',0),(1793,'38','1','8733637d2c69011ab6dcad5ca0cd908d741873e262bcd0c45cb9c1a5d4518ea4c3198d6735319c5288156dd972e3c049','20111068039','2017-01-26 23:26:29','2017-01-27 23:26:29',0),(1794,'38','1','8926b5f0ab55e6e409359b157fb13b499106065ef739ebdebc27c8409fde736dd0f83aedb8bb33e30c66d0bfb643ffd0','20111068039','2017-01-26 23:27:50','2017-01-27 23:27:50',0),(1795,'38','1','8c6760e7f7a700f8604549a2bc84341c46ebee33417f654e7e011e1e2e3683f68de12a9508896edc8bd750b6ff4b82ba','20111068039','2017-01-27 10:19:30','2017-01-28 10:19:30',0),(1796,'36','1','e7166591ff239026cf246815afdfa5517a55b9e370f7be05eab3343111393f807503ca16e1e2112f9f1f7d4df901c0d0','20111068039','2017-02-14 01:41:56','2017-02-15 01:41:56',1),(1797,'38','1','47c03d1d76b654b6ca4326efaec53c992c85b83393414720152c6f482588c8b48593e44e94d1782ff6417306eb139183','20111068039','2017-02-14 01:45:30','2017-02-15 01:45:30',1),(1798,'38','1','2849ebc9976011b358ee099a1d386350923bfcbbf2ca5429eed7231d2ec8f6785eedcaf92da13bd24c7f35aa7edea681','20111068039','2017-02-14 01:46:10','2017-02-15 01:46:10',0),(1799,'38','1','d7210dd4fdc0fe791b785fccc77d3a4584c3db72ef63e6a136c216c34cd4c9bc46a94e679e280161142d3d05acc39ca8','20111068039','2017-02-14 01:46:46','2017-02-15 01:46:46',0),(1800,'38','1','175dd4b3fb9cd615e34c94add8b1a9ca58132543ccde2afbc1ec0c2671baf944888f0088e961a8b42e1e6b0d3f4ab1cc','20111068039','2017-02-14 01:48:49','2017-02-15 01:48:49',0),(1801,'44','2','6c765c32f2b13210c3595610d3e22358fcaa57a847618ee326da923e6df44ee2ae0d935245420e368521b1a659893761','','2017-02-15 00:40:58','2017-02-16 00:40:58',1),(1802,'44','2','39aeb5bc020952435b363047e983b37d7de0ac37313c5968f11c035be9a088150f7380cf6036746ea479e9244ff12c27','','2017-02-15 00:49:25','2017-02-16 00:49:25',1),(1803,'41','1','e67fdfdddb17725a57ae79b5d644c0a22053cf5681621a3753acfa762bc3c196a50580806f00e7000449f01657c7d2e9','','2017-02-15 00:49:44','2017-02-16 00:49:44',1),(1804,'44','2','0e0e63486042534bfa93a15512ebb3e7a702d82f96126f7891337aea8847038d6af8b8a706d83e733cedef292e91c3f9','','2017-02-15 02:13:29','2017-02-16 02:13:29',1),(1805,'41','1','81f820c1642cb0de670a82c39555b106d01b826a61dccbc6b1930cf90e514517eb428556e8700d6547cb3ac3abaed43c','','2017-02-15 02:13:45','2017-02-16 02:13:45',1),(1806,'38','1','5f1dbc62f58b43a46f11b824fe3651e07da4af93cb208122a38f021e50d45e818883e828a1bd541eee128550d6e911d2','20111068039','2017-02-15 17:47:23','2017-02-16 17:47:23',0),(1807,'44','2','9d38669ff4632447e7672bf38e14d991dcc12d236e9677935f70e37c8482fcaf42337ea690692a00d0c142a110879ce3','','2017-02-15 18:46:28','2017-02-16 18:46:28',1),(1808,'38','1','35444b37bb4bdfd53ed8e28bee2b7d1231e1c6da80513e70bf4a8e8799f29e5d0acc7865b4224c82f331dafb5d531205','20111068039','2017-02-15 19:08:20','2017-02-16 19:08:20',0),(1809,'38','1','18f7daf3120ff0637e632548cf1d5aa05f0a90af0be61e0f8fd52c88f177e5d7b47f0d2afede60c559c9e0aea42ca6e9','20111068039','2017-02-15 19:11:45','2017-02-16 19:11:45',0),(1810,'38','1','5d1e8d002a0f994524e95a7cc4bbc228899eab94a047ed9f23d70d6ab2dd81787aec1f0371736859196e9c384e5c3bf0','20111068039','2017-02-15 19:12:03','2017-02-16 19:12:03',0),(1811,'44','2','368434dec2c7c657f3ef6338d80e45370ef3ec1553963a9ead6cfa817121ad77743ce03d86dde926b61b8a33db894cfa','','2017-02-15 22:44:22','2017-02-16 22:44:22',1),(1812,'44','2','e6b5ce1c1fc994fd1b24e0d5b37526fe3996838ac3fe6e1bee652eec4600b3d55e8762203312c9897bed2be8a6190766','','2017-02-15 23:31:53','2017-02-16 23:31:53',1),(1813,'44','2','ee41980d87f3051c8ebac9e3e9fe059db16d9348241cc800e67da714e90b64dc0dcfa7ac901949ab8b1cc6e041da2064','','2017-02-15 23:37:55','2017-02-16 23:37:55',1),(1814,'44','2','c0a52d7fbef0226ac5f91ce2c0dca5f2f69175f0819caac5a9120f2ab139598c13623f332c45fc27c3d6951c1d82432a','','2017-02-15 23:38:35','2017-02-16 23:38:35',1),(1815,'41','1','aebade1daf9119ba9eb4839aaf26cd6f9e5c4cc9909fa46f886a2480ac749116e917231d249c059733af1553281ea2cc','','2017-02-15 23:39:50','2017-02-16 23:39:50',1),(1816,'41','1','e3db6d5944c6da7f15158f5cd4b598cc5eb8bccf00a3e97c6a721cd8d33ac55a2469e3b62d6a1f6ed1cc99afe7763668','','2017-02-15 23:41:08','2017-02-16 23:41:08',1),(1817,'44','2','c3b268ea74134d65642d6ec9ac30cd928a07368abb605c7c07fa3e27637093dfbb30c94a35acfa4b14da69199dc2c7f5','','2017-02-15 23:50:53','2017-02-16 23:50:53',1),(1818,'41','1','4c27ef1ba22682ec930f73cfba4d50c81046e026f6e7531b1d88bdf52c4eb55e886c1b529f93d7bceb6ea650b5aab6b2','','2017-02-15 23:51:01','2017-02-16 23:51:01',1),(1819,'44','2','a5af8f80323980bb04856a9b97eb23ce456c9c7f587d4a29a768fb9f0e51e3426fcfe67c76dd31cf757c4861948c8163','','2017-02-16 00:02:29','2017-02-17 00:02:29',1),(1820,'41','1','1107311c1df6047ffc8e5179d109a99f6002ee9bcf34e2efed55eecda0c9452eec27fa83db4a40364a60ceaf4551e1f2','','2017-02-16 00:02:39','2017-02-17 00:02:39',1),(1821,'44','2','00e9cbe84a38971c5c585531da379a119dcc57223fadd85c8087a260a681565cdd948ab8dedc2d9aaa9b936c33a15fa6','','2017-02-16 00:05:30','2017-02-17 00:05:30',1),(1822,'41','1','cc9e0356714a39644cc4d715103b76bd263a497711e1786a71f9ef03bfaee0da2231786ad6ae28e7cd634e59046477e2','','2017-02-16 00:05:36','2017-02-17 00:05:36',1),(1823,'44','2','0a13a783de54438e2f89cae6031c2e02f31da4883b514eae710f648abbc83e2effaa8b42a8c4aff911f577688d0c8e1f','','2017-02-16 00:07:40','2017-02-17 00:07:40',1),(1824,'41','1','172153513be79eb3dea5dd70e8bcf98cc40f82e60d0a9febc083cea29f2e83a4cf33fb42da9dea097fd48c4c02191921','','2017-02-16 00:07:48','2017-02-17 00:07:48',1),(1825,'44','2','4903e601467f0cdee66eb2a845c55e9122c299c7d4f19127a5ab267e7a327c4627b4fb6ba5cb705ff421e8458fbac0dc','','2017-02-16 00:09:00','2017-02-17 00:09:00',1),(1826,'41','1','aef03faba916e9a8e1e164262288d3b839854b8ce6bde4693f9f986aa73770c2d8670e70f5dd961fd3f7c34f683cb813','','2017-02-16 00:09:12','2017-02-17 00:09:12',1),(1827,'44','2','13e43cee62add9c4c1c6f3e0da5b4f36d79fc7fabb20652aaadb54bc60b5d09ff70d394c0e3aac59eafb6444e1fb7d4b','','2017-02-16 00:40:36','2017-02-17 00:40:36',1),(1828,'38','1','0364f7d3826af99c6cfa94916830ed31574354ca4def36d25b706fd42b341e92f55b10c6edede3bd28f2a4aff783f993','20111068039','2017-02-16 10:41:56','2017-02-17 10:41:56',0),(1829,'44','2','1102310aa6bf24f418370275fd77af3814c684e6bf9e6d474b8677f9cf5d332cf1cef24ebce23f41f7c5a6bf431f4446','','2017-02-16 11:09:12','2017-02-17 11:09:12',1),(1830,'41','1','baa873310d503e05a8bc3a66b621119369c2ca71a7228f2514e36e5c711881a0f48f41cfe09af66fb9020de86d5e1db6','','2017-02-16 11:19:43','2017-02-17 11:19:43',1),(1831,'36','1','72daf45b8ef8aa5962319213713c4682e93e6044bdb9b647cdf5b9d5420219d78c374d7d8c5da958bff9773f43e21502','20111068039','2017-02-23 16:52:17','2017-02-24 16:52:17',0),(1832,'44','2','67410f4d337dc2314ba9a524f77841fa6fa051c328936dc4c7a3fb057835e1a0fd92f558ad1b2ae29b98b40a27f35336','','2017-02-23 18:21:05','2017-02-24 18:21:05',1),(1833,'44','2','87cb21c84799c0d0a87dc282ed96eccfa0915f9d520cb8267d0e2fca2d39727f71882f5a320d344df852cf4dc85e4dce','','2017-02-23 18:31:09','2017-02-24 18:31:09',1),(1834,'44','2','30ab5ed12e4c094e8d3b562c6125203f8b04d731f8a189f55ffaa9496961a053ea0e89e23f0383c234e7d2c9e8aaee2e','','2017-02-23 18:35:38','2017-02-24 18:35:38',1),(1835,'39','3','5b9137166a4acd4c090219665b9cd7cd10e036e82e2588384f2af8a4dbaf329ac315e2d34836a413e5af2863a88eddf8','','2017-02-23 18:47:35','2017-02-24 18:47:35',1),(1836,'44','2','89c5ae22bfd64c4468e7fa1aaec71b4eba0142c71d89efc4a582a70a0b3523f65f916a070b60c78870584d8ec0f469e0','','2017-02-23 18:51:00','2017-02-24 18:51:00',1),(1837,'39','3','89611e08387f1afcd12287e783b3168319fdd59c8ef516f73ce1f69f7178d344b8ae295ebb6ade3b1baee3f277a35219','','2017-02-23 18:51:17','2017-02-24 18:51:17',1),(1838,'36','1','e7df5886bdcb5d1d9e01a1976c17d71027c32a71c5d294f912e0d96e70a2275cf0ca261e92cf9caa93b2996e221f9337','20111068039','2017-02-24 12:18:17','2017-02-25 12:18:17',0),(1839,'36','1','900bbdb84744be79b76bb2a9df0094e83158fd89f40b6a97b6ffaebd4be16aaccb3883a4fedb3e47554d2dcb957c6935','20111068039','2017-02-24 13:15:13','2017-02-25 13:15:13',0),(1840,'39','3','b519ba2ecbcf4e4fed5599349ffcec8e3a420618ba0903e3c1719c2ae142109cf7afc88d6e4c147b33d576af3fdfee2c','','2017-02-24 14:33:42','2017-02-25 14:33:42',1),(1841,'44','2','5ea7f2a665cba09d6958158e8fd5c4d264691b2f39549f904773293bc28a6376757c50d43492d7cf1dc691d2b464305a','','2017-02-24 14:35:11','2017-02-25 14:35:11',1),(1842,'36','1','0b4dea5c73f12ad69a4c4daeb2d2e2f99b541374ba9307b6d411bd0616e099aaaac9c882751bf9675b5b7334f1470ce5','20111068039','2017-02-27 14:36:43','2017-02-28 14:36:43',0),(1843,'44','2','46bcaf739555613e4ba9a93307ff48b32ee0d7f25b3cf79a543f9b8ac96bc771145da48d2ce002f82950e654ae8bffd7','','2017-02-27 14:37:10','2017-02-28 14:37:10',1),(1844,'36','1','4688a66ed252e5b0bc01829c619c25b5796364fb240380672427067a31603839d17e266230bf8b565f87675c2c4cc58d','20111068039','2017-03-01 00:32:13','2017-03-02 00:32:13',0),(1845,'44','2','2b3400f0c3e60dd07a1327a71100c66c257511957a571dec5cb995af5134f5b9e8c7bf42906dfd3c6883f36a57339a68','','2017-03-01 00:33:04','2017-03-02 00:33:04',1),(1846,'39','3','42eebdd06bb92635bde69102bad924de31eea397d1b36b3ea67e29700248afba2cb4be04ed37181ff844c7669fa3cce8','','2017-03-01 00:34:30','2017-03-02 00:34:30',1),(1847,'38','1','6348f7f6566fd931c0899b8a6a42055a4f8fe1139a4e53634c92bd540987164a208a005a1590bd94024cef808f3a86b2','20111068039','2017-03-07 12:21:14','2017-03-08 12:21:14',0),(1848,'38','1','00af697b4614702c7da8768e2479ae9517367ccad6db7d705bd511239db77083531e836a4d7bb7514cdb480cddb27c4f','20111068039','2017-03-15 23:02:24','2017-03-16 23:02:24',0),(1849,'44','2','4d9ed842bcb25d44f4571ddb643629d02aef78a001d31906456beb2d2387d6909fb1127f49940413087edbf2787a13fc','','2017-03-15 23:27:34','2017-03-16 23:27:34',1),(1850,'39','3','b7e47eec99d948fe710cdf7ece8dd6361369b37668c411fd757850898563646a8218d40e5a7d5e722f14f4cd99e5e2be','','2017-03-16 10:01:38','2017-03-17 10:01:38',1),(1851,'39','3','98258edfc9af8bb511f600aaf23d95e1cfe690619d677ac692afed40abd3aa250a2eea94ff9caa614b23a3519a2f4683','','2017-03-16 10:12:05','2017-03-17 10:12:05',1),(1852,'39','3','1619d0dd7f109e54705029e7acdfa6119ddf8d1254a466e967c33a8850e30dd4d886041b523fe641c969aa3488f55642','','2017-03-16 10:12:34','2017-03-17 10:12:34',1),(1853,'44','2','2a22c52672b0cfbdd5d6a9625965124efeadca42467fd72d6cfb4830c80209c04979289390ec46d392aa22366091b92e','','2017-03-16 11:20:12','2017-03-17 11:20:12',1),(1854,'38','1','af12cef7e29d04e607bb0ff02d3249f58632e238b97f243183a37cc61b29b522b1d62fe1738f9cae2b224ef19af18585','20111068039','2017-03-16 13:02:51','2017-03-17 13:02:51',0),(1855,'38','1','36e1cb7062d0a1a422ce6aead94dabe8a712311208f1aff107d2ba5abdd54c8ed0317ce6114b4b1815e5b0dc36cd0e2f','20111068039','2017-03-16 14:35:17','2017-03-17 14:35:17',0),(1856,'38','1','339f8268dc92d4c8b39fe5be631749ba8fd82f2110b2cade2caca2d1b2d62eb81ccf935c66e652394ea03932cf6f11ce','20111068039','2017-03-16 15:14:50','2017-03-17 15:14:50',0),(1857,'38','1','172e53fa1a5c0ff313dc7983a6a820dd194a1b0555f8cf0098b3d024ee32f85829c5ba74edf825c5055315e56f0a4541','20111068039','2017-03-16 15:52:16','2017-03-17 15:52:16',0),(1858,'38','1','39598644f024e2844ccbfb548989d37019838fc466a4c7154878389f495c739c6f00a677c559699b349fab22f1920479','20111068039','2017-03-18 11:45:42','2017-03-19 11:45:42',0),(1859,'39','3','5d7475b09112cc3ed4a57afbd35727031dea5be601db32da785aefdb53841a5702b9f52252bc010bd0a6e4fab56c0452','','2017-03-18 15:06:58','2017-03-19 15:06:58',1),(1860,'44','2','5e5c7e5f494e2edaa9619bff10e511b1a81e4c81df03617201975dbc3348eef7cdeb2ab40f4fe3b0cc163694e32b6dff','','2017-03-18 15:12:36','2017-03-19 15:12:36',1),(1861,'39','3','d2499f449c6053e66496f1940c974eb9543e4704438f4f368d17a68ec6d9f10f31cd2cecdff35420608d558141a375c0','','2017-03-18 15:15:45','2017-03-19 15:15:45',1),(1862,'39','3','4a3b3f182d523cfed16a4ddbc9dfd18c5d47ecc869470f06aa28e6275f542cc9054988512cdaef4324d4eb9604416081','','2017-03-18 15:16:05','2017-03-19 15:16:05',1),(1863,'39','3','ed13251142b722dbf27839b2cef8b30c0bdf043f4d2decde6e6cfe97ff83fc5e3e6127f4997efeadae38a165595c8fbf','','2017-03-18 15:19:06','2017-03-19 15:19:06',1),(1864,'39','3','b1241e905cda26f4b39be5e0a91b0023235757ccaf7e01e20ec3f93faa84b2d3d525c55df6979eac5c94d558726e7d84','','2017-03-18 16:33:10','2017-03-19 16:33:10',1),(1865,'39','3','05cceaebac298b041904b0e8241e4261294f4772dbded4d0b3fd7ab1bc6a6232679da160bc99c45481fd735812edb952','','2017-03-19 01:58:13','2017-03-20 01:58:13',1),(1866,'39','3','29e7e49bfbee4fb79cc72ab86e3c420797224211b0bd462774d02e0308c507957727da83da89cb9b243fd6330af4f8e3','','2017-03-19 02:34:11','2017-03-20 02:34:11',1),(1867,'39','3','dd5c542613f2071e111cbee55acbf6a41e57c3dbe67aaf8208c7ec6874fd8dfb202dd2f67240529df53660e9e275ffd8','','2017-03-19 02:34:42','2017-03-20 02:34:42',1),(1868,'44','2','242ff1ca5f38cc0cf75f828b90cef2e6989591061ddfb0ee55cf42a1ecd1c0a2fd03366fb9044424b3e46a4990ab9053','','2017-03-19 02:38:02','2017-03-20 02:38:02',1),(1869,'36','1','a3795830aa77cb0ccdd6a6da0a9ead94d3a508cc8d75778c5807fe35fc6bdd1ca247ca3bcdfa482ea32be459a17029b6','','2017-03-19 03:00:21','2017-03-20 03:00:21',1),(1870,'38','1','f5a3bb04133e4caf2b3225b3215a0220a5df41c12f3f0ab7304fe1a003cfeba7c0f21c4b9a049a9d1536f6c28fd9c105','','2017-03-19 03:00:21','2017-03-20 03:00:21',1),(1871,'38','1','4a01876dca2d1e5c27866b3bf4a2aa4fe018e208fd00c264e5f0ed3b8ed0a6cd5225dee28a032fc967e07753b363fab4','20111068039','2017-03-19 13:08:16','2017-03-20 13:08:16',0),(1872,'38','1','84b6f629d67935f0e3d3b223917a22348d0a07d73d247cc2c45246fc309bb3e97d83316af97d71343e8abf89255a7e3b','20111068039','2017-03-19 15:42:34','2017-03-20 15:42:34',0),(1873,'36','1','c35c88ab240b92e240c7ad14bc13d43f8d49d3ea77207fe0e492e6f1b20c8563fedd2d1c6c5f2c8bdbd811778cdcfbdb','','2017-03-19 16:37:21','2017-03-20 16:37:21',1),(1874,'38','1','68a5b8ef518962456a1ad3776d2649ac05594b231131e9fc50a93dd19af88769e61137e4d8660e523655ea12ba3b3e79','','2017-03-19 16:37:21','2017-03-20 16:37:21',1),(1875,'36','1','de4ddef7e717803f44d503f70f536b4498f9c059cd9bfaa85a6c77e9eb8ad797bdb5ceded5dbfb6ab503311295d7bc9b','','2017-03-20 01:49:24','2017-03-21 01:49:24',1),(1876,'38','1','3c783bd46ca562ed26303953e42e781bab2766912086cdc21328fc7f3ece51a97117a0c3e9577e3027469887356e9f90','','2017-03-20 01:49:24','2017-03-21 01:49:24',1);
/*!40000 ALTER TABLE `hs_token` ENABLE KEYS */;
UNLOCK TABLES;

--
-- Table structure for table `hs_usuario`
--

DROP TABLE IF EXISTS `hs_usuario`;
/*!40101 SET @saved_cs_client     = @@character_set_client */;
/*!40101 SET character_set_client = utf8 */;
CREATE TABLE `hs_usuario` (
  `id` int(11) NOT NULL AUTO_INCREMENT,
  `codigo` varchar(100) DEFAULT NULL,
  `password` varchar(100) DEFAULT NULL,
  `salt` varchar(100) DEFAULT NULL,
  `nombres` varchar(100) DEFAULT NULL,
  `apellidos` varchar(100) DEFAULT NULL,
  `correo` varchar(100) DEFAULT NULL,
  `telefono` varchar(20) DEFAULT NULL,
  `celular` varchar(45) DEFAULT NULL,
  `dni` varchar(20) DEFAULT NULL,
  `estado` varchar(5) DEFAULT 'H',
  `numIntentos` int(11) DEFAULT '0',
  `fechaFinBloqueo` datetime DEFAULT NULL,
  `externalId` varchar(45) DEFAULT NULL,
  `tipo_usuario` varchar(45) DEFAULT NULL,
  `rol` varchar(45) DEFAULT NULL,
  `tenant` varchar(45) DEFAULT NULL,
  `created_by` int(11) DEFAULT NULL,
  `created_date` datetime DEFAULT NULL,
  `updated_by` int(11) DEFAULT NULL,
  `updated_date` datetime DEFAULT NULL,
  `hora_bloqueo` datetime DEFAULT NULL,
  `cantidad_min_bloqueado` double DEFAULT NULL,
  `telefono2` varchar(20) DEFAULT NULL,
  `sexo` char(1) DEFAULT NULL,
  `cargo` varchar(100) DEFAULT NULL,
  PRIMARY KEY (`id`),
  UNIQUE KEY `id_UNIQUE` (`id`)
) ENGINE=InnoDB AUTO_INCREMENT=47 DEFAULT CHARSET=utf8;
/*!40101 SET character_set_client = @saved_cs_client */;

--
-- Dumping data for table `hs_usuario`
--

LOCK TABLES `hs_usuario` WRITE;
/*!40000 ALTER TABLE `hs_usuario` DISABLE KEYS */;
INSERT INTO `hs_usuario` VALUES (36,'admin@holinsys.pe','c4d1172a33813f632520f1f79a8eda82448704ae','290c96a99d2a0411a3f754656129b7d11fe436156c79eb66ff4107da41e4e79c','ADMIN','ADMIN','roberto.quispe@holinsys.pe','hdt',NULL,NULL,'H',1,NULL,NULL,'LOCAL','1','20111068039',NULL,NULL,36,'2016-10-04 15:34:45',NULL,NULL,NULL,'F',NULL),(38,'roberto.quispe@holinsys.pe','f67bca34187acf9cb35021f1a02164f493fecf0d','b9969ec2dcf93fbe681e2b38d4cc827ef345b87ab2cc99bb96d3a5e2316fb26e','Rosa','La Torre','roberto.quispe@holinsys.pe','947167698',NULL,NULL,'H',0,NULL,NULL,'LOCAL','1','20111068039',36,'2016-08-22 14:50:48',NULL,NULL,NULL,NULL,NULL,'F','Customer Support '),(39,'kevin.mendoza@holinsys.pe','ff3c094a58258f175ee1d56d86d5dd18759169f2','e1c01b05569eceae40959394106b810e44122fe0de1e2b486016d2bc98b4f31e','kevin','mendoza','roberto.quispe@holinsys.pe','456456',NULL,NULL,'H',0,NULL,NULL,'LOCAL','3','20111068039',36,'2016-08-25 16:41:32',NULL,NULL,NULL,NULL,NULL,NULL,NULL),(40,'milagros.huertas@pe.man.eu','2efe89a97215a01f018b1ba65e1f2e96f6f2ec42','699bf6c6687a1fe5692c63c3b190e55b2b3a2a9c1ffdef82213df421b0b3f473','Milagros','Huertas','roberto.quispe@holinsys.pe','960338748',NULL,NULL,'H',0,NULL,NULL,'LOCAL','7','20111068039',38,'2016-09-05 11:13:51',NULL,NULL,NULL,NULL,NULL,NULL,NULL),(41,'carlos.constante@pe.man.eu','b67815eec2df6fe585a21a4938d68975cdf6a6ce','bcb1be834e68f4e8d76367200c7178b3ce919a7da80bf7e399c1ac26d27c4607','Carlos','Constante','roberto.quispe@holinsys.pe','947371880',NULL,NULL,'H',0,NULL,NULL,'LOCAL','1','20111068039',38,'2016-09-07 10:54:03',NULL,NULL,NULL,NULL,NULL,NULL,'General Manager'),(42,'gonzalo.triveno@pe.man.eu','901166e8f6ebae9ae7d5327202ce3ea19e2bb498','22739c44efad8c630c27daad4ba75c39f5ba6e91b791724791ff22fad7ea6f7b','Gonzalo','Triveño','roberto.quispe@holinsys.pe','960338735',NULL,NULL,'H',0,NULL,NULL,'LOCAL','6','20111068039',38,'2016-09-07 10:55:11',NULL,NULL,NULL,NULL,NULL,NULL,'Mechanical Engineer'),(43,'harumi.kawakami@pe.man.eu','16ecebd7873b1cea034dee978633aaa1e5c8d60b','9fda1301e902162fdb7c91aec0405e41e7fe7f2451c0ebfecb853cabb62d9d57','Harumi','Kawakami','roberto.quispe@holinsys.pe','960338725',NULL,NULL,'H',0,NULL,NULL,'LOCAL','9','20111068039',38,'2016-09-07 10:55:54',38,'2017-01-09 11:22:13',NULL,NULL,NULL,NULL,'Sales Engineer'),(44,'cynthia.aybar@pe.man.eu','afaa3b7f5549470c2df526734b02f404af6122ed','643d5e746f9a5a408de81e10ab4cba934c23b03f0ec67f71b5f1d7e87e699628','Cynthia','Aybar','roberto.quispe@holinsys.pe','947275316',NULL,NULL,'BIT',3,NULL,NULL,'LOCAL','2','20111068039',38,'2016-09-07 10:56:43',NULL,NULL,'2016-12-16 07:04:15',5,NULL,NULL,'Accountant'),(45,'PrimeServ-PE@mandieselturbo.com','065f795f6079f79ff348882a63b8e7978d41f381','5648f621918076a2eb134a2a77a1c0458793fd356d72b195f4c190c8dfcf0f4b','CUSTOMER','SUPPORT','roberto.quispe@holinsys.pe','123456',NULL,NULL,'H',0,NULL,NULL,'LOCAL','3','20111068039',38,'2016-11-30 13:03:12',NULL,NULL,NULL,NULL,NULL,NULL,NULL),(46,'miguel.cuadros@holinsys.pe','7fd53a1fa7384ad7f5cacdc8108b2992e2aca8e2','55436ba6a71522773ef0e8434bcd1f1691862558dbc872ded4150393fe906bf8','miguel','cuadros','roberto.quispe@holinsys.pe',NULL,NULL,NULL,'H',0,NULL,NULL,'LOCAL','1','20111068039',36,'2016-12-19 16:19:32',NULL,NULL,NULL,NULL,NULL,NULL,NULL);
/*!40000 ALTER TABLE `hs_usuario` ENABLE KEYS */;
UNLOCK TABLES;

--
-- Table structure for table `hs_usuario_x_grupo_aprobacion`
--

DROP TABLE IF EXISTS `hs_usuario_x_grupo_aprobacion`;
/*!40101 SET @saved_cs_client     = @@character_set_client */;
/*!40101 SET character_set_client = utf8 */;
CREATE TABLE `hs_usuario_x_grupo_aprobacion` (
  `usuario_id` int(11) NOT NULL,
  `grupo_id` int(11) NOT NULL,
  `fecha_inicio` date DEFAULT NULL,
  `fecha_fin` date DEFAULT NULL,
  `fecha_creacion` datetime DEFAULT NULL,
  `usuario_creacion` int(11) DEFAULT NULL,
  `fecha_modificacion` datetime DEFAULT NULL,
  `usuario_modificacion` int(11) DEFAULT NULL,
  PRIMARY KEY (`usuario_id`,`grupo_id`)
) ENGINE=InnoDB DEFAULT CHARSET=utf8;
/*!40101 SET character_set_client = @saved_cs_client */;

--
-- Dumping data for table `hs_usuario_x_grupo_aprobacion`
--

LOCK TABLES `hs_usuario_x_grupo_aprobacion` WRITE;
/*!40000 ALTER TABLE `hs_usuario_x_grupo_aprobacion` DISABLE KEYS */;
INSERT INTO `hs_usuario_x_grupo_aprobacion` VALUES (36,15,'2017-03-19',NULL,NULL,NULL,'2017-03-19 02:39:22',38),(38,15,'2017-03-19',NULL,NULL,NULL,'2017-03-19 02:39:22',38),(39,16,'2017-02-23',NULL,'2017-02-23 16:54:50',36,NULL,NULL);
/*!40000 ALTER TABLE `hs_usuario_x_grupo_aprobacion` ENABLE KEYS */;
UNLOCK TABLES;

--
-- Table structure for table `impuestos`
--

DROP TABLE IF EXISTS `impuestos`;
/*!40101 SET @saved_cs_client     = @@character_set_client */;
/*!40101 SET character_set_client = utf8 */;
CREATE TABLE `impuestos` (
  `idimpuestos` int(11) NOT NULL,
  `nombre` varchar(45) DEFAULT NULL,
  PRIMARY KEY (`idimpuestos`)
) ENGINE=InnoDB DEFAULT CHARSET=latin1;
/*!40101 SET character_set_client = @saved_cs_client */;

--
-- Dumping data for table `impuestos`
--

LOCK TABLES `impuestos` WRITE;
/*!40000 ALTER TABLE `impuestos` DISABLE KEYS */;
INSERT INTO `impuestos` VALUES (5,'IGV 18%'),(6,'Exportacion 0%'),(7,'Exonerado 0%'),(10,'RH 0%');
/*!40000 ALTER TABLE `impuestos` ENABLE KEYS */;
UNLOCK TABLES;

--
-- Table structure for table `incoterm`
--

DROP TABLE IF EXISTS `incoterm`;
/*!40101 SET @saved_cs_client     = @@character_set_client */;
/*!40101 SET character_set_client = utf8 */;
CREATE TABLE `incoterm` (
  `id` int(11) NOT NULL AUTO_INCREMENT,
  `nombre` varchar(50) DEFAULT NULL,
  `descripcion_breve` varchar(200) DEFAULT NULL,
  PRIMARY KEY (`id`)
) ENGINE=InnoDB AUTO_INCREMENT=6 DEFAULT CHARSET=utf8;
/*!40101 SET character_set_client = @saved_cs_client */;

--
-- Dumping data for table `incoterm`
--

LOCK TABLES `incoterm` WRITE;
/*!40000 ALTER TABLE `incoterm` DISABLE KEYS */;
INSERT INTO `incoterm` VALUES (1,'FOB','Descripcion breve FOB.'),(2,'CIF','Descripcion breve CIF.'),(3,'Exwork','Descripción breve Exwork'),(4,'FCA','Descripción breve FCA'),(5,'CIP','Descripción breve CIP');
/*!40000 ALTER TABLE `incoterm` ENABLE KEYS */;
UNLOCK TABLES;

--
-- Table structure for table `incoterm_x_tipo_gasto_importacion`
--

DROP TABLE IF EXISTS `incoterm_x_tipo_gasto_importacion`;
/*!40101 SET @saved_cs_client     = @@character_set_client */;
/*!40101 SET character_set_client = utf8 */;
CREATE TABLE `incoterm_x_tipo_gasto_importacion` (
  `id` int(11) NOT NULL AUTO_INCREMENT,
  `incoterm_id` int(11) NOT NULL,
  `tipo_gasto_id` int(11) NOT NULL,
  `incluido` int(11) NOT NULL DEFAULT '0',
  PRIMARY KEY (`id`)
) ENGINE=InnoDB AUTO_INCREMENT=46 DEFAULT CHARSET=utf8;
/*!40101 SET character_set_client = @saved_cs_client */;

--
-- Dumping data for table `incoterm_x_tipo_gasto_importacion`
--

LOCK TABLES `incoterm_x_tipo_gasto_importacion` WRITE;
/*!40000 ALTER TABLE `incoterm_x_tipo_gasto_importacion` DISABLE KEYS */;
INSERT INTO `incoterm_x_tipo_gasto_importacion` VALUES (1,1,1,1),(2,1,2,0),(3,1,3,0),(4,1,4,0),(5,1,5,0),(6,1,6,0),(7,2,1,1),(8,2,2,1),(9,2,3,0),(10,2,4,0),(11,2,5,0),(12,2,6,0),(13,3,1,0),(14,3,2,0),(15,3,3,0),(16,3,4,0),(17,3,5,0),(18,3,6,0),(19,4,1,1),(20,4,2,0),(21,4,3,0),(22,4,4,0),(23,4,5,0),(24,4,6,0),(25,5,1,1),(26,5,2,1),(27,5,3,0),(28,5,4,0),(29,5,5,0),(30,5,6,0),(31,1,7,0),(34,3,7,0),(36,4,7,0),(38,2,7,0),(39,5,7,0),(41,1,8,0),(42,2,8,0),(43,3,8,0),(44,4,8,0),(45,5,8,0);
/*!40000 ALTER TABLE `incoterm_x_tipo_gasto_importacion` ENABLE KEYS */;
UNLOCK TABLES;

--
-- Table structure for table `inventario`
--

DROP TABLE IF EXISTS `inventario`;
/*!40101 SET @saved_cs_client     = @@character_set_client */;
/*!40101 SET character_set_client = utf8 */;
CREATE TABLE `inventario` (
  `id` int(11) NOT NULL AUTO_INCREMENT,
  `entidad_id` int(11) NOT NULL,
  `inventario_tipo_origen_id` int(11) NOT NULL COMMENT 'Hace referencia a la tabla inventario_tipo_origen',
  `fecha` datetime DEFAULT CURRENT_TIMESTAMP,
  `inventario_tipo_documento_id` int(11) DEFAULT NULL,
  `inventario_documento_id` int(11) DEFAULT NULL,
  `articulo_id` int(11) NOT NULL,
  `inventario_tipo_operacion_id` int(11) NOT NULL COMMENT 'Hace referencia a la tabla inventario_tipo_operacion',
  `cantidad` int(11) DEFAULT '0',
  `costo_unitario` double DEFAULT '0',
  `costo_total` double DEFAULT '0',
  `final_cantidad` int(11) DEFAULT '0',
  `final_costo_unitario` double DEFAULT '0',
  `final_costo_total` double DEFAULT '0',
  `fecha_creacion` datetime DEFAULT CURRENT_TIMESTAMP,
  `usuario_creacion` int(11) DEFAULT '0',
  `fecha_modificacion` datetime DEFAULT NULL,
  `usuario_modificacion` int(11) DEFAULT NULL,
  PRIMARY KEY (`id`)
) ENGINE=InnoDB AUTO_INCREMENT=364 DEFAULT CHARSET=utf8 COMMENT='El campo ''inventario_tipo_documento_id'' sirve para asociar con la tabla inventario_tipo_documento, y obtener el codigo segun las tablas de SUNAT.\r\nEl campo ''inventario_documento_id'' dependera del valor de ''inventario_tipo_origen'':\r\n- Si es carpeta de importacion  -> hace referencia a carpeta_importacion_documento. Este documento pertenece a carpeta_importacion_elemento con nombre "FB".\r\n- Si es venta -> hace referencia a la factura de la tabla factura. Seria igual al campo ''entidad_id''.\r\n- Si es nota de credito -> igual que en el caso de venta.\r\n- Si es ajuste -> hace referencia a la tabla de transacciones.';
/*!40101 SET character_set_client = @saved_cs_client */;

--
-- Dumping data for table `inventario`
--

LOCK TABLES `inventario` WRITE;
/*!40000 ALTER TABLE `inventario` DISABLE KEYS */;
INSERT INTO `inventario` VALUES (26,23,1,'2016-10-17 09:37:03',2,28,2959,18,2,17.14,34.28,2,17.14,34.28,'2016-12-27 12:26:22',38,NULL,NULL),(27,24,1,'2016-10-17 09:37:03',2,28,2766,18,1,30.21,30.21,1,30.21,30.21,'2016-12-27 12:26:22',38,NULL,NULL),(28,25,1,'2016-10-17 09:37:03',2,28,2960,18,2,64.41,128.82,2,64.41,128.82,'2016-12-27 12:26:22',38,NULL,NULL),(29,26,1,'2016-10-17 09:37:03',2,28,3208,18,16,10.88,174.08,16,10.88,174.08,'2016-12-27 12:26:22',38,NULL,NULL),(30,27,1,'2016-10-17 09:37:03',2,28,3209,18,8,30.21,241.68,8,30.21,241.68,'2016-12-27 12:26:22',38,NULL,NULL),(31,28,1,'2016-10-17 09:37:03',2,28,3572,18,2,440.99,881.98,2,440.99,881.98,'2016-12-27 12:26:22',38,NULL,NULL),(32,35,20,'2016-10-17 09:49:57',10,28,2766,1,-1,30.21,-30.21,0,0,0,'2016-12-27 12:57:56',38,NULL,NULL),(33,35,20,'2016-10-17 09:49:57',10,28,2959,1,-2,17.14,-34.28,0,0,0,'2016-12-27 12:57:56',38,NULL,NULL),(34,35,20,'2016-10-17 09:49:57',10,28,2960,1,-2,64.41,-128.82,0,0,0,'2016-12-27 12:57:56',38,NULL,NULL),(35,35,20,'2016-10-17 09:49:57',10,28,3208,1,-16,10.88,-174.08,0,0,0,'2016-12-27 12:57:56',38,NULL,NULL),(36,35,20,'2016-10-17 09:49:57',10,28,3209,1,-8,30.21,-241.68,0,0,0,'2016-12-27 12:57:56',38,NULL,NULL),(37,35,20,'2016-10-17 09:49:57',10,28,3572,1,-2,440.99,-881.98,0,0,0,'2016-12-27 12:57:56',38,NULL,NULL),(38,35,1,'2016-10-18 13:25:39',2,32,2960,18,12,68.43,821.16,12,68.43,821.16,'2016-12-27 13:41:26',38,'2016-12-27 16:24:53',38),(39,36,1,'2016-10-18 13:25:39',2,32,3443,18,1,31230,31230,1,31230,31230,'2016-12-27 13:41:26',38,'2016-12-27 16:24:53',38),(40,41,20,'2016-10-18 13:31:42',10,28,2960,1,-12,64.41,-772.92,0,0,48.24,'2016-12-27 13:46:13',38,NULL,NULL),(41,41,20,'2016-10-18 13:31:42',10,32,3443,1,-1,31230,-31230,0,0,0,'2016-12-27 13:46:13',38,NULL,NULL),(42,34,1,'2016-10-24 10:34:38',2,31,3461,18,2,1975.47,3950.94,2,1975.47,3950.94,'2016-12-27 13:51:23',38,NULL,NULL),(43,29,1,'2016-10-24 10:35:26',2,29,3559,18,2,387.01,774.02,2,387.01,774.02,'2016-12-27 14:03:40',38,NULL,NULL),(44,30,1,'2016-10-24 10:35:26',2,29,3560,18,1,387.01,387.01,1,387.01,387.01,'2016-12-27 14:03:40',38,NULL,NULL),(45,20,1,'2016-10-24 10:37:26',2,27,3561,18,12,47.74,572.88,12,47.74,572.88,'2016-12-27 14:04:18',38,NULL,NULL),(46,21,1,'2016-10-24 10:37:26',2,27,3562,18,12,18.33,219.96,12,18.33,219.96,'2016-12-27 14:04:18',38,NULL,NULL),(47,22,1,'2016-10-24 10:37:26',2,27,3563,18,2,47.43,94.86,2,47.43,94.86,'2016-12-27 14:04:18',38,NULL,NULL),(48,37,1,'2016-10-24 15:58:55',2,33,3581,18,1,9.24,9.24,1,9.24,9.24,'2016-12-27 14:05:22',38,NULL,NULL),(49,38,1,'2016-10-24 15:58:55',2,33,3582,18,1,9.24,9.24,1,9.24,9.24,'2016-12-27 14:05:22',38,NULL,NULL),(50,39,1,'2016-10-24 15:58:55',2,33,3583,18,1,3278.82,3278.82,1,3278.82,3278.82,'2016-12-27 14:05:22',38,NULL,NULL),(51,40,1,'2016-10-24 15:58:55',2,33,3584,18,1,9.24,9.24,1,9.24,9.24,'2016-12-27 14:05:22',38,NULL,NULL),(52,41,1,'2016-10-24 15:58:55',2,33,3585,18,1,2714.66,2714.66,1,2714.66,2714.66,'2016-12-27 14:05:22',38,NULL,NULL),(53,42,1,'2016-10-24 15:58:55',2,33,3487,18,8,36.94,295.52,8,36.94,295.52,'2016-12-27 14:05:22',38,NULL,NULL),(54,43,1,'2016-10-24 15:58:55',2,33,3490,18,3,196.25,588.75,3,196.25,588.75,'2016-12-27 14:05:22',38,NULL,NULL),(55,44,1,'2016-10-24 15:58:55',2,33,3491,18,1,144.45,144.45,1,144.45,144.45,'2016-12-27 14:05:22',38,NULL,NULL),(56,45,1,'2016-10-24 15:58:55',2,33,3493,18,8,9.24,73.92,8,9.24,73.92,'2016-12-27 14:05:22',38,NULL,NULL),(57,46,1,'2016-10-24 15:58:55',2,33,3495,18,1,200.24,200.24,1,200.24,200.24,'2016-12-27 14:05:22',38,NULL,NULL),(58,47,1,'2016-10-24 15:58:55',2,33,3497,18,2,1551.7,3103.4,2,1551.7,3103.4,'2016-12-27 14:05:22',38,NULL,NULL),(59,48,1,'2016-10-24 15:58:55',2,33,3498,18,8,136.94,1095.52,8,136.94,1095.52,'2016-12-27 14:05:22',38,NULL,NULL),(60,49,1,'2016-10-24 15:58:55',2,33,3499,18,12,18.79,225.48,12,18.79,225.48,'2016-12-27 14:05:22',38,NULL,NULL),(61,50,1,'2016-10-24 15:58:55',2,33,3500,18,1,3800.52,3800.52,1,3800.52,3800.52,'2016-12-27 14:05:22',38,NULL,NULL),(62,51,1,'2016-10-24 15:58:55',2,33,3501,18,12,165.97,1991.64,12,165.97,1991.64,'2016-12-27 14:05:22',38,NULL,NULL),(63,52,1,'2016-10-24 15:58:55',2,33,3502,18,1,108.73,108.73,1,108.73,108.73,'2016-12-27 14:05:22',38,NULL,NULL),(64,53,1,'2016-10-24 15:58:55',2,33,3503,18,10,32.65,326.5,10,32.65,326.5,'2016-12-27 14:05:22',38,NULL,NULL),(65,54,1,'2016-10-24 15:58:55',2,33,3504,18,10,98.26,982.6,10,98.26,982.6,'2016-12-27 14:05:22',38,NULL,NULL),(66,55,1,'2016-10-24 15:58:55',2,33,3505,18,28,1417.34,39685.52,28,1417.34,39685.52,'2016-12-27 14:05:22',38,NULL,NULL),(67,56,1,'2016-10-24 15:58:55',2,33,3506,18,4,383.25,1533,4,383.25,1533,'2016-12-27 14:05:22',38,NULL,NULL),(68,57,1,'2016-10-24 15:58:55',2,33,3507,18,4,658.82,2635.28,4,658.82,2635.28,'2016-12-27 14:05:22',38,NULL,NULL),(69,58,1,'2016-10-24 15:58:55',2,33,3508,18,1,108.73,108.73,1,108.73,108.73,'2016-12-27 14:05:22',38,NULL,NULL),(70,59,1,'2016-10-24 15:58:55',2,33,3509,18,4,283.76,1135.04,4,283.76,1135.04,'2016-12-27 14:05:22',38,NULL,NULL),(71,60,1,'2016-10-24 15:58:55',2,33,3510,18,12,39.44,473.28,12,39.44,473.28,'2016-12-27 14:05:22',38,NULL,NULL),(72,61,1,'2016-10-24 15:58:55',2,33,3512,18,8,141.6,1132.8,8,141.6,1132.8,'2016-12-27 14:05:22',38,NULL,NULL),(73,62,1,'2016-10-24 15:58:55',2,33,3514,18,1,9.24,9.24,1,9.24,9.24,'2016-12-27 14:05:22',38,NULL,NULL),(74,63,1,'2016-10-24 15:58:55',2,33,3515,18,1,42.35,42.35,1,42.35,42.35,'2016-12-27 14:05:22',38,NULL,NULL),(75,64,1,'2016-10-24 15:58:55',2,33,3516,18,6,9.24,55.44,6,9.24,55.44,'2016-12-27 14:05:22',38,NULL,NULL),(76,65,1,'2016-10-24 15:58:55',2,33,3517,18,1,49.46,49.46,1,49.46,49.46,'2016-12-27 14:05:22',38,NULL,NULL),(77,66,1,'2016-10-24 15:58:55',2,33,3518,18,1,9.24,9.24,1,9.24,9.24,'2016-12-27 14:05:22',38,NULL,NULL),(78,67,1,'2016-10-24 15:58:55',2,33,3519,18,1,1824.54,1824.54,1,1824.54,1824.54,'2016-12-27 14:05:22',38,NULL,NULL),(79,68,1,'2016-10-24 15:58:55',2,33,3520,18,4,17.26,69.04,4,17.26,69.04,'2016-12-27 14:05:22',38,NULL,NULL),(80,69,1,'2016-10-24 15:58:55',2,33,3521,18,4,337.84,1351.36,4,337.84,1351.36,'2016-12-27 14:05:22',38,NULL,NULL),(81,70,1,'2016-10-24 15:58:55',2,33,3522,18,3,1551.7,4655.1,3,1551.7,4655.1,'2016-12-27 14:05:22',38,NULL,NULL),(82,71,1,'2016-10-24 15:58:55',2,33,2761,18,6,30.25,181.5,6,30.25,181.5,'2016-12-27 14:05:22',38,NULL,NULL),(83,72,1,'2016-10-24 15:58:55',2,33,2765,18,6,41.96,251.76,6,41.96,251.76,'2016-12-27 14:05:22',38,NULL,NULL),(84,73,1,'2016-10-24 15:58:55',2,33,2763,18,6,28.96,173.76,6,28.96,173.76,'2016-12-27 14:05:22',38,NULL,NULL),(85,74,1,'2016-10-24 15:58:55',2,33,2766,18,1,25.66,25.66,1,25.66,25.66,'2016-12-27 14:05:22',38,NULL,NULL),(86,75,1,'2016-10-24 15:58:55',2,33,2768,18,6,41.96,251.76,6,41.96,251.76,'2016-12-27 14:05:22',38,NULL,NULL),(87,76,1,'2016-10-24 15:58:55',2,33,2811,18,6,21.94,131.64,6,21.94,131.64,'2016-12-27 14:05:22',38,NULL,NULL),(88,77,1,'2016-10-24 15:58:55',2,33,2812,18,6,21.94,131.64,6,21.94,131.64,'2016-12-27 14:05:22',38,NULL,NULL),(89,78,1,'2016-10-24 15:58:55',2,33,2813,18,6,21.94,131.64,6,21.94,131.64,'2016-12-27 14:05:22',38,NULL,NULL),(90,79,1,'2016-10-24 15:58:55',2,33,2814,18,6,21.94,131.64,6,21.94,131.64,'2016-12-27 14:05:22',38,NULL,NULL),(91,80,1,'2016-10-24 15:58:55',2,33,2815,18,6,21.94,131.64,6,21.94,131.64,'2016-12-27 14:05:22',38,NULL,NULL),(92,81,1,'2016-10-24 15:58:55',2,33,2816,18,6,21.94,131.64,6,21.94,131.64,'2016-12-27 14:05:22',38,NULL,NULL),(93,82,1,'2016-10-24 15:58:55',2,33,2821,18,24,9.24,221.76,24,9.24,221.76,'2016-12-27 14:05:22',38,NULL,NULL),(94,83,1,'2016-10-24 15:58:55',2,33,2837,18,6,925.66,5553.96,6,925.66,5553.96,'2016-12-27 14:05:22',38,NULL,NULL),(95,84,1,'2016-10-24 15:58:55',2,33,2838,18,12,77.1,925.2,12,77.1,925.2,'2016-12-27 14:05:22',38,NULL,NULL),(96,85,1,'2016-10-24 15:58:55',2,33,2842,18,6,112.42,674.52,6,112.42,674.52,'2016-12-27 14:05:22',38,NULL,NULL),(97,86,1,'2016-10-24 15:58:55',2,33,2847,18,24,353.24,8477.76,24,353.24,8477.76,'2016-12-27 14:05:22',38,NULL,NULL),(98,87,1,'2016-10-24 15:58:55',2,33,2851,18,6,317.14,1902.84,6,317.14,1902.84,'2016-12-27 14:05:22',38,NULL,NULL),(99,88,1,'2016-10-24 15:58:55',2,33,2852,18,6,273.86,1643.16,6,273.86,1643.16,'2016-12-27 14:05:22',38,NULL,NULL),(100,89,1,'2016-10-24 15:58:55',2,33,2853,18,6,431.84,2591.04,6,431.84,2591.04,'2016-12-27 14:05:22',38,NULL,NULL),(101,90,1,'2016-10-24 15:58:55',2,33,2854,18,6,371.64,2229.84,6,371.64,2229.84,'2016-12-27 14:05:22',38,NULL,NULL),(102,91,1,'2016-10-24 15:58:55',2,33,2862,18,24,223.26,5358.24,24,223.26,5358.24,'2016-12-27 14:05:22',38,NULL,NULL),(103,92,1,'2016-10-24 15:58:55',2,33,2863,18,24,14.68,352.32,24,14.68,352.32,'2016-12-27 14:05:22',38,NULL,NULL),(104,93,1,'2016-10-24 15:58:55',2,33,2876,18,12,14.56,174.72,12,14.56,174.72,'2016-12-27 14:05:22',38,NULL,NULL),(105,94,1,'2016-10-24 15:58:55',2,33,2878,18,12,371.88,4462.56,12,371.88,4462.56,'2016-12-27 14:05:22',38,NULL,NULL),(106,95,1,'2016-10-24 15:58:55',2,33,2873,18,24,18.79,450.96,24,18.79,450.96,'2016-12-27 14:05:22',38,NULL,NULL),(107,96,1,'2016-10-24 15:58:55',2,33,2874,18,12,593.24,7118.88,12,593.24,7118.88,'2016-12-27 14:05:22',38,NULL,NULL),(108,97,1,'2016-10-24 15:58:55',2,33,2880,18,24,247.6,5942.4,24,247.6,5942.4,'2016-12-27 14:05:22',38,NULL,NULL),(109,98,1,'2016-10-24 15:58:55',2,33,2881,18,24,9.24,221.76,24,9.24,221.76,'2016-12-27 14:05:22',38,NULL,NULL),(110,99,1,'2016-10-24 15:58:55',2,33,2890,18,12,97.42,1169.04,12,97.42,1169.04,'2016-12-27 14:05:22',38,NULL,NULL),(111,100,1,'2016-10-24 15:58:55',2,33,2897,18,24,686.52,16476.48,24,686.52,16476.48,'2016-12-27 14:05:22',38,NULL,NULL),(112,101,1,'2016-10-24 15:58:55',2,33,2896,18,24,387.81,9307.44,24,387.81,9307.44,'2016-12-27 14:05:22',38,NULL,NULL),(113,102,1,'2016-10-24 15:58:55',2,33,2898,18,48,14.56,698.88,48,14.56,698.88,'2016-12-27 14:05:22',38,NULL,NULL),(114,103,1,'2016-10-24 15:58:55',2,33,2901,18,12,9.24,110.88,12,9.24,110.88,'2016-12-27 14:05:22',38,NULL,NULL),(115,104,1,'2016-10-24 15:58:55',2,33,2902,18,6,9.24,55.44,6,9.24,55.44,'2016-12-27 14:05:22',38,NULL,NULL),(116,105,1,'2016-10-24 15:58:55',2,33,2911,18,18,22.12,398.16,18,22.12,398.16,'2016-12-27 14:05:22',38,NULL,NULL),(117,106,1,'2016-10-24 15:58:55',2,33,2912,18,6,44.96,269.76,6,44.96,269.76,'2016-12-27 14:05:22',38,NULL,NULL),(118,107,1,'2016-10-24 15:58:55',2,33,2906,18,6,67.5,405,6,67.5,405,'2016-12-27 14:05:22',38,NULL,NULL),(119,108,1,'2016-10-24 15:58:55',2,33,2916,18,1,213.95,213.95,1,213.95,213.95,'2016-12-27 14:05:22',38,NULL,NULL),(120,109,1,'2016-10-24 15:58:55',2,33,2919,18,1,243.76,243.76,1,243.76,243.76,'2016-12-27 14:05:22',38,NULL,NULL),(121,110,1,'2016-10-24 15:58:55',2,33,2923,18,1,374.1,374.1,1,374.1,374.1,'2016-12-27 14:05:22',38,NULL,NULL),(122,111,1,'2016-10-24 15:58:55',2,33,2924,18,1,318.16,318.16,1,318.16,318.16,'2016-12-27 14:05:22',38,NULL,NULL),(123,112,1,'2016-10-24 15:58:55',2,33,2926,18,1,282.86,282.86,1,282.86,282.86,'2016-12-27 14:05:22',38,NULL,NULL),(124,113,1,'2016-10-24 15:58:55',2,33,2948,18,16,91.42,1462.72,16,91.42,1462.72,'2016-12-27 14:05:22',38,NULL,NULL),(125,114,1,'2016-10-24 15:58:55',2,33,2960,18,6,54.71,328.26,6,62.75,376.5,'2016-12-27 14:05:22',38,NULL,NULL),(126,115,1,'2016-10-24 15:58:55',2,33,2961,18,1,91.24,91.24,1,91.24,91.24,'2016-12-27 14:05:22',38,NULL,NULL),(127,116,1,'2016-10-24 15:58:55',2,33,2962,18,1,154.95,154.95,1,154.95,154.95,'2016-12-27 14:05:22',38,NULL,NULL),(128,117,1,'2016-10-24 15:58:55',2,33,2985,18,4,71.61,286.44,4,71.61,286.44,'2016-12-27 14:05:22',38,NULL,NULL),(129,118,1,'2016-10-24 15:58:55',2,33,2987,18,2,9.24,18.48,2,9.24,18.48,'2016-12-27 14:05:22',38,NULL,NULL),(130,119,1,'2016-10-24 15:58:55',2,33,2978,18,1,905.82,905.82,1,905.82,905.82,'2016-12-27 14:05:22',38,NULL,NULL),(131,120,1,'2016-10-24 15:58:55',2,33,2980,18,3,13.96,41.88,3,13.96,41.88,'2016-12-27 14:05:22',38,NULL,NULL),(132,121,1,'2016-10-24 15:58:55',2,33,2981,18,1,384.99,384.99,1,384.99,384.99,'2016-12-27 14:05:22',38,NULL,NULL),(133,122,1,'2016-10-24 15:58:55',2,33,2991,18,2,134.84,269.68,2,134.84,269.68,'2016-12-27 14:05:22',38,NULL,NULL),(134,123,1,'2016-10-24 15:58:55',2,33,2992,18,2,36.76,73.52,2,36.76,73.52,'2016-12-27 14:05:22',38,NULL,NULL),(135,124,1,'2016-10-24 15:58:55',2,33,3001,18,6,14.56,87.36,6,14.56,87.36,'2016-12-27 14:05:22',38,NULL,NULL),(136,125,1,'2016-10-24 15:58:55',2,33,3002,18,6,14.56,87.36,6,14.56,87.36,'2016-12-27 14:05:22',38,NULL,NULL),(137,126,1,'2016-10-24 15:58:55',2,33,3005,18,12,9.24,110.88,12,9.24,110.88,'2016-12-27 14:05:22',38,NULL,NULL),(138,127,1,'2016-10-24 15:58:55',2,33,3008,18,6,14.56,87.36,6,14.56,87.36,'2016-12-27 14:05:22',38,NULL,NULL),(139,128,1,'2016-10-24 15:58:55',2,33,3009,18,6,14.56,87.36,6,14.56,87.36,'2016-12-27 14:05:22',38,NULL,NULL),(140,129,1,'2016-10-24 15:58:55',2,33,3024,18,12,14.68,176.16,12,14.68,176.16,'2016-12-27 14:05:22',38,NULL,NULL),(141,130,1,'2016-10-24 15:58:55',2,33,3027,18,12,9.24,110.88,12,9.24,110.88,'2016-12-27 14:05:22',38,NULL,NULL),(142,131,1,'2016-10-24 15:58:55',2,33,3028,18,12,14.56,174.72,12,14.56,174.72,'2016-12-27 14:05:22',38,NULL,NULL),(143,132,1,'2016-10-24 15:58:55',2,33,3040,18,2,9.24,18.48,2,9.24,18.48,'2016-12-27 14:05:22',38,NULL,NULL),(144,133,1,'2016-10-24 15:58:55',2,33,3576,18,1,9.24,9.24,1,9.24,9.24,'2016-12-27 14:05:22',38,NULL,NULL),(145,134,1,'2016-10-24 15:58:55',2,33,3055,18,1,131.39,131.39,1,131.39,131.39,'2016-12-27 14:05:22',38,NULL,NULL),(146,135,1,'2016-10-24 15:58:55',2,33,3064,18,1,9.24,9.24,1,9.24,9.24,'2016-12-27 14:05:22',38,NULL,NULL),(147,136,1,'2016-10-24 15:58:55',2,33,3047,18,2,9.24,18.48,2,9.24,18.48,'2016-12-27 14:05:22',38,NULL,NULL),(148,137,1,'2016-10-24 15:58:55',2,33,3048,18,1,66.3,66.3,1,66.3,66.3,'2016-12-27 14:05:22',38,NULL,NULL),(149,138,1,'2016-10-24 15:58:55',2,33,3049,18,1,66.3,66.3,1,66.3,66.3,'2016-12-27 14:05:22',38,NULL,NULL),(150,139,1,'2016-10-24 15:58:55',2,33,3050,18,1,85.86,85.86,1,85.86,85.86,'2016-12-27 14:05:22',38,NULL,NULL),(151,140,1,'2016-10-24 15:58:55',2,33,3051,18,1,14.56,14.56,1,14.56,14.56,'2016-12-27 14:05:22',38,NULL,NULL),(152,141,1,'2016-10-24 15:58:55',2,33,3056,18,2,9.24,18.48,2,9.24,18.48,'2016-12-27 14:05:22',38,NULL,NULL),(153,142,1,'2016-10-24 15:58:55',2,33,3073,18,1,14.56,14.56,1,14.56,14.56,'2016-12-27 14:05:22',38,NULL,NULL),(154,143,1,'2016-10-24 15:58:55',2,33,3069,18,1,139.89,139.89,1,139.89,139.89,'2016-12-27 14:05:22',38,NULL,NULL),(155,144,1,'2016-10-24 15:58:55',2,33,3081,18,6,9.24,55.44,6,9.24,55.44,'2016-12-27 14:05:22',38,NULL,NULL),(156,145,1,'2016-10-24 15:58:55',2,33,3084,18,6,9.24,55.44,6,9.24,55.44,'2016-12-27 14:05:22',38,NULL,NULL),(157,146,1,'2016-10-24 15:58:55',2,33,3098,18,4,89.47,357.88,4,89.47,357.88,'2016-12-27 14:05:22',38,NULL,NULL),(158,147,1,'2016-10-24 15:58:55',2,33,3093,18,3,20.56,61.68,3,20.56,61.68,'2016-12-27 14:05:22',38,NULL,NULL),(159,148,1,'2016-10-24 15:58:55',2,33,3094,18,1,991.23,991.23,1,991.23,991.23,'2016-12-27 14:05:22',38,NULL,NULL),(160,149,1,'2016-10-24 15:58:55',2,33,3095,18,1,155.82,155.82,1,155.82,155.82,'2016-12-27 14:05:22',38,NULL,NULL),(161,150,1,'2016-10-24 15:58:55',2,33,3096,18,1,281.12,281.12,1,281.12,281.12,'2016-12-27 14:05:22',38,NULL,NULL),(162,151,1,'2016-10-24 15:58:55',2,33,3097,18,2,59.66,119.32,2,59.66,119.32,'2016-12-27 14:05:22',38,NULL,NULL),(163,152,1,'2016-10-24 15:58:55',2,33,3107,18,6,51.8,310.8,6,51.8,310.8,'2016-12-27 14:05:22',38,NULL,NULL),(164,153,1,'2016-10-24 15:58:55',2,33,3108,18,2,14.56,29.12,2,14.56,29.12,'2016-12-27 14:05:22',38,NULL,NULL),(165,154,1,'2016-10-24 15:58:55',2,33,3110,18,4,79.83,319.32,4,79.83,319.32,'2016-12-27 14:05:22',38,NULL,NULL),(166,155,1,'2016-10-24 15:58:55',2,33,3122,18,2,45.11,90.22,2,45.11,90.22,'2016-12-27 14:05:22',38,NULL,NULL),(167,156,1,'2016-10-24 15:58:55',2,33,3127,18,1,39.56,39.56,1,39.56,39.56,'2016-12-27 14:05:22',38,NULL,NULL),(168,157,1,'2016-10-24 15:58:55',2,33,3128,18,2,991.23,1982.46,2,991.23,1982.46,'2016-12-27 14:05:22',38,NULL,NULL),(169,158,1,'2016-10-24 15:58:55',2,33,3129,18,2,26.44,52.88,2,26.44,52.88,'2016-12-27 14:05:22',38,NULL,NULL),(170,159,1,'2016-10-24 15:58:55',2,33,3159,18,1,9.24,9.24,1,9.24,9.24,'2016-12-27 14:05:22',38,NULL,NULL),(171,160,1,'2016-10-24 15:58:55',2,33,3156,18,3,14.56,43.68,3,14.56,43.68,'2016-12-27 14:05:22',38,NULL,NULL),(172,161,1,'2016-10-24 15:58:55',2,33,3157,18,4,14.56,58.24,4,14.56,58.24,'2016-12-27 14:05:22',38,NULL,NULL),(173,162,1,'2016-10-24 15:58:55',2,33,3158,18,4,14.56,58.24,4,14.56,58.24,'2016-12-27 14:05:22',38,NULL,NULL),(174,163,1,'2016-10-24 15:58:55',2,33,3186,18,1,107.65,107.65,1,107.65,107.65,'2016-12-27 14:05:22',38,NULL,NULL),(175,164,1,'2016-10-24 15:58:55',2,33,3188,18,1,20.92,20.92,1,20.92,20.92,'2016-12-27 14:05:22',38,NULL,NULL),(176,165,1,'2016-10-24 15:58:55',2,33,3192,18,1,25.03,25.03,1,25.03,25.03,'2016-12-27 14:05:22',38,NULL,NULL),(177,166,1,'2016-10-24 15:58:55',2,33,3169,18,1,25.03,25.03,1,25.03,25.03,'2016-12-27 14:05:22',38,NULL,NULL),(178,167,1,'2016-10-24 15:58:55',2,33,3170,18,1,27.88,27.88,1,27.88,27.88,'2016-12-27 14:05:22',38,NULL,NULL),(179,168,1,'2016-10-24 15:58:55',2,33,3171,18,1,858.73,858.73,1,858.73,858.73,'2016-12-27 14:05:22',38,NULL,NULL),(180,169,1,'2016-10-24 15:58:55',2,33,3174,18,1,118.88,118.88,1,118.88,118.88,'2016-12-27 14:05:22',38,NULL,NULL),(181,170,1,'2016-10-24 15:58:55',2,33,3176,18,1,23.41,23.41,1,23.41,23.41,'2016-12-27 14:05:22',38,NULL,NULL),(182,171,1,'2016-10-24 15:58:55',2,33,3179,18,1,136.01,136.01,1,136.01,136.01,'2016-12-27 14:05:22',38,NULL,NULL),(183,172,1,'2016-10-24 15:58:55',2,33,3182,18,1,3315.77,3315.77,1,3315.77,3315.77,'2016-12-27 14:05:22',38,NULL,NULL),(184,173,1,'2016-10-24 15:58:55',2,33,3183,18,1,101.35,101.35,1,101.35,101.35,'2016-12-27 14:05:22',38,NULL,NULL),(185,174,1,'2016-10-24 15:58:55',2,33,3194,18,2,991.23,1982.46,2,991.23,1982.46,'2016-12-27 14:05:22',38,NULL,NULL),(186,175,1,'2016-10-24 15:58:55',2,33,3196,18,2,26.44,52.88,2,26.44,52.88,'2016-12-27 14:05:22',38,NULL,NULL),(187,176,1,'2016-10-24 15:58:55',2,33,3250,18,2,9.24,18.48,2,9.24,18.48,'2016-12-27 14:05:22',38,NULL,NULL),(188,177,1,'2016-10-24 15:58:55',2,33,3224,18,1,36.76,36.76,1,36.76,36.76,'2016-12-27 14:05:22',38,NULL,NULL),(189,178,1,'2016-10-24 15:58:55',2,33,3225,18,1,107.65,107.65,1,107.65,107.65,'2016-12-27 14:05:22',38,NULL,NULL),(190,179,1,'2016-10-24 15:58:55',2,33,3228,18,2,9.24,18.48,2,9.24,18.48,'2016-12-27 14:05:22',38,NULL,NULL),(191,180,1,'2016-10-24 15:58:55',2,33,3229,18,1,715.15,715.15,1,715.15,715.15,'2016-12-27 14:05:22',38,NULL,NULL),(192,181,1,'2016-10-24 15:58:55',2,33,3232,18,1,67.77,67.77,1,67.77,67.77,'2016-12-27 14:05:22',38,NULL,NULL),(193,182,1,'2016-10-24 15:58:55',2,33,3234,18,1,20.92,20.92,1,20.92,20.92,'2016-12-27 14:05:22',38,NULL,NULL),(194,183,1,'2016-10-24 15:58:55',2,33,3236,18,1,27.88,27.88,1,27.88,27.88,'2016-12-27 14:05:22',38,NULL,NULL),(195,184,1,'2016-10-24 15:58:55',2,33,3237,18,1,858.73,858.73,1,858.73,858.73,'2016-12-27 14:05:22',38,NULL,NULL),(196,185,1,'2016-10-24 15:58:55',2,33,3238,18,1,118.88,118.88,1,118.88,118.88,'2016-12-27 14:05:22',38,NULL,NULL),(197,186,1,'2016-10-24 15:58:55',2,33,3239,18,1,23.41,23.41,1,23.41,23.41,'2016-12-27 14:05:22',38,NULL,NULL),(198,187,1,'2016-10-24 15:58:55',2,33,3240,18,1,136.01,136.01,1,136.01,136.01,'2016-12-27 14:05:22',38,NULL,NULL),(199,188,1,'2016-10-24 15:58:55',2,33,3243,18,1,3315.77,3315.77,1,3315.77,3315.77,'2016-12-27 14:05:22',38,NULL,NULL),(200,189,1,'2016-10-24 15:58:55',2,33,3244,18,1,101.35,101.35,1,101.35,101.35,'2016-12-27 14:05:22',38,NULL,NULL),(201,190,1,'2016-10-24 15:58:55',2,33,3251,18,1,39.56,39.56,1,39.56,39.56,'2016-12-27 14:05:22',38,NULL,NULL),(202,191,1,'2016-10-24 15:58:55',2,33,3254,18,2,26.44,52.88,2,26.44,52.88,'2016-12-27 14:05:22',38,NULL,NULL),(203,192,1,'2016-10-24 15:58:55',2,33,3577,18,2,51.8,103.6,2,51.8,103.6,'2016-12-27 14:05:22',38,NULL,NULL),(204,193,1,'2016-10-24 15:58:55',2,33,3578,18,2,79.83,159.66,2,79.83,159.66,'2016-12-27 14:05:22',38,NULL,NULL),(205,194,1,'2016-10-24 15:58:55',2,33,3579,18,2,9.24,18.48,2,9.24,18.48,'2016-12-27 14:05:22',38,NULL,NULL),(206,195,1,'2016-10-24 15:58:55',2,33,3580,18,2,14.56,29.12,2,14.56,29.12,'2016-12-27 14:05:22',38,NULL,NULL),(207,430,1,'2016-11-04 09:15:39',2,37,3796,18,4,8.87,35.48,4,8.87,35.48,'2016-12-27 15:44:23',38,NULL,NULL),(208,431,1,'2016-11-04 09:15:39',2,37,3797,18,2,290.89,581.78,2,290.89,581.78,'2016-12-27 15:44:23',38,NULL,NULL),(209,432,1,'2016-11-04 09:15:39',2,37,3798,18,1,1785.25,1785.25,1,1785.25,1785.25,'2016-12-27 15:44:23',38,NULL,NULL),(210,433,1,'2016-11-04 09:15:39',2,37,3799,18,4,8.87,35.48,4,8.87,35.48,'2016-12-27 15:44:23',38,NULL,NULL),(211,434,1,'2016-11-04 09:15:39',2,37,3800,18,1,8.87,8.87,1,8.87,8.87,'2016-12-27 15:44:23',38,NULL,NULL),(212,435,1,'2016-11-04 09:15:39',2,37,3801,18,1,8.87,8.87,1,8.87,8.87,'2016-12-27 15:44:23',38,NULL,NULL),(213,436,1,'2016-11-04 09:15:39',2,37,3716,18,1,8689.18,8689.18,1,8689.18,8689.18,'2016-12-27 15:44:23',38,NULL,NULL),(214,437,1,'2016-11-04 09:15:39',2,37,3717,18,2,499.38,998.76,2,499.38,998.76,'2016-12-27 15:44:23',38,NULL,NULL),(215,438,1,'2016-11-04 09:15:39',2,37,3718,18,1,99.43,99.43,1,99.43,99.43,'2016-12-27 15:44:23',38,NULL,NULL),(216,439,1,'2016-11-04 09:15:39',2,37,3719,18,1,517.09,517.09,1,517.09,517.09,'2016-12-27 15:44:23',38,NULL,NULL),(217,440,1,'2016-11-04 09:15:39',2,37,3720,18,2,4298.07,8596.14,2,4298.07,8596.14,'2016-12-27 15:44:23',38,NULL,NULL),(218,441,1,'2016-11-04 09:15:39',2,37,3721,18,8,62.53,500.24,8,62.53,500.24,'2016-12-27 15:44:23',38,NULL,NULL),(219,442,1,'2016-11-04 09:15:39',2,37,3722,18,8,8.87,70.96,8,8.87,70.96,'2016-12-27 15:44:23',38,NULL,NULL),(220,443,1,'2016-11-04 09:15:39',2,37,3723,18,1,2885.03,2885.03,1,2885.03,2885.03,'2016-12-27 15:44:23',38,NULL,NULL),(221,444,1,'2016-11-04 09:15:39',2,37,3724,18,2,62.53,125.06,2,62.53,125.06,'2016-12-27 15:44:23',38,NULL,NULL),(222,445,1,'2016-11-04 09:15:39',2,37,3725,18,2,8.87,17.74,2,8.87,17.74,'2016-12-27 15:44:23',38,NULL,NULL),(223,446,1,'2016-11-04 09:15:39',2,37,3726,18,2,4298.07,8596.14,2,4298.07,8596.14,'2016-12-27 15:44:23',38,NULL,NULL),(224,37,20,'2016-11-04 09:17:34',10,37,3716,1,-1,8689.18,-8689.18,0,0,0,'2016-12-27 15:46:21',38,NULL,NULL),(225,37,20,'2016-11-04 09:17:34',10,37,3717,1,-2,499.38,-998.76,0,0,0,'2016-12-27 15:46:21',38,NULL,NULL),(226,37,20,'2016-11-04 09:17:34',10,37,3718,1,-1,99.43,-99.43,0,0,0,'2016-12-27 15:46:21',38,NULL,NULL),(227,37,20,'2016-11-04 09:17:34',10,37,3719,1,-1,517.09,-517.09,0,0,0,'2016-12-27 15:46:21',38,NULL,NULL),(228,37,20,'2016-11-04 09:17:34',10,37,3720,1,-2,4298.07,-8596.14,0,0,0,'2016-12-27 15:46:21',38,NULL,NULL),(229,37,20,'2016-11-04 09:17:34',10,37,3721,1,-8,62.53,-500.24,0,0,0,'2016-12-27 15:46:21',38,NULL,NULL),(230,37,20,'2016-11-04 09:17:34',10,37,3722,1,-8,8.87,-70.96,0,0,0,'2016-12-27 15:46:21',38,NULL,NULL),(231,37,20,'2016-11-04 09:17:34',10,37,3723,1,-1,2885.03,-2885.03,0,0,0,'2016-12-27 15:46:21',38,NULL,NULL),(232,37,20,'2016-11-04 09:17:34',10,37,3724,1,-2,62.53,-125.06,0,0,0,'2016-12-27 15:46:21',38,NULL,NULL),(233,37,20,'2016-11-04 09:17:34',10,37,3725,1,-2,8.87,-17.74,0,0,0,'2016-12-27 15:46:21',38,NULL,NULL),(234,37,20,'2016-11-04 09:17:34',10,37,3726,1,-2,4298.07,-8596.14,0,0,0,'2016-12-27 15:46:21',38,NULL,NULL),(235,37,20,'2016-11-04 09:17:34',10,37,3796,1,-4,8.87,-35.48,0,0,0,'2016-12-27 15:46:21',38,NULL,NULL),(236,37,20,'2016-11-04 09:17:34',10,37,3797,1,-2,290.89,-581.78,0,0,0,'2016-12-27 15:46:21',38,NULL,NULL),(237,37,20,'2016-11-04 09:17:34',10,37,3798,1,-1,1785.25,-1785.25,0,0,0,'2016-12-27 15:46:21',38,NULL,NULL),(238,37,20,'2016-11-04 09:17:34',10,37,3799,1,-4,8.87,-35.48,0,0,0,'2016-12-27 15:46:21',38,NULL,NULL),(239,37,20,'2016-11-04 09:17:34',10,37,3800,1,-1,8.87,-8.87,0,0,0,'2016-12-27 15:46:21',38,NULL,NULL),(240,37,20,'2016-11-04 09:17:34',10,37,3801,1,-1,8.87,-8.87,0,0,0,'2016-12-27 15:46:21',38,NULL,NULL),(241,447,1,'2016-11-04 09:23:49',2,38,3153,18,2,4301.66,8603.32,2,4301.66,8603.32,'2016-12-27 15:49:47',38,NULL,NULL),(242,448,1,'2016-11-04 09:23:49',2,38,2991,18,12,186.91,2242.92,14,179.47,2512.6,'2016-12-27 15:49:47',38,NULL,NULL),(243,38,20,'2016-11-04 09:24:36',10,33,2991,1,-12,186.91,-2242.92,2,179.47,269.68,'2016-12-27 15:50:43',38,NULL,NULL),(244,38,20,'2016-11-04 09:24:36',10,38,3153,1,-2,4301.66,-8603.32,0,0,0,'2016-12-27 15:50:43',38,NULL,NULL),(245,449,1,'2016-11-11 08:14:25',2,39,2889,18,5,2395.95,11979.75,5,2395.95,11979.75,'2016-12-27 15:52:07',38,NULL,NULL),(246,450,1,'2016-11-11 08:14:25',2,39,2842,18,6,1520.69,9124.14,12,816.55,9798.66,'2016-12-27 15:52:07',38,NULL,NULL),(247,451,1,'2016-11-11 08:14:25',2,39,2847,18,4,341.5,1366,28,351.56,9843.76,'2016-12-27 15:52:07',38,NULL,NULL),(248,452,1,'2016-11-11 08:14:25',2,39,2791,18,3,10694.3,32082.9,3,10694.3,32082.9,'2016-12-27 15:52:07',38,NULL,NULL),(249,39,20,'2016-11-11 08:16:51',10,39,2791,1,-3,10694.3,-32082.9,0,0,0,'2016-12-27 15:55:26',38,NULL,NULL),(250,39,20,'2016-11-11 08:16:51',10,33,2842,1,-6,1520.69,-9124.14,6,816.55,674.52,'2016-12-27 15:55:26',38,NULL,NULL),(251,39,20,'2016-11-11 08:16:51',10,33,2847,1,-4,341.5,-1366,24,351.56,8477.76,'2016-12-27 15:55:26',38,NULL,NULL),(252,39,20,'2016-11-11 08:16:51',10,39,2889,1,-5,2395.95,-11979.75,0,0,0,'2016-12-27 15:55:26',38,NULL,NULL),(253,40,20,'2016-11-11 08:23:35',10,27,3561,1,-12,47.74,-572.88,0,0,0,'2016-12-27 16:16:47',38,NULL,NULL),(254,40,20,'2016-11-11 08:23:35',10,27,3562,1,-12,18.33,-219.96,0,0,0,'2016-12-27 16:16:47',38,NULL,NULL),(255,40,20,'2016-11-11 08:23:35',10,27,3563,1,-2,47.43,-94.86,0,0,0,'2016-12-27 16:16:47',38,NULL,NULL),(256,459,1,'2016-11-14 10:47:58',2,41,2863,18,8,11.88,95.04,32,13.98,447.36,'2016-12-28 09:58:30',38,NULL,NULL),(257,460,1,'2016-11-14 10:47:58',2,41,2890,18,12,78.85,946.2,24,88.13,2115.24,'2016-12-28 09:58:30',38,NULL,NULL),(258,461,1,'2016-11-14 10:47:58',2,41,2889,18,4,2647.23,10588.92,4,2647.23,10588.92,'2016-12-28 09:58:30',38,NULL,NULL),(259,462,1,'2016-11-14 10:47:58',2,41,3016,18,6,65.54,393.24,6,65.54,393.24,'2016-12-28 09:58:30',38,NULL,NULL),(260,463,1,'2016-11-14 10:47:58',2,41,3019,18,18,7.48,134.64,18,7.48,134.64,'2016-12-28 09:58:30',38,NULL,NULL),(261,464,1,'2016-11-14 10:47:58',2,41,3017,18,10,81.06,810.6,10,81.06,810.6,'2016-12-28 09:58:30',38,NULL,NULL),(262,465,1,'2016-11-14 10:47:58',2,41,3020,18,20,7.48,149.6,20,7.48,149.6,'2016-12-28 09:58:30',38,NULL,NULL),(263,466,1,'2016-11-14 10:47:58',2,41,3021,18,10,7.48,74.8,10,7.48,74.8,'2016-12-28 09:58:30',38,NULL,NULL),(264,467,1,'2016-11-14 10:47:58',2,41,3015,18,10,643.5,6435,10,643.5,6435,'2016-12-28 09:58:30',38,NULL,NULL),(265,468,1,'2016-11-14 10:47:58',2,41,2842,18,1,1273.18,1273.18,7,278.24,1947.7,'2016-12-28 09:58:30',38,NULL,NULL),(266,42,20,'2016-11-14 10:50:15',10,33,2842,1,-1,1273.18,-1273.18,6,278.24,674.52,'2016-12-28 10:05:28',38,NULL,NULL),(267,42,20,'2016-11-14 10:50:15',10,33,2863,1,-8,11.88,-95.04,24,13.98,352.32,'2016-12-28 10:05:28',38,NULL,NULL),(268,42,20,'2016-11-14 10:50:15',10,39,2889,1,-4,2395.95,-9583.8,0,0,1005.12,'2016-12-28 10:05:28',38,NULL,NULL),(269,42,20,'2016-11-14 10:50:15',10,33,2890,1,-12,78.85,-946.2,12,88.13,1169.04,'2016-12-28 10:05:28',38,NULL,NULL),(270,42,20,'2016-11-14 10:50:15',10,41,3015,1,-10,643.5,-6435,0,0,0,'2016-12-28 10:05:28',38,NULL,NULL),(271,42,20,'2016-11-14 10:50:15',10,41,3016,1,-6,65.54,-393.24,0,0,0,'2016-12-28 10:05:28',38,NULL,NULL),(272,42,20,'2016-11-14 10:50:15',10,41,3017,1,-10,81.06,-810.6,0,0,0,'2016-12-28 10:05:28',38,NULL,NULL),(273,42,20,'2016-11-14 10:50:15',10,41,3019,1,-18,7.48,-134.64,0,0,0,'2016-12-28 10:05:28',38,NULL,NULL),(274,42,20,'2016-11-14 10:50:15',10,41,3020,1,-20,7.48,-149.6,0,0,0,'2016-12-28 10:05:28',38,NULL,NULL),(275,42,20,'2016-11-14 10:50:15',10,41,3021,1,-10,7.48,-74.8,0,0,0,'2016-12-28 10:05:28',38,NULL,NULL),(276,453,1,'2016-11-24 10:01:32',2,40,3016,18,12,73.59,883.08,12,73.59,883.08,'2016-12-28 10:10:25',38,NULL,NULL),(277,454,1,'2016-11-24 10:01:32',2,40,3017,18,12,91.02,1092.24,12,91.02,1092.24,'2016-12-28 10:10:25',38,NULL,NULL),(278,455,1,'2016-11-24 10:01:32',2,40,3015,18,12,722.53,8670.36,12,722.53,8670.36,'2016-12-28 10:10:25',38,NULL,NULL),(279,456,1,'2016-11-24 10:01:32',2,40,3021,18,12,8.4,100.8,12,8.4,100.8,'2016-12-28 10:10:25',38,NULL,NULL),(280,457,1,'2016-11-24 10:01:32',2,40,3020,18,24,8.4,201.6,24,8.4,201.6,'2016-12-28 10:10:25',38,NULL,NULL),(281,458,1,'2016-11-24 10:01:32',2,40,3019,18,36,8.4,302.4,36,8.4,302.4,'2016-12-28 10:10:25',38,NULL,NULL),(282,43,20,'2016-11-24 10:04:11',10,41,3015,1,-12,643.5,-7722,0,0,948.36,'2016-12-28 10:12:34',38,NULL,NULL),(283,43,20,'2016-11-24 10:04:11',10,41,3016,1,-12,65.54,-786.48,0,0,96.6,'2016-12-28 10:12:34',38,NULL,NULL),(284,43,20,'2016-11-24 10:04:11',10,41,3017,1,-12,81.06,-972.72,0,0,119.52,'2016-12-28 10:12:34',38,NULL,NULL),(285,43,20,'2016-11-24 10:04:11',10,41,3019,1,-36,7.48,-269.28,0,0,33.12,'2016-12-28 10:12:34',38,NULL,NULL),(286,43,20,'2016-11-24 10:04:11',10,41,3020,1,-24,7.48,-179.52,0,0,22.08,'2016-12-28 10:12:34',38,NULL,NULL),(287,43,20,'2016-11-24 10:04:11',10,41,3021,1,-12,7.48,-89.76,0,0,11.04,'2016-12-28 10:12:34',38,NULL,NULL),(288,469,1,'2016-11-28 15:24:40',2,42,3811,18,1,17237.04,17237.04,1,17237.04,17237.04,'2016-12-28 10:15:21',38,NULL,NULL),(289,470,1,'2016-11-28 15:24:40',2,42,3812,18,2,896.09,1792.18,2,896.09,1792.18,'2016-12-28 10:15:21',38,NULL,NULL),(290,471,1,'2016-11-28 15:24:40',2,42,3813,18,2,26.51,53.02,2,26.51,53.02,'2016-12-28 10:15:21',38,NULL,NULL),(291,472,1,'2016-11-28 15:24:40',2,42,3814,18,1,134.62,134.62,1,134.62,134.62,'2016-12-28 10:15:21',38,NULL,NULL),(292,473,1,'2016-11-28 15:24:40',2,42,3815,18,1,870.24,870.24,1,870.24,870.24,'2016-12-28 10:15:21',38,NULL,NULL),(293,474,1,'2016-11-28 15:24:40',2,42,3816,18,1,138.32,138.32,1,138.32,138.32,'2016-12-28 10:15:21',38,NULL,NULL),(294,44,20,'2016-11-28 15:29:34',10,42,3811,1,-1,17237.04,-17237.04,0,0,0,'2016-12-28 10:16:35',38,NULL,NULL),(295,44,20,'2016-11-28 15:29:34',10,42,3812,1,-2,896.09,-1792.18,0,0,0,'2016-12-28 10:16:35',38,NULL,NULL),(296,44,20,'2016-11-28 15:29:34',10,42,3813,1,-2,26.51,-53.02,0,0,0,'2016-12-28 10:16:35',38,NULL,NULL),(297,44,20,'2016-11-28 15:29:34',10,42,3814,1,-1,134.62,-134.62,0,0,0,'2016-12-28 10:16:35',38,NULL,NULL),(298,44,20,'2016-11-28 15:29:34',10,42,3815,1,-1,870.24,-870.24,0,0,0,'2016-12-28 10:16:35',38,NULL,NULL),(299,44,20,'2016-11-28 15:29:34',10,42,3816,1,-1,138.32,-138.32,0,0,0,'2016-12-28 10:16:35',38,NULL,NULL),(300,475,1,'2016-12-14 16:09:52',2,43,2847,18,4,319.71,1278.84,28,348.45,9756.6,'2016-12-28 10:18:25',38,NULL,NULL),(301,476,1,'2016-12-14 16:10:00',2,44,4037,18,1,4.4,4.4,1,4.4,4.4,'2016-12-28 10:19:51',38,NULL,NULL),(302,477,1,'2016-12-14 16:10:00',2,44,4038,18,1,8.2,8.2,1,8.2,8.2,'2016-12-28 10:19:51',38,NULL,NULL),(303,478,1,'2016-12-14 16:10:00',2,44,4039,18,1,11.71,11.71,1,11.71,11.71,'2016-12-28 10:19:51',38,NULL,NULL),(304,479,1,'2016-12-14 16:10:00',2,44,4040,18,1,89.64,89.64,1,89.64,89.64,'2016-12-28 10:19:51',38,NULL,NULL),(305,480,1,'2016-12-14 16:10:00',2,44,4041,18,1,94.48,94.48,1,94.48,94.48,'2016-12-28 10:19:51',38,NULL,NULL),(306,481,1,'2016-12-14 16:10:07',2,45,4029,18,1,0.52,0.52,1,0.52,0.52,'2016-12-28 10:21:42',38,NULL,NULL),(307,482,1,'2016-12-14 16:10:07',2,45,4030,18,1,0.1,0.1,1,0.1,0.1,'2016-12-28 10:21:42',38,NULL,NULL),(308,483,1,'2016-12-14 16:10:07',2,45,4031,18,1,0.1,0.1,1,0.1,0.1,'2016-12-28 10:21:42',38,NULL,NULL),(309,484,1,'2016-12-14 16:10:07',2,45,4032,18,1,0.42,0.42,1,0.42,0.42,'2016-12-28 10:21:42',38,NULL,NULL),(310,485,1,'2016-12-14 16:10:07',2,45,4033,18,1,3.37,3.37,1,3.37,3.37,'2016-12-28 10:21:42',38,NULL,NULL),(311,486,1,'2016-12-14 16:10:07',2,45,4034,18,1,5.63,5.63,1,5.63,5.63,'2016-12-28 10:21:42',38,NULL,NULL),(312,487,1,'2016-12-14 16:10:07',2,45,4035,18,10,0.16,1.6,10,0.16,1.6,'2016-12-28 10:21:42',38,NULL,NULL),(313,488,1,'2016-12-14 16:10:07',2,45,4036,18,1,94.56,94.56,1,94.56,94.56,'2016-12-28 10:21:42',38,NULL,NULL),(314,489,1,'2016-12-14 16:10:16',2,46,2878,18,6,4.13,24.78,18,249.3,4487.34,'2016-12-28 10:24:16',38,NULL,NULL),(315,490,1,'2016-12-14 16:10:16',2,46,2897,18,12,7.62,91.44,36,460.22,16567.92,'2016-12-28 10:24:16',38,NULL,NULL),(316,491,1,'2016-12-14 16:10:16',2,46,2896,18,12,4.31,51.72,36,259.98,9359.16,'2016-12-28 10:24:16',38,NULL,NULL),(317,492,1,'2016-12-14 16:10:16',2,46,2862,18,12,2.48,29.76,36,149.67,5388,'2016-12-28 10:24:16',38,NULL,NULL),(318,493,1,'2016-12-14 16:10:16',2,46,2893,18,12,0.88,10.56,12,0.88,10.56,'2016-12-28 10:24:16',38,NULL,NULL),(319,46,20,'2016-12-15 10:10:06',10,45,4029,1,-1,0.52,-0.52,0,0,0,'2016-12-28 10:25:12',38,NULL,NULL),(320,46,20,'2016-12-15 10:10:06',10,45,4030,1,-1,0.1,-0.1,0,0,0,'2016-12-28 10:25:12',38,NULL,NULL),(321,46,20,'2016-12-15 10:10:06',10,45,4031,1,-1,0.1,-0.1,0,0,0,'2016-12-28 10:25:12',38,NULL,NULL),(322,46,20,'2016-12-15 10:10:06',10,45,4032,1,-1,0.42,-0.42,0,0,0,'2016-12-28 10:25:12',38,NULL,NULL),(323,46,20,'2016-12-15 10:10:06',10,45,4033,1,-1,3.37,-3.37,0,0,0,'2016-12-28 10:25:12',38,NULL,NULL),(324,46,20,'2016-12-15 10:10:06',10,45,4034,1,-1,5.63,-5.63,0,0,0,'2016-12-28 10:25:12',38,NULL,NULL),(325,46,20,'2016-12-15 10:10:06',10,45,4035,1,-10,0.16,-1.6,0,0,0,'2016-12-28 10:25:12',38,NULL,NULL),(326,46,20,'2016-12-15 10:10:06',10,45,4036,1,-1,94.56,-94.56,0,0,0,'2016-12-28 10:25:12',38,NULL,NULL),(327,47,20,'2016-12-20 13:53:38',10,44,4037,1,-1,4.4,-4.4,0,0,0,'2016-12-28 10:26:03',38,NULL,NULL),(328,47,20,'2016-12-20 13:53:38',10,44,4038,1,-1,8.2,-8.2,0,0,0,'2016-12-28 10:26:03',38,NULL,NULL),(329,47,20,'2016-12-20 13:53:38',10,44,4039,1,-1,11.71,-11.71,0,0,0,'2016-12-28 10:26:03',38,NULL,NULL),(330,47,20,'2016-12-20 13:53:38',10,44,4040,1,-1,89.64,-89.64,0,0,0,'2016-12-28 10:26:03',38,NULL,NULL),(331,47,20,'2016-12-20 13:53:38',10,44,4041,1,-1,94.48,-94.48,0,0,0,'2016-12-28 10:26:03',38,NULL,NULL),(332,48,20,'2016-12-20 14:38:51',10,33,2847,1,-4,319.71,-1278.84,24,348.45,8477.76,'2016-12-28 10:26:39',38,NULL,NULL),(333,1086,1,'2016-12-20 14:54:28',2,50,4067,18,8,0.74,5.92,8,0.74,5.92,'2016-12-28 10:28:10',38,NULL,NULL),(334,1087,1,'2016-12-20 14:54:28',2,50,4068,18,1,0.74,0.74,1,0.74,0.74,'2016-12-28 10:28:10',38,NULL,NULL),(335,1088,1,'2016-12-20 14:54:28',2,50,4069,18,1,1612.07,1612.07,1,1612.07,1612.07,'2016-12-28 10:28:10',38,NULL,NULL),(336,1089,1,'2016-12-20 14:54:28',2,50,4070,18,2,42.04,84.08,2,42.04,84.08,'2016-12-28 10:28:10',38,NULL,NULL),(337,1090,1,'2016-12-20 14:54:28',2,50,4071,18,1,880.65,880.65,1,880.65,880.65,'2016-12-28 10:28:10',38,NULL,NULL),(338,1091,1,'2016-12-20 14:54:28',2,50,4072,18,28,101.62,2845.36,28,101.62,2845.36,'2016-12-28 10:28:10',38,NULL,NULL),(339,1092,1,'2016-12-20 14:54:28',2,50,4042,18,1,1.16,1.16,1,1.16,1.16,'2016-12-28 10:28:10',38,NULL,NULL),(340,1093,1,'2016-12-20 14:54:28',2,50,4043,18,1,6.56,6.56,1,6.56,6.56,'2016-12-28 10:28:10',38,NULL,NULL),(341,1094,1,'2016-12-20 14:54:28',2,50,4044,18,1,13.15,13.15,1,13.15,13.15,'2016-12-28 10:28:10',38,NULL,NULL),(342,1095,1,'2016-12-20 14:54:28',2,50,4045,18,1,3.58,3.58,1,3.58,3.58,'2016-12-28 10:28:10',38,NULL,NULL),(343,1096,1,'2016-12-20 14:54:28',2,50,4046,18,1,1.16,1.16,1,1.16,1.16,'2016-12-28 10:28:10',38,NULL,NULL),(344,1097,1,'2016-12-20 14:54:28',2,50,4047,18,1,70.78,70.78,1,70.78,70.78,'2016-12-28 10:28:10',38,NULL,NULL),(345,1098,1,'2016-12-20 14:54:28',2,50,4048,18,2,6.48,12.96,2,6.48,12.96,'2016-12-28 10:28:10',38,NULL,NULL),(346,1099,1,'2016-12-20 14:54:28',2,50,4049,18,1,10.81,10.81,1,10.81,10.81,'2016-12-28 10:28:10',38,NULL,NULL),(347,1100,1,'2016-12-20 14:54:28',2,50,4050,18,1,12.36,12.36,1,12.36,12.36,'2016-12-28 10:28:10',38,NULL,NULL),(348,1101,1,'2016-12-20 14:54:28',2,50,4051,18,4,52.88,211.52,4,52.88,211.52,'2016-12-28 10:28:10',38,NULL,NULL),(349,1102,1,'2016-12-20 14:54:28',2,50,4052,18,4,46.21,184.84,4,46.21,184.84,'2016-12-28 10:28:10',38,NULL,NULL),(350,1103,1,'2016-12-20 14:54:28',2,50,4053,18,1,14.19,14.19,1,14.19,14.19,'2016-12-28 10:28:10',38,NULL,NULL),(351,1104,1,'2016-12-20 14:54:28',2,50,4054,18,1,127.57,127.57,1,127.57,127.57,'2016-12-28 10:28:10',38,NULL,NULL),(352,1105,1,'2016-12-20 14:54:28',2,50,4055,18,1,10.16,10.16,1,10.16,10.16,'2016-12-28 10:28:10',38,NULL,NULL),(353,1106,1,'2016-12-20 14:54:28',2,50,4056,18,1,26.18,26.18,1,26.18,26.18,'2016-12-28 10:28:10',38,NULL,NULL),(354,1107,1,'2016-12-20 14:54:28',2,50,4057,18,1,16.44,16.44,1,16.44,16.44,'2016-12-28 10:28:10',38,NULL,NULL),(355,1108,1,'2016-12-20 14:54:28',2,50,4058,18,1,1.16,1.16,1,1.16,1.16,'2016-12-28 10:28:10',38,NULL,NULL),(356,1109,1,'2016-12-20 14:54:28',2,50,4059,18,2,209.11,418.22,2,209.11,418.22,'2016-12-28 10:28:10',38,NULL,NULL),(357,1110,1,'2016-12-20 14:54:28',2,50,4060,18,1,209.11,209.11,1,209.11,209.11,'2016-12-28 10:28:10',38,NULL,NULL),(358,1111,1,'2016-12-20 14:54:28',2,50,4061,18,1,42.44,42.44,1,42.44,42.44,'2016-12-28 10:28:10',38,NULL,NULL),(359,1112,1,'2016-12-20 14:54:28',2,50,4062,18,1,42.44,42.44,1,42.44,42.44,'2016-12-28 10:28:10',38,NULL,NULL),(360,1113,1,'2016-12-20 14:54:28',2,50,4063,18,1,785.72,785.72,1,785.72,785.72,'2016-12-28 10:28:10',38,NULL,NULL),(361,1114,1,'2016-12-20 14:54:28',2,50,4064,18,2,209.11,418.22,2,209.11,418.22,'2016-12-28 10:28:10',38,NULL,NULL),(362,1115,1,'2016-12-20 14:54:28',2,50,4065,18,1,52.79,52.79,1,52.79,52.79,'2016-12-28 10:28:10',38,NULL,NULL),(363,1116,1,'2016-12-20 14:54:28',2,50,4066,18,1,42.44,42.44,1,42.44,42.44,'2016-12-28 10:28:10',38,NULL,NULL);
/*!40000 ALTER TABLE `inventario` ENABLE KEYS */;
UNLOCK TABLES;

--
-- Table structure for table `inventario_almacenado`
--

DROP TABLE IF EXISTS `inventario_almacenado`;
/*!40101 SET @saved_cs_client     = @@character_set_client */;
/*!40101 SET character_set_client = utf8 */;
CREATE TABLE `inventario_almacenado` (
  `periodo` int(11) NOT NULL,
  `id` int(11) NOT NULL,
  `articulo_id` int(11) DEFAULT NULL,
  `codigo_articulo` varchar(45) NOT NULL,
  `nombre` varchar(50) NOT NULL,
  `unidad` varchar(45) NOT NULL,
  `fecha` varchar(10) NOT NULL,
  `tipo_documento` varchar(15) NOT NULL,
  `serie_documento` varchar(15) NOT NULL,
  `numero_documento` varchar(20) NOT NULL,
  `tipo_operacion` varchar(20) NOT NULL,
  `ingreso_cantidad` varchar(40) NOT NULL,
  `ingreso_costo_unitario` varchar(40) NOT NULL,
  `ingreso_costo_total` varchar(40) NOT NULL,
  `egreso_cantidad` varchar(40) NOT NULL,
  `egreso_costo_unitario` varchar(40) NOT NULL,
  `egreso_costo_total` varchar(40) NOT NULL,
  `final_cantidad` varchar(40) NOT NULL,
  `final_costo_unitario` varchar(10) NOT NULL,
  `final_costo_total` varchar(10) NOT NULL
) ENGINE=InnoDB DEFAULT CHARSET=utf8 COMMENT='Almacena los resultados del procedimiento ''usp_reporte_kardex'' para una mas facil consulta.\r\n';
/*!40101 SET character_set_client = @saved_cs_client */;

--
-- Dumping data for table `inventario_almacenado`
--

LOCK TABLES `inventario_almacenado` WRITE;
/*!40000 ALTER TABLE `inventario_almacenado` DISABLE KEYS */;
/*!40000 ALTER TABLE `inventario_almacenado` ENABLE KEYS */;
UNLOCK TABLES;

--
-- Table structure for table `inventario_documento_manual`
--

DROP TABLE IF EXISTS `inventario_documento_manual`;
/*!40101 SET @saved_cs_client     = @@character_set_client */;
/*!40101 SET character_set_client = utf8 */;
CREATE TABLE `inventario_documento_manual` (
  `id` int(11) NOT NULL AUTO_INCREMENT,
  `numero` varchar(45) DEFAULT NULL,
  `serie` varchar(45) DEFAULT NULL,
  `fecha_creacion` datetime DEFAULT NULL,
  `user_id` int(11) DEFAULT NULL,
  PRIMARY KEY (`id`)
) ENGINE=InnoDB DEFAULT CHARSET=latin1;
/*!40101 SET character_set_client = @saved_cs_client */;

--
-- Dumping data for table `inventario_documento_manual`
--

LOCK TABLES `inventario_documento_manual` WRITE;
/*!40000 ALTER TABLE `inventario_documento_manual` DISABLE KEYS */;
/*!40000 ALTER TABLE `inventario_documento_manual` ENABLE KEYS */;
UNLOCK TABLES;

--
-- Table structure for table `inventario_mes`
--

DROP TABLE IF EXISTS `inventario_mes`;
/*!40101 SET @saved_cs_client     = @@character_set_client */;
/*!40101 SET character_set_client = utf8 */;
CREATE TABLE `inventario_mes` (
  `id` int(11) NOT NULL AUTO_INCREMENT,
  `mes` int(11) NOT NULL,
  `anio` int(11) NOT NULL,
  `cerrado_inventario` int(11) DEFAULT '0',
  `cerrado_kardex` int(11) DEFAULT '0',
  `cerrado_order_intake` int(11) DEFAULT '0',
  `cerrado_order_backlog` int(11) DEFAULT '0',
  PRIMARY KEY (`id`)
) ENGINE=InnoDB AUTO_INCREMENT=109 DEFAULT CHARSET=utf8;
/*!40101 SET character_set_client = @saved_cs_client */;

--
-- Dumping data for table `inventario_mes`
--

LOCK TABLES `inventario_mes` WRITE;
/*!40000 ALTER TABLE `inventario_mes` DISABLE KEYS */;
INSERT INTO `inventario_mes` VALUES (1,1,2016,0,0,0,0),(2,2,2016,0,0,0,0),(3,3,2016,0,0,0,0),(4,4,2016,0,0,0,0),(5,5,2016,0,0,0,0),(6,6,2016,0,0,0,0),(7,7,2016,0,1,0,0),(8,8,2016,0,0,0,0),(9,9,2016,0,1,1,0),(10,10,2016,0,0,0,0),(11,11,2016,0,0,0,0),(12,12,2016,0,0,0,0),(13,1,2017,0,0,0,0),(14,2,2017,0,0,0,0),(15,3,2017,0,0,0,0),(16,4,2017,0,0,0,0),(17,5,2017,0,0,0,0),(18,6,2017,0,0,0,0),(19,7,2017,0,0,0,0),(20,8,2017,0,0,0,0),(21,9,2017,0,0,0,0),(22,10,2017,0,0,0,0),(23,11,2017,0,0,0,0),(24,12,2017,0,0,0,0),(25,1,2018,0,0,0,0),(26,2,2018,0,0,0,0),(27,3,2018,0,0,0,0),(28,4,2018,0,0,0,0),(29,5,2018,0,0,0,0),(30,6,2018,0,0,0,0),(31,7,2018,0,0,0,0),(32,8,2018,0,0,0,0),(33,9,2018,0,0,0,0),(34,10,2018,0,0,0,0),(35,11,2018,0,0,0,0),(36,12,2018,0,0,0,0),(37,1,2019,0,0,0,0),(38,2,2019,0,0,0,0),(39,3,2019,0,0,0,0),(40,4,2019,0,0,0,0),(41,5,2019,0,0,0,0),(42,6,2019,0,0,0,0),(43,7,2019,0,0,0,0),(44,8,2019,0,0,0,0),(45,9,2019,0,0,0,0),(46,10,2019,0,0,0,0),(47,11,2019,0,0,0,0),(48,12,2019,0,0,0,0),(49,1,2020,0,0,0,0),(50,2,2020,0,0,0,0),(51,3,2020,0,0,0,0),(52,4,2020,0,0,0,0),(53,5,2020,0,0,0,0),(54,6,2020,0,0,0,0),(55,7,2020,0,0,0,0),(56,8,2020,0,0,0,0),(57,9,2020,0,0,0,0),(58,10,2020,0,0,0,0),(59,11,2020,0,0,0,0),(60,12,2020,0,0,0,0),(61,1,2021,0,0,0,0),(62,2,2021,0,0,0,0),(63,3,2021,0,0,0,0),(64,4,2021,0,0,0,0),(65,5,2021,0,0,0,0),(66,6,2021,0,0,0,0),(67,7,2021,0,0,0,0),(68,8,2021,0,0,0,0),(69,9,2021,0,0,0,0),(70,10,2021,0,0,0,0),(71,11,2021,0,0,0,0),(72,12,2021,0,0,0,0),(73,1,2022,0,0,0,0),(74,2,2022,0,0,0,0),(75,3,2022,0,0,0,0),(76,4,2022,0,0,0,0),(77,5,2022,0,0,0,0),(78,6,2022,0,0,0,0),(79,7,2022,0,0,0,0),(80,8,2022,0,0,0,0),(81,9,2022,0,0,0,0),(82,10,2022,0,0,0,0),(83,11,2022,0,0,0,0),(84,12,2022,0,0,0,0),(85,1,2023,0,0,0,0),(86,2,2023,0,0,0,0),(87,3,2023,0,0,0,0),(88,4,2023,0,0,0,0),(89,5,2023,0,0,0,0),(90,6,2023,0,0,0,0),(91,7,2023,0,0,0,0),(92,8,2023,0,0,0,0),(93,9,2023,0,0,0,0),(94,10,2023,0,0,0,0),(95,11,2023,0,0,0,0),(96,12,2023,0,0,0,0),(97,1,2024,0,0,0,0),(98,2,2024,0,0,0,0),(99,3,2024,0,0,0,0),(100,4,2024,0,0,0,0),(101,5,2024,0,0,0,0),(102,6,2024,0,0,0,0),(103,7,2024,0,0,0,0),(104,8,2024,0,0,0,0),(105,9,2024,0,0,0,0),(106,10,2024,0,0,0,0),(107,11,2024,0,0,0,0),(108,12,2024,0,0,0,0);
/*!40000 ALTER TABLE `inventario_mes` ENABLE KEYS */;
UNLOCK TABLES;

--
-- Table structure for table `inventario_tipo_documento`
--

DROP TABLE IF EXISTS `inventario_tipo_documento`;
/*!40101 SET @saved_cs_client     = @@character_set_client */;
/*!40101 SET character_set_client = utf8 */;
CREATE TABLE `inventario_tipo_documento` (
  `id` int(11) NOT NULL AUTO_INCREMENT,
  `descripcion` varchar(1000) NOT NULL,
  `codigo` varchar(6) NOT NULL,
  PRIMARY KEY (`id`)
) ENGINE=InnoDB AUTO_INCREMENT=62 DEFAULT CHARSET=utf8;
/*!40101 SET character_set_client = @saved_cs_client */;

--
-- Dumping data for table `inventario_tipo_documento`
--

LOCK TABLES `inventario_tipo_documento` WRITE;
/*!40000 ALTER TABLE `inventario_tipo_documento` DISABLE KEYS */;
INSERT INTO `inventario_tipo_documento` VALUES (1,'Otros','00'),(2,'Factura','01'),(3,'Recibo por Honorarios','02'),(4,'Boleta de Venta','03'),(5,'Liquidación de compra','04'),(6,'Boletos de Transporte Aéreo que emiten las Compañías de Aviación Comercial por el servicio de transporte aéreo regular de pasajeros, emitido de manera manual, mecanizada o por medios electrónicos (BME)','05'),(7,'Carta de porte aéreo por el servicio de transporte de carga aérea','06'),(8,'Nota de crédito','07'),(9,'Nota de débito','08'),(10,'Guía de remisión - Remitente','09'),(11,'Recibo por Arrendamiento','10'),(12,'Póliza emitida por las Bolsas de Valores, Bolsas de Productos o Agentes de Intermediación por operaciones realizadas en las Bolsas de Valores o Productos o fuera de las mismas, autorizadas por SMV','11'),(13,'Ticket o cinta emitido por máquina registradora','12'),(14,'Documentos emitidos por las empresas del sistema financiero y de seguros, y por las cooperativas de ahorro y crédito no autorizadas a captar recursos del público, que se encuentren bajo el control de la Superintendencia de Banca, Seguros y AFP.','13'),(15,'Recibo por servicios públicos de suministro de energía eléctrica, agua, teléfono, telex y telegráficos y otros servicios complementarios que se incluyan en el recibo de servicio público','14'),(16,'Boletos emitidos por el servicio de transporte terrestre regular urbano de pasajeros y el ferroviario público de pasajeros prestado en vía férrea local.','15'),(17,'Boletos de viaje emitidos por las empresas de transporte nacional de pasajeros, siempre que cuenten con la autorización de la autoridad competente, en las rutas autorizadas. Vía terrestre o ferroviario público no emitido por medios electrónicos (BVME)','16'),(18,'Documento emitido por la Iglesia Católica por el arrendamiento de bienes inmuebles','17'),(19,'Documento emitido por las Administradoras Privadas de Fondo de Pensiones que se encuentran bajo la supervisión de la Superintendencia de Banca, Seguros y AFP','18'),(20,'Boleto o entrada por atracciones y espectáculos públicos','19'),(21,'Comprobante de Retención','20'),(22,'Conocimiento de embarque por el servicio de transporte de carga marítima','21'),(23,'Comprobante por Operaciones No Habituales','22'),(24,'Pólizas de Adjudicación emitidas con ocasión del remate o adjudicación de bienes por venta forzada, por los martilleros o las entidades que rematen o subasten bienes por cuenta de terceros','23'),(25,'Certificado de pago de regalías emitidas por PERUPETRO S.A','24'),(26,'Documento de Atribución (Ley del Impuesto General a las Ventas e Impuesto Selectivo al Consumo, Art. 19º, último párrafo, R.S. N° 022-98-SUNAT).','25'),(27,'Recibo por el Pago de la Tarifa por Uso de Agua Superficial con fines agrarios y por el pago de la Cuota para la ejecución de una determinada obra o actividad acordada por la Asamblea General de la Comisión de Regantes o Resolución expedida por el Jefe de la Unidad de Aguas y de Riego (Decreto Supremo N° 003-90-AG, Arts. 28 y 48)','26'),(28,'Seguro Complementario de Trabajo de Riesgo','27'),(29,'Documentos emitidos por los servicios aeroportuarios prestados a favor de los pasajeros, mediante mecanismo de etiquetas autoadhesivas.  ','28'),(30,'Documentos emitidos por la COFOPRI en calidad de oferta de venta de terrenos, los correspondientes a las subastas públicas y a la retribución de los servicios que presta','29'),(31,'Documentos emitidos por las empresas que desempeñan el rol adquirente en los sistemas de pago mediante tarjetas de crédito y débito, emitidas por bancos e instituciones financieras o crediticias, domiciliados o no en el país.','30'),(32,'Guía de Remisión - Transportista','31'),(33,'Documentos emitidos por las empresas recaudadoras de la denominada Garantía de Red Principal a la que hace referencia el numeral 7.6 del artículo 7° de la Ley N° 27133 – Ley de Promoción del Desarrollo de la Industria del Gas Natural','32'),(34,'Manifiesto de Pasajeros','33'),(35,'Documento del Operador','34'),(36,'Documento del Partícipe','35'),(37,'Recibo de Distribución de Gas Natural','36'),(38,'Documentos que emitan los concesionarios del servicio de revisiones técnicas vehiculares, por la prestación de dicho servicio','37'),(39,'Comprobante de Percepción','40'),(40,'Comprobante de Percepción - Venta interna','41'),(41,'Documentos emitidos por las empresas que desempeñan el rol adquiriente en los sistemas de pago mediante tarjetas de crédito emitidas por ellas mismas','42'),(42,'Boletos emitidos por las Compañías de Aviación Comercial que prestan servicios de transporte aéreo no regular de pasajeros y transporte aéreo especial de pasajeros.','43'),(43,'Billetes de lotería, rifas y apuestas. ','44'),(44,'Documentos emitidos por centros educativos y culturales, universidades, asociaciones y fundaciones, en lo referente a actividades no gravadas con tributos administrados por la SUNAT.','45'),(45,'Formulario de Declaración - pago o Boleta de pago de tributos Internos','46'),(46,'Comprobante de Operaciones - Ley N° 29972','48'),(47,'Constancia de Depósito - IVAP (Ley 28211)','49'),(48,'Declaración Única de Aduanas - Importación definitiva','50'),(49,'Póliza o DUI Fraccionada','51'),(50,'Despacho Simplificado - Importación Simplificada','52'),(51,'Declaración de Mensajería o Courier','53'),(52,'Liquidación de Cobranza','54'),(53,'BVME para transporte ferroviario de pasajeros','55'),(54,'Comprobante de pago SEAE','56'),(55,'Nota de Crédito Especial','87'),(56,'Nota de Débito Especial','88'),(57,'Nota de Ajuste de Operaciones - Ley N° 29972','89'),(58,'Comprobante de No Domiciliado','91'),(59,'Exceso de crédito fiscal por retiro de bienes','96'),(60,'Nota de Crédito - No Domiciliado','97'),(61,'Nota de Débito - No Domiciliado','98');
/*!40000 ALTER TABLE `inventario_tipo_documento` ENABLE KEYS */;
UNLOCK TABLES;

--
-- Table structure for table `inventario_tipo_operacion`
--

DROP TABLE IF EXISTS `inventario_tipo_operacion`;
/*!40101 SET @saved_cs_client     = @@character_set_client */;
/*!40101 SET character_set_client = utf8 */;
CREATE TABLE `inventario_tipo_operacion` (
  `id` int(11) NOT NULL AUTO_INCREMENT,
  `nombre` varchar(100) NOT NULL,
  `codigo` varchar(6) NOT NULL,
  PRIMARY KEY (`id`)
) ENGINE=InnoDB AUTO_INCREMENT=48 DEFAULT CHARSET=utf8;
/*!40101 SET character_set_client = @saved_cs_client */;

--
-- Dumping data for table `inventario_tipo_operacion`
--

LOCK TABLES `inventario_tipo_operacion` WRITE;
/*!40000 ALTER TABLE `inventario_tipo_operacion` DISABLE KEYS */;
INSERT INTO `inventario_tipo_operacion` VALUES (1,'VENTA NACIONAL','01'),(2,'COMPRA NACIONAL','02'),(3,'CONSIGNACIÓN RECIBIDA','03'),(4,'CONSIGNACIÓN ENTREGADA','04'),(5,'DEVOLUCIÓN RECIBIDA','05'),(6,'DEVOLUCIÓN ENTREGADA','06'),(7,'BONIFICACIÓN','07'),(8,'PREMIO','08'),(9,'DONACIÓN','09'),(10,'SALIDA A PRODUCCIÓN','10'),(11,'SALIDA POR TRANSFERENCIA ENTRE ALMACENES ','11'),(12,'RETIRO','12'),(13,'MERMAS','13'),(14,'DESMEDROS','14'),(15,'DESTRUCCIÓN','15'),(16,'SALDO INICIAL','16'),(17,'EXPORTACIÓN','17'),(18,'IMPORTACIÓN','18'),(19,'ENTRADA DE PRODUCCIÓN','19'),(20,'ENTRADA POR DEVOLUCIÓN DE PRODUCCIÓN','20'),(21,'ENTRADA POR TRANSFERENCIA ENTRE ALMACENES ','21'),(22,'ENTRADA POR IDENTIFICACIÓN ERRONEA','22'),(23,'SALIDA POR IDENTIFICACIÓN ERRONEA','23'),(24,'ENTRADA POR DEVOLUCIÓN DEL CLIENTE','24'),(25,'SALIDA POR DEVOLUCIÓN AL PROVEEDOR','25'),(26,'ENTRADA PARA SERVICIO DE PRODUCCIÓN','26'),(27,'SALIDA POR SERVICIO DE PRODUCCIÓN','27'),(28,'AJUSTE POR DIFERENCIA DE INVENTARIO','28'),(29,'ENTRADA DE BIENES EN PRÉSTAMO','29'),(30,'SALIDA DE BIENES EN PRÉSTAMO','30'),(31,'ENTRADA DE BIENES EN CUSTODIA','31'),(32,'SALIDA DE BIENES EN CUSTODIA','32'),(33,'MUESTRAS MÉDICAS','33'),(34,'PUBLICIDAD','34'),(35,'GASTOS DE REPRESENTACIÓN','35'),(36,'RETIRO PARA ENTREGA A TRABAJADORES','36'),(37,'RETIRO POR CONVENIO COLECTIVO','37'),(38,'RETIRO POR SUSTITUCIÓN DE BIEN SINIESTRADO','38'),(39,'OTROS 1','91'),(40,'OTROS 2','92'),(41,'OTROS 3','93'),(42,'OTROS 4','94'),(43,'OTROS 5','95'),(44,'OTROS 6','96'),(45,'OTROS 7','97'),(46,'OTROS 8','98'),(47,'OTROS ','99');
/*!40000 ALTER TABLE `inventario_tipo_operacion` ENABLE KEYS */;
UNLOCK TABLES;

--
-- Table structure for table `inventario_tipo_origen`
--

DROP TABLE IF EXISTS `inventario_tipo_origen`;
/*!40101 SET @saved_cs_client     = @@character_set_client */;
/*!40101 SET character_set_client = utf8 */;
CREATE TABLE `inventario_tipo_origen` (
  `id` int(11) NOT NULL AUTO_INCREMENT,
  `nombre` varchar(100) NOT NULL,
  PRIMARY KEY (`id`)
) ENGINE=InnoDB AUTO_INCREMENT=23 DEFAULT CHARSET=utf8;
/*!40101 SET character_set_client = @saved_cs_client */;

--
-- Dumping data for table `inventario_tipo_origen`
--

LOCK TABLES `inventario_tipo_origen` WRITE;
/*!40000 ALTER TABLE `inventario_tipo_origen` DISABLE KEYS */;
INSERT INTO `inventario_tipo_origen` VALUES (1,'Carpeta de Importacion'),(2,'Venta'),(3,'Nota de crédito'),(4,'Ajuste'),(20,'Despacho'),(21,'Manual'),(22,'Orden de Compra');
/*!40000 ALTER TABLE `inventario_tipo_origen` ENABLE KEYS */;
UNLOCK TABLES;

--
-- Table structure for table `lote_facturas`
--

DROP TABLE IF EXISTS `lote_facturas`;
/*!40101 SET @saved_cs_client     = @@character_set_client */;
/*!40101 SET character_set_client = utf8 */;
CREATE TABLE `lote_facturas` (
  `id` int(11) NOT NULL AUTO_INCREMENT,
  `despacho_id` int(11) DEFAULT NULL,
  `facturas_creadas` int(11) DEFAULT '0',
  `facturas_impresas` int(11) DEFAULT '0',
  PRIMARY KEY (`id`),
  KEY `despacho_lote_fk` (`despacho_id`),
  CONSTRAINT `despacho_lote_fk` FOREIGN KEY (`despacho_id`) REFERENCES `despacho` (`id`) ON DELETE NO ACTION ON UPDATE NO ACTION
) ENGINE=InnoDB AUTO_INCREMENT=40 DEFAULT CHARSET=utf8;
/*!40101 SET character_set_client = @saved_cs_client */;

--
-- Dumping data for table `lote_facturas`
--

LOCK TABLES `lote_facturas` WRITE;
/*!40000 ALTER TABLE `lote_facturas` DISABLE KEYS */;
INSERT INTO `lote_facturas` VALUES (32,39,0,0),(33,37,0,0),(34,38,0,0),(35,44,0,0),(36,43,0,0),(37,43,0,0),(38,47,0,0),(39,48,0,0);
/*!40000 ALTER TABLE `lote_facturas` ENABLE KEYS */;
UNLOCK TABLES;

--
-- Table structure for table `notificacion`
--

DROP TABLE IF EXISTS `notificacion`;
/*!40101 SET @saved_cs_client     = @@character_set_client */;
/*!40101 SET character_set_client = utf8 */;
CREATE TABLE `notificacion` (
  `id` int(11) NOT NULL AUTO_INCREMENT,
  `titulo` varchar(45) DEFAULT NULL,
  `descripcion` varchar(200) DEFAULT NULL,
  `link` varchar(300) DEFAULT NULL,
  `usuario_id` int(11) DEFAULT NULL,
  `fecha` datetime DEFAULT NULL,
  PRIMARY KEY (`id`)
) ENGINE=InnoDB AUTO_INCREMENT=715 DEFAULT CHARSET=utf8;
/*!40101 SET character_set_client = @saved_cs_client */;

--
-- Dumping data for table `notificacion`
--

LOCK TABLES `notificacion` WRITE;
/*!40000 ALTER TABLE `notificacion` DISABLE KEYS */;
INSERT INTO `notificacion` VALUES (646,'Flujo de Orden de Compra','Han solicitado a su grupo de aprobación verificar el documento 17-10007-0','#/ordenCompra/detalle/535',44,'2017-02-15 22:44:22'),(647,'Flujo de Orden de Compra','Han solicitado a su grupo de aprobación verificar el documento 17-10018-0','#/ordenCompra/detalle/547',44,'2017-02-15 23:31:53'),(648,'Flujo de Orden de Compra','Han solicitado a su grupo de aprobación verificar el documento 17-10021-0','#/ordenCompra/detalle/550',44,'2017-02-15 23:37:55'),(649,'Flujo de Orden de Compra','Han solicitado a su grupo de aprobación verificar el documento 17-10022-0','#/ordenCompra/detalle/551',44,'2017-02-15 23:38:35'),(650,'Flujo de Orden de Compra','Han solicitado a su grupo de aprobación verificar el documento 17-10007-0','#/ordenCompra/detalle/535',41,'2017-02-15 23:39:50'),(652,'Flujo de Orden de Compra','Han solicitado a su grupo de aprobación verificar el documento 17-10022-0','#/ordenCompra/detalle/551',41,'2017-02-15 23:41:08'),(653,'Aprobación de Documento','El documento 17-10022-0 ha sido aprobado, puede revisarlo haciendo click en el siguiente botón','#/ordenCompra/detalle/551',38,'2017-02-15 23:41:25'),(654,'Flujo de Orden de Compra','Han solicitado a su grupo de aprobación verificar el documento 17-10023-0','#/ordenCompra/detalle/552',44,'2017-02-15 23:50:53'),(655,'Flujo de Orden de Compra','Han solicitado a su grupo de aprobación verificar el documento 17-10023-0','#/ordenCompra/detalle/552',41,'2017-02-15 23:51:01'),(656,'Aprobación de Documento','El documento 17-10023-0 ha sido aprobado, puede revisarlo haciendo click en el siguiente botón','#/ordenCompra/detalle/552',38,'2017-02-15 23:55:19'),(657,'Flujo de Orden de Compra','Han solicitado a su grupo de aprobación verificar el documento 17-10024-0','#/ordenCompra/detalle/553',44,'2017-02-16 00:02:29'),(658,'Flujo de Orden de Compra','Han solicitado a su grupo de aprobación verificar el documento 17-10024-0','#/ordenCompra/detalle/553',41,'2017-02-16 00:02:39'),(659,'Aprobación de Documento','El documento 17-10024-0 ha sido aprobado, puede revisarlo haciendo click en el siguiente botón','#/ordenCompra/detalle/553',38,'2017-02-16 00:03:39'),(660,'Flujo de Orden de Compra','Han solicitado a su grupo de aprobación verificar el documento 17-10025-0','#/ordenCompra/detalle/554',44,'2017-02-16 00:05:30'),(661,'Flujo de Orden de Compra','Han solicitado a su grupo de aprobación verificar el documento 17-10025-0','#/ordenCompra/detalle/554',41,'2017-02-16 00:05:36'),(662,'Aprobación de Documento','El documento 17-10025-0 ha sido aprobado, puede revisarlo haciendo click en el siguiente botón','#/ordenCompra/detalle/554',38,'2017-02-16 00:05:43'),(663,'Flujo de Orden de Compra','Han solicitado a su grupo de aprobación verificar el documento 17-10026-0','#/ordenCompra/detalle/555',44,'2017-02-16 00:07:40'),(664,'Flujo de Orden de Compra','Han solicitado a su grupo de aprobación verificar el documento 17-10026-0','#/ordenCompra/detalle/555',41,'2017-02-16 00:07:48'),(665,'Aprobación de Documento','El documento 17-10026-0 ha sido aprobado, puede revisarlo haciendo click en el siguiente botón','#/ordenCompra/detalle/555',38,'2017-02-16 00:07:55'),(666,'Flujo de Orden de Compra','Han solicitado a su grupo de aprobación verificar el documento 17-10027-0','#/ordenCompra/detalle/556',44,'2017-02-16 00:09:00'),(667,'Flujo de Orden de Compra','Han solicitado a su grupo de aprobación verificar el documento 17-10027-0','#/ordenCompra/detalle/556',41,'2017-02-16 00:09:12'),(668,'Aprobación de Documento','El documento 17-10027-0 ha sido aprobado, puede revisarlo haciendo click en el siguiente botón','#/ordenCompra/detalle/556',38,'2017-02-16 00:09:24'),(669,'Flujo de Orden de Compra','Han solicitado a su grupo de aprobación verificar el documento 17-10020-0','#/ordenCompra/detalle/549',44,'2017-02-16 00:40:36'),(670,'Flujo de Orden de Compra','Han solicitado a su grupo de aprobación verificar el documento 17-10028-0','#/ordenCompra/detalle/557',44,'2017-02-16 11:09:12'),(671,'Flujo de Orden de Compra','Han solicitado a su grupo de aprobación verificar el documento 17-10028-0','#/ordenCompra/detalle/557',41,'2017-02-16 11:19:43'),(672,'Aprobación de Documento','El documento 17-10028-0 ha sido aprobado, puede revisarlo haciendo click en el siguiente botón','#/ordenCompra/detalle/557',38,'2017-02-16 11:19:53'),(673,'Flujo de Orden de Compra','Han solicitado a su grupo de aprobación verificar el documento 17-10030-0','#/ordenCompra/detalle/559',44,'2017-02-23 18:21:05'),(674,'Flujo de Orden de Compra','Han solicitado a su grupo de aprobación verificar el documento 17-10031-0','#/ordenCompra/detalle/560',44,'2017-02-23 18:31:09'),(675,'Flujo de Orden de Compra','Han solicitado a su grupo de aprobación verificar el documento 17-10033-0','#/ordenCompra/detalle/562',44,'2017-02-23 18:35:38'),(676,'Flujo de Orden de Compra Chica','Han solicitado a su grupo de aprobación verificar el documento 17-10034-0','#/ordenCompra/detalle/563',39,'2017-02-23 18:47:35'),(677,'Flujo de Orden de Compra','Han solicitado a su grupo de aprobación verificar el documento 17-10035-0','#/ordenCompra/detalle/564',44,'2017-02-23 18:51:00'),(678,'Flujo de Orden de Compra Chica','Han solicitado a su grupo de aprobación verificar el documento 17-10036-0','#/ordenCompra/detalle/565',39,'2017-02-23 18:51:17'),(679,'Aprobación de Documento','El documento null ha sido aprobado, puede revisarlo haciendo click en el siguiente botón','#/ordenCompra/detalle/564',NULL,'2017-02-23 18:51:31'),(680,'Aprobación de Documento','El documento null ha sido aprobado, puede revisarlo haciendo click en el siguiente botón','#/ordenCompra/detalle/565',NULL,'2017-02-23 18:51:40'),(681,'Flujo de Orden de Compra Chica','Han solicitado a su grupo de aprobación verificar el documento 17-0039-0','#/ordenCompra/detalle/568',39,'2017-02-24 14:33:42'),(682,'Flujo de Orden de Compra','Han solicitado a su grupo de aprobación verificar el documento 17-0040-0','#/ordenCompra/detalle/569',44,'2017-02-24 14:35:11'),(683,'Flujo de Orden de Compra','Han solicitado a su grupo de aprobación verificar el documento 17-0041-0','#/ordenCompra/detalle/570',44,'2017-02-27 14:37:10'),(684,'Flujo de Orden de Compra','Han solicitado a su grupo de aprobación verificar el documento 17-0042-0','#/ordenCompra/detalle/571',44,'2017-03-01 00:33:04'),(685,'Flujo de Orden de Compra Chica','Han solicitado a su grupo de aprobación verificar el documento 17-0043-0','#/ordenCompra/detalle/572',39,'2017-03-01 00:34:30'),(686,'Flujo de Orden de Compra','Han solicitado a su grupo de aprobación verificar el documento 17-10037-0','#/ordenCompra/detalle/566',44,'2017-03-15 23:27:34'),(687,'Aprobación de Documento','El documento null ha sido aprobado, puede revisarlo haciendo click en el siguiente botón','#/ordenCompra/detalle/566',NULL,'2017-03-16 09:51:06'),(688,'Flujo de Orden de Compra Chica','Han solicitado a su grupo de aprobación verificar el documento 17-0045-0','#/ordenCompra/detalle/574',39,'2017-03-16 10:01:38'),(689,'Rechazo de Documento','El documento null ha sido rechazado, puede revisarlo haciendo click en el siguiente botón','#/ordenCompra/detalle/574',NULL,'2017-03-16 10:02:35'),(690,'Flujo de Orden de Compra Chica','Han solicitado a su grupo de aprobación verificar el documento 17-0045-0','#/ordenCompra/detalle/574',39,'2017-03-16 10:12:05'),(691,'Rechazo de Documento','El documento null ha sido rechazado, puede revisarlo haciendo click en el siguiente botón','#/ordenCompra/detalle/574',NULL,'2017-03-16 10:12:22'),(692,'Flujo de Orden de Compra Chica','Han solicitado a su grupo de aprobación verificar el documento 17-0045-0','#/ordenCompra/detalle/574',39,'2017-03-16 10:12:34'),(693,'Aprobación de Documento','El documento null ha sido aprobado, puede revisarlo haciendo click en el siguiente botón','#/ordenCompra/detalle/574',NULL,'2017-03-16 10:12:45'),(694,'Flujo de Orden de Compra','Han solicitado a su grupo de aprobación verificar el documento 17-0044-0','#/ordenCompra/detalle/573',44,'2017-03-16 11:20:12'),(695,'Aprobación de Documento','El documento null ha sido aprobado, puede revisarlo haciendo click en el siguiente botón','#/ordenCompra/detalle/573',NULL,'2017-03-16 11:20:36'),(696,'Flujo de Orden de Compra Chica','Han solicitado a su grupo de aprobación verificar el documento 17-0052-0','#/ordenCompra/detalle/581',39,'2017-03-18 15:06:58'),(697,'Flujo de Orden de Compra','Han solicitado a su grupo de aprobación verificar el documento 17-0054-0','#/ordenCompra/detalle/583',44,'2017-03-18 15:12:36'),(698,'Flujo de Orden de Compra Chica','Han solicitado a su grupo de aprobación verificar el documento 17-0055-0','#/ordenCompra/detalle/584',39,'2017-03-18 15:15:45'),(699,'Flujo de Orden de Compra Chica','Han solicitado a su grupo de aprobación verificar el documento 17-0056-0','#/ordenCompra/detalle/585',39,'2017-03-18 15:16:05'),(700,'Flujo de Orden de Compra Chica','Han solicitado a su grupo de aprobación verificar el documento 17-0057-0','#/ordenCompra/detalle/586',39,'2017-03-18 15:19:06'),(701,'Flujo de Orden de Compra Chica','Han solicitado a su grupo de aprobación verificar el documento 17-0058-0','#/ordenCompra/detalle/587',39,'2017-03-18 16:33:10'),(702,'Flujo de Orden de Compra Chica','Han solicitado a su grupo de aprobación verificar el documento 17-0060-0','#/ordenCompra/detalle/590',39,'2017-03-19 01:58:13'),(703,'Flujo de Orden de Compra Chica','Han solicitado a su grupo de aprobación verificar el documento 17-0064-0','#/ordenCompra/detalle/595',39,'2017-03-19 02:34:11'),(704,'Flujo de Orden de Compra Chica','Han solicitado a su grupo de aprobación verificar el documento 17-0065-0','#/ordenCompra/detalle/596',39,'2017-03-19 02:34:42'),(705,'Flujo de Orden de Compra','Han solicitado a su grupo de aprobación verificar el documento 17-0066-0','#/ordenCompra/detalle/597',44,'2017-03-19 02:38:02'),(706,'Aprobación de Documento','El documento null ha sido aprobado, puede revisarlo haciendo click en el siguiente botón','#/ordenCompra/detalle/597',NULL,'2017-03-19 02:39:32'),(707,'Flujo de Orden de Compra','Han solicitado a su grupo de aprobación verificar el documento 17-0068-0','#/ordenCompra/detalle/599',36,'2017-03-19 03:00:21'),(708,'Flujo de Orden de Compra','Han solicitado a su grupo de aprobación verificar el documento 17-0068-0','#/ordenCompra/detalle/599',38,'2017-03-19 03:00:21'),(709,'Flujo de Orden de Compra','Han solicitado a su grupo de aprobación verificar el documento 17-0100-0','#/ordenCompra/detalle/602',36,'2017-03-19 16:37:21'),(710,'Flujo de Orden de Compra','Han solicitado a su grupo de aprobación verificar el documento 17-0100-0','#/ordenCompra/detalle/602',38,'2017-03-19 16:37:21'),(711,'Aprobación de Documento','El documento null ha sido aprobado, puede revisarlo haciendo click en el siguiente botón','#/ordenCompra/detalle/599',NULL,'2017-03-19 16:37:30'),(712,'Nuevo Solicitud de Compra','Se ha creado la solicitud ','#/reqCompra/detalle/',38,'2017-03-20 00:51:31'),(713,'Flujo de Orden de Compra','Han solicitado a su grupo de aprobación verificar el documento 17-0102-0','#/ordenCompra/detalle/604',36,'2017-03-20 01:49:24'),(714,'Flujo de Orden de Compra','Han solicitado a su grupo de aprobación verificar el documento 17-0102-0','#/ordenCompra/detalle/604',38,'2017-03-20 01:49:24');
/*!40000 ALTER TABLE `notificacion` ENABLE KEYS */;
UNLOCK TABLES;

--
-- Table structure for table `numero_serie`
--

DROP TABLE IF EXISTS `numero_serie`;
/*!40101 SET @saved_cs_client     = @@character_set_client */;
/*!40101 SET character_set_client = utf8 */;
CREATE TABLE `numero_serie` (
  `id` int(11) NOT NULL AUTO_INCREMENT,
  `codigo` varchar(5) DEFAULT NULL,
  `numInicio` int(11) DEFAULT NULL,
  `numFinal` int(11) DEFAULT NULL,
  `tipo_documento` varchar(45) DEFAULT NULL,
  PRIMARY KEY (`id`)
) ENGINE=InnoDB AUTO_INCREMENT=18 DEFAULT CHARSET=utf8;
/*!40101 SET character_set_client = @saved_cs_client */;

--
-- Dumping data for table `numero_serie`
--

LOCK TABLES `numero_serie` WRITE;
/*!40000 ALTER TABLE `numero_serie` DISABLE KEYS */;
INSERT INTO `numero_serie` VALUES (12,'001',1,NULL,'GuiaRemision'),(13,'001',1,NULL,'Factura'),(14,'001',1,NULL,'Factura'),(15,'001',1,NULL,'Factura'),(16,'001',1,NULL,'Factura'),(17,'001',1,NULL,'NotaCredito');
/*!40000 ALTER TABLE `numero_serie` ENABLE KEYS */;
UNLOCK TABLES;

--
-- Table structure for table `orden_compra`
--

DROP TABLE IF EXISTS `orden_compra`;
/*!40101 SET @saved_cs_client     = @@character_set_client */;
/*!40101 SET character_set_client = utf8 */;
CREATE TABLE `orden_compra` (
  `id` int(11) NOT NULL AUTO_INCREMENT,
  `numero` varchar(45) NOT NULL,
  `fecha` datetime NOT NULL,
  `proveedor_id` int(11) NOT NULL,
  `notas` varchar(500) DEFAULT NULL,
  `centro_costo_id` int(11) DEFAULT NULL,
  `termino_pago` varchar(100) DEFAULT NULL,
  `orden_trabajo` varchar(100) DEFAULT NULL,
  `moneda` varchar(45) DEFAULT NULL,
  `estado_id` int(11) DEFAULT NULL,
  `tipo_id` int(11) DEFAULT NULL,
  `total_detalle` double DEFAULT '0',
  `igv` double DEFAULT '0',
  `total` double DEFAULT '0',
  `solicitud_id` int(11) DEFAULT NULL,
  `carpeta_importacion_id` int(11) DEFAULT NULL,
  `fecha_aprobacion` datetime DEFAULT NULL,
  `fecha_aceptacion_proveedor` datetime DEFAULT NULL,
  `razon_rechazo` varchar(1000) DEFAULT NULL,
  `factura_id` int(11) DEFAULT NULL,
  `fecha_creacion` datetime DEFAULT CURRENT_TIMESTAMP,
  `usuario_creacion` int(11) DEFAULT '0',
  `fecha_modificacion` datetime DEFAULT NULL,
  `usuario_modificacion` int(11) DEFAULT NULL,
  `req_compra_id` int(11) DEFAULT '0',
  `our_ref` varchar(45) DEFAULT NULL,
  `your_ref` varchar(45) DEFAULT NULL,
  `desc_especial` double DEFAULT NULL,
  `exworks` double DEFAULT NULL,
  `terms_delivery` varchar(100) DEFAULT NULL,
  `vessel_plant` varchar(50) DEFAULT NULL,
  `supplier_ref` varchar(50) DEFAULT NULL,
  `engine_tc` varchar(50) DEFAULT NULL,
  `cuenta_contable` int(11) DEFAULT NULL,
  `orden_compracol` varchar(45) DEFAULT NULL,
  `centro_costo` int(11) DEFAULT NULL,
  `impuesto_id` int(11) DEFAULT NULL,
  `impuesto_monto` double DEFAULT NULL,
  `terminos_condiciones` varchar(1000) DEFAULT NULL,
  `go_discount` double DEFAULT NULL,
  `gastos_extras` double DEFAULT NULL,
  `numero_secuencia` int(11) DEFAULT NULL,
  `exonerado` double DEFAULT NULL,
  `impuesto_adicional` double DEFAULT NULL,
  `porcentaje_impuesto_adicional` double DEFAULT NULL,
  `porc_desc_especial` double DEFAULT NULL,
  `porc_go_discount` double DEFAULT NULL,
  `fecha_entrega` datetime DEFAULT NULL,
  `solicitante_id` int(11) DEFAULT NULL,
  `clase_compra` varchar(4) DEFAULT NULL,
  PRIMARY KEY (`id`)
) ENGINE=InnoDB AUTO_INCREMENT=605 DEFAULT CHARSET=utf8;
/*!40101 SET character_set_client = @saved_cs_client */;

--
-- Dumping data for table `orden_compra`
--

LOCK TABLES `orden_compra` WRITE;
/*!40000 ALTER TABLE `orden_compra` DISABLE KEYS */;
INSERT INTO `orden_compra` VALUES (592,'17-0098-0','2017-03-19 00:00:00',161,'12312',16,'12',NULL,'PEN',1,20,144,0.18,169.92,NULL,NULL,NULL,NULL,NULL,NULL,'2017-03-19 02:29:44',38,NULL,NULL,NULL,NULL,NULL,0,144,NULL,NULL,NULL,NULL,NULL,NULL,NULL,5,25.919999999999998,'Validez de la oferta : 30 días\\nTérminos de pago   : Factura a 30 días\\nLugar de entrega     : Lima Callao\\nTiempo de entrega : 2 Semanas posterior a la Conformidad de la Orden de Compra',0,0,98,0,0,0,0,0,'2017-03-19 00:00:00',NULL,NULL),(598,'17-0099-0','2017-03-19 00:00:00',69,'2321',16,'1231',NULL,'PEN',1,20,483,0.18,569.94,NULL,NULL,NULL,NULL,NULL,NULL,'2017-03-19 02:50:08',38,'2017-03-19 02:52:35',38,NULL,NULL,NULL,0,483,NULL,NULL,NULL,NULL,NULL,NULL,NULL,5,86.94,'Validez de la oferta : 30 días\\nTérminos de pago   : Factura a 30 días\\nLugar de entrega     : Lima Callao\\nTiempo de entrega : 2 Semanas posterior a la Conformidad de la Orden de Compra',0,0,99,0,0,0,0,0,'2017-03-19 00:00:00',NULL,'SERV'),(599,'17-0100-0','2017-03-19 00:00:00',10,NULL,16,'123',NULL,'PEN',6,22,529,0.18,624.22,406,NULL,'2017-03-19 16:37:30','2017-03-10 00:00:00',NULL,NULL,'2017-03-19 03:00:16',38,'2017-03-20 01:49:50',38,NULL,NULL,NULL,0,529,NULL,NULL,NULL,NULL,NULL,NULL,NULL,5,95.22,'Validez de la oferta : 30 días\\nTérminos de pago   : Factura a 30 días\\nLugar de entrega     : Lima Callao\\nTiempo de entrega : 2 Semanas posterior a la Conformidad de la Orden de Compra',0,0,100,0,0,0,0,0,'2017-03-19 00:00:00',NULL,'PROD'),(600,'17-0100-0','2017-03-19 00:00:00',10,'3122',16,'312',NULL,'PEN',1,21,529,0.18,624.22,NULL,NULL,NULL,NULL,NULL,NULL,'2017-03-19 13:08:42',38,NULL,NULL,NULL,NULL,NULL,0,529,NULL,NULL,NULL,NULL,NULL,NULL,NULL,5,95.22,'Validez de la oferta : 30 días\\nTérminos de pago   : Factura a 30 días\\nLugar de entrega     : Lima Callao\\nTiempo de entrega : 2 Semanas posterior a la Conformidad de la Orden de Compra',0,0,100,0,0,0,0,0,'2017-03-19 00:00:00',NULL,'PROD'),(601,'17-0100-0','2017-03-19 00:00:00',51,'123',16,'1231',NULL,'PEN',1,21,3744,0.18,4417.92,NULL,NULL,NULL,NULL,NULL,NULL,'2017-03-19 13:16:28',38,'2017-03-19 13:16:46',38,NULL,NULL,NULL,0,3744,NULL,NULL,NULL,NULL,NULL,NULL,NULL,5,673.92,'Validez de la oferta : 30 días\\nTérminos de pago   : Factura a 30 días\\nLugar de entrega     : Lima Callao\\nTiempo de entrega : 2 Semanas posterior a la Conformidad de la Orden de Compra',0,0,100,0,0,0,0,0,'2017-03-19 00:00:00',NULL,'PROD'),(602,'17-0100-0','2017-03-19 00:00:00',40,'123',16,'123',NULL,'PEN',3,21,97344,0.18,114865.92,407,NULL,NULL,NULL,NULL,NULL,'2017-03-19 13:21:36',38,'2017-03-19 16:37:20',38,NULL,NULL,NULL,0,97344,NULL,NULL,NULL,NULL,NULL,NULL,NULL,5,17521.92,'Validez de la oferta : 30 días\\nTérminos de pago   : Factura a 30 días\\nLugar de entrega     : Lima Callao\\nTiempo de entrega : 2 Semanas posterior a la Conformidad de la Orden de Compra',0,0,100,0,0,0,0,0,'2017-03-19 00:00:00',NULL,'SERV'),(603,'17-0101-0','2017-03-19 00:00:00',40,'231',16,'231',NULL,'PEN',1,21,1476,0.18,1741.68,NULL,NULL,NULL,NULL,NULL,NULL,'2017-03-19 13:23:48',38,NULL,NULL,NULL,NULL,NULL,0,1476,NULL,NULL,NULL,NULL,NULL,NULL,NULL,5,265.68,'Validez de la oferta : 30 días\\nTérminos de pago   : Factura a 30 días\\nLugar de entrega     : Lima Callao\\nTiempo de entrega : 2 Semanas posterior a la Conformidad de la Orden de Compra',0,0,101,0,0,0,0,0,'2017-03-19 00:00:00',NULL,'PROD'),(604,'17-0102-0','2017-03-24 00:00:00',69,'QE',16,'123',NULL,'USD',3,21,196787,0.18,232208.66,408,NULL,NULL,NULL,NULL,NULL,'2017-03-20 01:48:56',38,'2017-03-20 01:49:23',38,NULL,NULL,NULL,0,196787,NULL,NULL,NULL,NULL,NULL,NULL,NULL,5,35421.659999999996,'Validez de la oferta : 30 días\\nTérminos de pago   : Factura a 30 días\\nLugar de entrega     : Lima Callao\\nTiempo de entrega : 2 Semanas posterior a la Conformidad de la Orden de Compra',0,0,102,0,0,0,0,0,'2017-03-25 00:00:00',NULL,'PROD');
/*!40000 ALTER TABLE `orden_compra` ENABLE KEYS */;
UNLOCK TABLES;

--
-- Table structure for table `orden_compra_detalle`
--

DROP TABLE IF EXISTS `orden_compra_detalle`;
/*!40101 SET @saved_cs_client     = @@character_set_client */;
/*!40101 SET character_set_client = utf8 */;
CREATE TABLE `orden_compra_detalle` (
  `id` int(11) NOT NULL AUTO_INCREMENT,
  `orden_compra_id` int(11) NOT NULL,
  `numero` varchar(45) DEFAULT NULL,
  `pos` varchar(10) DEFAULT NULL,
  `articulo_id` int(11) DEFAULT NULL,
  `descripcion` varchar(200) DEFAULT NULL,
  `cantidad` int(11) DEFAULT '1',
  `precio_unitario` double DEFAULT NULL,
  `precio_total` double DEFAULT NULL,
  PRIMARY KEY (`id`)
) ENGINE=InnoDB AUTO_INCREMENT=8851 DEFAULT CHARSET=utf8;
/*!40101 SET character_set_client = @saved_cs_client */;

--
-- Dumping data for table `orden_compra_detalle`
--

LOCK TABLES `orden_compra_detalle` WRITE;
/*!40000 ALTER TABLE `orden_compra_detalle` DISABLE KEYS */;
INSERT INTO `orden_compra_detalle` VALUES (8644,529,NULL,'0',NULL,NULL,1,123,123),(8649,531,NULL,'0',NULL,NULL,1,12,12),(8650,532,NULL,'0',NULL,'2131',10,1,10),(8652,533,NULL,'0',NULL,'212312',1,12,12),(8654,535,NULL,'0',NULL,'22222',1,12,12),(8683,547,NULL,'0',NULL,'123',10,12,120),(8685,548,NULL,'0',NULL,'12312',1,12,12),(8689,550,NULL,'0',NULL,'123',1,1,1),(8695,551,NULL,'0',NULL,'12',1,1,1),(8698,552,NULL,'0',NULL,'12312',1,12,12),(8702,553,NULL,'0',NULL,'123',1231,1,1231),(8705,554,NULL,'0',NULL,'12313',1,1,1),(8708,555,NULL,'0',NULL,'123',1,1,1),(8711,556,NULL,'0',NULL,'1',12,1,12),(8712,549,NULL,'0',NULL,'1231',11,12,132),(8715,557,NULL,'0',NULL,'Venta 1 ',1,12,12),(8721,558,NULL,'0',NULL,'Muchoooo',501,1,501),(8725,559,NULL,'0',NULL,'123123',501,1,501),(8732,560,NULL,'0',NULL,'1213',299,3,897),(8734,561,NULL,'0',NULL,'123',2,12,24),(8736,562,NULL,'0',NULL,'312',12312,12,147744),(8741,563,NULL,'0',NULL,'31',1,1,1),(8748,567,NULL,'0',NULL,'3131',12,2222,26664),(8750,568,NULL,'0',NULL,'1231',1,122,122),(8752,569,NULL,'0',NULL,'213132',1,1213,1213),(8754,570,NULL,'0',NULL,'123121',12,131,1572),(8756,571,NULL,'0',NULL,'tretete',1,1213,1213),(8758,572,NULL,'0',NULL,'31231',1,12,12),(8768,574,NULL,'0',NULL,'213',1,123,123),(8770,573,NULL,'0',NULL,'123',2,1232,2464),(8771,566,NULL,'0',NULL,'12312',112,12312312.12,1378978957.4399998),(8772,565,NULL,'0',NULL,'123',12,1,12),(8773,564,NULL,'0',NULL,'41241',21,120,2520),(8774,575,NULL,'0',NULL,'12312312',1,123,123),(8775,576,NULL,'0',NULL,'123123123123',10,12,120),(8776,577,NULL,'0',NULL,'2132',1,1222,1222),(8777,578,NULL,'0',NULL,'1212',1,12,12),(8778,579,NULL,'0',NULL,'1212',12,12,144),(8779,580,NULL,'0',NULL,'1212',1,22,22),(8781,581,NULL,'0',NULL,'12312',12,12,144),(8783,582,NULL,'0',NULL,'12312',12,1231,14772),(8785,583,NULL,'0',NULL,'123123',12,1231,14772),(8787,584,NULL,'0',NULL,'123123123',1,123,123),(8789,585,NULL,'0',NULL,'12312',1,23,23),(8791,586,NULL,'0',NULL,'124141',12,12,144),(8795,587,NULL,'0',NULL,'1',1,10,10),(8796,587,NULL,'1',NULL,'2',2,20,40),(8797,587,NULL,'2',NULL,'12333',3,30,90),(8800,588,NULL,'0',NULL,'1231',1,123,123),(8801,588,NULL,'1',NULL,'123',2332,1231,2870692),(8802,589,NULL,'0',NULL,'121',12,12,144),(8804,591,NULL,'0',NULL,'121',12,12,144),(8806,590,NULL,'0',NULL,'121',12,12,144),(8807,592,NULL,'0',NULL,'121',12,12,144),(8808,593,NULL,'0',NULL,'121',12,12,144),(8824,595,NULL,'0',NULL,'122',21,11,231),(8827,596,NULL,'0',NULL,'1212',1,1,1),(8829,597,NULL,'0',NULL,'1212',31,212,6572),(8830,594,NULL,'0',NULL,'22',2,2,4),(8833,598,NULL,'0',NULL,'123123',21,23,483),(8836,600,NULL,'0',NULL,'123',23,23,529),(8838,601,NULL,'0',NULL,'12',12,312,3744),(8840,603,NULL,'0',NULL,'1231',12,123,1476),(8841,602,NULL,'0',NULL,'1231',312,312,97344),(8847,604,NULL,'0',NULL,'2342',222,111,24642),(8848,604,NULL,'1',NULL,'bbbb',441,345,152145),(8849,604,NULL,'2',NULL,'22',2,10000,20000),(8850,599,NULL,'0',NULL,'123',23,23,529);
/*!40000 ALTER TABLE `orden_compra_detalle` ENABLE KEYS */;
UNLOCK TABLES;

--
-- Table structure for table `parametros_factor`
--

DROP TABLE IF EXISTS `parametros_factor`;
/*!40101 SET @saved_cs_client     = @@character_set_client */;
/*!40101 SET character_set_client = utf8 */;
CREATE TABLE `parametros_factor` (
  `id` int(11) NOT NULL AUTO_INCREMENT,
  `cotizacion_id` int(11) DEFAULT NULL,
  `tipo_envio` varchar(45) DEFAULT NULL,
  `origen` varchar(45) DEFAULT NULL,
  `valor_fob` double DEFAULT NULL,
  `peso` double DEFAULT NULL,
  `dimesiones_largo` double DEFAULT NULL,
  `dimesiones_ancho` double DEFAULT NULL,
  `dimesiones_altura` double DEFAULT NULL,
  `peso_volumetrico` double DEFAULT NULL,
  `peso_cotizar` double DEFAULT NULL,
  `flete` double DEFAULT NULL,
  `recarg_combustible` double DEFAULT NULL,
  `seguro` double DEFAULT NULL,
  `handling` double DEFAULT NULL,
  `cargos` double DEFAULT NULL,
  `igv_cargos` double DEFAULT NULL,
  `total_cargos` double DEFAULT NULL,
  `total_cip` double DEFAULT NULL,
  `ad_valorm` double DEFAULT NULL,
  `ipm_porcent` double DEFAULT NULL,
  `ipm` double DEFAULT NULL,
  `igv_sunat_porcent` int(11) DEFAULT NULL,
  `igv_sunat` double DEFAULT NULL,
  `sda` double DEFAULT NULL,
  `isc` double DEFAULT NULL,
  `total_impuestos` double DEFAULT NULL,
  `percepcion_igv_porcent` double DEFAULT NULL,
  `percepcion_igv` double DEFAULT NULL,
  `total_sunat` double DEFAULT NULL,
  `almacenaje` double DEFAULT NULL,
  `comision_aduanas` double DEFAULT NULL,
  `descarga` double DEFAULT NULL,
  `reconocimiento_fisico` double DEFAULT NULL,
  `transporte` double DEFAULT NULL,
  `gastos_itf_porcent` double DEFAULT NULL,
  `gastos_itf` double DEFAULT NULL,
  `cargos_aduanas` double DEFAULT NULL,
  `igv_aduanas` double DEFAULT NULL,
  `total_cargos_aduanas` double DEFAULT NULL,
  `valor_porcent` double DEFAULT NULL,
  `ad_valorm_porcent` double DEFAULT NULL,
  `total_factor` double DEFAULT NULL,
  `incluyeImpuestos` tinyint(4) DEFAULT NULL,
  PRIMARY KEY (`id`)
) ENGINE=InnoDB AUTO_INCREMENT=243 DEFAULT CHARSET=utf8;
/*!40101 SET character_set_client = @saved_cs_client */;

--
-- Dumping data for table `parametros_factor`
--

LOCK TABLES `parametros_factor` WRITE;
/*!40000 ALTER TABLE `parametros_factor` DISABLE KEYS */;
INSERT INTO `parametros_factor` VALUES (88,54,'NO DOCUMENTO','DINAMARCA',1644.46,49,0,0,0,0,0,432.25,8.65,16.44,30,487.34,87.72,487.34,2131.8,10.66,2,42.64,16,341.09,9,0,10.66,3.5,74.99,10.66,30,30,0,0,30,0,0,90,16.2,90,30,0.5,764.4,NULL),(89,55,'NO DOCUMENTO','DINAMARCA',5275,34,0,0,0,0,0,439,8.79,52.75,0,500.54,90.1,500.54,5775.54,0,2,115.51,16,924.09,9,0,0,3.5,202.14,0,30,100,30,0,30,0,0,190,34.2,190,30,0,897.7,NULL),(90,65,'NO DOCUMENTO','DINAMARCA',9964,174,0,0,0,0,0,1288.24,25.76,99.64,0,1413.64,254.46,1413.64,11377.64,68.27,2,227.55,16,1820.42,0,0,68.27,3.5,400.61,68.27,30,90,50,0,30,0,0,200,36,200,20,0.6,2018.29,NULL),(91,66,'No Documento','Dinamarca',32074.7,219,0,0,0,0,0,2500,200,320.75,200,3220.75,579.735,3220.75,35295.45,1411.818,2,705.909,16,5647.272,0,0,1411.818,3.5,1284.75438,1411.818,700,590,150,0,150,0,0,1590,286.2,1590,12,4,6969.27616,NULL),(92,67,'NO DOCUMENTO','USA',0,0,0,0,0,0,0,0,0,0,0,0,0,0,0,0,2,0,16,0,0,0,0,3.5,0,0,0,0,0,0,0,0,0,0,0,0,0,0,0,NULL),(93,74,'NO DOCUMENTO','DINAMARCA',1775.52,1,0,0,0,0,0,100,2,20,50,172,30.96,172,1947.52,11.69,2,38.95,16,311.6,0,0,11.69,3.5,68.57,11.69,15,15,10,0,50,0,0,90,16.2,90,20,0.6,328.43,NULL),(94,74,'NO DOCUMENTO','DINAMARCA',1775.52,1,0,0,0,0,0,100,2,20,50,172,30.96,172,1947.52,11.69,2,38.95,16,311.6,0,0,11.69,3.5,68.57,11.69,15,15,10,0,50,0,0,90,16.2,90,0,0.6,273.69,NULL),(95,73,'NO DOCUMENTO','DINAMARCA',551.36,0,0,0,0,0,0,100,10,20,0,130,23.4,130,681.36,4.09,2,13.63,16,109.02,0,0,4.09,3.5,23.99,4.09,20,20,0,0,50,0,0,90,16.2,90,12,0.6,250.98,NULL),(96,72,'NO DOCUMENTO','DINAMARCA',128,1,0,0,0,0,0,50,0,0,0,50,9,50,178,10.68,2,3.56,16,28.48,0,0,10.68,3.5,6.6,10.68,0,0,0,0,0,0,0,0,0,0,10,6,66.75,NULL),(97,72,'NO DOCUMENTO','DINAMARCA',128,1,0,0,0,0,0,100,2,11.5,0,113.5,20.43,113.5,241.5,1.45,2,4.83,16,38.64,0,0,1.45,3.5,8.5,1.45,20,20,0,0,30,0,0,70,12.6,70,10,0.6,203.45,NULL),(98,72,'NO DOCUMENTO','DINAMARCA',128,1,0,0,0,0,0,100,2,11.5,0,113.5,20.43,113.5,241.5,1.45,2,4.83,16,38.64,0,0,1.45,3.5,8.5,1.45,20,20,0,0,30,0,0,70,12.6,70,10,0.6,203.45,NULL),(99,81,'NO DOCUMENTO','DINAMARCA',0,0,0,0,0,0,0,0,0,0,0,0,0,0,0,0,2,0,16,0,0,0,0,3.5,0,0,0,0,0,0,0,0,0,0,0,0,0,0,0,0),(100,82,'NO DOCUMENTO','DINAMARCA',1810.6,3,0,0,0,0,0,50,0,0,0,50,9,50,1860.6,11.16,2,37.21,16,297.7,0,0,11.16,3.5,65.51,11.16,0,0,0,0,0,0,0,0,0,0,10,0.6,67.28,0),(101,83,'NO DOCUMENTO','DINAMARCA',1034.06,0,0,0,0,0,0,30,0,0,0,30,5.4,30,1064.06,6.38,2,21.28,16,170.25,0,0,6.38,3.5,37.47,6.38,5,0,0,0,10,0,0,15,2.7,15,10,0.6,56.52,0),(102,84,'NO DOCUMENTO','DINAMARCA',206.68,0,0,0,0,0,0,100,10,10,0,120,21.6,120,326.68,0,2,6.53,16,52.27,0,0,0,3.5,11.43,0,10,10,0,0,20,0,0,40,7.2,40,12,0,179.2,0),(103,85,'NO DOCUMENTO','DINAMARCA',830.18,4,0,0,0,0,0,100,0,20,0,120,21.6,120,950.18,0,2,19,16,152.03,0,0,0,3.5,33.26,0,20,20,0,0,30,0,0,70,12.6,70,12,0,212.8,0),(104,85,'NO DOCUMENTO','DINAMARCA',830.18,4,0,0,0,0,0,100,0,20,0,120,21.6,120,950.18,0,2,19,16,152.03,0,0,0,3.5,33.26,0,20,20,0,0,30,0,0,70,12.6,70,12,0,212.8,0),(105,86,'NO DOCUMENTO','USA',4757.23,0,0,0,0,0,0,350,0,0,50,400,72,400,5157.23,30.94,2,103.14,16,825.16,0,0,30.94,3.5,181.59,30.94,30,90,30,0,50,0,0,200,36,200,10,0.6,694.03,0),(106,88,'NO DOCUMENTO','DINAMARCA',314,2,0,0,0,0,0,50,0,0,0,50,9,50,364,0,2,7.28,16,58.24,0,0,0,3.5,12.74,0,0,0,0,0,0,0,0,0,0,0,10,0,55,0),(107,88,'NO DOCUMENTO','DINAMARCA',314,2,0,0,0,0,0,100,10,10,20,140,25.2,140,454,22.7,2,9.08,16,72.64,0,0,22.7,3.5,16.68,22.7,20,20,0,20,0,0,0,60,10.8,60,10,5,244.97,0),(108,89,'NO DOCUMENTO','DINAMARCA',110920,2000,0,0,0,0,0,0,0,0,0,0,0,0,110920,0,0,0,0,0,0,0,0,0,0,0,0,0,0,0,0,0,0,0,0,0,0,0,0,1),(110,93,'.','.',0,0,0,0,0,0,0,0,0,0,0,0,0,0,0,0,0,0,0,0,0,0,0,0,0,0,0,0,0,0,0,0,0,0,0,0,0,0,NULL,NULL),(111,94,'NO DOCUMENTO','DINAMARCA',0,0,0,0,0,0,0,35508.32,0,0,0,35508.32,6391.4976,35508.32,35508.32,0,2,710.1664,16,5681.3312,0,0,0,3.5,1242.7912000000001,0,0,0,0,0,0,0,0,0,0,0,0,0,35508.32,0),(112,94,'NO DOCUMENTO','DINAMARCA',0,0,0,0,0,0,0,35508.32,0,0,0,35508.32,6391.4976,35508.32,35508.32,0,2,710.1664,16,5681.3312,0,0,0,3.5,1242.7912000000001,0,0,0,0,0,0,0,0,0,0,0,0,0,35508.32,0),(113,95,'NO DOCUMENTO','DINAMARCA',0,0,0,0,0,0,0,37269.52,0,0,0,37269.52,6708.513599999999,37269.52,37269.52,0,2,745.3904,16,5963.1232,0,0,0,3.5,1304.4332,0,0,0,0,0,0,0,0,0,0,0,0,0,37269.52,0),(114,98,'NO DOCUMENTO','DINAMARCA',387,0,0,0,0,0,0,200,0,0,0,200,36,200,587,0,2,11.74,16,93.92,0,0,0,3.5,20.545,0,0,0,0,0,20,0,0,20,3.5999999999999996,20,0,0,220,0),(115,98,'NO DOCUMENTO','DINAMARCA',387,0,0,0,0,0,0,200,0,0,0,200,36,200,587,0,2,11.74,16,93.92,0,0,0,3.5,20.545,0,0,0,0,0,20,0,0,20,3.5999999999999996,20,0,0,220,0),(116,98,'NO DOCUMENTO','DINAMARCA',387,0,0,0,0,0,0,200,0,0,0,200,36,200,587,0,2,11.74,16,93.92,0,0,0,3.5,20.545,0,0,0,0,0,20,0,0,20,3.5999999999999996,20,0,0,220,0),(117,90,'NO DOCUMENTO','DINAMARCA',4259,12,0,0,0,0,0,320,0,0,50,370,66.6,370,4629,2.7773999999999996,2,92.58,16,740.64,0,0,2.7773999999999996,3.5,162.112209,2.7773999999999996,30,100,20,0,0,0,0,150,27,150,10,0.06,575.0551399999999,0),(118,90,'NO DOCUMENTO','DINAMARCA',4259,12,0,0,0,0,0,320,0,0,50,370,66.6,370,4629,2.7773999999999996,2,92.58,16,740.64,0,0,2.7773999999999996,3.5,162.112209,2.7773999999999996,30,100,20,0,0,0,0,150,27,150,10,0.06,575.0551399999999,0),(119,101,'NO DOCUMENTO','DINAMARCA',1562,8,0,0,0,0,0,300,0,0,50,350,63,350,1912,11.472,2,38.24,16,305.92,0,0,11.472,3.5,67.32152,11.472,20,50,0,0,50,0,0,120,21.599999999999998,120,10,0.6,529.6192,0),(120,101,'NO DOCUMENTO','DINAMARCA',1562,8,0,0,0,0,0,300,0,0,50,350,63,350,1912,11.472,2,38.24,16,305.92,0,0,11.472,3.5,67.32152,11.472,20,50,0,0,50,0,0,120,21.599999999999998,120,10,0.6,529.6192,0),(121,101,'NO DOCUMENTO','DINAMARCA',1562,8,0,0,0,0,0,300,0,0,50,350,63,350,1912,11.472,2,38.24,16,305.92,0,0,11.472,3.5,67.32152,11.472,20,50,0,0,50,0,0,120,21.599999999999998,120,10,0.6,529.6192,0),(122,101,'NO DOCUMENTO','DINAMARCA',1562,8,0,0,0,0,0,300,0,0,50,350,63,350,1912,11.472,2,38.24,16,305.92,0,0,11.472,3.5,67.32152,11.472,20,50,0,0,50,0,0,120,21.599999999999998,120,10,0.6,529.6192,0),(123,102,'NO DOCUMENTO','DINAMARCA',1753,0,0,0,0,0,0,300,0,0,50,350,63,350,2103,12.618,2,42.06,16,336.48,0,0,12.618,3.5,74.04663000000001,12.618,30,30,0,0,50,0,0,110,19.8,110,10,0.6,519.8798,0),(124,102,'NO DOCUMENTO','DINAMARCA',1753,0,0,0,0,0,0,300,0,0,50,350,63,350,2103,12.618,2,42.06,16,336.48,0,0,12.618,3.5,74.04663000000001,12.618,30,30,0,0,50,0,0,110,19.8,110,10,0.6,519.8798,0),(125,103,'NO DOCUMENTO','DINAMARCA',0,0,0,0,0,0,0,2000,0,0,0,2000,360,2000,2000,120,2,40,16,320,0,0,120,3.5,74.2,120,50,100,0,0,50,0,0,200,36,200,5,6,2436,0),(126,105,'NO DOCUMENTO','USA',0,0,0,0,0,0,0,3757.68,0,0,0,3757.68,676.3824,3757.68,3757.68,0,2,75.1536,16,601.2288,0,0,0,3.5,131.5188,0,0,0,0,0,0,0,0,0,0,0,0,0,3757.68,0),(127,106,'NO DOCUMENTO','DINAMARCA',26955.61,0,0,0,0,0,0,12867.78,0,0,0,12867.78,2316.2004,12867.78,39823.39,0,2,796.4678,16,6371.7424,0,0,0,3.5,1393.8186500000002,0,0,0,0,0,0,0,0,0,0,0,0,0,12867.78,0),(128,104,'NO DOCUMENTO','DINAMARCA',2387.93,0,0,0,0,0,0,1263.12,0,0,0,1263.12,227.36159999999998,1263.12,3651.0499999999997,0,18,657.189,16,584.168,0,0,0,3.5,127.78675,0,0,0,0,0,0,0,0,0,0,0,0,0,1263.12,0),(129,104,'NO DOCUMENTO','DINAMARCA',2387.93,0,0,0,0,0,0,798.15,23.88,10,50,882.03,158.7654,882.03,3269.96,19.61976,2,65.39920000000001,16,523.1936000000001,0,0,19.61976,3.5,115.13529160000002,19.61976,20,100,0,0,30,0,0,150,27,150,10,0.6,1156.814736,0),(130,99,'NO DOCUMENTO','DINAMARCA',42519.2,0,0,0,0,0,0,1800,100,200,200,2300,414,2300,44819.2,268.91519999999997,2,896.384,16,7171.072,0,0,268.91519999999997,3.5,1578.0840320000002,268.91519999999997,500,300,100,0,200,0,0,1100,198,1100,12,0.6,4109.185024,0),(131,111,'NO DOCUMENTO','DINAMARCA',0,0,0,0,0,0,0,660,0,0,0,660,118.8,660,660,0,2,13.200000000000001,16,105.60000000000001,0,0,0,3.5,23.1,0,0,0,0,0,0,0,0,0,0,0,10,0,726,0),(132,111,'NO DOCUMENTO','DINAMARCA',0,0,0,0,0,0,0,660,0,0,0,660,118.8,660,660,0,2,13.200000000000001,16,105.60000000000001,0,0,0,3.5,23.1,0,0,0,0,0,0,0,0,0,0,0,10,0,726,0),(133,113,'NO DOCUMENTO','DINAMARCA',20386,78,0,0,0,0,0,1466,29.33,203.36,0,1698.69,305.7642,1698.69,22084.69,1325.0813999999998,2,441.6938,16,3533.5504,0,0,1325.0813999999998,3.5,819.341999,1325.0813999999998,20,120,20,0,80,0,0,240,43.199999999999996,240,10,6,3590.1485399999997,0),(134,115,'NO DOCUMENTO','DINAMARCA',740,0,0,0,0,0,0,200,20,0,30,250,45,250,990,5.94,2,19.8,16,158.4,0,0,5.94,3.5,34.85790000000001,5.94,20,30,10,0,0,0,0,60,10.799999999999999,60,10,0.6,347.534,0),(135,115,'NO DOCUMENTO','DINAMARCA',740,0,0,0,0,0,0,200,20,0,30,250,45,250,990,5.94,2,19.8,16,158.4,0,0,5.94,3.5,34.85790000000001,5.94,20,30,10,0,0,0,0,60,10.799999999999999,60,10,0.6,347.534,0),(136,114,'NO DOCUMENTO','DINAMARCA',333,1,0,0,0,0,0,90,10,20,0,120,21.599999999999998,120,453,27.18,2,9.06,16,72.48,0,0,27.18,3.5,16.8063,27.18,20,20,0,0,50,0,0,90,16.2,90,10,6,260.898,0),(137,114,'NO DOCUMENTO','DINAMARCA',333,1,0,0,0,0,0,90,10,20,0,120,21.599999999999998,120,453,27.18,2,9.06,16,72.48,0,0,27.18,3.5,16.8063,27.18,20,20,0,0,50,0,0,90,16.2,90,0,6,237.18,0),(138,114,'NO DOCUMENTO','DINAMARCA',333,1,0,0,0,0,0,90,10,20,0,120,21.599999999999998,120,453,27.18,2,9.06,16,72.48,0,0,27.18,3.5,16.8063,27.18,20,20,0,0,50,0,0,90,16.2,90,0,6,237.18,0),(139,119,'NO DOCUMENTO','DINAMARCA',0,0,0,0,0,0,0,1969.08,0,0,0,1969.08,354.4344,1969.08,1969.08,0,2,39.3816,16,315.0528,0,0,0,3.5,68.9178,0,0,0,0,0,0,0,0,0,0,0,0,0,1969.08,0),(140,119,'NO DOCUMENTO','DINAMARCA',0,0,0,0,0,0,0,1969.08,0,0,0,1969.08,354.4344,1969.08,1969.08,0,2,39.3816,16,315.0528,0,0,0,3.5,68.9178,0,0,0,0,0,0,0,0,0,0,0,0,0,1969.08,0),(141,120,'NO DOCUMENTO','DINAMARCA',0,0,0,0,0,0,0,4107.39,0,0,0,4107.39,739.3302,4107.39,4107.39,0,2,82.1478,16,657.1824,0,0,0,3.5,143.75865000000002,0,0,0,0,0,0,0,0,0,0,0,0,0,4107.39,0),(142,121,'NO DOCUMENTO','DINAMARCA',0,0,0,0,0,0,0,1090.44,0,0,0,1090.44,196.2792,1090.44,1090.44,0,2,21.8088,16,174.4704,0,0,0,3.5,38.165400000000005,0,0,0,0,0,0,0,0,0,0,0,0,0,1090.44,0),(143,121,'NO DOCUMENTO','DINAMARCA',0,0,0,0,0,0,0,1090.44,0,0,0,1090.44,196.2792,1090.44,1090.44,0,2,21.8088,16,174.4704,0,0,0,3.5,38.165400000000005,0,0,0,0,0,0,0,0,0,0,0,0,0,1090.44,0),(144,122,'NO DOCUMENTO','DINAMARCA',0,0,0,0,0,0,0,307.68,0,0,0,307.68,55.3824,307.68,307.68,0,2,6.1536,16,49.2288,0,0,0,3.5,10.7688,0,0,0,0,0,0,0,0,0,0,0,0,0,307.68,0),(145,112,'NO DOCUMENTO','DINAMARCA',0,0,0,0,0,0,0,25630.08,0,0,0,25630.08,4613.414400000001,25630.08,25630.08,0,2,512.6016000000001,16,4100.812800000001,0,0,0,3.5,897.0528000000002,0,0,0,0,0,0,0,0,0,0,0,0,0,25630.08,0),(146,112,'NO DOCUMENTO','DINAMARCA',0,0,0,0,0,0,0,25630.08,0,0,0,25630.08,4613.414400000001,25630.08,25630.08,0,2,512.6016000000001,16,4100.812800000001,0,0,0,3.5,897.0528000000002,0,0,0,0,0,0,0,0,0,0,0,0,0,25630.08,0),(147,123,'NO DOCUMENTO','DINAMARCA',9804,0,0,0,0,0,0,400,0,98.04,0,498.04,89.6472,498.04,10302.04,0,2,206.04080000000002,16,1648.3264000000001,0,0,0,3.5,360.57140000000004,0,30,100,30,0,0,0,0,160,28.799999999999997,160,10,0,723.8439999999999,0),(148,123,'NO DOCUMENTO','DINAMARCA',9804,0,0,0,0,0,0,400,0,98.04,0,498.04,89.6472,498.04,10302.04,0,2,206.04080000000002,16,1648.3264000000001,0,0,0,3.5,360.57140000000004,0,30,100,30,0,0,0,0,160,28.799999999999997,160,10,0,723.8439999999999,0),(149,123,'NO DOCUMENTO','DINAMARCA',9804,0,0,0,0,0,0,400,0,98.04,0,498.04,89.6472,498.04,10302.04,0,2,206.04080000000002,16,1648.3264000000001,0,0,0,3.5,360.57140000000004,0,30,100,30,0,0,0,0,160,28.799999999999997,160,10,0,723.8439999999999,0),(150,125,'NO DOCUMENTO','DINAMARCA',2508,0,0,0,0,0,0,300,25,0,0,325,58.5,325,2833,0,2,56.660000000000004,16,453.28000000000003,0,0,0,3.5,99.15500000000002,0,20,100,30,0,50,0,0,200,36,200,10,0,577.5,0),(151,125,'NO DOCUMENTO','DINAMARCA',2508,0,0,0,0,0,0,300,25,0,0,325,58.5,325,2833,0,2,56.660000000000004,16,453.28000000000003,0,0,0,3.5,99.15500000000002,0,20,100,30,0,50,0,0,200,36,200,10,0,577.5,0),(152,125,'NO DOCUMENTO','DINAMARCA',2508,0,0,0,0,0,0,300,25,0,0,325,58.5,325,2833,0,2,56.660000000000004,16,453.28000000000003,0,0,0,3.5,99.15500000000002,0,20,100,30,0,50,0,0,200,36,200,10,0,577.5,0),(153,129,'NO DOCUMENTO','DINAMARCA',0,0,0,0,0,0,0,300,20,0,0,320,57.599999999999994,320,320,0,2,6.4,16,51.2,0,0,0,3.5,11.200000000000001,0,20,100,0,0,50,0,0,170,30.599999999999998,170,10,0,539,0),(154,129,'NO DOCUMENTO','DINAMARCA',0,0,0,0,0,0,0,300,20,0,0,320,57.599999999999994,320,320,0,2,6.4,16,51.2,0,0,0,3.5,11.200000000000001,0,20,100,0,0,50,0,0,170,30.599999999999998,170,10,0,539,0),(155,100,'NO DOCUMENTO','DINAMARCA',0,0,0,0,0,0,0,4900,0,0,0,4900,882,4900,4900,0,2,98,16,784,0,0,0,3.5,171.50000000000003,0,0,0,0,0,0,0,0,0,0,0,0,0,4900,0),(156,100,'NO DOCUMENTO','DINAMARCA',0,0,0,0,0,0,0,3499,0,0,0,3499,629.8199999999999,3499,3499,0,2,69.98,16,559.84,0,0,0,3.5,122.46500000000002,0,0,0,0,0,0,0,0,0,0,0,0,0,3499,0),(157,100,'NO DOCUMENTO','DINAMARCA',0,0,0,0,0,0,0,3499,0,0,0,3499,629.8199999999999,3499,3499,0,2,69.98,16,559.84,0,0,0,3.5,122.46500000000002,0,0,0,0,0,0,0,0,0,0,0,0,0,3499,0),(158,138,'NO DOCUMENTO','DINAMARCA',1172.59,0,0,0,0,0,0,1000,0,0,0,1000,180,1000,2172.59,0,2,43.451800000000006,16,347.61440000000005,0,0,0,3.5,76.04065000000001,0,0,0,0,0,50,0,0,50,9,50,0,0,1050,0),(159,138,'NO DOCUMENTO','DINAMARCA',1172.59,0,0,0,0,0,0,500,0,0,0,500,90,500,1672.59,0,2,33.4518,16,267.6144,0,0,0,3.5,58.54065,0,0,0,0,0,50,0,0,50,9,50,0,0,550,0),(160,138,'NO DOCUMENTO','DINAMARCA',1172.59,0,0,0,0,0,0,500,0,0,0,500,90,500,1672.59,0,2,33.4518,16,267.6144,0,0,0,3.5,58.54065,0,0,0,0,0,50,0,0,50,9,50,0,0,550,0),(161,132,'CIP','DINAMARCA',1910.01,0,0,0,0,0,0,490.17,0,0,0,490.17,88.2306,490.17,2400.18,0,2,48.0036,16,384.0288,0,0,0,3.5,84.0063,0,0,0,0,0,0,0,0,0,0,0,0,0,490.17,0),(162,132,'CIP','DINAMARCA',1910.01,0,0,0,0,0,0,489.86,0,0,0,489.86,88.1748,489.86,2399.87,0,2,47.9974,16,383.9792,0,0,0,3.5,83.99545,0,0,0,0,0,0,0,0,0,0,0,0,0,489.86,0),(163,132,'CIP','DINAMARCA',1910.01,0,0,0,0,0,0,489.86,0,0,0,489.86,88.1748,489.86,2399.87,0,2,47.9974,16,383.9792,0,0,0,3.5,83.99545,0,0,0,0,0,0,0,0,0,0,0,0,0,489.86,0),(164,137,'AEREO','DINAMARCA',33164.76,0,0,0,0,0,0,5270.73,115,132,0,5517.73,993.1913999999999,5517.73,38682.490000000005,1547.2996000000003,2,773.6498000000001,16,6189.198400000001,0,0,1547.2996000000003,3.5,1408.0426360000004,1547.2996000000003,635.27,154,100,0,100,0,0,989.27,178.0686,989.27,0,4,8054.2996,0),(165,137,'AEREO','DINAMARCA',33164.76,0,0,0,0,0,0,5270.73,115,132,0,5517.73,993.1913999999999,5517.73,38682.490000000005,1547.2996000000003,2,773.6498000000001,16,6189.198400000001,0,0,1547.2996000000003,3.5,1408.0426360000004,1547.2996000000003,635.27,154,100,0,100,0,0,989.27,178.0686,989.27,0,4,8054.2996,0),(166,136,'AEREO','DINAMARCA',24864.42,0,0,0,0,0,0,5716.29,0,0,0,5716.29,1028.9322,5716.29,30580.71,0,2,611.6142,16,4892.9136,0,0,0,3.5,1070.32485,0,0,0,0,0,0,0,0,0,0,0,0,0,5716.29,0),(167,136,'AEREO','DINAMARCA',24864.42,0,0,0,0,0,0,5716.29,0,0,0,5716.29,1028.9322,5716.29,30580.71,0,2,611.6142,16,4892.9136,0,0,0,3.5,1070.32485,0,0,0,0,0,0,0,0,0,0,0,0,0,5716.29,0),(168,136,'AEREO','DINAMARCA',24864.42,0,0,0,0,0,0,5716.29,0,0,0,5716.29,1028.9322,5716.29,30580.71,0,2,611.6142,16,4892.9136,0,0,0,3.5,1070.32485,0,0,0,0,0,0,0,0,0,0,0,0,0,5716.29,0),(169,141,'AEREO','DINAMARCA',12163.09,100,0,0,0,0,0,2963.47,0,0,0,2963.47,533.4245999999999,2963.47,15126.56,0,2,302.5312,16,2420.2496,0,0,0,3.5,529.4296,0,0,0,0,0,0,0,0,0,0,0,0,0,2963.47,0),(170,141,'AEREO','DINAMARCA',8390.95,40,0,0,0,0,0,1961.48,0,0,0,1961.48,353.0664,1961.48,10352.43,0,2,207.04860000000002,16,1656.3888000000002,0,0,0,3.5,362.33505,0,0,0,0,0,0,0,0,0,0,0,0,0,1961.48,0),(171,141,'AEREO','DINAMARCA',8390.95,40,0,0,0,0,0,1961.48,0,0,0,1961.48,353.0664,1961.48,10352.43,0,2,207.04860000000002,16,1656.3888000000002,0,0,0,3.5,362.33505,0,0,0,0,0,0,0,0,0,0,0,0,0,1961.48,0),(172,141,'AEREO','DINAMARCA',8390.95,40,0,0,0,0,0,1961.48,0,0,0,1961.48,353.0664,1961.48,10352.43,0,2,207.04860000000002,16,1656.3888000000002,0,0,0,3.5,362.33505,0,0,0,0,0,0,0,0,0,0,0,0,0,1961.48,0),(173,142,'AEREO DHL','FRK',9478.98,5,0,0,0,0,0,979.46,0,0,0,979.46,176.3028,979.46,10458.439999999999,0,2,209.16879999999998,16,1673.3503999999998,0,0,0,3.5,366.0454,0,0,0,0,0,0,0,0,0,0,0,0,0,979.46,0),(174,142,'AEREO DHL','FRK',9478.98,1,0,0,0,0,0,979.46,0,0,0,979.46,176.3028,979.46,10458.439999999999,0,2,209.16879999999998,16,1673.3503999999998,0,0,0,3.5,366.0454,0,0,0,0,0,0,0,0,0,0,0,0,0,979.46,0),(175,142,'AEREO DHL','FRK',9478.98,1,0,0,0,0,0,979.46,0,0,0,979.46,176.3028,979.46,10458.439999999999,0,2,209.16879999999998,16,1673.3503999999998,0,0,0,3.5,366.0454,0,0,0,0,0,0,0,0,0,0,0,0,0,979.46,0),(176,142,'AEREO DHL','FRK',9478.98,1,0,0,0,0,0,979.46,0,0,0,979.46,176.3028,979.46,10458.439999999999,0,2,209.16879999999998,16,1673.3503999999998,0,0,0,3.5,366.0454,0,0,0,0,0,0,0,0,0,0,0,0,0,979.46,0),(177,143,'NO DOCUMENTO','DINAMARCA',7098,0,0,0,0,0,0,1500,0,100,50,1650,297,1650,8748,0,2,174.96,16,1399.68,0,0,0,3.5,306.18,0,100,100,0,0,100,0,0,300,54,300,12,0,2184,0),(178,144,'AEREO DHL','DINAMARCA',14052.95,50,0,0,0,0,0,2527.22,0,0,0,2527.22,454.89959999999996,2527.22,16580.170000000002,0,2,331.6034,16,2652.8272,0,0,0,3.5,580.3059500000002,0,0,0,0,0,0,0,0,0,0,0,0,0,2527.22,0),(179,144,'AEREO DHL','DINAMARCA',14052.95,50,0,0,0,0,0,2527.22,0,0,0,2527.22,454.89959999999996,2527.22,16580.170000000002,0,2,331.6034,16,2652.8272,0,0,0,3.5,580.3059500000002,0,0,0,0,0,0,0,0,0,0,0,0,0,2527.22,0),(180,146,'AEREO','DINAMARKA',38306.52,0,0,0,0,0,0,7920,0,0,0,7920,1425.6,7920,46226.52,0,2,924.5304,16,7396.2432,0,0,0,3.5,1617.9282,0,0,0,0,0,0,0,0,0,0,0,0,0,7920,0),(181,146,'AEREO','DINAMARKA',38306.52,0,0,0,0,0,0,7920,0,0,0,7920,1425.6,7920,46226.52,0,2,924.5304,16,7396.2432,0,0,0,3.5,1617.9282,0,0,0,0,0,0,0,0,0,0,0,0,0,7920,0),(182,145,'FCA','DINAMARCA',9009.9,0,0,0,0,0,0,2519.88,0,0,0,2519.88,453.5784,2519.88,11529.779999999999,0,2,230.5956,16,1844.7648,0,0,0,3.5,403.5423,0,0,0,0,0,0,0,0,0,0,0,0,0,2519.88,0),(183,145,'FCA','DINAMARCA',9009.9,0,0,0,0,0,0,1366.9,0,0,0,1366.9,246.042,1366.9,10376.8,0,2,207.536,16,1660.288,0,0,0,3.5,363.188,0,0,0,0,0,0,0,0,0,0,0,0,0,1366.9,0),(184,140,'FCA','DINAMARCA',6345.2,0,0,0,0,0,0,1339.9,0,0,0,1339.9,241.18200000000002,1339.9,7685.1,0,2,153.702,16,1229.616,0,0,0,3.5,268.97850000000005,0,0,0,0,0,0,0,0,0,0,0,0,0,1339.9,0),(185,140,'FCA','DINAMARCA',6345.2,0,0,0,0,0,0,1339.9,0,0,0,1339.9,241.18200000000002,1339.9,7685.1,0,2,153.702,16,1229.616,0,0,0,3.5,268.97850000000005,0,0,0,0,0,0,0,0,0,0,0,0,0,1339.9,0),(186,140,'FCA','DINAMARCA',6345.2,0,0,0,0,0,0,1339.9,0,0,0,1339.9,241.18200000000002,1339.9,7685.1,0,2,153.702,16,1229.616,0,0,0,3.5,268.97850000000005,0,0,0,0,0,0,0,0,0,0,0,0,0,1339.9,0),(187,140,'FCA','DINAMARCA',6345.2,0,0,0,0,0,0,1339.9,0,0,0,1339.9,241.18200000000002,1339.9,7685.1,0,2,153.702,16,1229.616,0,0,0,3.5,268.97850000000005,0,0,0,0,0,0,0,0,0,0,0,0,0,1339.9,0),(188,133,'FOB','DINAMARCA',12189.88,0,0,0,0,0,0,2124.6,0,0,0,2124.6,382.428,2124.6,14314.48,0,2,286.2896,16,2290.3168,0,0,0,3.5,501.00680000000006,0,0,0,0,0,0,0,0,0,0,0,0,0,2124.6,0),(189,133,'FOB','DINAMARCA',10214,52,0,0,0,0,0,1200,100,100,0,1400,252,1400,11614,69.684,2,232.28,16,1858.24,0,0,69.684,3.5,408.92894,69.684,100,150,0,0,100,0,0,350,63,350,10,0.6,2001.6524,0),(190,133,'FOB','DINAMARCA',10214,52,0,0,0,0,0,1200,100,100,0,1400,252,1400,11614,69.684,2,232.28,16,1858.24,0,0,69.684,3.5,408.92894,69.684,100,150,0,0,100,0,0,350,63,350,10,0.6,2001.6524,0),(191,133,'FOB','DINAMARCA',10214,52,0,0,0,0,0,1200,100,100,0,1400,252,1400,11614,69.684,2,232.28,16,1858.24,0,0,69.684,3.5,408.92894,69.684,100,150,0,0,100,0,0,350,63,350,10,0.6,2001.6524,0),(192,148,'FCA','DINAMARCA',2321.99,0,0,0,0,0,0,1129.38,0,0,0,1129.38,203.28840000000002,1129.38,3451.37,0,2,69.0274,16,552.2192,0,0,0,3.5,120.79795000000001,0,0,0,0,0,0,0,0,0,0,0,0,0,1129.38,0),(193,148,'FCA','DINAMARCA',3140.5,0,0,0,0,0,0,1527.58,0,0,0,1527.58,274.96439999999996,1527.58,4668.08,0,2,93.3616,16,746.8928,0,0,0,3.5,163.3828,0,0,0,0,0,0,0,0,0,0,0,0,0,1527.58,0),(194,149,'CIP','DINAMARCA',6864.36,0,0,0,0,0,0,1132.57,0,0,0,1132.57,203.8626,1132.57,7996.929999999999,0,2,159.93859999999998,16,1279.5087999999998,0,0,0,3.5,279.89255,0,0,0,0,0,0,0,0,0,0,0,0,0,1132.57,0),(195,149,'CIP','DINAMARCA',25250.4,0,0,0,0,0,0,4165.78,0,0,0,4165.78,749.8403999999999,4165.78,29416.18,0,2,588.3236,16,4706.5888,0,0,0,3.5,1029.5663000000002,0,0,0,0,0,0,0,0,0,0,0,0,0,4165.78,0),(196,149,'CIP','DINAMARCA',25250.4,0,0,0,0,0,0,4165.78,0,0,0,4165.78,749.8403999999999,4165.78,29416.18,0,2,588.3236,16,4706.5888,0,0,0,3.5,1029.5663000000002,0,0,0,0,0,0,0,0,0,0,0,0,0,4165.78,0),(197,149,'CIP','DINAMARCA',25250.4,0,0,0,0,0,0,4165.78,0,0,0,4165.78,749.8403999999999,4165.78,29416.18,0,2,588.3236,16,4706.5888,0,0,0,3.5,1029.5663000000002,0,0,0,0,0,0,0,0,0,0,0,0,0,4165.78,0),(198,149,'CIP','DINAMARCA',25250.4,0,0,0,0,0,0,4165.78,0,0,0,4165.78,749.8403999999999,4165.78,29416.18,0,2,588.3236,16,4706.5888,0,0,0,3.5,1029.5663000000002,0,0,0,0,0,0,0,0,0,0,0,0,0,4165.78,0),(199,150,'CIP','DINAMARCA',3978.99,40,0,0,0,0,0,1160.8,0,0,0,1160.8,208.944,1160.8,5139.79,0,2,102.7958,16,822.3664,0,0,0,3.5,179.89265,0,0,0,0,0,0,0,0,0,0,0,0,0,1160.8,0),(200,147,'CIP','DINAMARCA',1870.16,0,0,0,0,0,0,358.4,0,0,0,358.4,64.512,358.4,2228.56,0,2,44.5712,16,356.5696,0,0,0,3.5,77.9996,0,0,0,0,0,0,0,0,0,0,0,0,0,358.4,0),(201,147,'CIP','DINAMARCA',4164.98,0,0,0,0,0,0,1065.38,0,0,0,1065.38,191.7684,1065.38,5230.36,0,2,104.60719999999999,16,836.8575999999999,0,0,0,3.5,183.0626,0,0,0,0,0,0,0,0,0,0,0,0,0,1065.38,0),(202,147,'CIP','DINAMARCA',4164.98,0,0,0,0,0,0,1065.38,0,0,0,1065.38,191.7684,1065.38,5230.36,0,2,104.60719999999999,16,836.8575999999999,0,0,0,3.5,183.0626,0,0,0,0,0,0,0,0,0,0,0,0,0,1065.38,0),(203,153,'CIP','DINAMARCA',13351.37,0,0,0,0,0,0,1418.87,0,0,0,1418.87,255.39659999999998,1418.87,14770.240000000002,0,2,295.4048,16,2363.2384,0,0,0,3.5,516.9584000000001,0,0,0,0,0,0,0,0,0,0,0,0,0,1418.87,0),(204,153,'CIP','DINAMARCA',13866.85,0,0,0,0,0,0,1472.7,0,0,0,1472.7,265.086,1472.7,15339.550000000001,0,2,306.79100000000005,16,2454.3280000000004,0,0,0,3.5,536.8842500000001,0,0,0,0,0,0,0,0,0,0,0,0,0,1472.7,0),(205,153,'CIP','DINAMARCA',13866.85,0,0,0,0,0,0,1472.7,0,0,0,1472.7,265.086,1472.7,15339.550000000001,0,2,306.79100000000005,16,2454.3280000000004,0,0,0,3.5,536.8842500000001,0,0,0,0,0,0,0,0,0,0,0,0,0,1472.7,0),(206,152,'CIP','DINAMARCA',27484.02,0,0,0,0,0,0,6662.42,0,0,0,6662.42,1199.2356,6662.42,34146.44,0,2,682.9288,16,5463.4304,0,0,0,3.5,1195.1254000000001,0,0,0,0,0,0,0,0,0,0,0,0,0,6662.42,0),(207,152,'CIP','DINAMARCA',27484.02,0,0,0,0,0,0,6662.42,0,0,0,6662.42,1199.2356,6662.42,34146.44,0,2,682.9288,16,5463.4304,0,0,0,3.5,1195.1254000000001,0,0,0,0,0,0,0,0,0,0,0,0,0,6662.42,0),(208,152,'CIP','DINAMARCA',27484.02,0,0,0,0,0,0,6662.42,0,0,0,6662.42,1199.2356,6662.42,34146.44,0,2,682.9288,16,5463.4304,0,0,0,3.5,1195.1254000000001,0,0,0,0,0,0,0,0,0,0,0,0,0,6662.42,0),(209,152,'CIP','DINAMARCA',27484.02,0,0,0,0,0,0,6662.42,0,0,0,6662.42,1199.2356,6662.42,34146.44,0,2,682.9288,16,5463.4304,0,0,0,3.5,1195.1254000000001,0,0,0,0,0,0,0,0,0,0,0,0,0,6662.42,0),(210,154,'FCA','USA',1605.41,0,0,0,0,0,0,582.31,0,0,0,582.31,104.81579999999998,582.31,2187.7200000000003,0,2,43.754400000000004,16,350.03520000000003,0,0,0,3.5,76.57020000000001,0,0,0,0,0,0,0,0,0,0,0,0,0,582.31,0),(211,154,'FCA','USA',1605.41,0,0,0,0,0,0,582.31,0,0,0,582.31,104.81579999999998,582.31,2187.7200000000003,0,2,43.754400000000004,16,350.03520000000003,0,0,0,3.5,76.57020000000001,0,0,0,0,0,0,0,0,0,0,0,0,0,582.31,0),(212,157,'FCA','DINAMARCA',4265.76,0,0,0,0,0,0,847.84,0,0,0,847.84,152.6112,847.84,5113.6,0,2,102.272,16,818.176,0,0,0,3.5,178.97600000000003,0,0,0,0,0,0,0,0,0,0,0,0,0,847.84,0),(213,158,'FCA','DINAMARCA',10867.39,0,0,0,0,0,0,1923.08,0,0,0,1923.08,346.15439999999995,1923.08,12790.47,0,2,255.80939999999998,16,2046.4751999999999,0,0,0,3.5,447.66645,0,0,0,0,0,0,0,0,0,0,0,0,0,1923.08,0),(214,124,'CIP','DINAMARCA',7132.14,0,0,0,0,0,0,1856.95,0,0,0,1856.95,334.251,1856.95,8989.09,0,2,179.7818,16,1438.2544,0,0,0,3.5,314.61815,0,0,0,0,0,0,0,0,0,0,0,0,0,1856.95,0),(215,124,'CIP','DINAMARCA',7132.14,0,0,0,0,0,0,1856.95,0,0,0,1856.95,334.251,1856.95,8989.09,0,2,179.7818,16,1438.2544,0,0,0,3.5,314.61815,0,0,0,0,0,0,0,0,0,0,0,0,0,1856.95,0),(216,126,'CIP','DINAMARCA',742.54,0,0,0,0,0,0,193.35,0,0,0,193.35,34.803,193.35,935.89,0,2,18.7178,16,149.7424,0,0,0,3.5,32.756150000000005,0,0,0,0,0,0,0,0,0,0,0,0,0,193.35,0),(217,127,'CIP','DINAMARCA',6304.21,0,0,0,0,0,0,1850.92,0,0,0,1850.92,333.1656,1850.92,8155.13,0,2,163.1026,16,1304.8208,0,0,0,3.5,285.42955,0,0,0,0,0,0,0,0,0,0,0,0,0,1850.92,0),(218,127,'CIP','DINAMARCA',6304.21,0,0,0,0,0,0,1850.92,0,0,0,1850.92,333.1656,1850.92,8155.13,0,2,163.1026,16,1304.8208,0,0,0,3.5,285.42955,0,0,0,0,0,0,0,0,0,0,0,0,0,1850.92,0),(219,128,'CIP','DINAMARCA',10531.61,0,0,0,0,0,0,2741.82,0,0,0,2741.82,493.5276,2741.82,13273.43,0,2,265.46860000000004,16,2123.7488000000003,0,0,0,3.5,464.57005000000004,0,0,0,0,0,0,0,0,0,0,0,0,0,2741.82,0),(220,128,'CIP','DINAMARCA',10531.61,0,0,0,0,0,0,2741.82,0,0,0,2741.82,493.5276,2741.82,13273.43,0,2,265.46860000000004,16,2123.7488000000003,0,0,0,3.5,464.57005000000004,0,0,0,0,0,0,0,0,0,0,0,0,0,2741.82,0),(221,155,'FCA','DINAMARCA',14333.87,0,0,0,0,0,0,2641.3,0,0,0,2641.3,475.434,2641.3,16975.170000000002,0,2,339.50340000000006,16,2716.0272000000004,0,0,0,3.5,594.1309500000001,0,0,0,0,0,0,0,0,0,0,0,0,0,2641.3,0),(222,155,'FCA','DINAMARCA',14333.87,0,0,0,0,0,0,2641.3,0,0,0,2641.3,475.434,2641.3,16975.170000000002,0,2,339.50340000000006,16,2716.0272000000004,0,0,0,3.5,594.1309500000001,0,0,0,0,0,0,0,0,0,0,0,0,0,2641.3,0),(223,156,'FCA','DINAMARCA',5024.7,0,0,0,0,0,0,1575,0,0,0,1575,283.5,1575,6599.7,0,2,131.994,16,1055.952,0,0,0,3.5,230.98950000000002,0,0,0,0,0,0,0,0,0,0,0,0,0,1575,0),(224,156,'FCA','DINAMARCA',5024.7,0,0,0,0,0,0,1575,0,0,0,1575,283.5,1575,6599.7,0,2,131.994,16,1055.952,0,0,0,3.5,230.98950000000002,0,0,0,0,0,0,0,0,0,0,0,0,0,1575,0),(225,156,'FCA','DINAMARCA',5024.7,0,0,0,0,0,0,1575,0,0,0,1575,283.5,1575,6599.7,0,2,131.994,16,1055.952,0,0,0,3.5,230.98950000000002,0,0,0,0,0,0,0,0,0,0,0,0,0,1575,0),(226,156,'FCA','DINAMARCA',5024.7,0,0,0,0,0,0,1575,0,0,0,1575,283.5,1575,6599.7,0,2,131.994,16,1055.952,0,0,0,3.5,230.98950000000002,0,0,0,0,0,0,0,0,0,0,0,0,0,1575,0),(227,156,'FCA','DINAMARCA',5024.7,0,0,0,0,0,0,1575,0,0,0,1575,283.5,1575,6599.7,0,2,131.994,16,1055.952,0,0,0,3.5,230.98950000000002,0,0,0,0,0,0,0,0,0,0,0,0,0,1575,0),(228,156,'FCA','DINAMARCA',5024.7,0,0,0,0,0,0,1575,0,0,0,1575,283.5,1575,6599.7,0,2,131.994,16,1055.952,0,0,0,3.5,230.98950000000002,0,0,0,0,0,0,0,0,0,0,0,0,0,1575,0),(229,156,'FCA','DINAMARCA',5024.7,0,0,0,0,0,0,1575,0,0,0,1575,283.5,1575,6599.7,0,2,131.994,16,1055.952,0,0,0,3.5,230.98950000000002,0,0,0,0,0,0,0,0,0,0,0,0,0,1575,0),(230,167,'FCA','Alemania',16023.3,0,0,0,0,0,200,600,73.32,160,0,833.3199999999999,149.99759999999998,833.3199999999999,16856.62,505.69859999999994,2,337.13239999999996,16,2697.0591999999997,0,0,505.69859999999994,3.5,607.681151,505.69859999999994,350,330,80,0,100,0,0,860,154.79999999999998,860,14,3,2506.881204,0),(231,164,'CIP','DINAMARCA',4819.05,0,0,0,0,0,0,978.03,0,0,0,978.03,176.0454,978.03,5797.08,115.9416,2,115.9416,16,927.5328,0,0,115.9416,3.5,206.955756,115.9416,100,140,80,0,50,0,0,370,66.6,370,12,2,1639.6481919999999,0),(232,164,'CIP','DINAMARCA',4819.05,0,0,0,0,0,0,978.03,0,0,0,978.03,176.0454,978.03,5797.08,115.9416,2,115.9416,16,927.5328,0,0,115.9416,3.5,206.955756,115.9416,100,140,80,0,50,0,0,370,66.6,370,12,2,1639.6481919999999,0),(233,164,'CIP','DINAMARCA',4819.05,0,0,0,0,0,0,978.03,0,0,0,978.03,176.0454,978.03,5797.08,115.9416,2,115.9416,16,927.5328,0,0,115.9416,3.5,206.955756,115.9416,100,140,80,0,50,0,0,370,66.6,370,12,2,1639.6481919999999,0),(234,164,'CIP','DINAMARCA',4819.05,0,0,0,0,0,0,978.03,0,0,0,978.03,176.0454,978.03,5797.08,115.9416,2,115.9416,16,927.5328,0,0,115.9416,3.5,206.955756,115.9416,100,140,80,0,50,0,0,370,66.6,370,12,2,1639.6481919999999,0),(235,166,'CIP','DINAMARCA',39394.91,0,0,0,0,0,0,5838.14,0,0,0,5838.14,1050.8652,5838.14,45233.05,0,2,904.6610000000001,16,7237.2880000000005,0,0,0,3.5,1583.1567500000003,0,0,0,0,0,0,0,0,0,0,0,0,0,5838.14,0),(236,166,'CIP','DINAMARCA',39394.91,0,0,0,0,0,0,5838.14,0,0,0,5838.14,1050.8652,5838.14,45233.05,0,2,904.6610000000001,16,7237.2880000000005,0,0,0,3.5,1583.1567500000003,0,0,0,0,0,0,0,0,0,0,0,0,0,5838.14,0),(237,166,'CIP','DINAMARCA',39394.91,0,0,0,0,0,0,5838.14,0,0,0,5838.14,1050.8652,5838.14,45233.05,0,2,904.6610000000001,16,7237.2880000000005,0,0,0,3.5,1583.1567500000003,0,0,0,0,0,0,0,0,0,0,0,0,0,5838.14,0),(238,166,'CIP','DINAMARCA',39394.91,0,0,0,0,0,0,5838.14,0,0,0,5838.14,1050.8652,5838.14,45233.05,0,2,904.6610000000001,16,7237.2880000000005,0,0,0,3.5,1583.1567500000003,0,0,0,0,0,0,0,0,0,0,0,0,0,5838.14,0),(239,168,'CIP','DINAMARCA',32964.94,0,0,0,0,0,0,4907.41,0,0,0,4907.41,883.3338,4907.41,37872.350000000006,0,2,757.4470000000001,16,6059.576000000001,0,0,0,3.5,1325.5322500000004,0,0,0,0,0,0,0,0,0,0,0,0,0,4907.41,0),(240,168,'CIP','DINAMARCA',32964.94,0,0,0,0,0,0,4907.41,0,0,0,4907.41,883.3338,4907.41,37872.350000000006,0,2,757.4470000000001,16,6059.576000000001,0,0,0,3.5,1325.5322500000004,0,0,0,0,0,0,0,0,0,0,0,0,0,4907.41,0),(241,169,'CIP','DINAMARCA',30266.47,0,0,0,0,0,0,5771.75,0,0,0,5771.75,1038.915,5771.75,36038.22,0,2,720.7644,16,5766.1152,0,0,0,3.5,1261.3377000000003,0,0,0,0,0,0,0,0,0,0,0,0,0,5771.75,0),(242,169,'CIP','DINAMARCA',30266.47,0,0,0,0,0,0,5771.75,0,0,0,5771.75,1038.915,5771.75,36038.22,0,2,720.7644,16,5766.1152,0,0,0,3.5,1261.3377000000003,0,0,0,0,0,0,0,0,0,0,0,0,0,5771.75,0);
/*!40000 ALTER TABLE `parametros_factor` ENABLE KEYS */;
UNLOCK TABLES;

--
-- Table structure for table `personal_tecnico_cotizacion_servicio`
--

DROP TABLE IF EXISTS `personal_tecnico_cotizacion_servicio`;
/*!40101 SET @saved_cs_client     = @@character_set_client */;
/*!40101 SET character_set_client = utf8 */;
CREATE TABLE `personal_tecnico_cotizacion_servicio` (
  `id` int(11) NOT NULL AUTO_INCREMENT,
  `nombre_personal_tecnico` varchar(45) DEFAULT NULL,
  `cantidad` int(11) DEFAULT NULL,
  `cotizacion_detalle_id` int(11) DEFAULT NULL,
  PRIMARY KEY (`id`)
) ENGINE=InnoDB DEFAULT CHARSET=utf8;
/*!40101 SET character_set_client = @saved_cs_client */;

--
-- Dumping data for table `personal_tecnico_cotizacion_servicio`
--

LOCK TABLES `personal_tecnico_cotizacion_servicio` WRITE;
/*!40000 ALTER TABLE `personal_tecnico_cotizacion_servicio` DISABLE KEYS */;
/*!40000 ALTER TABLE `personal_tecnico_cotizacion_servicio` ENABLE KEYS */;
UNLOCK TABLES;

--
-- Table structure for table `proveedor`
--

DROP TABLE IF EXISTS `proveedor`;
/*!40101 SET @saved_cs_client     = @@character_set_client */;
/*!40101 SET character_set_client = utf8 */;
CREATE TABLE `proveedor` (
  `id` int(11) NOT NULL AUTO_INCREMENT,
  `nombre` varchar(100) DEFAULT NULL,
  `numero_proveedor` varchar(45) DEFAULT NULL,
  `ruc` varchar(20) DEFAULT NULL,
  `direccion` varchar(200) DEFAULT NULL,
  `direccion2` varchar(200) DEFAULT NULL,
  `pais` varchar(45) DEFAULT NULL,
  `telefono` varchar(50) DEFAULT NULL,
  `contacto1` varchar(50) DEFAULT NULL,
  `email1` varchar(50) DEFAULT NULL,
  `contacto2` varchar(50) DEFAULT NULL,
  `email2` varchar(50) DEFAULT NULL,
  `usuario_creacion` varchar(50) DEFAULT NULL,
  `fecha_creacion` datetime DEFAULT NULL,
  `usuario_modificacion` varchar(50) DEFAULT NULL,
  `fecha_modificacion` varchar(50) DEFAULT NULL,
  `costo_hora` varchar(45) DEFAULT NULL,
  `tipo_proveedor` varchar(45) DEFAULT NULL,
  `cargo_id` int(11) DEFAULT NULL,
  `correlativo` int(11) DEFAULT NULL,
  `telef1` varchar(20) DEFAULT NULL,
  `telef2` varchar(20) DEFAULT NULL,
  `terminos_pago` varchar(20) DEFAULT NULL,
  `banco` varchar(45) DEFAULT NULL,
  `tipo_cuenta` varchar(45) DEFAULT NULL,
  `nro_cuenta` varchar(45) DEFAULT NULL,
  `cci` varchar(45) DEFAULT NULL,
  `titular` varchar(45) DEFAULT NULL,
  `tasa` varchar(45) DEFAULT NULL,
  `nro_det` varchar(45) DEFAULT NULL,
  PRIMARY KEY (`id`),
  UNIQUE KEY `ruc_UNIQUE` (`ruc`),
  UNIQUE KEY `nombre_UNIQUE` (`nombre`)
) ENGINE=InnoDB AUTO_INCREMENT=166 DEFAULT CHARSET=utf8;
/*!40101 SET character_set_client = @saved_cs_client */;

--
-- Dumping data for table `proveedor`
--

LOCK TABLES `proveedor` WRITE;
/*!40000 ALTER TABLE `proveedor` DISABLE KEYS */;
INSERT INTO `proveedor` VALUES (10,'ADMINISTRACION INMOBILIARIA S.A.C.','PROV-00007','20506628963','AV. PASEO DE LA REPUBLICA NRO. 3505 INT. P 13 - SAN ISIDRO','.','Perú','7197414','.','.',NULL,NULL,'40','2016-09-19 15:04:18',NULL,NULL,'0','Nacional',NULL,7,NULL,NULL,NULL,NULL,NULL,NULL,NULL,NULL,NULL,NULL),(33,'XENOTICS S.A.C.','PROV-00030','20556789101','JR. MONTEROSA NRO. 233 DPTO. 100 - SURCO','.','Perú','0','Anthuanet Aguilar','asistente@xenotics.com.pe','.','.','40','2016-10-12 16:46:52',NULL,NULL,'0','Nacional',NULL,30,NULL,NULL,NULL,NULL,NULL,NULL,NULL,NULL,NULL,NULL),(40,'A & O CONSULTORES S.A.C.','PROV-00037','20523801890','AV. VESALIO NRO. 318-SAN BORJA','.','Perú','0','.','.','.','.','40','2016-10-12 17:56:55',NULL,NULL,'0','Nacional',NULL,37,NULL,NULL,NULL,NULL,NULL,NULL,NULL,NULL,NULL,NULL),(51,'A & G ASOCIADOS GAVINSA S.A.C.','PROV-00048','20545832144','AV. ARGENTINA NRO. 451 - LIMA','Lima','Perú','9999112333','Roberto Quispe','roberto.quispe@gmail.com','.','.','40','2016-10-18 16:48:59','38','2017-02-16 00:49:44.384','0','Nacional',NULL,48,'989133815',NULL,'100 Dias','Scotia','Correinte','0000009999','112919192-2929','Elios','9%','NUMDET'),(55,'TUCCIO VALVERDE JAIME GONZALO','PROV-00052','10077413737','AV. NICOLAS AYLLON NRO. 2939 - EL AGUSTINO','.','Perú','0','.','.','.','.','40','2016-10-18 17:38:12',NULL,NULL,'0','Nacional',NULL,52,NULL,NULL,NULL,NULL,NULL,NULL,NULL,NULL,NULL,NULL),(69,'100PRE FELIZ S.A.C.','PROV-00066','20379719440','JR. PARURO NRO. 878 - LIMA','.','Perú','6602028','Monica Morí Flores','ventas4@hotelnobility.com','.','.','40','2016-10-19 15:59:44',NULL,NULL,'0','Nacional',NULL,66,NULL,NULL,NULL,NULL,NULL,NULL,NULL,NULL,NULL,NULL),(85,'XU HAIDONG','PROV-00082','15531952453','AV. PACIFICO NRO. 350 URB. BUENOS AIRES I ETAPA - ANCASH - SANTA - NUEVO CHIMBOTE','.','Perú','0','.','.','.','.','40','2016-10-26 10:39:55',NULL,NULL,'NaN','Nacional',NULL,82,NULL,NULL,NULL,NULL,NULL,NULL,NULL,NULL,NULL,NULL),(153,'BARRANCO STORE','PROV-00083','99999999999','Av Barranco 123','Lima','Peru','2312312','Roberto','Quispe','roberto.quispe@gmal.com',NULL,'38','2017-02-16 00:40:12',NULL,NULL,'NaN','Nacional',NULL,83,'231231',NULL,'10 dias','BCP','Ahorros','99999','200-19929292','TOBO','9%','3402390423'),(154,'OERORORORO','PROV-00084','12323123133',NULL,NULL,NULL,NULL,NULL,NULL,NULL,NULL,NULL,NULL,NULL,NULL,NULL,NULL,NULL,NULL,NULL,NULL,NULL,NULL,NULL,NULL,NULL,NULL,NULL,NULL),(161,'1212','PROV-00084','99999999998',NULL,NULL,NULL,NULL,'1231','312',NULL,NULL,'38','2017-03-18 14:54:11',NULL,NULL,'NaN','Nacional',NULL,84,NULL,NULL,NULL,NULL,NULL,NULL,NULL,NULL,NULL,NULL),(165,'1212311','PROV-00085','99999999993',NULL,NULL,NULL,NULL,'12312','23123',NULL,NULL,'38','2017-03-18 14:55:35',NULL,NULL,'NaN','Nacional',NULL,85,NULL,NULL,NULL,NULL,NULL,NULL,NULL,NULL,NULL,NULL);
/*!40000 ALTER TABLE `proveedor` ENABLE KEYS */;
UNLOCK TABLES;

--
-- Table structure for table `reporte_order_backlog`
--

DROP TABLE IF EXISTS `reporte_order_backlog`;
/*!40101 SET @saved_cs_client     = @@character_set_client */;
/*!40101 SET character_set_client = utf8 */;
CREATE TABLE `reporte_order_backlog` (
  `id` int(11) NOT NULL AUTO_INCREMENT,
  `item` varchar(10) DEFAULT NULL,
  `cliente` varchar(150) DEFAULT NULL,
  `num_orden` varchar(45) DEFAULT NULL,
  `articulo` varchar(150) DEFAULT NULL,
  `moneda` varchar(8) DEFAULT NULL,
  `valor` varchar(20) DEFAULT NULL,
  `year_related` varchar(5) DEFAULT NULL,
  `month_related` varchar(3) DEFAULT NULL,
  `detalles` varchar(100) DEFAULT NULL,
  `fechaPeriodo` date DEFAULT NULL,
  PRIMARY KEY (`id`)
) ENGINE=InnoDB DEFAULT CHARSET=utf8;
/*!40101 SET character_set_client = @saved_cs_client */;

--
-- Dumping data for table `reporte_order_backlog`
--

LOCK TABLES `reporte_order_backlog` WRITE;
/*!40000 ALTER TABLE `reporte_order_backlog` DISABLE KEYS */;
/*!40000 ALTER TABLE `reporte_order_backlog` ENABLE KEYS */;
UNLOCK TABLES;

--
-- Table structure for table `reporte_order_intake`
--

DROP TABLE IF EXISTS `reporte_order_intake`;
/*!40101 SET @saved_cs_client     = @@character_set_client */;
/*!40101 SET character_set_client = utf8 */;
CREATE TABLE `reporte_order_intake` (
  `id` int(11) NOT NULL AUTO_INCREMENT,
  `item` varchar(10) DEFAULT NULL,
  `cliente` varchar(50) DEFAULT NULL,
  `num_orden` varchar(45) DEFAULT NULL,
  `articulo` varchar(100) DEFAULT NULL,
  `moneda` varchar(8) DEFAULT NULL,
  `valor` varchar(20) DEFAULT NULL,
  `year_related` varchar(5) DEFAULT NULL,
  `month_related` varchar(3) DEFAULT NULL,
  `detalles` varchar(100) DEFAULT NULL,
  `usuario_creacion` int(11) DEFAULT NULL,
  `fecha_creacion` datetime DEFAULT NULL,
  PRIMARY KEY (`id`)
) ENGINE=InnoDB AUTO_INCREMENT=2 DEFAULT CHARSET=utf8;
/*!40101 SET character_set_client = @saved_cs_client */;

--
-- Dumping data for table `reporte_order_intake`
--

LOCK TABLES `reporte_order_intake` WRITE;
/*!40000 ALTER TABLE `reporte_order_intake` DISABLE KEYS */;
INSERT INTO `reporte_order_intake` VALUES (1,NULL,'Holinsys_resumen_reporte',NULL,NULL,'USD','3.391','2016','9',NULL,NULL,NULL);
/*!40000 ALTER TABLE `reporte_order_intake` ENABLE KEYS */;
UNLOCK TABLES;

--
-- Table structure for table `req_compra`
--

DROP TABLE IF EXISTS `req_compra`;
/*!40101 SET @saved_cs_client     = @@character_set_client */;
/*!40101 SET character_set_client = utf8 */;
CREATE TABLE `req_compra` (
  `id` int(11) NOT NULL AUTO_INCREMENT,
  `numero` varchar(45) NOT NULL,
  `fecha` datetime NOT NULL,
  `notas` varchar(500) DEFAULT NULL,
  `centro_costo_id` int(11) DEFAULT NULL,
  `moneda` varchar(45) DEFAULT NULL,
  `estado_id` int(11) DEFAULT NULL,
  `tipo_id` int(11) DEFAULT NULL,
  `total_detalle` double DEFAULT '0',
  `total` double DEFAULT '0',
  `solicitud_id` int(11) DEFAULT NULL,
  `fecha_aprobacion` datetime DEFAULT NULL,
  `fecha_aceptacion_proveedor` datetime DEFAULT NULL,
  `razon_rechazo` varchar(1000) DEFAULT NULL,
  `orden_compra_id` int(11) DEFAULT NULL,
  `fecha_creacion` datetime DEFAULT CURRENT_TIMESTAMP,
  `usuario_creacion` int(11) DEFAULT '0',
  `fecha_modificacion` datetime DEFAULT NULL,
  `usuario_modificacion` int(11) DEFAULT NULL,
  `centro_costo` int(11) DEFAULT NULL,
  `numero_secuencia` int(11) DEFAULT NULL,
  `fecha_entrega` datetime DEFAULT NULL,
  `presupuestado` varchar(3) DEFAULT NULL,
  PRIMARY KEY (`id`)
) ENGINE=InnoDB AUTO_INCREMENT=24 DEFAULT CHARSET=utf8;
/*!40101 SET character_set_client = @saved_cs_client */;

--
-- Dumping data for table `req_compra`
--

LOCK TABLES `req_compra` WRITE;
/*!40000 ALTER TABLE `req_compra` DISABLE KEYS */;
INSERT INTO `req_compra` VALUES (8,'17-0000-0','2017-03-19 00:00:00','1231',16,'PEN',1,1,28413,NULL,NULL,NULL,NULL,NULL,NULL,'2017-03-19 21:58:45',38,NULL,NULL,NULL,0,'2017-03-19 00:00:00',NULL),(9,'17-0001-0','2017-03-19 00:00:00','12312',16,'PEN',1,1,12,NULL,NULL,NULL,NULL,NULL,NULL,'2017-03-19 22:26:59',38,NULL,NULL,NULL,1,'2017-03-19 00:00:00',NULL),(10,'17-0002-0','2017-03-19 00:00:00','12312',16,'PEN',1,1,4,NULL,NULL,NULL,NULL,NULL,NULL,'2017-03-19 22:31:25',38,NULL,NULL,NULL,2,'2017-03-19 00:00:00',NULL),(11,'17-0003-0','2017-03-19 00:00:00','123',16,'PEN',1,1,2829,NULL,NULL,NULL,NULL,NULL,NULL,'2017-03-19 22:33:42',38,NULL,NULL,NULL,3,'2017-03-19 00:00:00',NULL),(12,'17-0004-0','2017-03-19 00:00:00','123',16,'PEN',1,1,529,NULL,NULL,NULL,NULL,NULL,NULL,'2017-03-19 22:38:09',38,NULL,NULL,NULL,4,'2017-03-19 00:00:00',NULL),(13,'17-0005-0','2017-03-19 00:00:00','1231',16,'PEN',1,1,506,NULL,NULL,NULL,NULL,NULL,NULL,'2017-03-19 22:41:02',38,NULL,NULL,NULL,5,'2017-03-19 00:00:00','7'),(14,'17-0006-0','2017-03-19 00:00:00','2132',16,'PEN',1,1,385861,NULL,NULL,NULL,NULL,NULL,NULL,'2017-03-19 22:42:17',38,NULL,NULL,NULL,6,'2017-03-19 00:00:00','SI'),(15,'17-0007-0','2017-03-19 00:00:00','1231',16,'PEN',1,1,299505,NULL,NULL,NULL,NULL,NULL,NULL,'2017-03-19 22:43:30',38,NULL,NULL,NULL,7,'2017-03-19 00:00:00','SI'),(16,'17-0008-0','2017-03-19 00:00:00','1231',16,'PEN',1,1,26,NULL,NULL,NULL,NULL,NULL,NULL,'2017-03-19 22:47:57',38,'2017-03-19 22:51:01',38,NULL,8,'2017-03-19 00:00:00','NO'),(17,'17-0009-0','2017-03-19 00:00:00','1231',16,'PEN',1,1,3751,NULL,NULL,NULL,NULL,NULL,NULL,'2017-03-19 23:09:19',38,NULL,NULL,NULL,9,'2017-03-19 00:00:00','SI'),(18,'17-0010-0','2017-03-19 00:00:00','1231',16,'PEN',1,1,2,NULL,NULL,NULL,NULL,NULL,NULL,'2017-03-19 23:11:49',38,NULL,NULL,NULL,10,'2017-03-19 00:00:00','SI'),(19,'17-0010-0','2017-03-24 00:00:00','QE',16,'USD',5,1,176787,NULL,NULL,NULL,NULL,NULL,NULL,'2017-03-19 23:13:24',38,'2017-03-20 01:42:06',38,NULL,10,'2017-03-25 00:00:00','NO'),(20,'17-0010-0','2017-03-19 00:00:00','121',16,'PEN',1,1,4,NULL,NULL,NULL,NULL,NULL,NULL,'2017-03-19 23:14:36',38,NULL,NULL,NULL,10,'2017-03-19 00:00:00','SI'),(21,'17-0010-0','2017-03-19 00:00:00','12',16,'PEN',1,1,4,NULL,NULL,NULL,NULL,NULL,NULL,'2017-03-19 23:15:37',38,NULL,NULL,NULL,10,'2017-03-19 00:00:00','SI'),(22,'17-0010-0','2017-03-19 00:00:00','121',16,'PEN',1,1,14,NULL,NULL,NULL,NULL,NULL,NULL,'2017-03-19 23:16:48',38,'2017-03-20 00:13:51',38,NULL,10,'2017-03-19 00:00:00','SI'),(23,'17-0011-0','2017-03-20 00:00:00','12',16,'PEN',5,1,4,NULL,NULL,NULL,NULL,NULL,NULL,'2017-03-20 00:16:32',38,'2017-03-20 00:49:28',38,NULL,11,'2017-03-20 00:00:00','SI');
/*!40000 ALTER TABLE `req_compra` ENABLE KEYS */;
UNLOCK TABLES;

--
-- Table structure for table `req_compra_detalle`
--

DROP TABLE IF EXISTS `req_compra_detalle`;
/*!40101 SET @saved_cs_client     = @@character_set_client */;
/*!40101 SET character_set_client = utf8 */;
CREATE TABLE `req_compra_detalle` (
  `id` int(11) NOT NULL AUTO_INCREMENT,
  `req_compra_id` int(11) NOT NULL,
  `numero` varchar(45) DEFAULT NULL,
  `pos` varchar(10) DEFAULT NULL,
  `articulo_id` int(11) DEFAULT NULL,
  `descripcion` varchar(200) DEFAULT NULL,
  `cantidad` int(11) DEFAULT '1',
  `precio_unitario` double DEFAULT NULL,
  `precio_total` double DEFAULT NULL,
  PRIMARY KEY (`id`)
) ENGINE=InnoDB AUTO_INCREMENT=12 DEFAULT CHARSET=utf8;
/*!40101 SET character_set_client = @saved_cs_client */;

--
-- Dumping data for table `req_compra_detalle`
--

LOCK TABLES `req_compra_detalle` WRITE;
/*!40000 ALTER TABLE `req_compra_detalle` DISABLE KEYS */;
INSERT INTO `req_compra_detalle` VALUES (4,22,NULL,'0',NULL,'122',1,2,2),(5,22,NULL,'1',NULL,'222',12,1,12),(7,23,NULL,'0',NULL,'1212',2,2,4),(10,19,NULL,'0',NULL,'2342',222,111,24642),(11,19,NULL,'1',NULL,'bbbb',441,345,152145);
/*!40000 ALTER TABLE `req_compra_detalle` ENABLE KEYS */;
UNLOCK TABLES;

--
-- Table structure for table `solicitud_aprobacion`
--

DROP TABLE IF EXISTS `solicitud_aprobacion`;
/*!40101 SET @saved_cs_client     = @@character_set_client */;
/*!40101 SET character_set_client = utf8 */;
CREATE TABLE `solicitud_aprobacion` (
  `id` int(11) NOT NULL AUTO_INCREMENT,
  `codigo` varchar(45) DEFAULT NULL,
  `tipo_aprobacion_id` int(11) DEFAULT NULL,
  `entidad_id` int(11) DEFAULT NULL,
  `estado_id` int(11) DEFAULT NULL COMMENT 'Se asocia con la tabla “estado_solicitud”.',
  `fecha_aprobacion` datetime DEFAULT NULL,
  `fecha_creacion` datetime DEFAULT NULL,
  `usuario_creacion` int(11) DEFAULT NULL,
  PRIMARY KEY (`id`),
  KEY `fk_tipo_aprobacion` (`tipo_aprobacion_id`),
  KEY `fk_estado_solicitud` (`estado_id`),
  CONSTRAINT `fk_estado_solicitud` FOREIGN KEY (`estado_id`) REFERENCES `estado_solicitud` (`id`) ON DELETE NO ACTION ON UPDATE NO ACTION,
  CONSTRAINT `fk_tipo_aprobacion` FOREIGN KEY (`tipo_aprobacion_id`) REFERENCES `tipo_aprobacion` (`id`) ON DELETE NO ACTION ON UPDATE NO ACTION
) ENGINE=InnoDB AUTO_INCREMENT=409 DEFAULT CHARSET=utf8;
/*!40101 SET character_set_client = @saved_cs_client */;

--
-- Dumping data for table `solicitud_aprobacion`
--

LOCK TABLES `solicitud_aprobacion` WRITE;
/*!40000 ALTER TABLE `solicitud_aprobacion` DISABLE KEYS */;
INSERT INTO `solicitud_aprobacion` VALUES (358,'SA117215224422',3,535,2,NULL,NULL,38),(359,'SA117215233153',3,547,1,NULL,NULL,38),(360,'SA117215233755',3,550,1,NULL,NULL,38),(361,'SA117215233834',3,551,2,NULL,NULL,38),(362,'SA117215235052',3,552,2,NULL,NULL,38),(363,'SA1172160229',3,553,2,NULL,NULL,38),(364,'SA1172160529',3,554,2,NULL,NULL,38),(365,'SA1172160739',3,555,2,NULL,NULL,38),(366,'SA117216090',3,556,2,NULL,NULL,38),(367,'SA11721604035',3,549,1,NULL,NULL,38),(368,'SA11721611911',3,557,2,NULL,NULL,38),(369,'SA11722318214',3,559,1,NULL,NULL,36),(375,'SA11722318319',3,560,1,NULL,NULL,36),(377,'SA117223183538',3,562,1,NULL,NULL,36),(381,'SA117223184734',5,563,1,NULL,NULL,36),(382,'SA117223185059',3,564,2,NULL,NULL,36),(383,'SA117223185117',5,565,2,NULL,NULL,36),(384,'SA117224143143',3,567,1,NULL,NULL,36),(385,'SA117224143342',5,568,1,NULL,NULL,36),(386,'SA117224143511',3,569,1,NULL,NULL,36),(387,'SA11722714379',3,570,1,NULL,NULL,36),(388,'SA117310333',3,571,1,NULL,NULL,36),(389,'SA1173103430',5,572,1,NULL,NULL,36),(390,'SA117315232733',3,566,2,NULL,NULL,38),(391,'SA11731610138',5,574,3,NULL,NULL,38),(392,'SA11731610124',5,574,3,NULL,NULL,38),(393,'SA117316101234',5,574,2,NULL,NULL,38),(394,'SA117316112012',3,573,2,NULL,NULL,38),(395,'SA11731815658',5,581,1,NULL,NULL,38),(396,'SA11731815936',3,582,1,NULL,NULL,38),(397,'SA117318151235',3,583,1,NULL,NULL,38),(398,'SA117318151544',5,584,1,NULL,NULL,38),(399,'SA11731815165',5,585,1,NULL,NULL,38),(400,'SA11731815196',5,586,1,NULL,NULL,38),(401,'SA11731816339',5,587,1,NULL,NULL,38),(402,'SA11731915812',5,590,1,NULL,NULL,38),(403,'SA11731923410',5,595,1,NULL,NULL,38),(404,'SA11731923441',5,596,1,NULL,NULL,38),(405,'SA1173192381',3,597,2,NULL,NULL,38),(406,'SA1173193020',3,599,2,NULL,NULL,38),(407,'SA117319163721',3,602,1,NULL,NULL,38),(408,'SA11732014924',3,604,1,NULL,NULL,38);
/*!40000 ALTER TABLE `solicitud_aprobacion` ENABLE KEYS */;
UNLOCK TABLES;

--
-- Table structure for table `temp_inventario_ajuste`
--

DROP TABLE IF EXISTS `temp_inventario_ajuste`;
/*!40101 SET @saved_cs_client     = @@character_set_client */;
/*!40101 SET character_set_client = utf8 */;
CREATE TABLE `temp_inventario_ajuste` (
  `id` int(11) NOT NULL,
  `entidad_id` int(11) DEFAULT NULL,
  `inventario_tipo_origen_id` int(11) DEFAULT NULL,
  `fecha` datetime DEFAULT NULL,
  `inventario_tipo_documento_id` int(11) DEFAULT NULL,
  `inventario_documento_id` int(11) DEFAULT NULL,
  `articulo_id` int(11) DEFAULT NULL,
  `inventario_tipo_operacion_id` int(11) DEFAULT NULL,
  `cantidad` int(11) DEFAULT NULL,
  `costo_unitario` double DEFAULT NULL,
  `costo_total` double DEFAULT NULL,
  `final_cantidad` int(11) DEFAULT NULL,
  `final_costo_unitario` double DEFAULT NULL,
  `final_costo_total` double DEFAULT NULL,
  `fecha_creacion` datetime DEFAULT NULL,
  `usuario_creacion` int(11) DEFAULT NULL,
  `fecha_modificacion` datetime DEFAULT NULL,
  `usuario_modificacion` int(11) DEFAULT NULL
) ENGINE=InnoDB DEFAULT CHARSET=latin1;
/*!40101 SET character_set_client = @saved_cs_client */;

--
-- Dumping data for table `temp_inventario_ajuste`
--

LOCK TABLES `temp_inventario_ajuste` WRITE;
/*!40000 ALTER TABLE `temp_inventario_ajuste` DISABLE KEYS */;
/*!40000 ALTER TABLE `temp_inventario_ajuste` ENABLE KEYS */;
UNLOCK TABLES;

--
-- Table structure for table `template_reporte`
--

DROP TABLE IF EXISTS `template_reporte`;
/*!40101 SET @saved_cs_client     = @@character_set_client */;
/*!40101 SET character_set_client = utf8 */;
CREATE TABLE `template_reporte` (
  `id` int(11) NOT NULL AUTO_INCREMENT,
  `valor` varchar(45) DEFAULT NULL,
  `donde` varchar(45) DEFAULT NULL,
  `hora` datetime DEFAULT NULL,
  PRIMARY KEY (`id`)
) ENGINE=InnoDB DEFAULT CHARSET=utf8;
/*!40101 SET character_set_client = @saved_cs_client */;

--
-- Dumping data for table `template_reporte`
--

LOCK TABLES `template_reporte` WRITE;
/*!40000 ALTER TABLE `template_reporte` DISABLE KEYS */;
/*!40000 ALTER TABLE `template_reporte` ENABLE KEYS */;
UNLOCK TABLES;

--
-- Table structure for table `texto_cotizacion`
--

DROP TABLE IF EXISTS `texto_cotizacion`;
/*!40101 SET @saved_cs_client     = @@character_set_client */;
/*!40101 SET character_set_client = utf8 */;
CREATE TABLE `texto_cotizacion` (
  `id` int(11) NOT NULL AUTO_INCREMENT,
  `nombre` varchar(45) DEFAULT NULL,
  `texto` varchar(1000) DEFAULT NULL,
  `categoria_id` int(11) DEFAULT NULL,
  PRIMARY KEY (`id`)
) ENGINE=InnoDB AUTO_INCREMENT=2 DEFAULT CHARSET=utf8;
/*!40101 SET character_set_client = @saved_cs_client */;

--
-- Dumping data for table `texto_cotizacion`
--

LOCK TABLES `texto_cotizacion` WRITE;
/*!40000 ALTER TABLE `texto_cotizacion` DISABLE KEYS */;
INSERT INTO `texto_cotizacion` VALUES (1,'Terminos y condiciones OC','Validez de la oferta : 30 días\\nTérminos de pago   : Factura a 30 días\\nLugar de entrega     : Lima Callao\\nTiempo de entrega : 2 Semanas posterior a la Conformidad de la Orden de Compra',3);
/*!40000 ALTER TABLE `texto_cotizacion` ENABLE KEYS */;
UNLOCK TABLES;

--
-- Table structure for table `tipo_aprobacion`
--

DROP TABLE IF EXISTS `tipo_aprobacion`;
/*!40101 SET @saved_cs_client     = @@character_set_client */;
/*!40101 SET character_set_client = utf8 */;
CREATE TABLE `tipo_aprobacion` (
  `id` int(11) NOT NULL AUTO_INCREMENT,
  `nombre` varchar(45) DEFAULT NULL,
  `cantidad_aprobaciones` int(11) DEFAULT '1',
  `clase` varchar(45) DEFAULT NULL,
  PRIMARY KEY (`id`)
) ENGINE=InnoDB AUTO_INCREMENT=6 DEFAULT CHARSET=utf8;
/*!40101 SET character_set_client = @saved_cs_client */;

--
-- Dumping data for table `tipo_aprobacion`
--

LOCK TABLES `tipo_aprobacion` WRITE;
/*!40000 ALTER TABLE `tipo_aprobacion` DISABLE KEYS */;
INSERT INTO `tipo_aprobacion` VALUES (1,'Flujo de Clientes',1,'CLIENTE'),(2,'Flujo de Cotizacion Productos',2,'COTIZACION'),(3,'Flujo de Orden de Compra',1,'OC'),(4,'Flujo de Cotizacion Servicios',2,'COTIZACION'),(5,'Flujo de Orden de Compra Chica',1,'OC');
/*!40000 ALTER TABLE `tipo_aprobacion` ENABLE KEYS */;
UNLOCK TABLES;

--
-- Table structure for table `tipo_articulo`
--

DROP TABLE IF EXISTS `tipo_articulo`;
/*!40101 SET @saved_cs_client     = @@character_set_client */;
/*!40101 SET character_set_client = utf8 */;
CREATE TABLE `tipo_articulo` (
  `id` int(11) NOT NULL AUTO_INCREMENT,
  `nombre` varchar(50) DEFAULT NULL,
  PRIMARY KEY (`id`)
) ENGINE=InnoDB AUTO_INCREMENT=5 DEFAULT CHARSET=utf8;
/*!40101 SET character_set_client = @saved_cs_client */;

--
-- Dumping data for table `tipo_articulo`
--

LOCK TABLES `tipo_articulo` WRITE;
/*!40000 ALTER TABLE `tipo_articulo` DISABLE KEYS */;
INSERT INTO `tipo_articulo` VALUES (1,'Producto'),(2,'Servicio a vender'),(3,'Rubro a comprar'),(4,'Travelling Costs');
/*!40000 ALTER TABLE `tipo_articulo` ENABLE KEYS */;
UNLOCK TABLES;

--
-- Table structure for table `tipo_cambio`
--

DROP TABLE IF EXISTS `tipo_cambio`;
/*!40101 SET @saved_cs_client     = @@character_set_client */;
/*!40101 SET character_set_client = utf8 */;
CREATE TABLE `tipo_cambio` (
  `id` int(11) NOT NULL AUTO_INCREMENT,
  `fecha` date NOT NULL,
  `moneda` varchar(5) NOT NULL,
  `cambio` double NOT NULL,
  PRIMARY KEY (`id`)
) ENGINE=InnoDB AUTO_INCREMENT=124 DEFAULT CHARSET=utf8;
/*!40101 SET character_set_client = @saved_cs_client */;

--
-- Dumping data for table `tipo_cambio`
--

LOCK TABLES `tipo_cambio` WRITE;
/*!40000 ALTER TABLE `tipo_cambio` DISABLE KEYS */;
INSERT INTO `tipo_cambio` VALUES (12,'2016-09-01','USD',3.391),(13,'2016-09-05','USD',3.39),(14,'2016-09-08','USD',3.35),(15,'2016-09-09','USD',3.37),(16,'2016-09-12','USD',3.38),(17,'2016-09-15','USD',3.39),(18,'2016-09-16','USD',3.39),(19,'2016-09-19','USD',3.39),(20,'2016-09-07','USD',3.395),(21,'2016-09-20','USD',3.39),(22,'2016-09-21','USD',3.389),(23,'2016-09-23','USD',3.35),(24,'2016-09-23','USD',3.35),(25,'2016-09-27','USD',3.36),(26,'2016-09-30','USD',3.38),(28,'2016-10-03','USD',3.4),(29,'2016-10-05','USD',3.39),(30,'2016-10-06','USD',3.4),(31,'2016-10-07','USD',3.41),(32,'2016-10-11','USD',3.398),(33,'2016-10-12','USD',3.401),(34,'2016-09-28','USD',3.371),(35,'2016-09-17','USD',3.396),(36,'2016-09-14','USD',3.413),(37,'2016-09-06','USD',3.399),(38,'2016-10-13','USD',3.4),(39,'2016-10-10','USD',3.4),(40,'2016-10-14','USD',3.41),(41,'2016-10-17','USD',3.4),(42,'2016-10-18','USD',3.4),(43,'2016-08-29','USD',3.346),(44,'2016-10-19','USD',3.4),(45,'2016-10-08','USD',3.408),(46,'2016-10-20','USD',3.38),(47,'2016-10-04','USD',3.393),(48,'2016-10-01','USD',3.403),(49,'2016-10-24','USD',3.369),(50,'2016-10-25','USD',3.352),(51,'2016-10-21','USD',3.385),(52,'2016-10-26','USD',3.36),(53,'2016-10-27','USD',3.36),(54,'2016-11-02','USD',3.36),(55,'2016-11-03','USD',3.38),(56,'2016-11-04','USD',3.38),(57,'2016-10-31','USD',3.36),(58,'2016-11-07','USD',3.38),(59,'2016-11-09','USD',3.38),(60,'2016-11-10','USD',3.37),(61,'2016-11-11','USD',3.4),(62,'2016-10-28','USD',3.37),(63,'2016-11-08','USD',3.37),(64,'2016-11-14','USD',3.41),(65,'2016-11-15','USD',3.423),(66,'2016-11-22','USD',3.41),(67,'2016-11-23','USD',3.42),(68,'2016-11-24','USD',3.42),(69,'2016-11-25','USD',3.42),(70,'2016-11-21','USD',3.41),(71,'2016-11-18','USD',3.41),(72,'2016-11-28','USD',3.41),(73,'2016-11-30','USD',3.42),(74,'2016-12-01','USD',3.4),(75,'2016-12-06','USD',3.41),(76,'2016-12-07','USD',3.41),(77,'2016-12-09','USD',3.408),(78,'2016-12-12','USD',3.402),(79,'2016-12-13','USD',3.404),(80,'2016-12-14','USD',3.4),(81,'2016-12-05','USD',3.41),(82,'2016-12-15','USD',3.4),(83,'2016-12-19','USD',3.4),(84,'2016-12-20','USD',3.4),(85,'2016-12-22','USD',3.39),(86,'2016-12-23','USD',3.398),(87,'2016-12-23','USD',3.398),(88,'2016-12-26','USD',3.38),(89,'2016-12-26','USD',3.338),(90,'2016-12-24','USD',0),(91,'2016-12-27','USD',3.394),(92,'2016-12-28','USD',3.385),(93,'2016-12-21','USD',3.406),(94,'2017-01-03','USD',3.363),(95,'2017-01-03','USD',3.363),(96,'2017-01-03','USD',3.363),(97,'2017-01-04','USD',3.378),(98,'2017-01-05','USD',3.391),(99,'2017-01-06','USD',3.373),(100,'2017-01-06','USD',3.373),(101,'2017-01-06','USD',3.373),(102,'2017-01-09','USD',3.369),(103,'2017-01-09','USD',3.375),(104,'2017-01-09','USD',3.375),(105,'2017-01-09','USD',3.375),(106,'2017-01-10','USD',3.375),(107,'2017-01-10','USD',3.382),(108,'2017-01-11','USD',3.39),(109,'2017-01-11','USD',3),(110,'2017-01-11','USD',3.39),(111,'2017-01-11','USD',3.39),(112,'2017-01-12','USD',3.39),(113,'2017-01-16','USD',3.366),(114,'2017-01-17','USD',3.371),(115,'2017-01-18','USD',3.353),(116,'2017-01-20','USD',3.338),(117,'2017-01-24','USD',3.292),(118,'2017-01-23','USD',3.306),(119,'2017-01-23','USD',3.306),(120,'2017-01-13','USD',3.366),(121,'2017-03-01','USD',3.202),(122,'2017-03-16','USD',1231),(123,'2017-03-24','USD',434);
/*!40000 ALTER TABLE `tipo_cambio` ENABLE KEYS */;
UNLOCK TABLES;

--
-- Table structure for table `tipo_factura`
--

DROP TABLE IF EXISTS `tipo_factura`;
/*!40101 SET @saved_cs_client     = @@character_set_client */;
/*!40101 SET character_set_client = utf8 */;
CREATE TABLE `tipo_factura` (
  `id` int(11) NOT NULL AUTO_INCREMENT,
  `tipo` varchar(45) DEFAULT NULL,
  PRIMARY KEY (`id`)
) ENGINE=InnoDB AUTO_INCREMENT=3 DEFAULT CHARSET=utf8;
/*!40101 SET character_set_client = @saved_cs_client */;

--
-- Dumping data for table `tipo_factura`
--

LOCK TABLES `tipo_factura` WRITE;
/*!40000 ALTER TABLE `tipo_factura` DISABLE KEYS */;
INSERT INTO `tipo_factura` VALUES (1,'Productos'),(2,'Servicios');
/*!40000 ALTER TABLE `tipo_factura` ENABLE KEYS */;
UNLOCK TABLES;

--
-- Table structure for table `tipo_gasto_importacion`
--

DROP TABLE IF EXISTS `tipo_gasto_importacion`;
/*!40101 SET @saved_cs_client     = @@character_set_client */;
/*!40101 SET character_set_client = utf8 */;
CREATE TABLE `tipo_gasto_importacion` (
  `id` int(11) NOT NULL AUTO_INCREMENT,
  `nombre` varchar(50) DEFAULT NULL,
  `contable` int(11) DEFAULT NULL,
  PRIMARY KEY (`id`)
) ENGINE=InnoDB AUTO_INCREMENT=9 DEFAULT CHARSET=utf8;
/*!40101 SET character_set_client = @saved_cs_client */;

--
-- Dumping data for table `tipo_gasto_importacion`
--

LOCK TABLES `tipo_gasto_importacion` WRITE;
/*!40000 ALTER TABLE `tipo_gasto_importacion` DISABLE KEYS */;
INSERT INTO `tipo_gasto_importacion` VALUES (1,'ExWork',1),(2,'Flete',1),(3,'Aduana',1),(4,'DUA',0),(5,'Almacen',1),(6,'Estiva/Destiva',1),(7,'Transporte',1),(8,'AdValorem',1);
/*!40000 ALTER TABLE `tipo_gasto_importacion` ENABLE KEYS */;
UNLOCK TABLES;

--
-- Table structure for table `tipo_orden_compra`
--

DROP TABLE IF EXISTS `tipo_orden_compra`;
/*!40101 SET @saved_cs_client     = @@character_set_client */;
/*!40101 SET character_set_client = utf8 */;
CREATE TABLE `tipo_orden_compra` (
  `id` int(11) NOT NULL AUTO_INCREMENT,
  `nombre` varchar(50) DEFAULT NULL,
  `minimoAdjuntos` int(11) DEFAULT NULL,
  PRIMARY KEY (`id`)
) ENGINE=InnoDB AUTO_INCREMENT=23 DEFAULT CHARSET=utf8;
/*!40101 SET character_set_client = @saved_cs_client */;

--
-- Dumping data for table `tipo_orden_compra`
--

LOCK TABLES `tipo_orden_compra` WRITE;
/*!40000 ALTER TABLE `tipo_orden_compra` DISABLE KEYS */;
INSERT INTO `tipo_orden_compra` VALUES (20,'Abierta',NULL),(21,'Productos',NULL),(22,'Normal',NULL);
/*!40000 ALTER TABLE `tipo_orden_compra` ENABLE KEYS */;
UNLOCK TABLES;

--
-- Dumping events for database 'demobuy'
--

--
-- Dumping routines for database 'demobuy'
--
/*!50003 DROP FUNCTION IF EXISTS `fun_calculo_orden_compra_articulos_restantes` */;
/*!50003 SET @saved_cs_client      = @@character_set_client */ ;
/*!50003 SET @saved_cs_results     = @@character_set_results */ ;
/*!50003 SET @saved_col_connection = @@collation_connection */ ;
/*!50003 SET character_set_client  = utf8 */ ;
/*!50003 SET character_set_results = utf8 */ ;
/*!50003 SET collation_connection  = utf8_general_ci */ ;
/*!50003 SET @saved_sql_mode       = @@sql_mode */ ;
/*!50003 SET sql_mode              = 'STRICT_TRANS_TABLES,NO_ENGINE_SUBSTITUTION' */ ;
DELIMITER ;;
CREATE DEFINER=`holinsys`@`%` FUNCTION `fun_calculo_orden_compra_articulos_restantes`(idOrdenCompra INT) RETURNS int(11)
BEGIN
DECLARE resultado INT ;

SET resultado = 0;

 SELECT  SUM(tbl.maxima) INTO @resultado FROM  
                 ( 
                /*TRAE LA ORDEN DE COMPRA CON TODOS LOS ARTICULOS*/
                 SELECT ocd.articulo_id, ocd.descripcion, a.codigo_articulo, ocd.cantidad total, ocd.cantidad maxima  
                 FROM orden_compra_detalle ocd  
                 INNER JOIN articulo a on ocd.articulo_id = a.id 
                 WHERE orden_compra_id = idOrdenCompra 
                 UNION ALL 
                /*TRAE TODOS LOS ARTICULOS EN OTRAS CARPETAS DE IMPORTACION PARCIALES CON LA MISMA ORDEN DE COMPRA 
                  EN NEGATIVO PARA AL SUMARLAS  CON EL TOTAL DEVUELVA LA CANTIDAD MAXIMA A DESPACHAR*/
                 SELECT cipa.id_articulo, a.descripcion, a.codigo_articulo, 0 total, cipa.cantidad*(-1) maxima  
                 FROM carpeta_importacion_parcial_articulo cipa  
                 INNER JOIN articulo a ON cipa.id_articulo = a.id 
                 WHERE cipa.id_orden_compra = idOrdenCompra 
                 ) tbl;
RETURN @resultado;
END ;;
DELIMITER ;
/*!50003 SET sql_mode              = @saved_sql_mode */ ;
/*!50003 SET character_set_client  = @saved_cs_client */ ;
/*!50003 SET character_set_results = @saved_cs_results */ ;
/*!50003 SET collation_connection  = @saved_col_connection */ ;
/*!50003 DROP FUNCTION IF EXISTS `fun_carpeta_importacion_numero_serie` */;
/*!50003 SET @saved_cs_client      = @@character_set_client */ ;
/*!50003 SET @saved_cs_results     = @@character_set_results */ ;
/*!50003 SET @saved_col_connection = @@collation_connection */ ;
/*!50003 SET character_set_client  = utf8 */ ;
/*!50003 SET character_set_results = utf8 */ ;
/*!50003 SET collation_connection  = utf8_general_ci */ ;
/*!50003 SET @saved_sql_mode       = @@sql_mode */ ;
/*!50003 SET sql_mode              = 'STRICT_TRANS_TABLES,NO_ENGINE_SUBSTITUTION' */ ;
DELIMITER ;;
CREATE DEFINER=`holinsys`@`%` FUNCTION `fun_carpeta_importacion_numero_serie`(inventarioDocumentoId INT) RETURNS varchar(50) CHARSET utf8
BEGIN
DECLARE result VARCHAR(50);
SELECT carpeta_importacion_documento.codigo into @result 
FROM
carpeta_importacion_documento
INNER JOIN carpeta_importacion_elemento ON carpeta_importacion_documento.carpeta_importacion_elemento_id = carpeta_importacion_elemento.id
INNER JOIN carpeta_importacion ON carpeta_importacion_elemento.carpeta_importacion_id = carpeta_importacion.id
WHERE
carpeta_importacion.id = inventarioDocumentoId
	AND (carpeta_importacion_elemento.nombre LIKE 'Factura%'
	OR carpeta_importacion_elemento.nombre = 'ExWork') 
ORDER BY carpeta_importacion_documento.fecha_creacion ASC
LIMIT 1;
RETURN @result ;


END ;;
DELIMITER ;
/*!50003 SET sql_mode              = @saved_sql_mode */ ;
/*!50003 SET character_set_client  = @saved_cs_client */ ;
/*!50003 SET character_set_results = @saved_cs_results */ ;
/*!50003 SET collation_connection  = @saved_col_connection */ ;
/*!50003 DROP PROCEDURE IF EXISTS `usp_actualiza_costos` */;
/*!50003 SET @saved_cs_client      = @@character_set_client */ ;
/*!50003 SET @saved_cs_results     = @@character_set_results */ ;
/*!50003 SET @saved_col_connection = @@collation_connection */ ;
/*!50003 SET character_set_client  = utf8 */ ;
/*!50003 SET character_set_results = utf8 */ ;
/*!50003 SET collation_connection  = utf8_general_ci */ ;
/*!50003 SET @saved_sql_mode       = @@sql_mode */ ;
/*!50003 SET sql_mode              = 'STRICT_TRANS_TABLES,NO_ENGINE_SUBSTITUTION' */ ;
DELIMITER ;;
CREATE DEFINER=`holinsys`@`%` PROCEDURE `usp_actualiza_costos`(IN `vInvetarioId` INT, IN `vArticuloId` INT)
BEGIN

	DECLARE cInventarioId INT DEFAULT 0;
	DECLARE cCantidad INT DEFAULT 0;
	DECLARE cCostoUnit DOUBLE DEFAULT 0;
	DECLARE cCostoTotal DOUBLE DEFAULT 0;
	DECLARE cCantidadFinal INT DEFAULT 0;
	DECLARE cCostoUnitFinal DOUBLE DEFAULT 0;
	DECLARE cCostoTotalFinal DOUBLE DEFAULT 0;
	DECLARE cAntCantidad INT DEFAULT 0;
	DECLARE cAntCostoUnit DOUBLE DEFAULT 0;
	DECLARE cAntCostoTotal DOUBLE DEFAULT 0;
	DECLARE cAntCantidadFinal INT DEFAULT 0;
	DECLARE cAntCostoUnitFinal DOUBLE DEFAULT 0;	
	DECLARE cAntCostoTotalFinal DOUBLE DEFAULT 0;

	DECLARE cursor_registros CURSOR FOR
		SELECT id, cantidad, costo_unitario, costo_total,
			final_cantidad, final_costo_unitario, final_cantidad_total
		FROM inventario
		WHERE id >= vInvetarioId AND articulo_id = vArticuloId;
		
	-- Declaración de un manejador de  error tipo NOT FOUND
	DECLARE CONTINUE HANDLER FOR NOT FOUND SET @hecho = TRUE;
	
	OPEN cursor_registros;
	loop1: LOOP
	
		FETCH cursor_registros INTO cInventarioId, cCantidad, cCostoUnit, cCostoTotal,
											cCantidadFinal, cCostoUnitFinal, cCostoTotalFinal;
		IF @hecho THEN
			LEAVE loop1;
		END IF;

		/* El primer registro ya fue actualizado desde InventarioController */		
		IF (cInventarioId > vInvetarioId) THEN
			/* Se calcula nuevamente la cantidad final, el costo unitario final
				y el costo total final */
			
			/* CANTIDAD FINAL*/
			SET cCantidadFinal = cAntCantidadFinal + cCantidad;
			
			/* COSTO TOTAL FINAL */
			SET cCostoTotalFinal = ROUND(cAntCostoTotalFinal + cCostoTotal, 2);
			
			/* COSTO PROMEDIO FINAL */
			IF (cCantidadFinal > 0) THEN
				IF (cCantidad > 0) THEN
					/* Ingreso */
					SET cCostoUnitFinal = cCostoTotalFinal / cCantidadFinal;
				ELSE
					SET cCostoUnitFinal = cAntCostoUnitFinal;
				END IF;
				SET cCostoUnitFinal = ROUND(cCostoUnitFinal,2);
			ELSE
				/* No hay stock */
				SET cCostoUnitFinal = 0;
			END IF;
			
			UPDATE inventario
			SET final_cantidad = cCantidadFinal,
				final_costo_total = cCostoTotalFinal,
				final_costo_unitario = cCostoUnitFinal
			WHERE id = cInventarioId;
			
		END IF;
		
		SET cAntCantidad = cCantidad;
		SET cAntCostoUnit = cCostoUnit;
		SET cAntCostoTotal = cCostoTotal;
		SET cAntCantidadFinal = cCantidadFinal;
		SET cAntCostoUnitFinal = cCostoUnitFinal;
		SET cAntCostoTotalFinal = cCostoTotalFinal;
		
	END LOOP loop1;
	CLOSE cursor_registros;

END ;;
DELIMITER ;
/*!50003 SET sql_mode              = @saved_sql_mode */ ;
/*!50003 SET character_set_client  = @saved_cs_client */ ;
/*!50003 SET character_set_results = @saved_cs_results */ ;
/*!50003 SET collation_connection  = @saved_col_connection */ ;
/*!50003 DROP PROCEDURE IF EXISTS `usp_actualiza_costos_ajuste` */;
/*!50003 SET @saved_cs_client      = @@character_set_client */ ;
/*!50003 SET @saved_cs_results     = @@character_set_results */ ;
/*!50003 SET @saved_col_connection = @@collation_connection */ ;
/*!50003 SET character_set_client  = utf8 */ ;
/*!50003 SET character_set_results = utf8 */ ;
/*!50003 SET collation_connection  = utf8_general_ci */ ;
/*!50003 SET @saved_sql_mode       = @@sql_mode */ ;
/*!50003 SET sql_mode              = 'STRICT_TRANS_TABLES,NO_ENGINE_SUBSTITUTION' */ ;
DELIMITER ;;
CREATE DEFINER=`holinsys`@`%` PROCEDURE `usp_actualiza_costos_ajuste`(IN `vInvetarioId` INT, IN `vArticuloId` INT)
BEGIN


	
	DECLARE cInventarioId INT DEFAULT 0;
	DECLARE cCantidad INT DEFAULT 0;
	DECLARE cCostoUnit DOUBLE DEFAULT 0;
	DECLARE cCostoTotal DOUBLE DEFAULT 0;
	DECLARE cCantidadFinal INT DEFAULT 0;
	DECLARE cCostoUnitFinal DOUBLE DEFAULT 0;
	DECLARE cCostoTotalFinal DOUBLE DEFAULT 0;
	DECLARE cAntCantidad INT DEFAULT 0;
	DECLARE cAntCostoUnit DOUBLE DEFAULT 0;
	DECLARE cAntCostoTotal DOUBLE DEFAULT 0;
	DECLARE cAntCantidadFinal INT DEFAULT 0;
	DECLARE cAntCostoUnitFinal DOUBLE DEFAULT 0;	
	DECLARE cAntCostoTotalFinal DOUBLE DEFAULT 0;


	DECLARE cursor_registros CURSOR FOR
		SELECT id, cantidad, costo_unitario, costo_total,
			final_cantidad, final_costo_unitario, final_costo_total
		FROM temp_inventario_ajuste
		WHERE id >= vInvetarioId AND articulo_id = vArticuloId;
		
	-- Declaración de un manejador de  error tipo NOT FOUND
	DECLARE CONTINUE HANDLER FOR NOT FOUND SET @hecho = TRUE;
	
	OPEN cursor_registros;
	loop1: LOOP
	
		FETCH cursor_registros INTO cInventarioId, cCantidad, cCostoUnit, cCostoTotal,
											cCantidadFinal, cCostoUnitFinal, cCostoTotalFinal;
		IF @hecho THEN
			LEAVE loop1;
		END IF;


		/* El primer registro ya fue actualizado desde InventarioController */		
		IF (cInventarioId > vInvetarioId) THEN
			/* Se calcula nuevamente la cantidad final, el costo unitario final
				y el costo total final */
			
			/* CANTIDAD FINAL*/
			SET cCantidadFinal = cAntCantidadFinal + cCantidad;
			
			/* COSTO TOTAL FINAL */
			SET cCostoTotalFinal = ROUND(cAntCostoTotalFinal + cCostoTotal, 2);
			
			/* COSTO PROMEDIO FINAL */
			IF (cCantidadFinal > 0) THEN
				IF (cCantidad > 0) THEN
					/* Ingreso */
					SET cCostoUnitFinal = cCostoTotalFinal / cCantidadFinal;
				ELSE
					SET cCostoUnitFinal = cAntCostoUnitFinal;
				END IF;
				SET cCostoUnitFinal = ROUND(cCostoUnitFinal,2);
			ELSE
				/* No hay stock */
				SET cCostoUnitFinal = 0;
			END IF;
			
			UPDATE inventario
			SET final_cantidad = cCantidadFinal,
				final_costo_total = cCostoTotalFinal,
				final_costo_unitario = cCostoUnitFinal
			WHERE id = cInventarioId;
			
		END IF;
		
		SET cAntCantidad = cCantidad;
		SET cAntCostoUnit = cCostoUnit;
		SET cAntCostoTotal = cCostoTotal;
		SET cAntCantidadFinal = cCantidadFinal;
		SET cAntCostoUnitFinal = cCostoUnitFinal;
		SET cAntCostoTotalFinal = cCostoTotalFinal;
		
	END LOOP loop1;
	CLOSE cursor_registros;


END ;;
DELIMITER ;
/*!50003 SET sql_mode              = @saved_sql_mode */ ;
/*!50003 SET character_set_client  = @saved_cs_client */ ;
/*!50003 SET character_set_results = @saved_cs_results */ ;
/*!50003 SET collation_connection  = @saved_col_connection */ ;
/*!50003 DROP PROCEDURE IF EXISTS `usp_reporte_kardex` */;
/*!50003 SET @saved_cs_client      = @@character_set_client */ ;
/*!50003 SET @saved_cs_results     = @@character_set_results */ ;
/*!50003 SET @saved_col_connection = @@collation_connection */ ;
/*!50003 SET character_set_client  = utf8 */ ;
/*!50003 SET character_set_results = utf8 */ ;
/*!50003 SET collation_connection  = utf8_general_ci */ ;
/*!50003 SET @saved_sql_mode       = @@sql_mode */ ;
/*!50003 SET sql_mode              = 'STRICT_TRANS_TABLES,NO_ENGINE_SUBSTITUTION' */ ;
DELIMITER ;;
CREATE DEFINER=`holinsys`@`%` PROCEDURE `usp_reporte_kardex`(IN `vFecha` DATETIME, IN `vCerrarKardex` INT)
BEGIN
    DECLARE vCreado INT;
    DECLARE vMes INT;
    DECLARE vAnio INT;
    DECLARE vPeriodo VARCHAR(6);
    SET vCreado = 0;
    SET vMes = MONTH(vFecha);
    SET vAnio = YEAR(vFecha);
    SET vPeriodo = CONVERT(DATE_FORMAT(vFecha ,'%Y%m'), UNSIGNED INTEGER);    
    /* Verificacion si el  kardex para el periodo dado ha sido cerrado. */
    SELECT 
    cerrado_kardex
INTO vCreado FROM
    inventario_mes
WHERE
    mes = vMes AND anio = vAnio;
    IF (vCreado = 1) THEN
        /* El kardex ya fue cerrado. */
        /* La data ya fue trasladada a inventario_almacenado */
        SELECT * FROM inventario_almacenado where periodo = vPeriodo;
        /* Para este caso, debido a que el kardex ya fue cerrado,
            no importa el valor de vCerrarKardex, puesto que el
            kardex no se volvera a abrir. */
    ELSE
        /* El kardex aun no ha sido cerrado. */
        IF (vCerrarKardex = 1) THEN
            /* TODO BORRAR TODOS LOS REGISTROS DEL MES */
            DELETE FROM inventario_almacenado WHERE periodo = vPeriodo;
            /* Se traslada la data a la tabla inventario_almacenado */
            INSERT INTO inventario_almacenado
            SELECT * FROM (
                SELECT vPeriodo periodo,
                    I.id, A.id articulo_id, A.codigo_articulo, A.nombre, A.unidad,
                    DATE_FORMAT(vFecha ,'01/%m/%Y') fecha, '' tipo_documento, '' serie_documento, '' numero_documento,
 'Saldo Inicial' tipo_operacion,
            /*IF(I.cantidad > 0, I.cantidad, 0) ingreso_cantidad,
            IF(I.cantidad > 0, I.costo_unitario, 0) ingreso_costo_unitario,
            IF(I.cantidad > 0, I.costo_total, 0) ingreso_costo_total,*/
            I.final_cantidad ingreso_cantidad,
            I.final_costo_unitario ingreso_costo_unitario,
            I.final_costo_total ingreso_costo_total,
            /*IF(I.cantidad < 0, I.cantidad * (- 1), 0)*/ '0' egreso_cantidad,
            /*IF(I.cantidad < 0, I.costo_unitario, 0) */ '0' egreso_costo_unitario,
            /*IF(I.cantidad < 0, I.costo_total, 0)*/ '0' egreso_costo_total,
            I.final_cantidad,
            I.final_costo_unitario,
            I.final_costo_total
                FROM inventario I
                    INNER JOIN (SELECT MAX(id) id FROM inventario WHERE fecha < DATE_FORMAT(vFecha ,'%Y-%m-01') AND inventario.final_cantidad > 0 GROUP BY articulo_id) AUX ON I.id = AUX.id
                    INNER JOIN articulo A ON I.articulo_id = A.id
                UNION
                SELECT 
                vPeriodo periodo,
                    I.id, A.id articulo_id, A.codigo_articulo, A.nombre, A.unidad,
                    DATE_FORMAT(I.fecha,'%d/%m/%Y') fecha, 
                     /*ITD.codigo tipo_documento,*/
                    IF(I.inventario_tipo_origen_id = 20, ((SELECT IF(ISNULL(guia_remision.factura_id), '09', '01') FROM guia_remision LEFT JOIN factura ON guia_remision.factura_id = factura.id JOIN despacho ON guia_remision.despacho_id = despacho.id WHERE despacho.id = I.entidad_id)),ITD.codigo) tipo_documento,
                    /*SERIE*/
                    /*CARPETA IMPORTACION*/
                     IF(I.inventario_tipo_origen_id = 1 , LEFT(IFNULL(fun_carpeta_importacion_numero_serie(I.inventario_documento_id)  ,''),LOCATE('-', IFNULL( fun_carpeta_importacion_numero_serie(I.inventario_documento_id),''))-1)
                    /*SI ES DESPACHO*/
                    ,IF(I.inventario_tipo_origen_id = 20, ((SELECT IF(ISNULL(factura.serie), guia_remision.serie, factura.serie) FROM guia_remision LEFT JOIN factura ON guia_remision.factura_id = factura.id JOIN despacho ON guia_remision.despacho_id = despacho.id WHERE despacho.id = I.entidad_id)) 
                    /*SI ES DOCUMENTO MANUAL*/
                    ,IF(I.inventario_tipo_origen_id = 21,  (SELECT inventario_documento_manual.serie FROM inventario_documento_manual WHERE inventario_documento_manual.id = I.entidad_id LIMIT 1)
                    /*DE LO CONTRARIO*/
                    ,0))) as serie_documento,    
                    
                    /*NUMERO*/
                    /*CARPETA IMPORTACION*/
                     IF(I.inventario_tipo_origen_id = 1, SUBSTRING_INDEX(IFNULL(fun_carpeta_importacion_numero_serie(I.inventario_documento_id)  ,''),'-',-1)
                    /*SI ES DESPACHO*/
                    ,IF(I.inventario_tipo_origen_id = 20,(SELECT IF(ISNULL(guia_remision.factura_id), SUBSTRING_INDEX(guia_remision.codigo,'-',-1),factura.num_factura) FROM guia_remision  LEFT JOIN factura ON guia_remision.factura_id = factura.id JOIN despacho ON guia_remision.despacho_id = despacho.id WHERE despacho.id = I.entidad_id)
                    /*SI ES DOCUMENTO MANUAL*/
                    ,IF(I.inventario_tipo_origen_id = 21,  (SELECT inventario_documento_manual.numero FROM inventario_documento_manual WHERE inventario_documento_manual.id = I.entidad_id LIMIT 1)
                    /*DE LO CONTRARIO*/
                    , 0))) as numero_documento,
                    
                    ITO.codigo tipo_operacion,
                    IF(I.cantidad > 0, I.cantidad, 0) ingreso_cantidad,
                    IF(I.cantidad > 0, I.costo_unitario, 0) ingreso_costo_unitario,
                    IF(I.cantidad > 0, I.costo_total, 0) ingreso_costo_total,
                    IF(I.cantidad < 0, I.cantidad * (- 1), 0) egreso_cantidad,
                    IF(I.cantidad < 0, I.costo_unitario, 0) egreso_costo_unitario,
                    IF(I.cantidad < 0, I.costo_total, 0) egreso_costo_total,
                    I.final_cantidad,
                    I.final_costo_unitario,
                    I.final_costo_total
                        FROM inventario I
                            INNER JOIN inventario_tipo_operacion ITO ON I.inventario_tipo_operacion_id = ITO.id
                            INNER JOIN articulo A ON I.articulo_id = A.id
                            INNER JOIN inventario_tipo_documento ITD ON I.inventario_tipo_documento_id = ITD.id
                            /* SELECCION DE DOCUMENTO EN CASO PROVENGA DE UNA CARPETA DE IMPORTACION */
                            LEFT JOIN carpeta_importacion_documento CD ON CD.id = I.inventario_documento_id AND I.inventario_tipo_origen_id = 1
                            /* SELECCION DE DOCUMENTO EN CASO PROVENGA DE UNA FACTURA  */
                            LEFT JOIN factura F ON F.id = I.inventario_documento_id AND I.inventario_tipo_origen_id IN (2,3)
                        WHERE I.fecha >= DATE_FORMAT(vFecha ,'%Y-%m-01')
                            AND I.fecha <= LAST_DAY(vFecha)) consulta
                    ORDER BY consulta.articulo_id, consulta.id;
                    /* Se cierra el kardex */
                    UPDATE inventario_mes 
SET 
    cerrado_kardex = 1
WHERE
    mes = vMes AND anio = vAnio;
        END IF;
        /* Se selecciona la data, que resultara siendo el resultado del procedimiento. */
        SELECT 
    *
FROM
    (SELECT 
        CONVERT( DATE_FORMAT(vFecha, '%Y%m') , UNSIGNED INTEGER) periodo,
            I.id,
            A.id articulo_id,
            A.codigo_articulo,
            A.nombre,
            A.unidad,
            DATE_FORMAT(vFecha, '01/%m/%Y') fecha,
            '' tipo_documento,
            '' serie_documento,
            '' numero_documento,
            'Saldo Inicial' tipo_operacion,
            /*IF(I.cantidad > 0, I.cantidad, 0) ingreso_cantidad,
            IF(I.cantidad > 0, I.costo_unitario, 0) ingreso_costo_unitario,
            IF(I.cantidad > 0, I.costo_total, 0) ingreso_costo_total,*/
            I.final_cantidad ingreso_cantidad,
            I.final_costo_unitario ingreso_costo_unitario,
            I.final_costo_total ingreso_costo_total,
            /*IF(I.cantidad < 0, I.cantidad * (- 1), 0)*/ '0' egreso_cantidad,
            /*IF(I.cantidad < 0, I.costo_unitario, 0) */ '0' egreso_costo_unitario,
            /*IF(I.cantidad < 0, I.costo_total, 0)*/ '0' egreso_costo_total,
            I.final_cantidad,
            I.final_costo_unitario,
            I.final_costo_total
    FROM
        inventario I 
    INNER JOIN (SELECT 
        MAX(id) id
    FROM
        inventario
    WHERE
        fecha < DATE_FORMAT(vFecha, '%Y-%m-01')
        AND inventario.final_cantidad > 0
    GROUP BY articulo_id) AUX ON I.id = AUX.id
    INNER JOIN articulo A ON I.articulo_id = A.id UNION SELECT
        vPeriodo periodo,
            I.id,
            A.id articulo_id,
            A.codigo_articulo,
            A.nombre,
            A.unidad,
            DATE_FORMAT(I.fecha, '%d/%m/%Y') fecha,
            /*ITD.codigo tipo_documento,*/
            IF(I.inventario_tipo_origen_id = 20, ((SELECT IF(ISNULL(guia_remision.factura_id), '09', '01') FROM guia_remision LEFT JOIN factura ON guia_remision.factura_id = factura.id JOIN despacho ON guia_remision.despacho_id = despacho.id WHERE despacho.id = I.entidad_id)),ITD.codigo) tipo_documento,
            /*SERIE*/
            /*CARPETA IMPORTACION*/
             IF(I.inventario_tipo_origen_id = 1 , LEFT(IFNULL(fun_carpeta_importacion_numero_serie(I.inventario_documento_id)  ,''),LOCATE('-', IFNULL( fun_carpeta_importacion_numero_serie(I.inventario_documento_id),''))-1)
            /*SI ES DESPACHO*/
            ,IF(I.inventario_tipo_origen_id = 20, ((SELECT IF(ISNULL(factura.serie), guia_remision.serie, factura.serie) FROM guia_remision LEFT JOIN factura ON guia_remision.factura_id = factura.id JOIN despacho ON guia_remision.despacho_id = despacho.id WHERE despacho.id = I.entidad_id)) 
            /*SI ES DOCUMENTO MANUAL*/
            ,IF(I.inventario_tipo_origen_id = 21,  (SELECT inventario_documento_manual.serie FROM inventario_documento_manual WHERE inventario_documento_manual.id = I.entidad_id LIMIT 1)
            /*DE LO CONTRARIO*/
            ,0))) as serie_documento,    
            
            /*NUMERO*/
            /*CARPETA IMPORTACION*/
             IF(I.inventario_tipo_origen_id = 1, SUBSTRING_INDEX(IFNULL(fun_carpeta_importacion_numero_serie(I.inventario_documento_id)  ,''),'-',-1)
            /*SI ES DESPACHO*/
            ,IF(I.inventario_tipo_origen_id = 20,(SELECT IF(ISNULL(guia_remision.factura_id), SUBSTRING_INDEX(guia_remision.codigo,'-',-1),factura.num_factura) FROM guia_remision  LEFT JOIN factura ON guia_remision.factura_id = factura.id JOIN despacho ON guia_remision.despacho_id = despacho.id WHERE despacho.id = I.entidad_id)
            /*SI ES DOCUMENTO MANUAL*/
            ,IF(I.inventario_tipo_origen_id = 21,  (SELECT inventario_documento_manual.numero FROM inventario_documento_manual WHERE inventario_documento_manual.id = I.entidad_id LIMIT 1)
            /*DE LO CONTRARIO*/
            , 0))) as numero_documento,
            
            ITO.codigo tipo_operacion,
            IF(I.cantidad > 0, I.cantidad, 0) ingreso_cantidad,
            IF(I.cantidad > 0, I.costo_unitario, 0) ingreso_costo_unitario,
            IF(I.cantidad > 0, I.costo_total, 0) ingreso_costo_total,
            IF(I.cantidad < 0, I.cantidad * (- 1), 0) egreso_cantidad,
            IF(I.cantidad < 0, I.costo_unitario, 0) egreso_costo_unitario,
            IF(I.cantidad < 0, I.costo_total, 0) egreso_costo_total,
            I.final_cantidad,
            I.final_costo_unitario,
            I.final_costo_total
    FROM
        inventario I
    INNER JOIN inventario_tipo_operacion ITO ON I.inventario_tipo_operacion_id = ITO.id
    INNER JOIN articulo A ON I.articulo_id = A.id
    INNER JOIN inventario_tipo_documento ITD ON I.inventario_tipo_documento_id = ITD.id
    LEFT JOIN carpeta_importacion_documento CD ON CD.id = I.inventario_documento_id
        AND I.inventario_tipo_origen_id = 1
    LEFT JOIN factura F ON F.id = I.inventario_documento_id
        AND I.inventario_tipo_origen_id IN (2 , 3)
    WHERE
        I.fecha >= DATE_FORMAT(vFecha, '%Y-%m-01')
            AND I.fecha <= LAST_DAY(vFecha)) consulta
ORDER BY consulta.articulo_id , consulta.id;
        
    END IF;
    
END ;;
DELIMITER ;
/*!50003 SET sql_mode              = @saved_sql_mode */ ;
/*!50003 SET character_set_client  = @saved_cs_client */ ;
/*!50003 SET character_set_results = @saved_cs_results */ ;
/*!50003 SET collation_connection  = @saved_col_connection */ ;
/*!50003 DROP PROCEDURE IF EXISTS `usp_reporte_order_backlog` */;
/*!50003 SET @saved_cs_client      = @@character_set_client */ ;
/*!50003 SET @saved_cs_results     = @@character_set_results */ ;
/*!50003 SET @saved_col_connection = @@collation_connection */ ;
/*!50003 SET character_set_client  = utf8 */ ;
/*!50003 SET character_set_results = utf8 */ ;
/*!50003 SET collation_connection  = utf8_general_ci */ ;
/*!50003 SET @saved_sql_mode       = @@sql_mode */ ;
/*!50003 SET sql_mode              = 'STRICT_TRANS_TABLES,NO_ENGINE_SUBSTITUTION' */ ;
DELIMITER ;;
CREATE DEFINER=`holinsys`@`%` PROCEDURE `usp_reporte_order_backlog`(IN `vFecha` DATETIME, IN `vCerrarOrderBacklog` INT)
BEGIN
    DECLARE vCreado INT;
    DECLARE vMes INT;
    DECLARE vAnio INT;
    DECLARE vPeriodo VARCHAR(6);
    SET @item := 0;
    SET vCreado = 0;
    SET vMes = MONTH(vFecha);
    SET vAnio = YEAR(vFecha);
    SET vPeriodo = CONVERT(DATE_FORMAT(vFecha ,'%Y%m'), UNSIGNED INTEGER);
    
    /* Verificación  si del order backlog para el periodo dado ha sido cerrado. */
    SELECT cerrado_order_backlog INTO vCreado
    FROM inventario_mes
    WHERE mes = vMes AND anio = vAnio;
    
    IF (vCreado = 1) THEN
    
        /* El order backlog ya fue cerrado. */
        /* La data ya fue trasladada a reporte_order_backlog */
        SELECT * FROM reporte_order_backlog where fechaPeriodo=STR_TO_DATE( CONCAT('01/',vMes,'/',vAnio), '%d/%m/%Y %T');
       
        /* Para este caso, debido a que el order backlog ya fue cerrado,
            no importa el valor de vCerrarOrderBacklog, puesto que el
            order Backlog no se volvera a abrir. */
       
    ELSE
    
        /* El order Backlog aun no ha sido cerrado. */
        IF (vCerrarOrderBacklog = 1) THEN


            /* Se cierra el order Backlog */
            UPDATE inventario_mes SET cerrado_order_backlog = 1 WHERE mes = vMes AND anio = vAnio;
           
            /* Se traslada la data a la tabla reporte_order_backlog */
            INSERT INTO reporte_order_backlog (item,cliente,num_orden,articulo,moneda,valor,year_related,month_related,detalles,fechaPeriodo)
            SELECT (@item := @item + 10),cliente.nombre,cotizacion.orden_compra_cliente,if(cotizacion.categoria_id=1,cotizacion.poducto_type,'Servicios') nombre,cotizacion.moneda,sum(if(cotizacion.estado_id=8,(cotizacion_detalle.sub_total*-1),cotizacion_detalle.sub_total)),year(cotizacion.fecha),month(cotizacion.fecha),CONCAT(IFNULL(cotizacion.comentario_oi,""),IF((cotizacion_detalle.sub_total - (select sum(precio_unitario) from factura_detalle where factura_id= factura.id and articulo_id=cotizacion_detalle.articulo_id))=0,"",concat("Pre abono por ",cotizacion.moneda," ", (select sum(precio_unitario)  from factura_detalle where factura_id= factura.id and articulo_id=cotizacion_detalle.articulo_id)))),STR_TO_DATE( CONCAT('01/',vMes,'/',vAnio), '%d/%m/%Y %T')
                        FROM cotizacion
                        INNER JOIN cotizacion_detalle ON cotizacion.id =cotizacion_detalle.cotizacion_id
                        INNER JOIN articulo ON articulo.id =cotizacion_detalle.articulo_id
                        INNER JOIN cliente ON cliente.id =cotizacion.cliente_id
                        left JOIN tipo_cambio ON (tipo_cambio.moneda =cotizacion.moneda and tipo_cambio.fecha= DATE_FORMAT(cotizacion.fecha,'%Y-%m-01'))
                        INNER JOIN centro_costo ON cotizacion.numero =centro_costo.codigo
                        LEFT OUTER JOIN factura ON factura.centro_costo_id =centro_costo.id                       
                        where ((cotizacion.fechaAceptacionCliente < STR_TO_DATE( CONCAT('01/',vMes,'/',vAnio), '%d/%m/%Y %T')) and (cotizacion.estado_id=6 or cotizacion.estado_id=7)                        
                        and  NOT EXISTS
                                 (
                                 SELECT  1
                                 FROM factura
                                 where factura.centro_costo_id =centro_costo.id and (((select sum(cd.sub_total) from cotizacion_detalle cd where cd.cotizacion_id=cotizacion.id)-(select sum(precio_unitario) from factura_detalle where factura_id= factura.id))=0)
                                 ))or((cotizacion.fecha_cancelacion_cliente < STR_TO_DATE(CONCAT('01/',vMes,'/',vAnio), '%d/%m/%Y %T')) and cotizacion.estado_id=8)
                            group by cotizacion.orden_compra_cliente;
       
            INSERT INTO reporte_order_intake (cliente,moneda,valor,year_related,month_related)
            select "Holinsys_resumen_reporte",moneda,cambio,year(fecha),month(fecha) from tipo_cambio
            where year(fecha)=vAnio and month(fecha)=vMes and day(fecha)=1;
           
       
        END IF;
        /* Se selecciona la data */
       
        SELECT (@item := @item + 10) item,cotizacion.id,cotizacion.orden_compra_cliente num_orden,if(cotizacion.categoria_id=1,cotizacion.poducto_type,'Servicios') articulo,cotizacion.moneda,cliente.nombre cliente,sum(if(cotizacion.estado_id=8,(cotizacion_detalle.sub_total*-1),cotizacion_detalle.sub_total)) valor,year(cotizacion.fecha) year_related,month(cotizacion.fecha) month_related,CONCAT(IFNULL(cotizacion.comentario_oi,""),IF((cotizacion_detalle.sub_total - (select sum(precio_unitario) from factura_detalle where factura_id= factura.id and articulo_id=cotizacion_detalle.articulo_id))=0,"",concat("Pre abono por ",cotizacion.moneda," ", (select sum(precio_unitario)  from factura_detalle where factura_id= factura.id and articulo_id=cotizacion_detalle.articulo_id)))) detalles
                        FROM cotizacion
                        INNER JOIN cotizacion_detalle ON cotizacion.id =cotizacion_detalle.cotizacion_id
                        INNER JOIN articulo ON articulo.id =cotizacion_detalle.articulo_id
                        INNER JOIN cliente ON cliente.id =cotizacion.cliente_id
                        left JOIN tipo_cambio ON (tipo_cambio.moneda =cotizacion.moneda and tipo_cambio.fecha= DATE_FORMAT(cotizacion.fecha,'%Y-%m-01'))
                        INNER JOIN centro_costo ON cotizacion.numero =centro_costo.codigo
                        LEFT OUTER JOIN factura ON factura.centro_costo_id =centro_costo.id                       
                        where ((cotizacion.fechaAceptacionCliente < STR_TO_DATE( CONCAT('01/',vMes,'/',vAnio), '%d/%m/%Y %T')) and (cotizacion.estado_id=6 or cotizacion.estado_id=7)                        
                        and  NOT EXISTS
                                 (
                                 SELECT  1
                                 FROM factura
                                 where factura.centro_costo_id =centro_costo.id and (((select sum(cd.sub_total) from cotizacion_detalle cd where cd.cotizacion_id=cotizacion.id)-(select sum(precio_unitario) from factura_detalle where factura_id= factura.id))=0)
                                 ))or((cotizacion.fecha_cancelacion_cliente < STR_TO_DATE(CONCAT('01/',vMes,'/',vAnio), '%d/%m/%Y %T')) and cotizacion.estado_id=8)
                            group by cotizacion.orden_compra_cliente;
       
    END IF;
END ;;
DELIMITER ;
/*!50003 SET sql_mode              = @saved_sql_mode */ ;
/*!50003 SET character_set_client  = @saved_cs_client */ ;
/*!50003 SET character_set_results = @saved_cs_results */ ;
/*!50003 SET collation_connection  = @saved_col_connection */ ;
/*!50003 DROP PROCEDURE IF EXISTS `usp_reporte_order_intake` */;
/*!50003 SET @saved_cs_client      = @@character_set_client */ ;
/*!50003 SET @saved_cs_results     = @@character_set_results */ ;
/*!50003 SET @saved_col_connection = @@collation_connection */ ;
/*!50003 SET character_set_client  = utf8 */ ;
/*!50003 SET character_set_results = utf8 */ ;
/*!50003 SET collation_connection  = utf8_general_ci */ ;
/*!50003 SET @saved_sql_mode       = @@sql_mode */ ;
/*!50003 SET sql_mode              = 'STRICT_TRANS_TABLES,NO_ENGINE_SUBSTITUTION' */ ;
DELIMITER ;;
CREATE DEFINER=`holinsys`@`%` PROCEDURE `usp_reporte_order_intake`(IN `vFecha` DATETIME, IN `vCerrarOrderIntake` INT)
BEGIN
    DECLARE vCreado INT;
    DECLARE vMes INT;
    DECLARE vAnio INT;
    DECLARE vPeriodo VARCHAR(6);
    SET @item := 0;
    SET vCreado = 0;
    SET vMes = MONTH(vFecha);
    SET vAnio = YEAR(vFecha);
    SET vPeriodo = CONVERT(DATE_FORMAT(vFecha ,'%Y%m'), UNSIGNED INTEGER);
    
    /* Verificac ión si del order Intake para el periodo dado ha sido cerrado. */
    SELECT cerrado_order_intake INTO vCreado
    FROM inventario_mes
    WHERE mes = vMes AND anio = vAnio;
    
    IF (vCreado = 1) THEN
    
        /* El order intake ya fue cerrado. */
        /* La data ya fue trasladada a reporte_order_intake */
        SELECT * FROM reporte_order_intake where (year_related = vAnio and month_related=vMes);
        
        /* Para este caso, debido a que el order Intake ya fue cerrado,
            no importa el valor de vCerrarOrderIntake, puesto que el
            order Intake no se volvera a abrir. */
        
    ELSE
    
        /* El order Intake aun no ha sido cerrado. */
        IF (vCerrarOrderIntake = 1) THEN




            /* Se cierra el order Intake */
            UPDATE inventario_mes SET cerrado_order_intake = 1 WHERE mes = vMes AND anio = vAnio;
            
            /* Se traslada la data a la tabla reporte_order_intake */
            INSERT INTO reporte_order_intake (item,cliente,num_orden,articulo,moneda,valor,year_related,month_related,detalles)
            SELECT (@item := @item + 10),cliente.nombre,cotizacion.orden_compra_cliente,if(cotizacion.categoria_id = 1,cotizacion.poducto_type,'Servicios') nombre,cotizacion.moneda,sum(if(cotizacion.estado_id=8,(cotizacion_detalle.sub_total*-1),cotizacion_detalle.sub_total)),year(cotizacion.fecha),month(cotizacion.fecha),CONCAT(IFNULL(cotizacion.comentario_oi,""),IF((cotizacion_detalle.sub_total - (select sum(precio_unitario) from factura_detalle where factura_id= factura.id and articulo_id=cotizacion_detalle.articulo_id))=0,"",concat("Pre abono por ",cotizacion.moneda," ", (select sum(precio_unitario)  from factura_detalle where factura_id= factura.id and articulo_id=cotizacion_detalle.articulo_id))))
                        FROM cotizacion
                        INNER JOIN cotizacion_detalle ON cotizacion.id =cotizacion_detalle.cotizacion_id
                        INNER JOIN articulo ON articulo.id =cotizacion_detalle.articulo_id
                        INNER JOIN cliente ON cliente.id =cotizacion.cliente_id
                        left JOIN tipo_cambio ON (tipo_cambio.moneda =cotizacion.moneda and tipo_cambio.fecha= DATE_FORMAT(cotizacion.fecha,'%Y-%m-01'))
                        INNER JOIN centro_costo ON cotizacion.numero =centro_costo.codigo
                        LEFT OUTER JOIN factura ON factura.centro_costo_id =centro_costo.id                        
                        where (year(cotizacion.fechaAceptacionCliente)=vAnio and month(cotizacion.fechaAceptacionCliente)=vMes and (cotizacion.estado_id=6 or cotizacion.estado_id=7)                         
                        and  NOT EXISTS
                                 (
                                 SELECT  1
                                 FROM factura
                                 where factura.centro_costo_id =centro_costo.id and (((select sum(cd.sub_total) from cotizacion_detalle cd where cd.cotizacion_id=cotizacion.id)-(select sum(precio_unitario) from factura_detalle where factura_id= factura.id))=0)
                                 ))or(year(cotizacion.fecha_cancelacion_cliente)=vAnio and month(cotizacion.fecha_cancelacion_cliente)=vMes and cotizacion.estado_id=8)
                                 group by cotizacion.orden_compra_cliente;
            INSERT INTO reporte_order_intake (cliente,moneda,valor,year_related,month_related)
            select "Holinsys_resumen_reporte",moneda,cambio,year(fecha),month(fecha) from tipo_cambio
            where year(fecha)=vAnio and month(fecha)=vMes and day(fecha)=1;
            
        
        END IF;
        /* Se selecciona la data */
            SELECT (@item := @item + 10) item,cotizacion.id,cotizacion.orden_compra_cliente num_orden,if(cotizacion.categoria_id = 1,cotizacion.poducto_type,'Servicios') articulo,cotizacion.moneda,cliente.nombre cliente,sum(if(cotizacion.estado_id=8,(cotizacion_detalle.sub_total*-1),cotizacion_detalle.sub_total)) valor,year(cotizacion.fecha) year_related,month(cotizacion.fecha) month_related,CONCAT(IFNULL(cotizacion.comentario_oi,""),IF((cotizacion_detalle.sub_total - (select sum(precio_unitario) from factura_detalle where factura_id= factura.id and articulo_id=cotizacion_detalle.articulo_id))=0,"",concat("Pre abono por ",cotizacion.moneda," ", (select sum(precio_unitario)  from factura_detalle where factura_id= factura.id and articulo_id=cotizacion_detalle.articulo_id)))) detalles
                        FROM cotizacion
                        INNER JOIN cotizacion_detalle ON cotizacion.id =cotizacion_detalle.cotizacion_id
                        INNER JOIN articulo ON articulo.id =cotizacion_detalle.articulo_id
                        INNER JOIN cliente ON cliente.id =cotizacion.cliente_id
                        left JOIN tipo_cambio ON (tipo_cambio.moneda =cotizacion.moneda and tipo_cambio.fecha= DATE_FORMAT(cotizacion.fecha,'%Y-%m-01'))
                        INNER JOIN centro_costo ON cotizacion.numero =centro_costo.codigo
                        LEFT OUTER JOIN factura ON factura.centro_costo_id =centro_costo.id                        
                        where (year(cotizacion.fechaAceptacionCliente)=vAnio and month(cotizacion.fechaAceptacionCliente)=vMes and (cotizacion.estado_id=6 or cotizacion.estado_id=7)                         
                        and  NOT EXISTS
                                 (
                                 SELECT  1
                                 FROM factura
                                 where factura.centro_costo_id =centro_costo.id and (((select sum(cd.sub_total) from cotizacion_detalle cd where cd.cotizacion_id=cotizacion.id)-(select sum(precio_unitario) from factura_detalle where factura_id= factura.id))=0)
                                 ))or(year(cotizacion.fecha_cancelacion_cliente)=vAnio and month(cotizacion.fecha_cancelacion_cliente)=vMes and cotizacion.estado_id=8)
                                 group by cotizacion.orden_compra_cliente;
        
        
    END IF;
END ;;
DELIMITER ;
/*!50003 SET sql_mode              = @saved_sql_mode */ ;
/*!50003 SET character_set_client  = @saved_cs_client */ ;
/*!50003 SET character_set_results = @saved_cs_results */ ;
/*!50003 SET collation_connection  = @saved_col_connection */ ;
/*!40103 SET TIME_ZONE=@OLD_TIME_ZONE */;

/*!40101 SET SQL_MODE=@OLD_SQL_MODE */;
/*!40014 SET FOREIGN_KEY_CHECKS=@OLD_FOREIGN_KEY_CHECKS */;
/*!40014 SET UNIQUE_CHECKS=@OLD_UNIQUE_CHECKS */;
/*!40101 SET CHARACTER_SET_CLIENT=@OLD_CHARACTER_SET_CLIENT */;
/*!40101 SET CHARACTER_SET_RESULTS=@OLD_CHARACTER_SET_RESULTS */;
/*!40101 SET COLLATION_CONNECTION=@OLD_COLLATION_CONNECTION */;
/*!40111 SET SQL_NOTES=@OLD_SQL_NOTES */;

-- Dump completed on 2017-03-20  1:59:03
